date,hour_utc,romi_pc1,romi_pc2,phase_space_x,phase_space_y,phase,amplitude
1991-01-01,0,0.12526,-0.06945,-0.06945,-0.12526,2,0.14323
1991-01-02,0,0.18542,-0.04887,-0.04887,-0.18542,2,0.19175
1991-01-03,0,0.2396,-0.03933,-0.03933,-0.2396,2,0.24281
1991-01-04,0,0.27446,0.0199,0.0199,-0.27446,3,0.27518
1991-01-05,0,0.27714,0.07555,0.07555,-0.27714,3,0.28725
1991-01-06,0,0.37999,0.23959,0.23959,-0.37999,3,0.44922
1991-01-07,0,0.42803,0.26655,0.26655,-0.42803,3,0.50424
1991-01-08,0,0.49339,0.34553,0.34553,-0.49339,3,0.60235
1991-01-09,0,0.50765,0.41978,0.41978,-0.50765,3,0.65873
1991-01-10,0,0.46603,0.45432,0.45432,-0.46603,3,0.65084
1991-01-11,0,0.43921,0.44696,0.44696,-0.43921,4,0.62664
1991-01-12,0,0.38635,0.44401,0.44401,-0.38635,4,0.58857
1991-01-13,0,0.36751,0.39319,0.39319,-0.36751,4,0.5382
1991-01-14,0,0.41747,0.31856,0.31856,-0.41747,3,0.52513
1991-01-15,0,0.42911,0.30929,0.30929,-0.42911,3,0.52896
1991-01-16,0,0.38285,0.33681,0.33681,-0.38285,3,0.50991
1991-01-17,0,0.30184,0.36904,0.36904,-0.30184,4,0.47676
1991-01-18,0,0.20248,0.42847,0.42847,-0.20248,4,0.4739
1991-01-19,0,0.18513,0.50673,0.50673,-0.18513,4,0.53949
1991-01-20,0,0.18808,0.66463,0.66463,-0.18808,4,0.69072
1991-01-21,0,0.16147,0.81402,0.81402,-0.16147,4,0.82988
1991-01-22,0,0.09035,0.96613,0.96613,-0.09035,4,0.97035
1991-01-23,0,-0.09186,1.09647,1.09647,0.09186,5,1.10031
1991-01-24,0,-0.25139,1.20131,1.20131,0.25139,5,1.22733
1991-01-25,0,-0.37571,1.24241,1.24241,0.37571,5,1.29798
1991-01-26,0,-0.56887,1.21328,1.21328,0.56887,5,1.34003
1991-01-27,0,-0.76543,1.21517,1.21517,0.76543,5,1.43615
1991-01-28,0,-0.87351,1.24032,1.24032,0.87351,5,1.51704
1991-01-29,0,-0.95656,1.20034,1.20034,0.95656,5,1.53487
1991-01-30,0,-1.05156,1.19385,1.19385,1.05156,5,1.59093
1991-01-31,0,-1.08804,1.21125,1.21125,1.08804,5,1.62817
1991-02-01,0,-1.03338,1.195,1.195,1.03338,5,1.57984
1991-02-02,0,-0.93034,1.1398,1.1398,0.93034,5,1.47129
1991-02-03,0,-0.8099,1.07896,1.07896,0.8099,5,1.34911
1991-02-04,0,-0.65591,1.01386,1.01386,0.65591,5,1.20753
1991-02-05,0,-0.49684,0.91302,0.91302,0.49684,5,1.03945
1991-02-06,0,-0.43945,0.85056,0.85056,0.43945,5,0.95738
1991-02-07,0,-0.43217,0.78449,0.78449,0.43217,5,0.89565
1991-02-08,0,-0.36631,0.67238,0.67238,0.36631,5,0.76569
1991-02-09,0,-0.35186,0.49555,0.49555,0.35186,5,0.60776
1991-02-10,0,-0.3604,0.38286,0.38286,0.3604,5,0.5258
1991-02-11,0,-0.33645,0.30136,0.30136,0.33645,6,0.45168
1991-02-12,0,-0.35614,0.21646,0.21646,0.35614,6,0.41676
1991-02-13,0,-0.44102,0.14469,0.14469,0.44102,6,0.46414
1991-02-14,0,-0.54109,0.13614,0.13614,0.54109,6,0.55795
1991-02-15,0,-0.65824,0.06173,0.06173,0.65824,6,0.66113
1991-02-16,0,-0.77693,0.05366,0.05366,0.77693,6,0.77878
1991-02-17,0,-0.93492,0.10671,0.10671,0.93492,6,0.94099
1991-02-18,0,-1.03946,0.22089,0.22089,1.03946,6,1.06267
1991-02-19,0,-1.13048,0.31662,0.31662,1.13048,6,1.17398
1991-02-20,0,-1.27092,0.32433,0.32433,1.27092,6,1.31165
1991-02-21,0,-1.40854,0.22089,0.22089,1.40854,6,1.42575
1991-02-22,0,-1.46235,-0.01438,-0.01438,1.46235,7,1.46242
1991-02-23,0,-1.45142,-0.37633,-0.37633,1.45142,7,1.49941
1991-02-24,0,-1.39516,-0.73093,-0.73093,1.39516,7,1.57503
1991-02-25,0,-1.26362,-1.06761,-1.06761,1.26362,7,1.65424
1991-02-26,0,-1.05959,-1.35338,-1.35338,1.05959,8,1.71883
1991-02-27,0,-0.81016,-1.60026,-1.60026,0.81016,8,1.79365
1991-02-28,0,-0.58165,-1.81418,-1.81418,0.58165,8,1.90514
1991-03-01,0,-0.55452,-1.92333,-1.92333,0.55452,8,2.00167
1991-03-02,0,-0.52128,-1.98603,-1.98603,0.52128,8,2.0533
1991-03-03,0,-0.54025,-1.98011,-1.98011,0.54025,8,2.05249
1991-03-04,0,-0.50153,-1.90456,-1.90456,0.50153,8,1.96949
1991-03-05,0,-0.34674,-1.85927,-1.85927,0.34674,8,1.89132
1991-03-06,0,-0.20055,-1.80562,-1.80562,0.20055,8,1.81673
1991-03-07,0,-0.0543,-1.75698,-1.75698,0.0543,8,1.75782
1991-03-08,0,0.05201,-1.66984,-1.66984,-0.05201,1,1.67065
1991-03-09,0,0.13738,-1.511,-1.511,-0.13738,1,1.51724
1991-03-10,0,0.2147,-1.37433,-1.37433,-0.2147,1,1.391
1991-03-11,0,0.27692,-1.26201,-1.26201,-0.27692,1,1.29204
1991-03-12,0,0.37888,-1.11143,-1.11143,-0.37888,1,1.17424
1991-03-13,0,0.51666,-0.951,-0.951,-0.51666,1,1.08228
1991-03-14,0,0.64762,-0.76322,-0.76322,-0.64762,1,1.00096
1991-03-15,0,0.81565,-0.56306,-0.56306,-0.81565,2,0.99112
1991-03-16,0,0.97348,-0.33374,-0.33374,-0.97348,2,1.0291
1991-03-17,0,1.08924,-0.21192,-0.21192,-1.08924,2,1.10967
1991-03-18,0,1.19603,-0.19638,-0.19638,-1.19603,2,1.21204
1991-03-19,0,1.33177,-0.21759,-0.21759,-1.33177,2,1.34943
1991-03-20,0,1.45545,-0.22674,-0.22674,-1.45545,2,1.47301
1991-03-21,0,1.58408,-0.32073,-0.32073,-1.58408,2,1.61622
1991-03-22,0,1.63938,-0.49531,-0.49531,-1.63938,2,1.71257
1991-03-23,0,1.64463,-0.66851,-0.66851,-1.64463,2,1.77531
1991-03-24,0,1.59849,-0.75226,-0.75226,-1.59849,2,1.76665
1991-03-25,0,1.49085,-0.74149,-0.74149,-1.49085,2,1.66506
1991-03-26,0,1.36361,-0.65529,-0.65529,-1.36361,2,1.51289
1991-03-27,0,1.26646,-0.54175,-0.54175,-1.26646,2,1.37747
1991-03-28,0,1.22056,-0.39629,-0.39629,-1.22056,2,1.28328
1991-03-29,0,1.15872,-0.23477,-0.23477,-1.15872,2,1.18227
1991-03-30,0,1.1243,-0.05309,-0.05309,-1.1243,2,1.12555
1991-03-31,0,1.07125,0.16472,0.16472,-1.07125,3,1.08384
1991-04-01,0,1.00618,0.40023,0.40023,-1.00618,3,1.08286
1991-04-02,0,0.90006,0.63962,0.63962,-0.90006,3,1.10419
1991-04-03,0,0.85395,0.78517,0.78517,-0.85395,3,1.16005
1991-04-04,0,0.84347,0.85659,0.85659,-0.84347,4,1.20216
1991-04-05,0,0.81304,0.92048,0.92048,-0.81304,4,1.22814
1991-04-06,0,0.74947,0.98866,0.98866,-0.74947,4,1.24063
1991-04-07,0,0.67535,0.99394,0.99394,-0.67535,4,1.20167
1991-04-08,0,0.64446,0.98328,0.98328,-0.64446,4,1.17566
1991-04-09,0,0.63292,0.9789,0.9789,-0.63292,4,1.16569
1991-04-10,0,0.66075,0.97552,0.97552,-0.66075,4,1.17823
1991-04-11,0,0.68701,0.943,0.943,-0.68701,4,1.16672
1991-04-12,0,0.62461,0.90582,0.90582,-0.62461,4,1.1003
1991-04-13,0,0.45742,0.93438,0.93438,-0.45742,4,1.04034
1991-04-14,0,0.32852,0.95083,0.95083,-0.32852,4,1.00598
1991-04-15,0,0.27053,0.89237,0.89237,-0.27053,4,0.93248
1991-04-16,0,0.25043,0.88054,0.88054,-0.25043,4,0.91546
1991-04-17,0,0.16036,0.91261,0.91261,-0.16036,4,0.92659
1991-04-18,0,0.08746,1.00239,1.00239,-0.08746,4,1.0062
1991-04-19,0,-0.0461,1.05202,1.05202,0.0461,5,1.05303
1991-04-20,0,-0.13376,1.02929,1.02929,0.13376,5,1.03795
1991-04-21,0,-0.19086,0.97532,0.97532,0.19086,5,0.99382
1991-04-22,0,-0.22272,0.90758,0.90758,0.22272,5,0.93451
1991-04-23,0,-0.3972,0.80013,0.80013,0.3972,5,0.89329
1991-04-24,0,-0.61164,0.72876,0.72876,0.61164,5,0.95142
1991-04-25,0,-0.7842,0.63006,0.63006,0.7842,6,1.00596
1991-04-26,0,-0.91664,0.48135,0.48135,0.91664,6,1.03534
1991-04-27,0,-1.03358,0.33284,0.33284,1.03358,6,1.08585
1991-04-28,0,-1.15833,0.18836,0.18836,1.15833,6,1.17355
1991-04-29,0,-1.23805,0.12155,0.12155,1.23805,6,1.244
1991-04-30,0,-1.28637,0.07191,0.07191,1.28637,6,1.28838
1991-05-01,0,-1.25874,-0.02453,-0.02453,1.25874,7,1.25897
1991-05-02,0,-1.1461,-0.12083,-0.12083,1.1461,7,1.15245
1991-05-03,0,-1.1145,-0.22692,-0.22692,1.1145,7,1.13737
1991-05-04,0,-1.13922,-0.33355,-0.33355,1.13922,7,1.18704
1991-05-05,0,-1.16942,-0.45534,-0.45534,1.16942,7,1.25494
1991-05-06,0,-1.13831,-0.69118,-0.69118,1.13831,7,1.33172
1991-05-07,0,-1.01723,-0.91474,-0.91474,1.01723,7,1.36803
1991-05-08,0,-0.94215,-1.15482,-1.15482,0.94215,8,1.49039
1991-05-09,0,-0.90551,-1.40072,-1.40072,0.90551,8,1.66792
1991-05-10,0,-0.92077,-1.64704,-1.64704,0.92077,8,1.88694
1991-05-11,0,-0.85346,-1.87255,-1.87255,0.85346,8,2.05787
1991-05-12,0,-0.6663,-2.05821,-2.05821,0.6663,8,2.16337
1991-05-13,0,-0.44044,-2.19885,-2.19885,0.44044,8,2.24253
1991-05-14,0,-0.17085,-2.27501,-2.27501,0.17085,8,2.28142
1991-05-15,0,0.06489,-2.29126,-2.29126,-0.06489,1,2.29218
1991-05-16,0,0.2869,-2.15495,-2.15495,-0.2869,1,2.17397
1991-05-17,0,0.53374,-2.03022,-2.03022,-0.53374,1,2.09921
1991-05-18,0,0.77239,-1.90243,-1.90243,-0.77239,1,2.05325
1991-05-19,0,1.0466,-1.71672,-1.71672,-1.0466,1,2.0106
1991-05-20,0,1.27001,-1.4689,-1.4689,-1.27001,1,1.9418
1991-05-21,0,1.4101,-1.16381,-1.16381,-1.4101,2,1.82834
1991-05-22,0,1.52517,-0.93098,-0.93098,-1.52517,2,1.78686
1991-05-23,0,1.58607,-0.66315,-0.66315,-1.58607,2,1.71912
1991-05-24,0,1.6543,-0.459,-0.459,-1.6543,2,1.71679
1991-05-25,0,1.70073,-0.39332,-0.39332,-1.70073,2,1.74562
1991-05-26,0,1.73089,-0.27377,-0.27377,-1.73089,2,1.75241
1991-05-27,0,1.79189,-0.09446,-0.09446,-1.79189,2,1.79437
1991-05-28,0,1.81966,0.12995,0.12995,-1.81966,3,1.8243
1991-05-29,0,1.83271,0.36549,0.36549,-1.83271,3,1.8688
1991-05-30,0,1.78732,0.55444,0.55444,-1.78732,3,1.87134
1991-05-31,0,1.68757,0.79838,0.79838,-1.68757,3,1.8669
1991-06-01,0,1.48194,0.97162,0.97162,-1.48194,3,1.77206
1991-06-02,0,1.23091,1.13924,1.13924,-1.23091,3,1.67721
1991-06-03,0,0.90897,1.27028,1.27028,-0.90897,4,1.562
1991-06-04,0,0.50027,1.34201,1.34201,-0.50027,4,1.43222
1991-06-05,0,-0.00741,1.35741,1.35741,0.00741,5,1.35743
1991-06-06,0,-0.5475,1.30394,1.30394,0.5475,5,1.41421
1991-06-07,0,-1.10713,1.14828,1.14828,1.10713,5,1.59508
1991-06-08,0,-1.60311,0.94549,0.94549,1.60311,6,1.86116
1991-06-09,0,-1.9243,0.66656,0.66656,1.9243,6,2.03647
1991-06-10,0,-2.08356,0.3524,0.3524,2.08356,6,2.11315
1991-06-11,0,-2.28936,0.19687,0.19687,2.28936,6,2.29781
1991-06-12,0,-2.42907,0.19424,0.19424,2.42907,6,2.43683
1991-06-13,0,-2.3953,0.20367,0.20367,2.3953,6,2.40394
1991-06-14,0,-2.21811,0.15456,0.15456,2.21811,6,2.22349
1991-06-15,0,-2.02958,-0.01031,-0.01031,2.02958,7,2.0296
1991-06-16,0,-1.81317,-0.19524,-0.19524,1.81317,7,1.82365
1991-06-17,0,-1.57285,-0.35431,-0.35431,1.57285,7,1.61226
1991-06-18,0,-1.4152,-0.34492,-0.34492,1.4152,7,1.45663
1991-06-19,0,-1.27523,-0.21939,-0.21939,1.27523,7,1.29396
1991-06-20,0,-0.96275,-0.18089,-0.18089,0.96275,7,0.9796
1991-06-21,0,-0.63283,-0.30958,-0.30958,0.63283,7,0.70449
1991-06-22,0,-0.36965,-0.4437,-0.4437,0.36965,8,0.5775
1991-06-23,0,-0.13488,-0.52606,-0.52606,0.13488,8,0.54308
1991-06-24,0,0.13672,-0.51404,-0.51404,-0.13672,1,0.53191
1991-06-25,0,0.40364,-0.43118,-0.43118,-0.40364,1,0.59062
1991-06-26,0,0.57768,-0.34983,-0.34983,-0.57768,2,0.67535
1991-06-27,0,0.81103,-0.35165,-0.35165,-0.81103,2,0.88398
1991-06-28,0,1.04138,-0.36823,-0.36823,-1.04138,2,1.10456
1991-06-29,0,1.1065,-0.31453,-0.31453,-1.1065,2,1.15033
1991-06-30,0,1.14012,-0.14347,-0.14347,-1.14012,2,1.14911
1991-07-01,0,1.15172,0.01153,0.01153,-1.15172,3,1.15178
1991-07-02,0,1.06132,0.16313,0.16313,-1.06132,3,1.07378
1991-07-03,0,0.92164,0.37855,0.37855,-0.92164,3,0.99635
1991-07-04,0,0.7942,0.54462,0.54462,-0.7942,3,0.963
1991-07-05,0,0.76914,0.62499,0.62499,-0.76914,3,0.99106
1991-07-06,0,0.59429,0.64162,0.64162,-0.59429,4,0.87456
1991-07-07,0,0.36632,0.69668,0.69668,-0.36632,4,0.78712
1991-07-08,0,0.23601,0.67032,0.67032,-0.23601,4,0.71066
1991-07-09,0,0.17637,0.5171,0.5171,-0.17637,4,0.54635
1991-07-10,0,0.08823,0.40006,0.40006,-0.08823,4,0.40967
1991-07-11,0,0.05599,0.33709,0.33709,-0.05599,4,0.34171
1991-07-12,0,0.04531,0.16968,0.16968,-0.04531,4,0.17563
1991-07-13,0,-0.00546,-0.03381,-0.03381,0.00546,8,0.03425
1991-07-14,0,-0.11894,-0.14598,-0.14598,0.11894,8,0.1883
1991-07-15,0,-0.16096,-0.16177,-0.16177,0.16096,8,0.22821
1991-07-16,0,-0.11302,-0.21629,-0.21629,0.11302,8,0.24404
1991-07-17,0,-0.0488,-0.22567,-0.22567,0.0488,8,0.23089
1991-07-18,0,-0.14612,-0.1926,-0.1926,0.14612,8,0.24175
1991-07-19,0,-0.25042,-0.1161,-0.1161,0.25042,7,0.27603
1991-07-20,0,-0.35254,-0.102,-0.102,0.35254,7,0.367
1991-07-21,0,-0.43608,-0.08729,-0.08729,0.43608,7,0.44473
1991-07-22,0,-0.42146,-0.02333,-0.02333,0.42146,7,0.42211
1991-07-23,0,-0.35515,0.05097,0.05097,0.35515,6,0.35879
1991-07-24,0,-0.31837,0.06775,0.06775,0.31837,6,0.3255
1991-07-25,0,-0.3578,-0.02656,-0.02656,0.3578,7,0.35878
1991-07-26,0,-0.36726,-0.16096,-0.16096,0.36726,7,0.40098
1991-07-27,0,-0.20875,-0.1734,-0.1734,0.20875,7,0.27137
1991-07-28,0,-0.03943,-0.20567,-0.20567,0.03943,8,0.20941
1991-07-29,0,0.06634,-0.23995,-0.23995,-0.06634,1,0.24896
1991-07-30,0,0.17235,-0.26264,-0.26264,-0.17235,1,0.31414
1991-07-31,0,0.24437,-0.24368,-0.24368,-0.24437,2,0.3451
1991-08-01,0,0.22361,-0.19902,-0.19902,-0.22361,2,0.29935
1991-08-02,0,0.25058,-0.19879,-0.19879,-0.25058,2,0.31985
1991-08-03,0,0.30511,-0.10377,-0.10377,-0.30511,2,0.32227
1991-08-04,0,0.26226,-0.0002,-0.0002,-0.26226,2,0.26226
1991-08-05,0,0.11268,-0.01355,-0.01355,-0.11268,2,0.11349
1991-08-06,0,-0.07865,-0.08352,-0.08352,0.07865,8,0.11473
1991-08-07,0,-0.20024,-0.08439,-0.08439,0.20024,7,0.2173
1991-08-08,0,-0.32597,-0.03488,-0.03488,0.32597,7,0.32783
1991-08-09,0,-0.45362,0.00827,0.00827,0.45362,6,0.45369
1991-08-10,0,-0.53118,-0.02838,-0.02838,0.53118,7,0.53194
1991-08-11,0,-0.6404,0.02839,0.02839,0.6404,6,0.64103
1991-08-12,0,-0.71877,0.05375,0.05375,0.71877,6,0.72078
1991-08-13,0,-0.75255,0.12287,0.12287,0.75255,6,0.76252
1991-08-14,0,-0.70649,0.20621,0.20621,0.70649,6,0.73597
1991-08-15,0,-0.60382,0.30068,0.30068,0.60382,6,0.67454
1991-08-16,0,-0.5296,0.32805,0.32805,0.5296,6,0.62297
1991-08-17,0,-0.48057,0.30561,0.30561,0.48057,6,0.56951
1991-08-18,0,-0.39589,0.33324,0.33324,0.39589,6,0.51748
1991-08-19,0,-0.28731,0.42492,0.42492,0.28731,5,0.51294
1991-08-20,0,-0.23397,0.42457,0.42457,0.23397,5,0.48477
1991-08-21,0,-0.24507,0.42489,0.42489,0.24507,5,0.4905
1991-08-22,0,-0.24199,0.37276,0.37276,0.24199,5,0.44442
1991-08-23,0,-0.28634,0.38506,0.38506,0.28634,5,0.47986
1991-08-24,0,-0.24645,0.40496,0.40496,0.24645,5,0.47405
1991-08-25,0,-0.10535,0.45198,0.45198,0.10535,5,0.4641
1991-08-26,0,0.09684,0.46583,0.46583,-0.09684,4,0.47579
1991-08-27,0,0.19673,0.37425,0.37425,-0.19673,4,0.4228
1991-08-28,0,0.23517,0.31401,0.31401,-0.23517,4,0.39231
1991-08-29,0,0.22401,0.28692,0.28692,-0.22401,4,0.36401
1991-08-30,0,0.1164,0.28357,0.28357,-0.1164,4,0.30654
1991-08-31,0,0.00742,0.23958,0.23958,-0.00742,4,0.2397
1991-09-01,0,-0.04464,0.1275,0.1275,0.04464,5,0.13509
1991-09-02,0,-0.13197,0.03807,0.03807,0.13197,6,0.13736
1991-09-03,0,-0.26439,-0.06895,-0.06895,0.26439,7,0.27323
1991-09-04,0,-0.45865,-0.10428,-0.10428,0.45865,7,0.47035
1991-09-05,0,-0.58561,-0.09074,-0.09074,0.58561,7,0.5926
1991-09-06,0,-0.71682,-0.19161,-0.19161,0.71682,7,0.74199
1991-09-07,0,-0.78303,-0.29147,-0.29147,0.78303,7,0.83552
1991-09-08,0,-0.75,-0.36607,-0.36607,0.75,7,0.83457
1991-09-09,0,-0.7314,-0.39365,-0.39365,0.7314,7,0.83061
1991-09-10,0,-0.73259,-0.45142,-0.45142,0.73259,7,0.86051
1991-09-11,0,-0.73322,-0.53608,-0.53608,0.73322,7,0.90829
1991-09-12,0,-0.74345,-0.5885,-0.5885,0.74345,7,0.94819
1991-09-13,0,-0.65866,-0.65285,-0.65285,0.65866,7,0.92738
1991-09-14,0,-0.53905,-0.70834,-0.70834,0.53905,8,0.89012
1991-09-15,0,-0.39888,-0.65111,-0.65111,0.39888,8,0.76357
1991-09-16,0,-0.18885,-0.52156,-0.52156,0.18885,8,0.55469
1991-09-17,0,0.0327,-0.4638,-0.4638,-0.0327,1,0.46495
1991-09-18,0,0.28063,-0.45087,-0.45087,-0.28063,1,0.53107
1991-09-19,0,0.48853,-0.43104,-0.43104,-0.48853,2,0.65151
1991-09-20,0,0.64416,-0.34146,-0.34146,-0.64416,2,0.72907
1991-09-21,0,0.73373,-0.32252,-0.32252,-0.73373,2,0.80148
1991-09-22,0,0.74592,-0.28261,-0.28261,-0.74592,2,0.79766
1991-09-23,0,0.65694,-0.18118,-0.18118,-0.65694,2,0.68147
1991-09-24,0,0.51372,-0.11064,-0.11064,-0.51372,2,0.5255
1991-09-25,0,0.35969,-0.12703,-0.12703,-0.35969,2,0.38146
1991-09-26,0,0.29003,-0.13378,-0.13378,-0.29003,2,0.31939
1991-09-27,0,0.18927,-0.13815,-0.13815,-0.18927,2,0.23433
1991-09-28,0,0.07061,-0.14809,-0.14809,-0.07061,1,0.16406
1991-09-29,0,-0.04437,-0.2059,-0.2059,0.04437,8,0.21062
1991-09-30,0,-0.08192,-0.24077,-0.24077,0.08192,8,0.25433
1991-10-01,0,-0.04146,-0.31361,-0.31361,0.04146,8,0.31634
1991-10-02,0,0.06529,-0.46719,-0.46719,-0.06529,1,0.47173
1991-10-03,0,0.24547,-0.67544,-0.67544,-0.24547,1,0.71866
1991-10-04,0,0.39793,-0.85988,-0.85988,-0.39793,1,0.94749
1991-10-05,0,0.53826,-0.93756,-0.93756,-0.53826,1,1.08109
1991-10-06,0,0.70233,-0.86539,-0.86539,-0.70233,1,1.11452
1991-10-07,0,0.95885,-0.64175,-0.64175,-0.95885,2,1.1538
1991-10-08,0,1.19643,-0.42308,-0.42308,-1.19643,2,1.26903
1991-10-09,0,1.38601,-0.10573,-0.10573,-1.38601,2,1.39004
1991-10-10,0,1.42957,0.19588,0.19588,-1.42957,3,1.44293
1991-10-11,0,1.43932,0.41063,0.41063,-1.43932,3,1.49675
1991-10-12,0,1.41388,0.60096,0.60096,-1.41388,3,1.5363
1991-10-13,0,1.29727,0.77055,0.77055,-1.29727,3,1.50886
1991-10-14,0,1.11438,0.82648,0.82648,-1.11438,3,1.38741
1991-10-15,0,0.94879,0.81764,0.81764,-0.94879,3,1.25249
1991-10-16,0,0.76022,0.69716,0.69716,-0.76022,3,1.03148
1991-10-17,0,0.59386,0.61633,0.61633,-0.59386,4,0.85588
1991-10-18,0,0.41751,0.49014,0.49014,-0.41751,4,0.64386
1991-10-19,0,0.31964,0.40087,0.40087,-0.31964,4,0.51271
1991-10-20,0,0.20364,0.39329,0.39329,-0.20364,4,0.44288
1991-10-21,0,0.0259,0.45733,0.45733,-0.0259,4,0.45806
1991-10-22,0,-0.05696,0.47972,0.47972,0.05696,5,0.48309
1991-10-23,0,-0.11247,0.49913,0.49913,0.11247,5,0.51165
1991-10-24,0,-0.1316,0.47488,0.47488,0.1316,5,0.49277
1991-10-25,0,-0.11359,0.42343,0.42343,0.11359,5,0.4384
1991-10-26,0,-0.06551,0.29454,0.29454,0.06551,5,0.30173
1991-10-27,0,-0.04306,0.11757,0.11757,0.04306,5,0.1252
1991-10-28,0,-0.10272,-0.10585,-0.10585,0.10272,8,0.1475
1991-10-29,0,-0.14217,-0.36716,-0.36716,0.14217,8,0.39373
1991-10-30,0,-0.13655,-0.5955,-0.5955,0.13655,8,0.61096
1991-10-31,0,-0.21382,-0.73704,-0.73704,0.21382,8,0.76743
1991-11-01,0,-0.27208,-0.87296,-0.87296,0.27208,8,0.91438
1991-11-02,0,-0.36438,-1.00471,-1.00471,0.36438,8,1.06875
1991-11-03,0,-0.45642,-1.05404,-1.05404,0.45642,8,1.14862
1991-11-04,0,-0.5544,-1.00692,-1.00692,0.5544,8,1.14946
1991-11-05,0,-0.62063,-0.89035,-0.89035,0.62063,8,1.08531
1991-11-06,0,-0.65866,-0.69323,-0.69323,0.65866,8,0.95624
1991-11-07,0,-0.68766,-0.50836,-0.50836,0.68766,7,0.85517
1991-11-08,0,-0.72404,-0.38759,-0.38759,0.72404,7,0.82126
1991-11-09,0,-0.69063,-0.31025,-0.31025,0.69063,7,0.75712
1991-11-10,0,-0.61587,-0.27139,-0.27139,0.61587,7,0.67302
1991-11-11,0,-0.50427,-0.22296,-0.22296,0.50427,7,0.55136
1991-11-12,0,-0.46607,-0.2595,-0.2595,0.46607,7,0.53344
1991-11-13,0,-0.41449,-0.30935,-0.30935,0.41449,7,0.5172
1991-11-14,0,-0.28359,-0.37801,-0.37801,0.28359,8,0.47256
1991-11-15,0,-0.13794,-0.47118,-0.47118,0.13794,8,0.49096
1991-11-16,0,0.01943,-0.57553,-0.57553,-0.01943,1,0.57586
1991-11-17,0,0.209,-0.67047,-0.67047,-0.209,1,0.70229
1991-11-18,0,0.41429,-0.69735,-0.69735,-0.41429,1,0.81113
1991-11-19,0,0.57094,-0.6083,-0.6083,-0.57094,1,0.83427
1991-11-20,0,0.60984,-0.37016,-0.37016,-0.60984,2,0.71338
1991-11-21,0,0.6342,-0.10777,-0.10777,-0.6342,2,0.64329
1991-11-22,0,0.54324,0.07145,0.07145,-0.54324,3,0.54792
1991-11-23,0,0.41021,0.19817,0.19817,-0.41021,3,0.45557
1991-11-24,0,0.31427,0.28104,0.28104,-0.31427,3,0.42161
1991-11-25,0,0.24147,0.36266,0.36266,-0.24147,4,0.43569
1991-11-26,0,0.18611,0.38348,0.38348,-0.18611,4,0.42626
1991-11-27,0,0.19345,0.32437,0.32437,-0.19345,4,0.37768
1991-11-28,0,0.27307,0.27771,0.27771,-0.27307,4,0.38947
1991-11-29,0,0.42248,0.20635,0.20635,-0.42248,3,0.47018
1991-11-30,0,0.54948,0.09644,0.09644,-0.54948,3,0.55788
1991-12-01,0,0.65963,-0.03077,-0.03077,-0.65963,2,0.66035
1991-12-02,0,0.67535,-0.14416,-0.14416,-0.67535,2,0.69056
1991-12-03,0,0.59319,-0.21,-0.21,-0.59319,2,0.62926
1991-12-04,0,0.43508,-0.21119,-0.21119,-0.43508,2,0.48363
1991-12-05,0,0.30548,-0.18034,-0.18034,-0.30548,2,0.35474
1991-12-06,0,0.14681,-0.13052,-0.13052,-0.14681,2,0.19644
1991-12-07,0,0.02218,-0.12631,-0.12631,-0.02218,1,0.12824
1991-12-08,0,-0.08461,-0.15384,-0.15384,0.08461,8,0.17557
1991-12-09,0,-0.15597,-0.2101,-0.2101,0.15597,8,0.26166
1991-12-10,0,-0.18687,-0.30643,-0.30643,0.18687,8,0.35891
1991-12-11,0,-0.13283,-0.42303,-0.42303,0.13283,8,0.44339
1991-12-12,0,0.05556,-0.60589,-0.60589,-0.05556,1,0.60843
1991-12-13,0,0.34292,-0.75603,-0.75603,-0.34292,1,0.83016
1991-12-14,0,0.66796,-0.83945,-0.83945,-0.66796,1,1.07278
1991-12-15,0,0.99538,-0.86981,-0.86981,-0.99538,2,1.32187
1991-12-16,0,1.27708,-0.82054,-0.82054,-1.27708,2,1.51796
1991-12-17,0,1.48117,-0.71655,-0.71655,-1.48117,2,1.64539
1991-12-18,0,1.68774,-0.51071,-0.51071,-1.68774,2,1.76332
1991-12-19,0,1.82967,-0.25479,-0.25479,-1.82967,2,1.84732
1991-12-20,0,1.87968,-0.04348,-0.04348,-1.87968,2,1.88018
1991-12-21,0,1.82201,0.15857,0.15857,-1.82201,3,1.8289
1991-12-22,0,1.75201,0.38996,0.38996,-1.75201,3,1.79488
1991-12-23,0,1.60349,0.56465,0.56465,-1.60349,3,1.70001
1991-12-24,0,1.42793,0.69712,0.69712,-1.42793,3,1.58901
1991-12-25,0,1.15354,0.81465,0.81465,-1.15354,3,1.4122
1991-12-26,0,0.86921,0.8404,0.8404,-0.86921,3,1.20905
1991-12-27,0,0.51649,0.76249,0.76249,-0.51649,4,0.92095
1991-12-28,0,0.14051,0.70308,0.70308,-0.14051,4,0.71698
1991-12-29,0,-0.24749,0.71134,0.71134,0.24749,5,0.75317
1991-12-30,0,-0.5734,0.66364,0.66364,0.5734,5,0.87704
1991-12-31,0,-0.85136,0.54125,0.54125,0.85136,6,1.00884
1992-01-01,0,-1.14801,0.42364,0.42364,1.14801,6,1.22368
1992-01-02,0,-1.46068,0.37069,0.37069,1.46068,6,1.50699
1992-01-03,0,-1.6885,0.27162,0.27162,1.6885,6,1.71021
1992-01-04,0,-1.84236,0.14576,0.14576,1.84236,6,1.84811
1992-01-05,0,-1.96952,-0.01003,-0.01003,1.96952,7,1.96954
1992-01-06,0,-1.96644,-0.174,-0.174,1.96644,7,1.97412
1992-01-07,0,-1.83037,-0.38482,-0.38482,1.83037,7,1.87039
1992-01-08,0,-1.71831,-0.59152,-0.59152,1.71831,7,1.81727
1992-01-09,0,-1.6441,-0.84151,-0.84151,1.6441,7,1.84695
1992-01-10,0,-1.43497,-1.07006,-1.07006,1.43497,7,1.79002
1992-01-11,0,-1.08604,-1.30859,-1.30859,1.08604,8,1.70055
1992-01-12,0,-0.69321,-1.5763,-1.5763,0.69321,8,1.72199
1992-01-13,0,-0.33412,-1.7523,-1.7523,0.33412,8,1.78387
1992-01-14,0,0.03305,-1.82921,-1.82921,-0.03305,1,1.82951
1992-01-15,0,0.39811,-1.95201,-1.95201,-0.39811,1,1.9922
1992-01-16,0,0.67541,-2.09284,-2.09284,-0.67541,1,2.19912
1992-01-17,0,0.87926,-2.09836,-2.09836,-0.87926,1,2.27513
1992-01-18,0,1.09982,-1.93729,-1.93729,-1.09982,1,2.22771
1992-01-19,0,1.25688,-1.7514,-1.7514,-1.25688,1,2.15573
1992-01-20,0,1.3487,-1.60236,-1.60236,-1.3487,1,2.09441
1992-01-21,0,1.4182,-1.4533,-1.4533,-1.4182,1,2.03061
1992-01-22,0,1.48188,-1.35397,-1.35397,-1.48188,2,2.00729
1992-01-23,0,1.51362,-1.26998,-1.26998,-1.51362,2,1.97583
1992-01-24,0,1.47182,-1.10738,-1.10738,-1.47182,2,1.84189
1992-01-25,0,1.4567,-0.86768,-0.86768,-1.4567,2,1.69553
1992-01-26,0,1.51556,-0.78541,-0.78541,-1.51556,2,1.70698
1992-01-27,0,1.59349,-0.79971,-0.79971,-1.59349,2,1.78291
1992-01-28,0,1.60429,-0.75189,-0.75189,-1.60429,2,1.77175
1992-01-29,0,1.55892,-0.64605,-0.64605,-1.55892,2,1.68749
1992-01-30,0,1.55014,-0.5054,-0.5054,-1.55014,2,1.63045
1992-01-31,0,1.59224,-0.31632,-0.31632,-1.59224,2,1.62335
1992-02-01,0,1.63195,-0.05523,-0.05523,-1.63195,2,1.63289
1992-02-02,0,1.59199,0.26052,0.26052,-1.59199,3,1.61316
1992-02-03,0,1.52124,0.55703,0.55703,-1.52124,3,1.62002
1992-02-04,0,1.47181,0.94139,0.94139,-1.47181,3,1.74712
1992-02-05,0,1.35474,1.28305,1.28305,-1.35474,3,1.86589
1992-02-06,0,1.24624,1.46465,1.46465,-1.24624,4,1.9231
1992-02-07,0,1.10146,1.59747,1.59747,-1.10146,4,1.94039
1992-02-08,0,0.9198,1.77337,1.77337,-0.9198,4,1.99771
1992-02-09,0,0.74838,1.93121,1.93121,-0.74838,4,2.07114
1992-02-10,0,0.61866,1.89331,1.89331,-0.61866,4,1.99183
1992-02-11,0,0.49697,1.67876,1.67876,-0.49697,4,1.75077
1992-02-12,0,0.3549,1.47893,1.47893,-0.3549,4,1.52092
1992-02-13,0,0.13586,1.35266,1.35266,-0.13586,4,1.35947
1992-02-14,0,-0.18106,1.28498,1.28498,0.18106,5,1.29767
1992-02-15,0,-0.49586,1.30444,1.30444,0.49586,5,1.39551
1992-02-16,0,-0.71046,1.36427,1.36427,0.71046,5,1.53818
1992-02-17,0,-0.8833,1.37662,1.37662,0.8833,5,1.63563
1992-02-18,0,-1.05081,1.37115,1.37115,1.05081,5,1.72751
1992-02-19,0,-1.19253,1.50781,1.50781,1.19253,5,1.92241
1992-02-20,0,-1.25606,1.69859,1.69859,1.25606,5,2.11255
1992-02-21,0,-1.42046,1.87993,1.87993,1.42046,5,2.35624
1992-02-22,0,-1.63211,1.94254,1.94254,1.63211,5,2.53717
1992-02-23,0,-1.81464,1.85908,1.85908,1.81464,5,2.59791
1992-02-24,0,-2.01123,1.58541,1.58541,2.01123,6,2.56097
1992-02-25,0,-2.1446,1.24176,1.24176,2.1446,6,2.47816
1992-02-26,0,-2.15802,0.93415,0.93415,2.15802,6,2.35152
1992-02-27,0,-2.10958,0.67731,0.67731,2.10958,6,2.21564
1992-02-28,0,-2.02325,0.46905,0.46905,2.02325,6,2.0769
1992-02-29,0,-1.94297,0.33744,0.33744,1.94297,6,1.97205
1992-03-01,0,-1.82719,0.19433,0.19433,1.82719,6,1.8375
1992-03-02,0,-1.76966,0.01646,0.01646,1.76966,6,1.76973
1992-03-03,0,-1.80952,-0.16329,-0.16329,1.80952,7,1.81687
1992-03-04,0,-1.84352,-0.19089,-0.19089,1.84352,7,1.85338
1992-03-05,0,-1.8167,-0.15878,-0.15878,1.8167,7,1.82362
1992-03-06,0,-1.76222,-0.10784,-0.10784,1.76222,7,1.76552
1992-03-07,0,-1.72935,-0.08816,-0.08816,1.72935,7,1.7316
1992-03-08,0,-1.63368,-0.16241,-0.16241,1.63368,7,1.64173
1992-03-09,0,-1.50704,-0.32743,-0.32743,1.50704,7,1.5422
1992-03-10,0,-1.39737,-0.55278,-0.55278,1.39737,7,1.50273
1992-03-11,0,-1.26986,-0.83259,-0.83259,1.26986,7,1.51847
1992-03-12,0,-1.02961,-1.06082,-1.06082,1.02961,8,1.47833
1992-03-13,0,-0.68573,-1.31735,-1.31735,0.68573,8,1.48514
1992-03-14,0,-0.3028,-1.62451,-1.62451,0.3028,8,1.65249
1992-03-15,0,0.13779,-1.84439,-1.84439,-0.13779,1,1.84953
1992-03-16,0,0.61749,-1.86634,-1.86634,-0.61749,1,1.96584
1992-03-17,0,0.97954,-1.7374,-1.7374,-0.97954,1,1.99451
1992-03-18,0,1.19677,-1.58417,-1.58417,-1.19677,1,1.98542
1992-03-19,0,1.42314,-1.39097,-1.39097,-1.42314,2,1.99001
1992-03-20,0,1.61328,-1.19008,-1.19008,-1.61328,2,2.00474
1992-03-21,0,1.67397,-1.07289,-1.07289,-1.67397,2,1.98828
1992-03-22,0,1.6745,-0.95623,-0.95623,-1.6745,2,1.9283
1992-03-23,0,1.68831,-0.81408,-0.81408,-1.68831,2,1.87433
1992-03-24,0,1.74505,-0.63374,-0.63374,-1.74505,2,1.85657
1992-03-25,0,1.76656,-0.43278,-0.43278,-1.76656,2,1.8188
1992-03-26,0,1.75199,-0.25942,-0.25942,-1.75199,2,1.77109
1992-03-27,0,1.69928,-0.06404,-0.06404,-1.69928,2,1.70049
1992-03-28,0,1.63367,0.15397,0.15397,-1.63367,3,1.64091
1992-03-29,0,1.55263,0.39111,0.39111,-1.55263,3,1.60113
1992-03-30,0,1.54457,0.61775,0.61775,-1.54457,3,1.66352
1992-03-31,0,1.48528,0.81124,0.81124,-1.48528,3,1.69239
1992-04-01,0,1.36064,1.02503,1.02503,-1.36064,3,1.70353
1992-04-02,0,1.16439,1.20191,1.20191,-1.16439,4,1.67344
1992-04-03,0,0.90966,1.32836,1.32836,-0.90966,4,1.60998
1992-04-04,0,0.69502,1.45287,1.45287,-0.69502,4,1.61055
1992-04-05,0,0.46911,1.51596,1.51596,-0.46911,4,1.58688
1992-04-06,0,0.14785,1.47117,1.47117,-0.14785,4,1.47858
1992-04-07,0,-0.16649,1.40726,1.40726,0.16649,5,1.41708
1992-04-08,0,-0.47508,1.30809,1.30809,0.47508,5,1.39169
1992-04-09,0,-0.77609,1.16459,1.16459,0.77609,5,1.39949
1992-04-10,0,-1.05176,1.03195,1.03195,1.05176,6,1.47347
1992-04-11,0,-1.25829,0.89839,0.89839,1.25829,6,1.54609
1992-04-12,0,-1.34204,0.74255,0.74255,1.34204,6,1.53377
1992-04-13,0,-1.39549,0.53209,0.53209,1.39549,6,1.49349
1992-04-14,0,-1.39176,0.34874,0.34874,1.39176,6,1.43479
1992-04-15,0,-1.34825,0.24472,0.24472,1.34825,6,1.37028
1992-04-16,0,-1.28001,0.07315,0.07315,1.28001,6,1.2821
1992-04-17,0,-1.16637,-0.10039,-0.10039,1.16637,7,1.17068
1992-04-18,0,-0.95332,-0.28529,-0.28529,0.95332,7,0.99509
1992-04-19,0,-0.67981,-0.40488,-0.40488,0.67981,7,0.79125
1992-04-20,0,-0.46182,-0.447,-0.447,0.46182,7,0.64272
1992-04-21,0,-0.28144,-0.45275,-0.45275,0.28144,8,0.5331
1992-04-22,0,-0.13723,-0.44447,-0.44447,0.13723,8,0.46517
1992-04-23,0,-0.02866,-0.4759,-0.4759,0.02866,8,0.47677
1992-04-24,0,0.04708,-0.47004,-0.47004,-0.04708,1,0.47239
1992-04-25,0,0.14583,-0.4433,-0.4433,-0.14583,1,0.46667
1992-04-26,0,0.23109,-0.39751,-0.39751,-0.23109,1,0.4598
1992-04-27,0,0.29799,-0.24781,-0.24781,-0.29799,2,0.38757
1992-04-28,0,0.30332,-0.14491,-0.14491,-0.30332,2,0.33615
1992-04-29,0,0.34511,-0.08366,-0.08366,-0.34511,2,0.35511
1992-04-30,0,0.40383,0.01173,0.01173,-0.40383,3,0.404
1992-05-01,0,0.42025,0.12391,0.12391,-0.42025,3,0.43813
1992-05-02,0,0.46004,0.297,0.297,-0.46004,3,0.54758
1992-05-03,0,0.49407,0.44806,0.44806,-0.49407,3,0.66698
1992-05-04,0,0.47943,0.611,0.611,-0.47943,4,0.77665
1992-05-05,0,0.45255,0.80983,0.80983,-0.45255,4,0.9277
1992-05-06,0,0.3931,0.91618,0.91618,-0.3931,4,0.99696
1992-05-07,0,0.37203,1.02391,1.02391,-0.37203,4,1.0894
1992-05-08,0,0.32767,1.04657,1.04657,-0.32767,4,1.09666
1992-05-09,0,0.27283,1.04781,1.04781,-0.27283,4,1.08275
1992-05-10,0,0.2255,1.06038,1.06038,-0.2255,4,1.08409
1992-05-11,0,0.18318,1.02622,1.02622,-0.18318,4,1.04244
1992-05-12,0,0.1276,0.92561,0.92561,-0.1276,4,0.93436
1992-05-13,0,0.08213,0.82265,0.82265,-0.08213,4,0.82674
1992-05-14,0,0.02841,0.61155,0.61155,-0.02841,4,0.61221
1992-05-15,0,-0.06912,0.42858,0.42858,0.06912,5,0.43412
1992-05-16,0,-0.11896,0.21811,0.21811,0.11896,5,0.24845
1992-05-17,0,-0.16482,0.07501,0.07501,0.16482,6,0.18109
1992-05-18,0,-0.19517,-0.07925,-0.07925,0.19517,7,0.21064
1992-05-19,0,-0.19126,-0.23411,-0.23411,0.19126,8,0.30231
1992-05-20,0,-0.20771,-0.33433,-0.33433,0.20771,8,0.3936
1992-05-21,0,-0.21558,-0.41996,-0.41996,0.21558,8,0.47206
1992-05-22,0,-0.19984,-0.4509,-0.4509,0.19984,8,0.4932
1992-05-23,0,-0.2231,-0.39917,-0.39917,0.2231,8,0.45729
1992-05-24,0,-0.18554,-0.31689,-0.31689,0.18554,8,0.36721
1992-05-25,0,-0.19683,-0.21624,-0.21624,0.19683,8,0.29241
1992-05-26,0,-0.16674,-0.19937,-0.19937,0.16674,8,0.2599
1992-05-27,0,-0.10201,-0.20458,-0.20458,0.10201,8,0.2286
1992-05-28,0,-0.00231,-0.23751,-0.23751,0.00231,8,0.23752
1992-05-29,0,0.08723,-0.25073,-0.25073,-0.08723,1,0.26547
1992-05-30,0,0.24602,-0.12008,-0.12008,-0.24602,2,0.27376
1992-05-31,0,0.42929,-0.04783,-0.04783,-0.42929,2,0.43194
1992-06-01,0,0.62255,0.07033,0.07033,-0.62255,3,0.62651
1992-06-02,0,0.76777,0.20648,0.20648,-0.76777,3,0.79505
1992-06-03,0,0.87752,0.34068,0.34068,-0.87752,3,0.94134
1992-06-04,0,0.92748,0.55565,0.55565,-0.92748,3,1.08118
1992-06-05,0,0.91356,0.69082,0.69082,-0.91356,3,1.14535
1992-06-06,0,0.85576,0.80666,0.80666,-0.85576,3,1.17602
1992-06-07,0,0.79755,0.89729,0.89729,-0.79755,4,1.20051
1992-06-08,0,0.71117,0.88374,0.88374,-0.71117,4,1.13436
1992-06-09,0,0.57996,0.96951,0.96951,-0.57996,4,1.12973
1992-06-10,0,0.48726,1.00603,1.00603,-0.48726,4,1.11782
1992-06-11,0,0.42035,1.01977,1.01977,-0.42035,4,1.10301
1992-06-12,0,0.31165,1.05091,1.05091,-0.31165,4,1.09615
1992-06-13,0,0.16386,1.06034,1.06034,-0.16386,4,1.07293
1992-06-14,0,0.01939,1.1796,1.1796,-0.01939,4,1.17976
1992-06-15,0,-0.12481,1.29557,1.29557,0.12481,5,1.30157
1992-06-16,0,-0.27156,1.32172,1.32172,0.27156,5,1.34933
1992-06-17,0,-0.41128,1.32437,1.32437,0.41128,5,1.38676
1992-06-18,0,-0.60256,1.28057,1.28057,0.60256,5,1.41526
1992-06-19,0,-0.80991,1.21754,1.21754,0.80991,5,1.46231
1992-06-20,0,-1.08438,1.13673,1.13673,1.08438,5,1.57099
1992-06-21,0,-1.29452,1.05978,1.05978,1.29452,6,1.67299
1992-06-22,0,-1.4437,1.00856,1.00856,1.4437,6,1.7611
1992-06-23,0,-1.42747,0.85523,0.85523,1.42747,6,1.66406
1992-06-24,0,-1.41336,0.61226,0.61226,1.41336,6,1.54028
1992-06-25,0,-1.38829,0.37329,0.37329,1.38829,6,1.4376
1992-06-26,0,-1.36383,0.15173,0.15173,1.36383,6,1.37224
1992-06-27,0,-1.28988,-0.1013,-0.1013,1.28988,7,1.29385
1992-06-28,0,-1.06427,-0.33605,-0.33605,1.06427,7,1.11606
1992-06-29,0,-0.71433,-0.59132,-0.59132,0.71433,7,0.92732
1992-06-30,0,-0.38053,-0.88883,-0.88883,0.38053,8,0.96686
1992-07-01,0,-0.09497,-1.10689,-1.10689,0.09497,8,1.11095
1992-07-02,0,0.06302,-1.25223,-1.25223,-0.06302,1,1.25381
1992-07-03,0,0.23443,-1.27258,-1.27258,-0.23443,1,1.294
1992-07-04,0,0.49563,-1.21311,-1.21311,-0.49563,1,1.31045
1992-07-05,0,0.69052,-1.15122,-1.15122,-0.69052,1,1.34243
1992-07-06,0,0.80046,-1.03761,-1.03761,-0.80046,1,1.31049
1992-07-07,0,0.82275,-0.91003,-0.91003,-0.82275,1,1.22681
1992-07-08,0,0.77385,-0.74681,-0.74681,-0.77385,2,1.07544
1992-07-09,0,0.7247,-0.53717,-0.53717,-0.7247,2,0.90207
1992-07-10,0,0.74631,-0.3669,-0.3669,-0.74631,2,0.83163
1992-07-11,0,0.8155,-0.19196,-0.19196,-0.8155,2,0.83779
1992-07-12,0,0.80568,-0.07808,-0.07808,-0.80568,2,0.80945
1992-07-13,0,0.65244,0.01289,0.01289,-0.65244,3,0.65256
1992-07-14,0,0.59402,0.1345,0.1345,-0.59402,3,0.60905
1992-07-15,0,0.61075,0.20957,0.20957,-0.61075,3,0.64571
1992-07-16,0,0.52802,0.27979,0.27979,-0.52802,3,0.59757
1992-07-17,0,0.47552,0.40912,0.40912,-0.47552,3,0.6273
1992-07-18,0,0.44512,0.55703,0.55703,-0.44512,4,0.71304
1992-07-19,0,0.32559,0.70202,0.70202,-0.32559,4,0.77385
1992-07-20,0,0.18652,0.7792,0.7792,-0.18652,4,0.80121
1992-07-21,0,0.07527,0.85026,0.85026,-0.07527,4,0.85359
1992-07-22,0,-0.00966,0.92835,0.92835,0.00966,5,0.9284
1992-07-23,0,-0.09974,0.95086,0.95086,0.09974,5,0.95607
1992-07-24,0,-0.12302,0.95892,0.95892,0.12302,5,0.96678
1992-07-25,0,-0.07984,0.94641,0.94641,0.07984,5,0.94977
1992-07-26,0,-0.03949,0.84986,0.84986,0.03949,5,0.85078
1992-07-27,0,0.03613,0.74587,0.74587,-0.03613,4,0.74674
1992-07-28,0,0.16138,0.66579,0.66579,-0.16138,4,0.68507
1992-07-29,0,0.22101,0.61209,0.61209,-0.22101,4,0.65077
1992-07-30,0,0.33977,0.5115,0.5115,-0.33977,4,0.61406
1992-07-31,0,0.47786,0.4123,0.4123,-0.47786,3,0.63115
1992-08-01,0,0.51185,0.32753,0.32753,-0.51185,3,0.60767
1992-08-02,0,0.46516,0.25984,0.25984,-0.46516,3,0.53281
1992-08-03,0,0.36135,0.15225,0.15225,-0.36135,3,0.39211
1992-08-04,0,0.1595,0.1178,0.1178,-0.1595,3,0.19829
1992-08-05,0,-0.01714,0.09714,0.09714,0.01714,5,0.09864
1992-08-06,0,-0.17432,0.14959,0.14959,0.17432,6,0.2297
1992-08-07,0,-0.26056,0.16699,0.16699,0.26056,6,0.30948
1992-08-08,0,-0.40584,0.17768,0.17768,0.40584,6,0.44303
1992-08-09,0,-0.56867,0.25006,0.25006,0.56867,6,0.62122
1992-08-10,0,-0.62807,0.332,0.332,0.62807,6,0.71042
1992-08-11,0,-0.63792,0.3569,0.3569,0.63792,6,0.73097
1992-08-12,0,-0.55268,0.42192,0.42192,0.55268,6,0.69532
1992-08-13,0,-0.43577,0.40921,0.40921,0.43577,6,0.59779
1992-08-14,0,-0.37117,0.35268,0.35268,0.37117,6,0.512
1992-08-15,0,-0.31545,0.17566,0.17566,0.31545,6,0.36106
1992-08-16,0,-0.33291,0.01468,0.01468,0.33291,6,0.33323
1992-08-17,0,-0.32525,-0.09995,-0.09995,0.32525,7,0.34027
1992-08-18,0,-0.25854,-0.25618,-0.25618,0.25854,7,0.36396
1992-08-19,0,-0.15243,-0.43452,-0.43452,0.15243,8,0.46048
1992-08-20,0,-0.13841,-0.54015,-0.54015,0.13841,8,0.5576
1992-08-21,0,-0.21824,-0.64821,-0.64821,0.21824,8,0.68396
1992-08-22,0,-0.29606,-0.71069,-0.71069,0.29606,8,0.76989
1992-08-23,0,-0.34743,-0.7032,-0.7032,0.34743,8,0.78434
1992-08-24,0,-0.3554,-0.67602,-0.67602,0.3554,8,0.76375
1992-08-25,0,-0.27561,-0.5994,-0.5994,0.27561,8,0.65973
1992-08-26,0,-0.23595,-0.49732,-0.49732,0.23595,8,0.55046
1992-08-27,0,-0.17874,-0.39205,-0.39205,0.17874,8,0.43087
1992-08-28,0,-0.1327,-0.29279,-0.29279,0.1327,8,0.32146
1992-08-29,0,-0.05938,-0.23872,-0.23872,0.05938,8,0.24599
1992-08-30,0,0.07212,-0.14956,-0.14956,-0.07212,1,0.16604
1992-08-31,0,0.24818,-0.13888,-0.13888,-0.24818,2,0.2844
1992-09-01,0,0.29776,-0.1353,-0.1353,-0.29776,2,0.32706
1992-09-02,0,0.29675,-0.10282,-0.10282,-0.29675,2,0.31406
1992-09-03,0,0.23876,-0.05631,-0.05631,-0.23876,2,0.24531
1992-09-04,0,0.23954,-0.00769,-0.00769,-0.23954,2,0.23967
1992-09-05,0,0.13411,-0.04605,-0.04605,-0.13411,2,0.1418
1992-09-06,0,0.01881,-0.09809,-0.09809,-0.01881,1,0.09988
1992-09-07,0,0.00479,-0.13977,-0.13977,-0.00479,1,0.13985
1992-09-08,0,-0.00404,-0.25942,-0.25942,0.00404,8,0.25945
1992-09-09,0,-0.05949,-0.31975,-0.31975,0.05949,8,0.32524
1992-09-10,0,-0.01817,-0.43307,-0.43307,0.01817,8,0.43345
1992-09-11,0,0.00115,-0.56034,-0.56034,-0.00115,1,0.56034
1992-09-12,0,-0.03436,-0.65604,-0.65604,0.03436,8,0.65694
1992-09-13,0,-0.12341,-0.72795,-0.72795,0.12341,8,0.73834
1992-09-14,0,-0.14594,-0.70525,-0.70525,0.14594,8,0.72019
1992-09-15,0,-0.22581,-0.67528,-0.67528,0.22581,8,0.71204
1992-09-16,0,-0.32717,-0.58714,-0.58714,0.32717,8,0.67213
1992-09-17,0,-0.33181,-0.46042,-0.46042,0.33181,8,0.56752
1992-09-18,0,-0.22859,-0.36972,-0.36972,0.22859,8,0.43468
1992-09-19,0,-0.06915,-0.25201,-0.25201,0.06915,8,0.26133
1992-09-20,0,0.12926,-0.0783,-0.0783,-0.12926,2,0.15112
1992-09-21,0,0.4088,0.0791,0.0791,-0.4088,3,0.41638
1992-09-22,0,0.69108,0.22576,0.22576,-0.69108,3,0.72702
1992-09-23,0,0.89031,0.33129,0.33129,-0.89031,3,0.94995
1992-09-24,0,1.09784,0.46669,0.46669,-1.09784,3,1.19292
1992-09-25,0,1.29379,0.49636,0.49636,-1.29379,3,1.38574
1992-09-26,0,1.34834,0.53838,0.53838,-1.34834,3,1.45185
1992-09-27,0,1.2697,0.58545,0.58545,-1.2697,3,1.39817
1992-09-28,0,1.12871,0.59848,0.59848,-1.12871,3,1.27757
1992-09-29,0,0.95717,0.59139,0.59139,-0.95717,3,1.12513
1992-09-30,0,0.77576,0.59881,0.59881,-0.77576,3,0.97999
1992-10-01,0,0.66294,0.63293,0.63293,-0.66294,3,0.91656
1992-10-02,0,0.58604,0.62003,0.62003,-0.58604,4,0.85316
1992-10-03,0,0.48585,0.56684,0.56684,-0.48585,4,0.74656
1992-10-04,0,0.36441,0.60352,0.60352,-0.36441,4,0.705
1992-10-05,0,0.25923,0.6485,0.6485,-0.25923,4,0.69839
1992-10-06,0,0.23611,0.72218,0.72218,-0.23611,4,0.7598
1992-10-07,0,0.20443,0.79697,0.79697,-0.20443,4,0.82277
1992-10-08,0,0.1185,0.83419,0.83419,-0.1185,4,0.84256
1992-10-09,0,-0.03364,0.88236,0.88236,0.03364,5,0.883
1992-10-10,0,-0.25893,0.81552,0.81552,0.25893,5,0.85564
1992-10-11,0,-0.46026,0.78761,0.78761,0.46026,5,0.91223
1992-10-12,0,-0.69408,0.75467,0.75467,0.69408,5,1.02531
1992-10-13,0,-0.9207,0.63514,0.63514,0.9207,6,1.11852
1992-10-14,0,-1.12089,0.4965,0.4965,1.12089,6,1.22593
1992-10-15,0,-1.28887,0.34978,0.34978,1.28887,6,1.33549
1992-10-16,0,-1.46568,0.20162,0.20162,1.46568,6,1.47948
1992-10-17,0,-1.6075,0.00227,0.00227,1.6075,6,1.6075
1992-10-18,0,-1.74034,-0.22117,-0.22117,1.74034,7,1.75434
1992-10-19,0,-1.78682,-0.31074,-0.31074,1.78682,7,1.81364
1992-10-20,0,-1.81004,-0.37878,-0.37878,1.81004,7,1.84925
1992-10-21,0,-1.78921,-0.49543,-0.49543,1.78921,7,1.85653
1992-10-22,0,-1.74634,-0.54812,-0.54812,1.74634,7,1.83034
1992-10-23,0,-1.65167,-0.5969,-0.5969,1.65167,7,1.75622
1992-10-24,0,-1.56739,-0.62941,-0.62941,1.56739,7,1.68904
1992-10-25,0,-1.52437,-0.66957,-0.66957,1.52437,7,1.66495
1992-10-26,0,-1.45117,-0.67446,-0.67446,1.45117,7,1.60025
1992-10-27,0,-1.36451,-0.73611,-0.73611,1.36451,7,1.5504
1992-10-28,0,-1.33608,-0.82741,-0.82741,1.33608,7,1.57153
1992-10-29,0,-1.29759,-0.89456,-0.89456,1.29759,7,1.57607
1992-10-30,0,-1.19676,-0.97074,-0.97074,1.19676,7,1.54096
1992-10-31,0,-0.99922,-1.04899,-1.04899,0.99922,8,1.44873
1992-11-01,0,-0.7799,-1.08703,-1.08703,0.7799,8,1.33787
1992-11-02,0,-0.52721,-1.09147,-1.09147,0.52721,8,1.21212
1992-11-03,0,-0.21489,-1.05169,-1.05169,0.21489,8,1.07342
1992-11-04,0,0.0702,-0.91547,-0.91547,-0.0702,1,0.91816
1992-11-05,0,0.30382,-0.70902,-0.70902,-0.30382,1,0.77138
1992-11-06,0,0.48949,-0.55509,-0.55509,-0.48949,1,0.74009
1992-11-07,0,0.71194,-0.46385,-0.46385,-0.71194,2,0.84972
1992-11-08,0,0.93875,-0.38288,-0.38288,-0.93875,2,1.01383
1992-11-09,0,1.06126,-0.27529,-0.27529,-1.06126,2,1.09638
1992-11-10,0,1.13766,-0.21596,-0.21596,-1.13766,2,1.15798
1992-11-11,0,1.14944,-0.28729,-0.28729,-1.14944,2,1.1848
1992-11-12,0,1.16072,-0.37773,-0.37773,-1.16072,2,1.22063
1992-11-13,0,1.07444,-0.48328,-0.48328,-1.07444,2,1.17812
1992-11-14,0,0.99641,-0.59646,-0.59646,-0.99641,2,1.16129
1992-11-15,0,0.93761,-0.69663,-0.69663,-0.93761,2,1.16808
1992-11-16,0,0.8459,-0.70628,-0.70628,-0.8459,2,1.10199
1992-11-17,0,0.77231,-0.63781,-0.63781,-0.77231,2,1.00163
1992-11-18,0,0.65137,-0.57237,-0.57237,-0.65137,2,0.86711
1992-11-19,0,0.5519,-0.44634,-0.44634,-0.5519,2,0.7098
1992-11-20,0,0.53805,-0.26229,-0.26229,-0.53805,2,0.59858
1992-11-21,0,0.47791,-0.07448,-0.07448,-0.47791,2,0.48368
1992-11-22,0,0.51674,0.0615,0.0615,-0.51674,3,0.52039
1992-11-23,0,0.57973,0.09494,0.09494,-0.57973,3,0.58746
1992-11-24,0,0.66465,0.10948,0.10948,-0.66465,3,0.6736
1992-11-25,0,0.74468,0.09557,0.09557,-0.74468,3,0.75078
1992-11-26,0,0.8902,0.04057,0.04057,-0.8902,3,0.89113
1992-11-27,0,1.09007,0.01652,0.01652,-1.09007,3,1.0902
1992-11-28,0,1.22054,0.01012,0.01012,-1.22054,3,1.22058
1992-11-29,0,1.25904,-0.03451,-0.03451,-1.25904,2,1.25951
1992-11-30,0,1.2991,-0.10327,-0.10327,-1.2991,2,1.3032
1992-12-01,0,1.23918,-0.0897,-0.0897,-1.23918,2,1.24242
1992-12-02,0,1.17828,0.03067,0.03067,-1.17828,3,1.17867
1992-12-03,0,1.02645,0.07997,0.07997,-1.02645,3,1.02956
1992-12-04,0,0.89284,0.13352,0.13352,-0.89284,3,0.90277
1992-12-05,0,0.70279,0.24455,0.24455,-0.70279,3,0.74412
1992-12-06,0,0.49853,0.35426,0.35426,-0.49853,3,0.61158
1992-12-07,0,0.33898,0.33776,0.33776,-0.33898,3,0.47853
1992-12-08,0,0.20165,0.26977,0.26977,-0.20165,4,0.33681
1992-12-09,0,0.06791,0.26727,0.26727,-0.06791,4,0.27576
1992-12-10,0,-0.07665,0.21848,0.21848,0.07665,5,0.23154
1992-12-11,0,-0.20961,0.16725,0.16725,0.20961,6,0.26816
1992-12-12,0,-0.2374,0.18483,0.18483,0.2374,6,0.30087
1992-12-13,0,-0.31779,0.17644,0.17644,0.31779,6,0.36349
1992-12-14,0,-0.38906,0.13219,0.13219,0.38906,6,0.41091
1992-12-15,0,-0.41832,0.09524,0.09524,0.41832,6,0.42902
1992-12-16,0,-0.47955,0.10593,0.10593,0.47955,6,0.49111
1992-12-17,0,-0.65293,0.10434,0.10434,0.65293,6,0.66121
1992-12-18,0,-0.85918,0.0587,0.0587,0.85918,6,0.86118
1992-12-19,0,-0.97911,0.01507,0.01507,0.97911,6,0.97923
1992-12-20,0,-1.10234,-0.06743,-0.06743,1.10234,7,1.1044
1992-12-21,0,-1.24924,-0.21947,-0.21947,1.24924,7,1.26837
1992-12-22,0,-1.2888,-0.36172,-0.36172,1.2888,7,1.33859
1992-12-23,0,-1.37918,-0.49109,-0.49109,1.37918,7,1.464
1992-12-24,0,-1.46885,-0.63968,-0.63968,1.46885,7,1.60209
1992-12-25,0,-1.48341,-0.80688,-0.80688,1.48341,7,1.68866
1992-12-26,0,-1.37943,-0.97779,-0.97779,1.37943,7,1.69083
1992-12-27,0,-1.27766,-1.17026,-1.17026,1.27766,7,1.73261
1992-12-28,0,-1.24002,-1.3838,-1.3838,1.24002,8,1.8581
1992-12-29,0,-1.17689,-1.60254,-1.60254,1.17689,8,1.98826
1992-12-30,0,-1.02545,-1.79918,-1.79918,1.02545,8,2.07089
1992-12-31,0,-0.9486,-1.93881,-1.93881,0.9486,8,2.15843
1993-01-01,0,-0.71188,-2.04465,-2.04465,0.71188,8,2.16503
1993-01-02,0,-0.35872,-2.1035,-2.1035,0.35872,8,2.13387
1993-01-03,0,0.01555,-2.07686,-2.07686,-0.01555,1,2.07692
1993-01-04,0,0.33221,-2.0145,-2.0145,-0.33221,1,2.04171
1993-01-05,0,0.66325,-1.9659,-1.9659,-0.66325,1,2.07477
1993-01-06,0,1.11302,-1.91814,-1.91814,-1.11302,1,2.21768
1993-01-07,0,1.57665,-1.85799,-1.85799,-1.57665,1,2.4368
1993-01-08,0,1.9808,-1.62988,-1.62988,-1.9808,2,2.56516
1993-01-09,0,2.35147,-1.31942,-1.31942,-2.35147,2,2.69635
1993-01-10,0,2.66098,-0.96919,-0.96919,-2.66098,2,2.83199
1993-01-11,0,2.85265,-0.60124,-0.60124,-2.85265,2,2.91532
1993-01-12,0,2.94076,-0.26408,-0.26408,-2.94076,2,2.95259
1993-01-13,0,3.01455,0.09142,0.09142,-3.01455,3,3.01594
1993-01-14,0,3.03276,0.50973,0.50973,-3.03276,3,3.0753
1993-01-15,0,2.90726,1.0219,1.0219,-2.90726,3,3.08162
1993-01-16,0,2.73482,1.56896,1.56896,-2.73482,3,3.15292
1993-01-17,0,2.51611,1.99045,1.99045,-2.51611,3,3.20822
1993-01-18,0,2.21111,2.28514,2.28514,-2.21111,4,3.17976
1993-01-19,0,1.83219,2.48378,2.48378,-1.83219,4,3.08643
1993-01-20,0,1.37368,2.59533,2.59533,-1.37368,4,2.93645
1993-01-21,0,0.91977,2.65413,2.65413,-0.91977,4,2.80898
1993-01-22,0,0.44102,2.67275,2.67275,-0.44102,4,2.7089
1993-01-23,0,0.05502,2.64515,2.64515,-0.05502,4,2.64573
1993-01-24,0,-0.29674,2.48633,2.48633,0.29674,5,2.50398
1993-01-25,0,-0.62654,2.23512,2.23512,0.62654,5,2.32128
1993-01-26,0,-0.89201,1.94565,1.94565,0.89201,5,2.14038
1993-01-27,0,-1.1716,1.64303,1.64303,1.1716,5,2.01797
1993-01-28,0,-1.48681,1.2985,1.2985,1.48681,6,1.97401
1993-01-29,0,-1.75512,0.97202,0.97202,1.75512,6,2.0063
1993-01-30,0,-1.93634,0.65149,0.65149,1.93634,6,2.043
1993-01-31,0,-2.02397,0.31131,0.31131,2.02397,6,2.04778
1993-02-01,0,-2.03858,-0.01459,-0.01459,2.03858,7,2.03863
1993-02-02,0,-1.98059,-0.33379,-0.33379,1.98059,7,2.00852
1993-02-03,0,-1.89848,-0.66509,-0.66509,1.89848,7,2.01161
1993-02-04,0,-1.76818,-0.90001,-0.90001,1.76818,7,1.98406
1993-02-05,0,-1.5529,-1.09508,-1.09508,1.5529,7,1.90019
1993-02-06,0,-1.29251,-1.16128,-1.16128,1.29251,7,1.73757
1993-02-07,0,-1.10046,-1.14888,-1.14888,1.10046,8,1.59089
1993-02-08,0,-0.96222,-1.09438,-1.09438,0.96222,8,1.45724
1993-02-09,0,-0.86413,-1.00151,-1.00151,0.86413,8,1.32278
1993-02-10,0,-0.82774,-0.95121,-0.95121,0.82774,8,1.26093
1993-02-11,0,-0.81932,-0.87456,-0.87456,0.81932,8,1.19839
1993-02-12,0,-0.78077,-0.71334,-0.71334,0.78077,7,1.05757
1993-02-13,0,-0.75099,-0.64634,-0.64634,0.75099,7,0.99083
1993-02-14,0,-0.72916,-0.61201,-0.61201,0.72916,7,0.95196
1993-02-15,0,-0.71342,-0.56698,-0.56698,0.71342,7,0.91129
1993-02-16,0,-0.65591,-0.50633,-0.50633,0.65591,7,0.82861
1993-02-17,0,-0.65757,-0.45568,-0.45568,0.65757,7,0.80003
1993-02-18,0,-0.64516,-0.37586,-0.37586,0.64516,7,0.74666
1993-02-19,0,-0.57436,-0.27024,-0.27024,0.57436,7,0.63476
1993-02-20,0,-0.51567,-0.17657,-0.17657,0.51567,7,0.54506
1993-02-21,0,-0.48638,-0.08784,-0.08784,0.48638,7,0.49425
1993-02-22,0,-0.4158,0.03688,0.03688,0.4158,6,0.41743
1993-02-23,0,-0.30367,0.23371,0.23371,0.30367,6,0.38319
1993-02-24,0,-0.26232,0.33241,0.33241,0.26232,5,0.42345
1993-02-25,0,-0.1894,0.37271,0.37271,0.1894,5,0.41807
1993-02-26,0,-0.01765,0.47213,0.47213,0.01765,5,0.47246
1993-02-27,0,0.11125,0.46302,0.46302,-0.11125,4,0.4762
1993-02-28,0,0.19093,0.38876,0.38876,-0.19093,4,0.43312
1993-03-01,0,0.30395,0.32535,0.32535,-0.30395,4,0.44523
1993-03-02,0,0.37363,0.25442,0.25442,-0.37363,3,0.45202
1993-03-03,0,0.41426,0.17465,0.17465,-0.41426,3,0.44957
1993-03-04,0,0.42093,0.09195,0.09195,-0.42093,3,0.43086
1993-03-05,0,0.50132,0.10702,0.10702,-0.50132,3,0.51262
1993-03-06,0,0.56686,0.15098,0.15098,-0.56686,3,0.58662
1993-03-07,0,0.56992,0.20702,0.20702,-0.56992,3,0.60636
1993-03-08,0,0.67223,0.33309,0.33309,-0.67223,3,0.75023
1993-03-09,0,0.83577,0.41693,0.41693,-0.83577,3,0.93399
1993-03-10,0,0.95025,0.42592,0.42592,-0.95025,3,1.04134
1993-03-11,0,1.00879,0.34309,0.34309,-1.00879,3,1.06553
1993-03-12,0,0.93984,0.2783,0.2783,-0.93984,3,0.98018
1993-03-13,0,0.79068,0.2197,0.2197,-0.79068,3,0.82064
1993-03-14,0,0.6188,0.13927,0.13927,-0.6188,3,0.63428
1993-03-15,0,0.41898,0.06613,0.06613,-0.41898,3,0.42416
1993-03-16,0,0.23559,-0.06791,-0.06791,-0.23559,2,0.24519
1993-03-17,0,0.08962,-0.26538,-0.26538,-0.08962,1,0.2801
1993-03-18,0,-0.03315,-0.46485,-0.46485,0.03315,8,0.46603
1993-03-19,0,-0.12505,-0.54271,-0.54271,0.12505,8,0.55693
1993-03-20,0,-0.15066,-0.53049,-0.53049,0.15066,8,0.55147
1993-03-21,0,-0.07338,-0.4694,-0.4694,0.07338,8,0.4751
1993-03-22,0,0.0196,-0.33675,-0.33675,-0.0196,1,0.33732
1993-03-23,0,0.09135,-0.19108,-0.19108,-0.09135,1,0.21179
1993-03-24,0,0.23805,-0.0802,-0.0802,-0.23805,2,0.2512
1993-03-25,0,0.40329,0.02055,0.02055,-0.40329,3,0.40381
1993-03-26,0,0.51808,0.07145,0.07145,-0.51808,3,0.52298
1993-03-27,0,0.51554,0.11273,0.11273,-0.51554,3,0.52772
1993-03-28,0,0.46286,0.08944,0.08944,-0.46286,3,0.47142
1993-03-29,0,0.31121,0.14586,0.14586,-0.31121,3,0.34369
1993-03-30,0,0.16404,0.2287,0.2287,-0.16404,4,0.28144
1993-03-31,0,0.04166,0.23899,0.23899,-0.04166,4,0.24259
1993-04-01,0,-0.07241,0.262,0.262,0.07241,5,0.27182
1993-04-02,0,-0.16555,0.25115,0.25115,0.16555,5,0.30081
1993-04-03,0,-0.2771,0.23503,0.23503,0.2771,6,0.36335
1993-04-04,0,-0.37991,0.29051,0.29051,0.37991,6,0.47826
1993-04-05,0,-0.46804,0.36608,0.36608,0.46804,6,0.5942
1993-04-06,0,-0.59708,0.46113,0.46113,0.59708,6,0.75441
1993-04-07,0,-0.66731,0.49832,0.49832,0.66731,6,0.83284
1993-04-08,0,-0.75737,0.49751,0.49751,0.75737,6,0.90616
1993-04-09,0,-0.85123,0.52878,0.52878,0.85123,6,1.00209
1993-04-10,0,-0.91112,0.4904,0.4904,0.91112,6,1.03471
1993-04-11,0,-1.02407,0.51856,0.51856,1.02407,6,1.14787
1993-04-12,0,-1.03489,0.46182,0.46182,1.03489,6,1.13326
1993-04-13,0,-0.9975,0.32384,0.32384,0.9975,6,1.04875
1993-04-14,0,-0.9243,0.1998,0.1998,0.9243,6,0.94565
1993-04-15,0,-0.75621,0.04698,0.04698,0.75621,6,0.75767
1993-04-16,0,-0.59486,-0.09596,-0.09596,0.59486,7,0.60255
1993-04-17,0,-0.37693,-0.28784,-0.28784,0.37693,7,0.47427
1993-04-18,0,-0.18482,-0.49726,-0.49726,0.18482,8,0.53049
1993-04-19,0,-0.0658,-0.60543,-0.60543,0.0658,8,0.60899
1993-04-20,0,0.04848,-0.72272,-0.72272,-0.04848,1,0.72435
1993-04-21,0,0.13663,-0.7617,-0.7617,-0.13663,1,0.77385
1993-04-22,0,0.28363,-0.77346,-0.77346,-0.28363,1,0.82383
1993-04-23,0,0.47165,-0.84052,-0.84052,-0.47165,1,0.96381
1993-04-24,0,0.5972,-0.8911,-0.8911,-0.5972,1,1.07271
1993-04-25,0,0.70765,-0.8591,-0.8591,-0.70765,1,1.11302
1993-04-26,0,0.70251,-0.74128,-0.74128,-0.70251,1,1.02128
1993-04-27,0,0.68145,-0.62727,-0.62727,-0.68145,2,0.9262
1993-04-28,0,0.67944,-0.61883,-0.61883,-0.67944,2,0.91901
1993-04-29,0,0.69295,-0.65577,-0.65577,-0.69295,2,0.95406
1993-04-30,0,0.69732,-0.7032,-0.7032,-0.69732,1,0.99032
1993-05-01,0,0.58593,-0.66004,-0.66004,-0.58593,1,0.88259
1993-05-02,0,0.39875,-0.61227,-0.61227,-0.39875,1,0.73067
1993-05-03,0,0.19744,-0.48942,-0.48942,-0.19744,1,0.52774
1993-05-04,0,0.0199,-0.44011,-0.44011,-0.0199,1,0.44056
1993-05-05,0,-0.12216,-0.46301,-0.46301,0.12216,8,0.47885
1993-05-06,0,-0.24841,-0.43517,-0.43517,0.24841,8,0.50108
1993-05-07,0,-0.34658,-0.36089,-0.36089,0.34658,8,0.50035
1993-05-08,0,-0.50533,-0.2456,-0.2456,0.50533,7,0.56185
1993-05-09,0,-0.68299,-0.17768,-0.17768,0.68299,7,0.70573
1993-05-10,0,-0.76887,-0.10234,-0.10234,0.76887,7,0.77565
1993-05-11,0,-0.78229,0.04018,0.04018,0.78229,6,0.78332
1993-05-12,0,-0.72156,0.02048,0.02048,0.72156,6,0.72185
1993-05-13,0,-0.66861,0.00014,0.00014,0.66861,6,0.66861
1993-05-14,0,-0.59164,0.03103,0.03103,0.59164,6,0.59245
1993-05-15,0,-0.43177,0.04648,0.04648,0.43177,6,0.43427
1993-05-16,0,-0.21871,0.11897,0.11897,0.21871,6,0.24897
1993-05-17,0,0.06462,0.12922,0.12922,-0.06462,4,0.14448
1993-05-18,0,0.28697,0.20768,0.20768,-0.28697,3,0.35424
1993-05-19,0,0.51299,0.20969,0.20969,-0.51299,3,0.5542
1993-05-20,0,0.70853,0.17162,0.17162,-0.70853,3,0.72902
1993-05-21,0,0.81521,0.26509,0.26509,-0.81521,3,0.85723
1993-05-22,0,0.95088,0.35779,0.35779,-0.95088,3,1.01596
1993-05-23,0,1.0057,0.41665,0.41665,-1.0057,3,1.08859
1993-05-24,0,1.0163,0.45188,0.45188,-1.0163,3,1.11223
1993-05-25,0,1.04149,0.45551,0.45551,-1.04149,3,1.13674
1993-05-26,0,1.0947,0.54084,0.54084,-1.0947,3,1.22102
1993-05-27,0,1.2056,0.6407,0.6407,-1.2056,3,1.36527
1993-05-28,0,1.23828,0.71414,0.71414,-1.23828,3,1.42945
1993-05-29,0,1.23972,0.80872,0.80872,-1.23972,3,1.48019
1993-05-30,0,1.24454,0.86279,0.86279,-1.24454,3,1.51436
1993-05-31,0,1.17711,0.88921,0.88921,-1.17711,3,1.47522
1993-06-01,0,1.16916,0.92377,0.92377,-1.16916,3,1.49006
1993-06-02,0,1.13734,0.92524,0.92524,-1.13734,3,1.46616
1993-06-03,0,0.95524,0.88349,0.88349,-0.95524,3,1.30117
1993-06-04,0,0.69872,0.80592,0.80592,-0.69872,4,1.06664
1993-06-05,0,0.39497,0.72295,0.72295,-0.39497,4,0.8238
1993-06-06,0,0.06083,0.68702,0.68702,-0.06083,4,0.6897
1993-06-07,0,-0.27297,0.64116,0.64116,0.27297,5,0.69684
1993-06-08,0,-0.58516,0.58394,0.58394,0.58516,6,0.82668
1993-06-09,0,-0.88137,0.59048,0.59048,0.88137,6,1.06089
1993-06-10,0,-1.11484,0.58071,0.58071,1.11484,6,1.25702
1993-06-11,0,-1.36065,0.51054,0.51054,1.36065,6,1.45328
1993-06-12,0,-1.55128,0.46498,0.46498,1.55128,6,1.61946
1993-06-13,0,-1.64739,0.44101,0.44101,1.64739,6,1.7054
1993-06-14,0,-1.63111,0.33645,0.33645,1.63111,6,1.66544
1993-06-15,0,-1.58575,0.14278,0.14278,1.58575,6,1.59217
1993-06-16,0,-1.51106,-0.04317,-0.04317,1.51106,7,1.51168
1993-06-17,0,-1.39166,-0.24003,-0.24003,1.39166,7,1.41221
1993-06-18,0,-1.26747,-0.46377,-0.46377,1.26747,7,1.34965
1993-06-19,0,-1.2028,-0.64446,-0.64446,1.2028,7,1.36457
1993-06-20,0,-1.09391,-0.7079,-0.7079,1.09391,7,1.30298
1993-06-21,0,-0.89969,-0.76001,-0.76001,0.89969,7,1.17774
1993-06-22,0,-0.74507,-0.84686,-0.84686,0.74507,8,1.12796
1993-06-23,0,-0.60152,-0.84992,-0.84992,0.60152,8,1.04125
1993-06-24,0,-0.33072,-0.80836,-0.80836,0.33072,8,0.8734
1993-06-25,0,-0.03688,-0.76466,-0.76466,0.03688,8,0.76555
1993-06-26,0,0.19586,-0.66505,-0.66505,-0.19586,1,0.69329
1993-06-27,0,0.39532,-0.53324,-0.53324,-0.39532,1,0.66379
1993-06-28,0,0.62628,-0.35626,-0.35626,-0.62628,2,0.72052
1993-06-29,0,0.78189,-0.2064,-0.2064,-0.78189,2,0.80867
1993-06-30,0,0.88559,-0.08355,-0.08355,-0.88559,2,0.88952
1993-07-01,0,0.90639,0.05693,0.05693,-0.90639,3,0.90818
1993-07-02,0,0.82535,0.18507,0.18507,-0.82535,3,0.84585
1993-07-03,0,0.68303,0.34558,0.34558,-0.68303,3,0.76547
1993-07-04,0,0.50176,0.45136,0.45136,-0.50176,3,0.6749
1993-07-05,0,0.29264,0.49789,0.49789,-0.29264,4,0.57752
1993-07-06,0,0.13024,0.53344,0.53344,-0.13024,4,0.54911
1993-07-07,0,0.02255,0.48732,0.48732,-0.02255,4,0.48784
1993-07-08,0,-0.00888,0.43661,0.43661,0.00888,5,0.4367
1993-07-09,0,-0.05331,0.36307,0.36307,0.05331,5,0.36696
1993-07-10,0,-0.03977,0.30795,0.30795,0.03977,5,0.31051
1993-07-11,0,0.00342,0.20997,0.20997,-0.00342,4,0.21
1993-07-12,0,0.03899,0.03672,0.03672,-0.03899,3,0.05356
1993-07-13,0,0.10662,-0.17314,-0.17314,-0.10662,1,0.20334
1993-07-14,0,0.25748,-0.37122,-0.37122,-0.25748,1,0.45178
1993-07-15,0,0.3903,-0.55918,-0.55918,-0.3903,1,0.68192
1993-07-16,0,0.41069,-0.58732,-0.58732,-0.41069,1,0.71667
1993-07-17,0,0.38444,-0.56564,-0.56564,-0.38444,1,0.68392
1993-07-18,0,0.37478,-0.50622,-0.50622,-0.37478,1,0.62986
1993-07-19,0,0.33708,-0.37321,-0.37321,-0.33708,1,0.5029
1993-07-20,0,0.33632,-0.17364,-0.17364,-0.33632,2,0.3785
1993-07-21,0,0.26958,0.04362,0.04362,-0.26958,3,0.27309
1993-07-22,0,0.21385,0.27495,0.27495,-0.21385,4,0.34832
1993-07-23,0,0.0594,0.51087,0.51087,-0.0594,4,0.51431
1993-07-24,0,-0.1465,0.70387,0.70387,0.1465,5,0.71895
1993-07-25,0,-0.29088,0.78538,0.78538,0.29088,5,0.83751
1993-07-26,0,-0.38222,0.84658,0.84658,0.38222,5,0.92886
1993-07-27,0,-0.53715,0.9099,0.9099,0.53715,5,1.05662
1993-07-28,0,-0.70026,0.89811,0.89811,0.70026,5,1.13884
1993-07-29,0,-0.82804,0.78218,0.78218,0.82804,6,1.13906
1993-07-30,0,-0.94747,0.61456,0.61456,0.94747,6,1.12933
1993-07-31,0,-1.13773,0.49037,0.49037,1.13773,6,1.23891
1993-08-01,0,-1.26956,0.38716,0.38716,1.26956,6,1.32728
1993-08-02,0,-1.2934,0.2454,0.2454,1.2934,6,1.31648
1993-08-03,0,-1.27314,0.02002,0.02002,1.27314,6,1.27329
1993-08-04,0,-1.26213,-0.17832,-0.17832,1.26213,7,1.27466
1993-08-05,0,-1.26056,-0.36611,-0.36611,1.26056,7,1.31265
1993-08-06,0,-1.22742,-0.5443,-0.5443,1.22742,7,1.34269
1993-08-07,0,-1.19554,-0.65304,-0.65304,1.19554,7,1.36227
1993-08-08,0,-1.12072,-0.6831,-0.6831,1.12072,7,1.31249
1993-08-09,0,-1.04198,-0.72198,-0.72198,1.04198,7,1.26767
1993-08-10,0,-0.8639,-0.77519,-0.77519,0.8639,7,1.16071
1993-08-11,0,-0.70896,-0.80208,-0.80208,0.70896,8,1.0705
1993-08-12,0,-0.54165,-0.71356,-0.71356,0.54165,8,0.89586
1993-08-13,0,-0.46389,-0.67877,-0.67877,0.46389,8,0.82215
1993-08-14,0,-0.40621,-0.63386,-0.63386,0.40621,8,0.75285
1993-08-15,0,-0.27886,-0.60925,-0.60925,0.27886,8,0.67003
1993-08-16,0,-0.15039,-0.61462,-0.61462,0.15039,8,0.63275
1993-08-17,0,-0.05192,-0.65134,-0.65134,0.05192,8,0.65341
1993-08-18,0,0.08185,-0.67632,-0.67632,-0.08185,1,0.68125
1993-08-19,0,0.19486,-0.66244,-0.66244,-0.19486,1,0.6905
1993-08-20,0,0.31431,-0.59545,-0.59545,-0.31431,1,0.67332
1993-08-21,0,0.36924,-0.49589,-0.49589,-0.36924,1,0.61826
1993-08-22,0,0.45225,-0.31431,-0.31431,-0.45225,2,0.55074
1993-08-23,0,0.58869,-0.16527,-0.16527,-0.58869,2,0.61145
1993-08-24,0,0.71202,-0.03405,-0.03405,-0.71202,2,0.71283
1993-08-25,0,0.78766,0.09163,0.09163,-0.78766,3,0.79297
1993-08-26,0,0.79723,0.2074,0.2074,-0.79723,3,0.82376
1993-08-27,0,0.79554,0.30181,0.30181,-0.79554,3,0.85086
1993-08-28,0,0.80601,0.30367,0.30367,-0.80601,3,0.86132
1993-08-29,0,0.77965,0.30852,0.30852,-0.77965,3,0.83847
1993-08-30,0,0.81538,0.26511,0.26511,-0.81538,3,0.85739
1993-08-31,0,0.82136,0.22167,0.22167,-0.82136,3,0.85075
1993-09-01,0,0.88651,0.19801,0.19801,-0.88651,3,0.90835
1993-09-02,0,0.85642,0.199,0.199,-0.85642,3,0.87923
1993-09-03,0,0.73933,0.1976,0.1976,-0.73933,3,0.76528
1993-09-04,0,0.67033,0.21283,0.21283,-0.67033,3,0.7033
1993-09-05,0,0.63505,0.20922,0.20922,-0.63505,3,0.66862
1993-09-06,0,0.55879,0.1993,0.1993,-0.55879,3,0.59327
1993-09-07,0,0.40242,0.15395,0.15395,-0.40242,3,0.43086
1993-09-08,0,0.21125,0.19313,0.19313,-0.21125,3,0.28623
1993-09-09,0,0.14934,0.25002,0.25002,-0.14934,4,0.29123
1993-09-10,0,-0.02433,0.26597,0.26597,0.02433,5,0.26708
1993-09-11,0,-0.19004,0.24827,0.24827,0.19004,5,0.31265
1993-09-12,0,-0.23575,0.2412,0.2412,0.23575,5,0.33728
1993-09-13,0,-0.1885,0.323,0.323,0.1885,5,0.37398
1993-09-14,0,-0.15386,0.43121,0.43121,0.15386,5,0.45783
1993-09-15,0,-0.18622,0.54986,0.54986,0.18622,5,0.58053
1993-09-16,0,-0.11922,0.59131,0.59131,0.11922,5,0.6032
1993-09-17,0,-0.0427,0.49341,0.49341,0.0427,5,0.49526
1993-09-18,0,-0.01727,0.33088,0.33088,0.01727,5,0.33133
1993-09-19,0,0.01776,0.19236,0.19236,-0.01776,4,0.19318
1993-09-20,0,0.12906,0.12297,0.12297,-0.12906,3,0.17826
1993-09-21,0,0.26568,0.09362,0.09362,-0.26568,3,0.2817
1993-09-22,0,0.30471,-0.0116,-0.0116,-0.30471,2,0.30493
1993-09-23,0,0.29298,-0.07896,-0.07896,-0.29298,2,0.30343
1993-09-24,0,0.29374,-0.10514,-0.10514,-0.29374,2,0.31198
1993-09-25,0,0.25647,-0.10217,-0.10217,-0.25647,2,0.27607
1993-09-26,0,0.12205,-0.023,-0.023,-0.12205,2,0.1242
1993-09-27,0,-0.04079,0.03878,0.03878,0.04079,6,0.05628
1993-09-28,0,-0.17065,0.16943,0.16943,0.17065,6,0.24047
1993-09-29,0,-0.32522,0.27303,0.27303,0.32522,6,0.42463
1993-09-30,0,-0.48781,0.32704,0.32704,0.48781,6,0.58729
1993-10-01,0,-0.58651,0.37949,0.37949,0.58651,6,0.69858
1993-10-02,0,-0.67728,0.40552,0.40552,0.67728,6,0.7894
1993-10-03,0,-0.69033,0.44306,0.44306,0.69033,6,0.82027
1993-10-04,0,-0.72089,0.51993,0.51993,0.72089,6,0.88882
1993-10-05,0,-0.65306,0.50511,0.50511,0.65306,6,0.8256
1993-10-06,0,-0.55131,0.49548,0.49548,0.55131,6,0.74125
1993-10-07,0,-0.42375,0.47039,0.47039,0.42375,5,0.63311
1993-10-08,0,-0.33097,0.43477,0.43477,0.33097,5,0.54641
1993-10-09,0,-0.24595,0.38108,0.38108,0.24595,5,0.45356
1993-10-10,0,-0.19155,0.32302,0.32302,0.19155,5,0.37555
1993-10-11,0,-0.1162,0.24888,0.24888,0.1162,5,0.27467
1993-10-12,0,-0.07727,0.15671,0.15671,0.07727,5,0.17473
1993-10-13,0,-0.03793,0.03493,0.03493,0.03793,6,0.05156
1993-10-14,0,-0.0526,-0.05425,-0.05425,0.0526,8,0.07556
1993-10-15,0,-0.04496,-0.16777,-0.16777,0.04496,8,0.17369
1993-10-16,0,-0.0642,-0.36708,-0.36708,0.0642,8,0.37265
1993-10-17,0,-0.09132,-0.52873,-0.52873,0.09132,8,0.53656
1993-10-18,0,-0.15024,-0.62512,-0.62512,0.15024,8,0.64292
1993-10-19,0,-0.28747,-0.65518,-0.65518,0.28747,8,0.71547
1993-10-20,0,-0.43585,-0.70667,-0.70667,0.43585,8,0.83027
1993-10-21,0,-0.46935,-0.83638,-0.83638,0.46935,8,0.95907
1993-10-22,0,-0.37343,-0.95929,-0.95929,0.37343,8,1.02941
1993-10-23,0,-0.25535,-1.08864,-1.08864,0.25535,8,1.11819
1993-10-24,0,-0.12848,-1.19279,-1.19279,0.12848,8,1.19969
1993-10-25,0,0.06153,-1.23347,-1.23347,-0.06153,1,1.235
1993-10-26,0,0.25746,-1.19998,-1.19998,-0.25746,1,1.22729
1993-10-27,0,0.46587,-1.15784,-1.15784,-0.46587,1,1.24805
1993-10-28,0,0.80133,-1.16922,-1.16922,-0.80133,1,1.41747
1993-10-29,0,1.19981,-1.10158,-1.10158,-1.19981,2,1.62881
1993-10-30,0,1.5256,-0.92517,-0.92517,-1.5256,2,1.7842
1993-10-31,0,1.77166,-0.69354,-0.69354,-1.77166,2,1.90257
1993-11-01,0,1.98704,-0.40135,-0.40135,-1.98704,2,2.02717
1993-11-02,0,2.12152,-0.08857,-0.08857,-2.12152,2,2.12337
1993-11-03,0,2.1724,0.17308,0.17308,-2.1724,3,2.17928
1993-11-04,0,2.20574,0.3706,0.3706,-2.20574,3,2.23665
1993-11-05,0,2.16626,0.49615,0.49615,-2.16626,3,2.22235
1993-11-06,0,2.00311,0.636,0.636,-2.00311,3,2.10165
1993-11-07,0,1.69826,0.78113,0.78113,-1.69826,3,1.86929
1993-11-08,0,1.33018,0.83269,0.83269,-1.33018,3,1.56932
1993-11-09,0,0.89779,0.80156,0.80156,-0.89779,3,1.20355
1993-11-10,0,0.46179,0.71492,0.71492,-0.46179,4,0.85109
1993-11-11,0,0.09445,0.56939,0.56939,-0.09445,4,0.57717
1993-11-12,0,-0.25575,0.53838,0.53838,0.25575,5,0.59604
1993-11-13,0,-0.58245,0.53273,0.53273,0.58245,6,0.78934
1993-11-14,0,-0.84001,0.56474,0.56474,0.84001,6,1.0122
1993-11-15,0,-1.00856,0.58482,0.58482,1.00856,6,1.16585
1993-11-16,0,-1.05916,0.53661,0.53661,1.05916,6,1.18734
1993-11-17,0,-1.05692,0.49386,0.49386,1.05692,6,1.16661
1993-11-18,0,-0.934,0.43591,0.43591,0.934,6,1.03071
1993-11-19,0,-0.75304,0.34956,0.34956,0.75304,6,0.83022
1993-11-20,0,-0.53206,0.32168,0.32168,0.53206,6,0.62175
1993-11-21,0,-0.35461,0.3393,0.3393,0.35461,6,0.49079
1993-11-22,0,-0.21866,0.46009,0.46009,0.21866,5,0.50941
1993-11-23,0,-0.13892,0.64311,0.64311,0.13892,5,0.65794
1993-11-24,0,-0.07136,0.82844,0.82844,0.07136,5,0.8315
1993-11-25,0,-0.04666,0.96946,0.96946,0.04666,5,0.97058
1993-11-26,0,0.03448,1.07878,1.07878,-0.03448,4,1.07934
1993-11-27,0,0.04189,1.08726,1.08726,-0.04189,4,1.08807
1993-11-28,0,0.03044,1.01114,1.01114,-0.03044,4,1.0116
1993-11-29,0,-0.01796,0.93622,0.93622,0.01796,5,0.93639
1993-11-30,0,-0.0842,0.80757,0.80757,0.0842,5,0.81195
1993-12-01,0,-0.21254,0.6825,0.6825,0.21254,5,0.71483
1993-12-02,0,-0.25056,0.62436,0.62436,0.25056,5,0.67276
1993-12-03,0,-0.24027,0.579,0.579,0.24027,5,0.62688
1993-12-04,0,-0.22561,0.53468,0.53468,0.22561,5,0.58033
1993-12-05,0,-0.28131,0.50711,0.50711,0.28131,5,0.57991
1993-12-06,0,-0.28456,0.46919,0.46919,0.28456,5,0.54874
1993-12-07,0,-0.2674,0.47617,0.47617,0.2674,5,0.54612
1993-12-08,0,-0.28601,0.49364,0.49364,0.28601,5,0.57051
1993-12-09,0,-0.2434,0.53184,0.53184,0.2434,5,0.5849
1993-12-10,0,-0.21905,0.51754,0.51754,0.21905,5,0.56199
1993-12-11,0,-0.28727,0.44246,0.44246,0.28727,5,0.52754
1993-12-12,0,-0.47649,0.3707,0.3707,0.47649,6,0.6037
1993-12-13,0,-0.63642,0.29688,0.29688,0.63642,6,0.70225
1993-12-14,0,-0.74055,0.2143,0.2143,0.74055,6,0.77093
1993-12-15,0,-0.81165,0.16752,0.16752,0.81165,6,0.82875
1993-12-16,0,-0.85172,0.20417,0.20417,0.85172,6,0.87585
1993-12-17,0,-0.85549,0.23225,0.23225,0.85549,6,0.88646
1993-12-18,0,-0.90364,0.24492,0.24492,0.90364,6,0.93624
1993-12-19,0,-0.95616,0.2344,0.2344,0.95616,6,0.98447
1993-12-20,0,-0.99928,0.22816,0.22816,0.99928,6,1.025
1993-12-21,0,-0.98892,0.20522,0.20522,0.98892,6,1.00999
1993-12-22,0,-0.985,0.10259,0.10259,0.985,6,0.99033
1993-12-23,0,-1.02118,-0.01496,-0.01496,1.02118,7,1.02129
1993-12-24,0,-1.06553,-0.05571,-0.05571,1.06553,7,1.06699
1993-12-25,0,-1.19842,-0.09998,-0.09998,1.19842,7,1.20259
1993-12-26,0,-1.31102,-0.1359,-0.1359,1.31102,7,1.31805
1993-12-27,0,-1.34147,-0.13591,-0.13591,1.34147,7,1.34833
1993-12-28,0,-1.28414,-0.08375,-0.08375,1.28414,7,1.28687
1993-12-29,0,-1.19926,-0.05774,-0.05774,1.19926,7,1.20064
1993-12-30,0,-1.08077,-0.06298,-0.06298,1.08077,7,1.08261
1993-12-31,0,-0.91753,-0.00451,-0.00451,0.91753,7,0.91755
1994-01-01,0,-0.69679,-0.04291,-0.04291,0.69679,7,0.69811
1994-01-02,0,-0.47575,-0.16886,-0.16886,0.47575,7,0.50483
1994-01-03,0,-0.17948,-0.35915,-0.35915,0.17948,8,0.4015
1994-01-04,0,0.08698,-0.54882,-0.54882,-0.08698,1,0.55567
1994-01-05,0,0.26651,-0.72573,-0.72573,-0.26651,1,0.77311
1994-01-06,0,0.40793,-0.8322,-0.8322,-0.40793,1,0.9268
1994-01-07,0,0.52901,-0.9348,-0.9348,-0.52901,1,1.07411
1994-01-08,0,0.66381,-1.02162,-1.02162,-0.66381,1,1.21834
1994-01-09,0,0.82781,-1.09145,-1.09145,-0.82781,1,1.36987
1994-01-10,0,0.94461,-1.00253,-1.00253,-0.94461,1,1.37745
1994-01-11,0,0.99787,-0.87069,-0.87069,-0.99787,2,1.32433
1994-01-12,0,0.99671,-0.73352,-0.73352,-0.99671,2,1.23753
1994-01-13,0,0.94662,-0.57589,-0.57589,-0.94662,2,1.10803
1994-01-14,0,0.87422,-0.41649,-0.41649,-0.87422,2,0.96837
1994-01-15,0,0.84724,-0.33856,-0.33856,-0.84724,2,0.91238
1994-01-16,0,0.81239,-0.20758,-0.20758,-0.81239,2,0.83849
1994-01-17,0,0.73519,-0.03403,-0.03403,-0.73519,2,0.73598
1994-01-18,0,0.59714,0.19724,0.19724,-0.59714,3,0.62887
1994-01-19,0,0.41899,0.35116,0.35116,-0.41899,3,0.54669
1994-01-20,0,0.32083,0.51122,0.51122,-0.32083,4,0.60355
1994-01-21,0,0.24243,0.68252,0.68252,-0.24243,4,0.72429
1994-01-22,0,0.24533,0.76748,0.76748,-0.24533,4,0.80574
1994-01-23,0,0.30171,0.82512,0.82512,-0.30171,4,0.87855
1994-01-24,0,0.30171,0.87659,0.87659,-0.30171,4,0.92706
1994-01-25,0,0.29412,0.8544,0.8544,-0.29412,4,0.90361
1994-01-26,0,0.24623,0.79234,0.79234,-0.24623,4,0.82971
1994-01-27,0,0.20758,0.64808,0.64808,-0.20758,4,0.68051
1994-01-28,0,0.25837,0.47918,0.47918,-0.25837,4,0.5444
1994-01-29,0,0.32886,0.32002,0.32002,-0.32886,3,0.45887
1994-01-30,0,0.43519,0.04825,0.04825,-0.43519,3,0.43786
1994-01-31,0,0.55335,-0.12356,-0.12356,-0.55335,2,0.56698
1994-02-01,0,0.70646,-0.28336,-0.28336,-0.70646,2,0.76117
1994-02-02,0,0.85125,-0.41937,-0.41937,-0.85125,2,0.94895
1994-02-03,0,1.00246,-0.39563,-0.39563,-1.00246,2,1.07771
1994-02-04,0,1.22133,-0.29667,-0.29667,-1.22133,2,1.25685
1994-02-05,0,1.43199,-0.13869,-0.13869,-1.43199,2,1.43869
1994-02-06,0,1.5559,0.07498,0.07498,-1.5559,3,1.55771
1994-02-07,0,1.56533,0.25962,0.25962,-1.56533,3,1.58672
1994-02-08,0,1.45881,0.55912,0.55912,-1.45881,3,1.56228
1994-02-09,0,1.34804,0.84035,0.84035,-1.34804,3,1.58852
1994-02-10,0,1.18301,1.08253,1.08253,-1.18301,3,1.60355
1994-02-11,0,1.10974,1.33711,1.33711,-1.10974,4,1.73764
1994-02-12,0,1.06437,1.55064,1.55064,-1.06437,4,1.88079
1994-02-13,0,1.01674,1.7295,1.7295,-1.01674,4,2.00622
1994-02-14,0,0.89067,1.92432,1.92432,-0.89067,4,2.12044
1994-02-15,0,0.77215,2.02061,2.02061,-0.77215,4,2.16312
1994-02-16,0,0.66354,2.09772,2.09772,-0.66354,4,2.20016
1994-02-17,0,0.5828,2.08805,2.08805,-0.5828,4,2.16785
1994-02-18,0,0.43024,2.00371,2.00371,-0.43024,4,2.04938
1994-02-19,0,0.2345,1.90033,1.90033,-0.2345,4,1.91474
1994-02-20,0,-0.05173,1.77832,1.77832,0.05173,5,1.77907
1994-02-21,0,-0.36561,1.6185,1.6185,0.36561,5,1.65928
1994-02-22,0,-0.68355,1.38713,1.38713,0.68355,5,1.5464
1994-02-23,0,-0.90426,1.02325,1.02325,0.90426,5,1.36555
1994-02-24,0,-1.04073,0.7044,0.7044,1.04073,6,1.25671
1994-02-25,0,-1.00427,0.42255,0.42255,1.00427,6,1.08954
1994-02-26,0,-0.87769,0.25778,0.25778,0.87769,6,0.91476
1994-02-27,0,-0.68724,0.16354,0.16354,0.68724,6,0.70643
1994-02-28,0,-0.5006,0.08509,0.08509,0.5006,6,0.50778
1994-03-01,0,-0.33778,0.00981,0.00981,0.33778,6,0.33793
1994-03-02,0,-0.21961,-0.17814,-0.17814,0.21961,7,0.28278
1994-03-03,0,-0.18855,-0.33524,-0.33524,0.18855,8,0.38463
1994-03-04,0,-0.1823,-0.41381,-0.41381,0.1823,8,0.45218
1994-03-05,0,-0.20727,-0.47754,-0.47754,0.20727,8,0.52058
1994-03-06,0,-0.27945,-0.50088,-0.50088,0.27945,8,0.57356
1994-03-07,0,-0.37558,-0.51471,-0.51471,0.37558,8,0.63717
1994-03-08,0,-0.46994,-0.48778,-0.48778,0.46994,8,0.67733
1994-03-09,0,-0.47109,-0.42339,-0.42339,0.47109,7,0.6334
1994-03-10,0,-0.40064,-0.35772,-0.35772,0.40064,7,0.5371
1994-03-11,0,-0.30531,-0.30699,-0.30699,0.30531,8,0.43297
1994-03-12,0,-0.14447,-0.30254,-0.30254,0.14447,8,0.33527
1994-03-13,0,-0.05588,-0.27801,-0.27801,0.05588,8,0.28357
1994-03-14,0,0.0077,-0.25685,-0.25685,-0.0077,1,0.25697
1994-03-15,0,0.02755,-0.26846,-0.26846,-0.02755,1,0.26987
1994-03-16,0,0.02007,-0.32023,-0.32023,-0.02007,1,0.32086
1994-03-17,0,-0.02446,-0.44737,-0.44737,0.02446,8,0.44804
1994-03-18,0,-0.16828,-0.56603,-0.56603,0.16828,8,0.59051
1994-03-19,0,-0.3454,-0.56249,-0.56249,0.3454,8,0.66007
1994-03-20,0,-0.50309,-0.5039,-0.5039,0.50309,8,0.71205
1994-03-21,0,-0.70672,-0.43661,-0.43661,0.70672,7,0.83071
1994-03-22,0,-0.86833,-0.33323,-0.33323,0.86833,7,0.93007
1994-03-23,0,-1.00385,-0.22191,-0.22191,1.00385,7,1.02809
1994-03-24,0,-1.08625,-0.1099,-0.1099,1.08625,7,1.09179
1994-03-25,0,-1.07531,-0.03017,-0.03017,1.07531,7,1.07573
1994-03-26,0,-1.05071,0.09635,0.09635,1.05071,6,1.05512
1994-03-27,0,-0.95938,0.09889,0.09889,0.95938,6,0.96446
1994-03-28,0,-0.91699,-0.00055,-0.00055,0.91699,7,0.91699
1994-03-29,0,-0.88021,-0.12271,-0.12271,0.88021,7,0.88872
1994-03-30,0,-0.84008,-0.28409,-0.28409,0.84008,7,0.88681
1994-03-31,0,-0.80971,-0.48478,-0.48478,0.80971,7,0.94374
1994-04-01,0,-0.68395,-0.67397,-0.67397,0.68395,7,0.96022
1994-04-02,0,-0.52953,-0.80715,-0.80715,0.52953,8,0.96535
1994-04-03,0,-0.47741,-0.89533,-0.89533,0.47741,8,1.01466
1994-04-04,0,-0.38584,-0.98927,-0.98927,0.38584,8,1.06185
1994-04-05,0,-0.33194,-0.98404,-0.98404,0.33194,8,1.03852
1994-04-06,0,-0.26082,-0.97028,-0.97028,0.26082,8,1.00472
1994-04-07,0,-0.17077,-0.96371,-0.96371,0.17077,8,0.97873
1994-04-08,0,-0.1093,-0.93487,-0.93487,0.1093,8,0.94124
1994-04-09,0,-0.0482,-0.93153,-0.93153,0.0482,8,0.93278
1994-04-10,0,-0.02994,-0.94647,-0.94647,0.02994,8,0.94694
1994-04-11,0,-0.04193,-0.93553,-0.93553,0.04193,8,0.93647
1994-04-12,0,-0.02051,-0.938,-0.938,0.02051,8,0.93823
1994-04-13,0,-0.01922,-0.91343,-0.91343,0.01922,8,0.91363
1994-04-14,0,0.01672,-0.84568,-0.84568,-0.01672,1,0.84584
1994-04-15,0,-0.00548,-0.79433,-0.79433,0.00548,8,0.79435
1994-04-16,0,-0.08044,-0.71583,-0.71583,0.08044,8,0.72034
1994-04-17,0,-0.16804,-0.61483,-0.61483,0.16804,8,0.63738
1994-04-18,0,-0.17547,-0.50468,-0.50468,0.17547,8,0.53431
1994-04-19,0,-0.17231,-0.42806,-0.42806,0.17231,8,0.46144
1994-04-20,0,-0.13327,-0.37511,-0.37511,0.13327,8,0.39808
1994-04-21,0,-0.08217,-0.27444,-0.27444,0.08217,8,0.28648
1994-04-22,0,-0.02682,-0.24283,-0.24283,0.02682,8,0.24431
1994-04-23,0,0.07868,-0.24252,-0.24252,-0.07868,1,0.25497
1994-04-24,0,0.21328,-0.21933,-0.21933,-0.21328,1,0.30593
1994-04-25,0,0.30194,-0.1493,-0.1493,-0.30194,2,0.33684
1994-04-26,0,0.36549,-0.0944,-0.0944,-0.36549,2,0.37748
1994-04-27,0,0.35759,-0.0379,-0.0379,-0.35759,2,0.35959
1994-04-28,0,0.29759,0.01778,0.01778,-0.29759,3,0.29812
1994-04-29,0,0.21249,0.04271,0.04271,-0.21249,3,0.21674
1994-04-30,0,0.1163,0.11424,0.11424,-0.1163,3,0.16302
1994-05-01,0,0.02834,0.31409,0.31409,-0.02834,4,0.31536
1994-05-02,0,-0.1536,0.54447,0.54447,0.1536,5,0.56572
1994-05-03,0,-0.25177,0.71399,0.71399,0.25177,5,0.75708
1994-05-04,0,-0.30621,0.83496,0.83496,0.30621,5,0.88933
1994-05-05,0,-0.34177,0.95892,0.95892,0.34177,5,1.018
1994-05-06,0,-0.46133,1.06241,1.06241,0.46133,5,1.15825
1994-05-07,0,-0.57871,1.12319,1.12319,0.57871,5,1.26351
1994-05-08,0,-0.75466,1.1013,1.1013,0.75466,5,1.33505
1994-05-09,0,-0.88345,0.96016,0.96016,0.88345,5,1.30476
1994-05-10,0,-0.97762,0.72635,0.72635,0.97762,6,1.21792
1994-05-11,0,-1.02128,0.39304,0.39304,1.02128,6,1.0943
1994-05-12,0,-1.07639,0.03999,0.03999,1.07639,6,1.07713
1994-05-13,0,-1.07351,-0.28396,-0.28396,1.07351,7,1.11043
1994-05-14,0,-1.02171,-0.58011,-0.58011,1.02171,7,1.17491
1994-05-15,0,-0.82878,-0.85918,-0.85918,0.82878,8,1.19376
1994-05-16,0,-0.58477,-1.07187,-1.07187,0.58477,8,1.22101
1994-05-17,0,-0.26745,-1.11632,-1.11632,0.26745,8,1.14791
1994-05-18,0,0.00119,-1.07466,-1.07466,-0.00119,1,1.07466
1994-05-19,0,0.23705,-1.03627,-1.03627,-0.23705,1,1.06304
1994-05-20,0,0.40506,-0.93373,-0.93373,-0.40506,1,1.01781
1994-05-21,0,0.52774,-0.79027,-0.79027,-0.52774,1,0.95028
1994-05-22,0,0.6509,-0.62588,-0.62588,-0.6509,2,0.903
1994-05-23,0,0.74199,-0.51605,-0.51605,-0.74199,2,0.9038
1994-05-24,0,0.83288,-0.43208,-0.43208,-0.83288,2,0.93829
1994-05-25,0,0.93826,-0.39928,-0.39928,-0.93826,2,1.01969
1994-05-26,0,0.98911,-0.44459,-0.44459,-0.98911,2,1.08443
1994-05-27,0,1.01909,-0.45561,-0.45561,-1.01909,2,1.1163
1994-05-28,0,1.08665,-0.40231,-0.40231,-1.08665,2,1.15873
1994-05-29,0,1.18593,-0.32556,-0.32556,-1.18593,2,1.2298
1994-05-30,0,1.2951,-0.22846,-0.22846,-1.2951,2,1.31509
1994-05-31,0,1.34933,-0.18854,-0.18854,-1.34933,2,1.36244
1994-06-01,0,1.35485,-0.09964,-0.09964,-1.35485,2,1.35851
1994-06-02,0,1.33442,0.03648,0.03648,-1.33442,3,1.33491
1994-06-03,0,1.22625,0.23603,0.23603,-1.22625,3,1.24876
1994-06-04,0,1.09008,0.45658,0.45658,-1.09008,3,1.18184
1994-06-05,0,0.97119,0.70992,0.70992,-0.97119,3,1.20299
1994-06-06,0,0.77531,0.82344,0.82344,-0.77531,4,1.131
1994-06-07,0,0.61188,0.81734,0.81734,-0.61188,4,1.021
1994-06-08,0,0.38533,0.7536,0.7536,-0.38533,4,0.8464
1994-06-09,0,0.16861,0.73166,0.73166,-0.16861,4,0.75084
1994-06-10,0,0.00316,0.69625,0.69625,-0.00316,4,0.69626
1994-06-11,0,-0.20383,0.64933,0.64933,0.20383,5,0.68057
1994-06-12,0,-0.43194,0.52348,0.52348,0.43194,5,0.67868
1994-06-13,0,-0.61929,0.43522,0.43522,0.61929,6,0.75692
1994-06-14,0,-0.79015,0.32661,0.32661,0.79015,6,0.85499
1994-06-15,0,-0.92288,0.27257,0.27257,0.92288,6,0.96228
1994-06-16,0,-1.04742,0.26952,0.26952,1.04742,6,1.08154
1994-06-17,0,-1.07066,0.24901,0.24901,1.07066,6,1.09924
1994-06-18,0,-1.17121,0.18858,0.18858,1.17121,6,1.18629
1994-06-19,0,-1.21663,0.11637,0.11637,1.21663,6,1.22218
1994-06-20,0,-1.18465,0.04011,0.04011,1.18465,6,1.18532
1994-06-21,0,-1.04495,0.01579,0.01579,1.04495,6,1.04507
1994-06-22,0,-0.86012,-0.05717,-0.05717,0.86012,7,0.86202
1994-06-23,0,-0.68297,-0.17779,-0.17779,0.68297,7,0.70574
1994-06-24,0,-0.45054,-0.26462,-0.26462,0.45054,7,0.5225
1994-06-25,0,-0.22958,-0.29825,-0.29825,0.22958,8,0.37638
1994-06-26,0,-0.07464,-0.29752,-0.29752,0.07464,8,0.30674
1994-06-27,0,0.11145,-0.2599,-0.2599,-0.11145,1,0.28279
1994-06-28,0,0.26267,-0.24493,-0.24493,-0.26267,2,0.35915
1994-06-29,0,0.3238,-0.19817,-0.19817,-0.3238,2,0.37962
1994-06-30,0,0.30427,-0.20039,-0.20039,-0.30427,2,0.36433
1994-07-01,0,0.21149,-0.19039,-0.19039,-0.21149,2,0.28457
1994-07-02,0,0.1109,-0.10158,-0.10158,-0.1109,2,0.15039
1994-07-03,0,-0.10306,-0.00793,-0.00793,0.10306,7,0.10336
1994-07-04,0,-0.28621,0.04472,0.04472,0.28621,6,0.28969
1994-07-05,0,-0.39944,0.07424,0.07424,0.39944,6,0.40628
1994-07-06,0,-0.47241,0.11989,0.11989,0.47241,6,0.48739
1994-07-07,0,-0.55623,0.20962,0.20962,0.55623,6,0.59442
1994-07-08,0,-0.63337,0.28414,0.28414,0.63337,6,0.69419
1994-07-09,0,-0.6544,0.39192,0.39192,0.6544,6,0.76278
1994-07-10,0,-0.68044,0.45792,0.45792,0.68044,6,0.82017
1994-07-11,0,-0.69312,0.4249,0.4249,0.69312,6,0.81299
1994-07-12,0,-0.61557,0.27268,0.27268,0.61557,6,0.67326
1994-07-13,0,-0.57976,0.06021,0.06021,0.57976,6,0.58287
1994-07-14,0,-0.57004,-0.08437,-0.08437,0.57004,7,0.57625
1994-07-15,0,-0.54888,-0.1556,-0.1556,0.54888,7,0.57051
1994-07-16,0,-0.43354,-0.23167,-0.23167,0.43354,7,0.49155
1994-07-17,0,-0.25443,-0.36429,-0.36429,0.25443,8,0.44434
1994-07-18,0,-0.16749,-0.47644,-0.47644,0.16749,8,0.50503
1994-07-19,0,-0.07753,-0.55292,-0.55292,0.07753,8,0.55833
1994-07-20,0,-0.03033,-0.64503,-0.64503,0.03033,8,0.64575
1994-07-21,0,0.02437,-0.71157,-0.71157,-0.02437,1,0.71199
1994-07-22,0,0.07448,-0.65472,-0.65472,-0.07448,1,0.65894
1994-07-23,0,0.06585,-0.56403,-0.56403,-0.06585,1,0.56786
1994-07-24,0,0.04146,-0.5222,-0.5222,-0.04146,1,0.52384
1994-07-25,0,0.0261,-0.48486,-0.48486,-0.0261,1,0.48557
1994-07-26,0,-0.07134,-0.42881,-0.42881,0.07134,8,0.43471
1994-07-27,0,-0.07491,-0.37256,-0.37256,0.07491,8,0.38002
1994-07-28,0,-0.03846,-0.3632,-0.3632,0.03846,8,0.36523
1994-07-29,0,0.04969,-0.31228,-0.31228,-0.04969,1,0.31621
1994-07-30,0,0.08662,-0.24357,-0.24357,-0.08662,1,0.25851
1994-07-31,0,0.16028,-0.24171,-0.24171,-0.16028,1,0.29002
1994-08-01,0,0.31514,-0.3247,-0.3247,-0.31514,1,0.45248
1994-08-02,0,0.54548,-0.42002,-0.42002,-0.54548,2,0.68845
1994-08-03,0,0.63617,-0.52562,-0.52562,-0.63617,2,0.82522
1994-08-04,0,0.76575,-0.60555,-0.60555,-0.76575,2,0.97625
1994-08-05,0,0.9429,-0.65387,-0.65387,-0.9429,2,1.14743
1994-08-06,0,1.11847,-0.70816,-0.70816,-1.11847,2,1.3238
1994-08-07,0,1.27699,-0.78057,-0.78057,-1.27699,2,1.49666
1994-08-08,0,1.41507,-0.77444,-0.77444,-1.41507,2,1.61313
1994-08-09,0,1.49678,-0.71565,-0.71565,-1.49678,2,1.65907
1994-08-10,0,1.385,-0.64895,-0.64895,-1.385,2,1.5295
1994-08-11,0,1.20187,-0.56132,-0.56132,-1.20187,2,1.32649
1994-08-12,0,1.13203,-0.42362,-0.42362,-1.13203,2,1.2087
1994-08-13,0,1.05882,-0.29044,-0.29044,-1.05882,2,1.09794
1994-08-14,0,0.91297,-0.16213,-0.16213,-0.91297,2,0.92725
1994-08-15,0,0.71858,-0.03515,-0.03515,-0.71858,2,0.71944
1994-08-16,0,0.50728,0.14905,0.14905,-0.50728,3,0.52873
1994-08-17,0,0.33017,0.30221,0.30221,-0.33017,3,0.44759
1994-08-18,0,0.16168,0.43983,0.43983,-0.16168,4,0.46861
1994-08-19,0,0.07143,0.60111,0.60111,-0.07143,4,0.60534
1994-08-20,0,-0.021,0.71666,0.71666,0.021,5,0.71697
1994-08-21,0,-0.14167,0.79058,0.79058,0.14167,5,0.80318
1994-08-22,0,-0.25504,0.83007,0.83007,0.25504,5,0.86836
1994-08-23,0,-0.39633,0.84854,0.84854,0.39633,5,0.93654
1994-08-24,0,-0.51057,0.92381,0.92381,0.51057,5,1.05551
1994-08-25,0,-0.58739,1.00312,1.00312,0.58739,5,1.16245
1994-08-26,0,-0.63746,1.05546,1.05546,0.63746,5,1.23302
1994-08-27,0,-0.69816,1.10374,1.10374,0.69816,5,1.30601
1994-08-28,0,-0.74142,1.1282,1.1282,0.74142,5,1.35002
1994-08-29,0,-0.71779,1.16537,1.16537,0.71779,5,1.36869
1994-08-30,0,-0.70115,1.17628,1.17628,0.70115,5,1.3694
1994-08-31,0,-0.73454,1.143,1.143,0.73454,5,1.35868
1994-09-01,0,-0.76408,1.09216,1.09216,0.76408,5,1.3329
1994-09-02,0,-0.7867,1.00447,1.00447,0.7867,5,1.27588
1994-09-03,0,-0.7932,0.81383,0.81383,0.7932,5,1.13644
1994-09-04,0,-0.82255,0.61112,0.61112,0.82255,6,1.02473
1994-09-05,0,-0.86863,0.38718,0.38718,0.86863,6,0.95101
1994-09-06,0,-0.8553,0.15748,0.15748,0.8553,6,0.86967
1994-09-07,0,-0.85611,-0.06848,-0.06848,0.85611,7,0.85885
1994-09-08,0,-0.92064,-0.28321,-0.28321,0.92064,7,0.96321
1994-09-09,0,-0.93965,-0.44119,-0.44119,0.93965,7,1.03808
1994-09-10,0,-0.94373,-0.61449,-0.61449,0.94373,7,1.12616
1994-09-11,0,-0.92023,-0.72416,-0.72416,0.92023,7,1.17099
1994-09-12,0,-0.98072,-0.70037,-0.70037,0.98072,7,1.20512
1994-09-13,0,-1.06733,-0.67841,-0.67841,1.06733,7,1.26469
1994-09-14,0,-1.02904,-0.62446,-0.62446,1.02904,7,1.20369
1994-09-15,0,-1.0103,-0.62139,-0.62139,1.0103,7,1.1861
1994-09-16,0,-0.96225,-0.70959,-0.70959,0.96225,7,1.19559
1994-09-17,0,-0.85995,-0.84442,-0.84442,0.85995,7,1.20523
1994-09-18,0,-0.7872,-0.92555,-0.92555,0.7872,8,1.21504
1994-09-19,0,-0.70673,-1.01233,-1.01233,0.70673,8,1.23461
1994-09-20,0,-0.6035,-1.13013,-1.13013,0.6035,8,1.28117
1994-09-21,0,-0.45684,-1.26097,-1.26097,0.45684,8,1.34117
1994-09-22,0,-0.22955,-1.3345,-1.3345,0.22955,8,1.3541
1994-09-23,0,-0.04819,-1.35037,-1.35037,0.04819,8,1.35123
1994-09-24,0,0.17505,-1.2667,-1.2667,-0.17505,1,1.27874
1994-09-25,0,0.3253,-1.12704,-1.12704,-0.3253,1,1.17305
1994-09-26,0,0.46909,-0.97771,-0.97771,-0.46909,1,1.08441
1994-09-27,0,0.63424,-0.84642,-0.84642,-0.63424,1,1.05768
1994-09-28,0,0.80615,-0.66906,-0.66906,-0.80615,2,1.04763
1994-09-29,0,0.96474,-0.48011,-0.48011,-0.96474,2,1.0776
1994-09-30,0,1.15663,-0.37444,-0.37444,-1.15663,2,1.21573
1994-10-01,0,1.30244,-0.35108,-0.35108,-1.30244,2,1.34893
1994-10-02,0,1.41524,-0.36555,-0.36555,-1.41524,2,1.46169
1994-10-03,0,1.44572,-0.46975,-0.46975,-1.44572,2,1.52013
1994-10-04,0,1.52174,-0.56199,-0.56199,-1.52174,2,1.6222
1994-10-05,0,1.62694,-0.5897,-0.5897,-1.62694,2,1.73052
1994-10-06,0,1.67673,-0.58506,-0.58506,-1.67673,2,1.77588
1994-10-07,0,1.68574,-0.51927,-0.51927,-1.68574,2,1.7639
1994-10-08,0,1.60422,-0.43436,-0.43436,-1.60422,2,1.66199
1994-10-09,0,1.48093,-0.28422,-0.28422,-1.48093,2,1.50796
1994-10-10,0,1.32755,-0.11842,-0.11842,-1.32755,2,1.33282
1994-10-11,0,1.18744,0.00832,0.00832,-1.18744,3,1.18747
1994-10-12,0,1.03155,0.14977,0.14977,-1.03155,3,1.04237
1994-10-13,0,0.88986,0.24062,0.24062,-0.88986,3,0.92182
1994-10-14,0,0.73522,0.24656,0.24656,-0.73522,3,0.77546
1994-10-15,0,0.58096,0.22674,0.22674,-0.58096,3,0.62364
1994-10-16,0,0.42784,0.21789,0.21789,-0.42784,3,0.48012
1994-10-17,0,0.33605,0.21611,0.21611,-0.33605,3,0.39954
1994-10-18,0,0.27081,0.24105,0.24105,-0.27081,3,0.36255
1994-10-19,0,0.26107,0.26715,0.26715,-0.26107,4,0.37353
1994-10-20,0,0.20782,0.26945,0.26945,-0.20782,4,0.34028
1994-10-21,0,0.18003,0.33451,0.33451,-0.18003,4,0.37988
1994-10-22,0,0.12947,0.46628,0.46628,-0.12947,4,0.48392
1994-10-23,0,0.08235,0.59071,0.59071,-0.08235,4,0.59642
1994-10-24,0,0.0812,0.69433,0.69433,-0.0812,4,0.69907
1994-10-25,0,0.06436,0.65737,0.65737,-0.06436,4,0.66052
1994-10-26,0,0.06401,0.61648,0.61648,-0.06401,4,0.61979
1994-10-27,0,0.11716,0.52826,0.52826,-0.11716,4,0.54109
1994-10-28,0,0.14241,0.50515,0.50515,-0.14241,4,0.52484
1994-10-29,0,0.18718,0.50891,0.50891,-0.18718,4,0.54224
1994-10-30,0,0.223,0.43374,0.43374,-0.223,4,0.4877
1994-10-31,0,0.2509,0.25423,0.25423,-0.2509,4,0.35719
1994-11-01,0,0.32134,0.11081,0.11081,-0.32134,3,0.33991
1994-11-02,0,0.38628,-0.03743,-0.03743,-0.38628,2,0.38809
1994-11-03,0,0.49191,-0.09703,-0.09703,-0.49191,2,0.50139
1994-11-04,0,0.61496,-0.17904,-0.17904,-0.61496,2,0.6405
1994-11-05,0,0.69231,-0.237,-0.237,-0.69231,2,0.73176
1994-11-06,0,0.82076,-0.33545,-0.33545,-0.82076,2,0.88667
1994-11-07,0,0.99328,-0.3854,-0.3854,-0.99328,2,1.06543
1994-11-08,0,1.15977,-0.38021,-0.38021,-1.15977,2,1.2205
1994-11-09,0,1.28769,-0.27833,-0.27833,-1.28769,2,1.31743
1994-11-10,0,1.37107,-0.13647,-0.13647,-1.37107,2,1.37785
1994-11-11,0,1.44123,-0.08047,-0.08047,-1.44123,2,1.44347
1994-11-12,0,1.50481,-0.11728,-0.11728,-1.50481,2,1.50938
1994-11-13,0,1.47798,-0.14755,-0.14755,-1.47798,2,1.48533
1994-11-14,0,1.44303,-0.13619,-0.13619,-1.44303,2,1.44944
1994-11-15,0,1.34348,-0.11825,-0.11825,-1.34348,2,1.34867
1994-11-16,0,1.25024,-0.15999,-0.15999,-1.25024,2,1.26044
1994-11-17,0,1.16062,-0.10169,-0.10169,-1.16062,2,1.16506
1994-11-18,0,1.10328,0.03663,0.03663,-1.10328,3,1.10389
1994-11-19,0,0.99836,0.21495,0.21495,-0.99836,3,1.02123
1994-11-20,0,0.80875,0.38526,0.38526,-0.80875,3,0.89582
1994-11-21,0,0.5254,0.6083,0.6083,-0.5254,4,0.80379
1994-11-22,0,0.29046,0.75712,0.75712,-0.29046,4,0.81093
1994-11-23,0,0.19139,0.8254,0.8254,-0.19139,4,0.8473
1994-11-24,0,0.05835,0.90354,0.90354,-0.05835,4,0.90543
1994-11-25,0,-0.13695,1.06175,1.06175,0.13695,5,1.07055
1994-11-26,0,-0.31235,1.15321,1.15321,0.31235,5,1.19476
1994-11-27,0,-0.54508,1.20313,1.20313,0.54508,5,1.32084
1994-11-28,0,-0.79354,1.2591,1.2591,0.79354,5,1.4883
1994-11-29,0,-0.98278,1.39999,1.39999,0.98278,5,1.7105
1994-11-30,0,-1.17272,1.49491,1.49491,1.17272,5,1.90001
1994-12-01,0,-1.13674,1.51338,1.51338,1.13674,5,1.89275
1994-12-02,0,-1.18156,1.56774,1.56774,1.18156,5,1.96313
1994-12-03,0,-1.29092,1.5573,1.5573,1.29092,5,2.02278
1994-12-04,0,-1.4641,1.43161,1.43161,1.4641,6,2.0477
1994-12-05,0,-1.6338,1.30982,1.30982,1.6338,6,2.09402
1994-12-06,0,-1.68293,1.13803,1.13803,1.68293,6,2.03159
1994-12-07,0,-1.61047,0.95396,0.95396,1.61047,6,1.87181
1994-12-08,0,-1.61735,0.72843,0.72843,1.61735,6,1.77382
1994-12-09,0,-1.58807,0.46185,0.46185,1.58807,6,1.65387
1994-12-10,0,-1.7404,0.33185,0.33185,1.7404,6,1.77175
1994-12-11,0,-1.89452,0.21163,0.21163,1.89452,6,1.90631
1994-12-12,0,-1.96892,0.11935,0.11935,1.96892,6,1.97253
1994-12-13,0,-1.99075,0.06741,0.06741,1.99075,6,1.9919
1994-12-14,0,-2.05744,-0.05792,-0.05792,2.05744,7,2.05825
1994-12-15,0,-2.152,-0.24047,-0.24047,2.152,7,2.1654
1994-12-16,0,-2.28079,-0.51125,-0.51125,2.28079,7,2.33739
1994-12-17,0,-2.2608,-0.8357,-0.8357,2.2608,7,2.41031
1994-12-18,0,-2.13144,-1.18122,-1.18122,2.13144,7,2.43687
1994-12-19,0,-1.85062,-1.50451,-1.50451,1.85062,7,2.38502
1994-12-20,0,-1.50476,-1.79467,-1.79467,1.50476,8,2.34204
1994-12-21,0,-1.05527,-2.09963,-2.09963,1.05527,8,2.3499
1994-12-22,0,-0.66364,-2.38672,-2.38672,0.66364,8,2.47727
1994-12-23,0,-0.22805,-2.59662,-2.59662,0.22805,8,2.60662
1994-12-24,0,0.16292,-2.78193,-2.78193,-0.16292,1,2.7867
1994-12-25,0,0.59022,-2.8996,-2.8996,-0.59022,1,2.95906
1994-12-26,0,0.9752,-2.88138,-2.88138,-0.9752,1,3.04194
1994-12-27,0,1.29155,-2.72723,-2.72723,-1.29155,1,3.01759
1994-12-28,0,1.53205,-2.49152,-2.49152,-1.53205,1,2.92487
1994-12-29,0,1.68347,-2.26083,-2.26083,-1.68347,1,2.81877
1994-12-30,0,1.73223,-2.03035,-2.03035,-1.73223,1,2.66889
1994-12-31,0,1.7517,-1.85593,-1.85593,-1.7517,1,2.55204
1995-01-01,0,1.78457,-1.58876,-1.58876,-1.78457,2,2.38932
1995-01-02,0,1.83732,-1.28315,-1.28315,-1.83732,2,2.24103
1995-01-03,0,1.84388,-0.89894,-0.89894,-1.84388,2,2.05134
1995-01-04,0,1.75286,-0.50914,-0.50914,-1.75286,2,1.8253
1995-01-05,0,1.62622,-0.15834,-0.15834,-1.62622,2,1.63391
1995-01-06,0,1.47417,0.11256,0.11256,-1.47417,3,1.47846
1995-01-07,0,1.38896,0.38376,0.38376,-1.38896,3,1.441
1995-01-08,0,1.2224,0.74351,0.74351,-1.2224,3,1.43076
1995-01-09,0,1.08255,1.16433,1.16433,-1.08255,4,1.58984
1995-01-10,0,0.94852,1.54202,1.54202,-0.94852,4,1.81039
1995-01-11,0,0.79227,1.89621,1.89621,-0.79227,4,2.05506
1995-01-12,0,0.61036,2.16503,2.16503,-0.61036,4,2.24942
1995-01-13,0,0.51364,2.36508,2.36508,-0.51364,4,2.42022
1995-01-14,0,0.47389,2.51422,2.51422,-0.47389,4,2.55849
1995-01-15,0,0.44839,2.62672,2.62672,-0.44839,4,2.66471
1995-01-16,0,0.3519,2.62111,2.62111,-0.3519,4,2.64463
1995-01-17,0,0.3008,2.56326,2.56326,-0.3008,4,2.58085
1995-01-18,0,0.22823,2.41668,2.41668,-0.22823,4,2.42743
1995-01-19,0,0.14504,2.24888,2.24888,-0.14504,4,2.25356
1995-01-20,0,0.05757,2.08905,2.08905,-0.05757,4,2.08985
1995-01-21,0,-0.02261,1.98245,1.98245,0.02261,5,1.98258
1995-01-22,0,-0.17331,1.85881,1.85881,0.17331,5,1.86687
1995-01-23,0,-0.33304,1.76,1.76,0.33304,5,1.79123
1995-01-24,0,-0.5016,1.65516,1.65516,0.5016,5,1.72949
1995-01-25,0,-0.60612,1.58021,1.58021,0.60612,5,1.69247
1995-01-26,0,-0.65347,1.42204,1.42204,0.65347,5,1.565
1995-01-27,0,-0.61374,1.31565,1.31565,0.61374,5,1.45176
1995-01-28,0,-0.56491,1.23123,1.23123,0.56491,5,1.35464
1995-01-29,0,-0.48848,1.05943,1.05943,0.48848,5,1.16662
1995-01-30,0,-0.35988,0.84227,0.84227,0.35988,5,0.91593
1995-01-31,0,-0.19575,0.69714,0.69714,0.19575,5,0.7241
1995-02-01,0,-0.08683,0.50045,0.50045,0.08683,5,0.50793
1995-02-02,0,-0.03714,0.33027,0.33027,0.03714,5,0.33235
1995-02-03,0,-0.02469,0.21272,0.21272,0.02469,5,0.21415
1995-02-04,0,0.09418,0.0911,0.0911,-0.09418,3,0.13103
1995-02-05,0,0.19424,0.01546,0.01546,-0.19424,3,0.19485
1995-02-06,0,0.35384,0.00307,0.00307,-0.35384,3,0.35385
1995-02-07,0,0.45753,0.05141,0.05141,-0.45753,3,0.46041
1995-02-08,0,0.44062,0.10563,0.10563,-0.44062,3,0.4531
1995-02-09,0,0.45092,0.07555,0.07555,-0.45092,3,0.4572
1995-02-10,0,0.44223,0.09204,0.09204,-0.44223,3,0.4517
1995-02-11,0,0.49749,0.11627,0.11627,-0.49749,3,0.51089
1995-02-12,0,0.52849,0.15797,0.15797,-0.52849,3,0.5516
1995-02-13,0,0.49888,0.27995,0.27995,-0.49888,3,0.57206
1995-02-14,0,0.45335,0.36259,0.36259,-0.45335,3,0.58051
1995-02-15,0,0.41707,0.38415,0.38415,-0.41707,3,0.56702
1995-02-16,0,0.39834,0.43161,0.43161,-0.39834,4,0.58733
1995-02-17,0,0.40829,0.41488,0.41488,-0.40829,4,0.58209
1995-02-18,0,0.39057,0.36171,0.36171,-0.39057,3,0.53234
1995-02-19,0,0.35202,0.36766,0.36766,-0.35202,4,0.50901
1995-02-20,0,0.31976,0.42947,0.42947,-0.31976,4,0.53544
1995-02-21,0,0.35973,0.46498,0.46498,-0.35973,4,0.58789
1995-02-22,0,0.33599,0.50921,0.50921,-0.33599,4,0.61007
1995-02-23,0,0.25774,0.60795,0.60795,-0.25774,4,0.66033
1995-02-24,0,0.09651,0.73983,0.73983,-0.09651,4,0.7461
1995-02-25,0,-0.03257,0.88043,0.88043,0.03257,5,0.88103
1995-02-26,0,-0.14004,1.05782,1.05782,0.14004,5,1.06705
1995-02-27,0,-0.31008,1.28097,1.28097,0.31008,5,1.31796
1995-02-28,0,-0.41133,1.48481,1.48481,0.41133,5,1.54073
1995-03-01,0,-0.41628,1.70951,1.70951,0.41628,5,1.75946
1995-03-02,0,-0.54124,1.89198,1.89198,0.54124,5,1.96788
1995-03-03,0,-0.76096,1.95707,1.95707,0.76096,5,2.09981
1995-03-04,0,-0.95754,1.85376,1.85376,0.95754,5,2.08646
1995-03-05,0,-1.12977,1.66,1.66,1.12977,5,2.00798
1995-03-06,0,-1.33935,1.3939,1.3939,1.33935,5,1.93308
1995-03-07,0,-1.53172,1.103,1.103,1.53172,6,1.88753
1995-03-08,0,-1.70716,0.85072,0.85072,1.70716,6,1.90738
1995-03-09,0,-1.88346,0.57266,0.57266,1.88346,6,1.96859
1995-03-10,0,-2.01937,0.26516,0.26516,2.01937,6,2.0367
1995-03-11,0,-2.01126,-0.06712,-0.06712,2.01126,7,2.01238
1995-03-12,0,-1.84756,-0.41943,-0.41943,1.84756,7,1.89457
1995-03-13,0,-1.64381,-0.69311,-0.69311,1.64381,7,1.78396
1995-03-14,0,-1.39441,-0.90568,-0.90568,1.39441,7,1.66272
1995-03-15,0,-1.09279,-1.11137,-1.11137,1.09279,8,1.55864
1995-03-16,0,-0.78245,-1.21717,-1.21717,0.78245,8,1.44698
1995-03-17,0,-0.44747,-1.25284,-1.25284,0.44747,8,1.33035
1995-03-18,0,-0.19205,-1.20854,-1.20854,0.19205,8,1.22371
1995-03-19,0,-0.00806,-1.12975,-1.12975,0.00806,8,1.12978
1995-03-20,0,0.07727,-1.08544,-1.08544,-0.07727,1,1.08819
1995-03-21,0,0.12924,-0.97781,-0.97781,-0.12924,1,0.98631
1995-03-22,0,0.23874,-0.84253,-0.84253,-0.23874,1,0.8757
1995-03-23,0,0.40584,-0.75158,-0.75158,-0.40584,1,0.85416
1995-03-24,0,0.47467,-0.66601,-0.66601,-0.47467,1,0.81785
1995-03-25,0,0.4899,-0.51871,-0.51871,-0.4899,1,0.71349
1995-03-26,0,0.49315,-0.29616,-0.29616,-0.49315,2,0.57525
1995-03-27,0,0.57125,-0.07583,-0.07583,-0.57125,2,0.57626
1995-03-28,0,0.59847,0.05063,0.05063,-0.59847,3,0.60061
1995-03-29,0,0.59803,0.19459,0.19459,-0.59803,3,0.62889
1995-03-30,0,0.57745,0.30131,0.30131,-0.57745,3,0.65133
1995-03-31,0,0.4769,0.44524,0.44524,-0.4769,3,0.65244
1995-04-01,0,0.36704,0.5867,0.5867,-0.36704,4,0.69205
1995-04-02,0,0.37019,0.7314,0.7314,-0.37019,4,0.81975
1995-04-03,0,0.31308,0.8045,0.8045,-0.31308,4,0.86328
1995-04-04,0,0.15218,0.75064,0.75064,-0.15218,4,0.76591
1995-04-05,0,-0.04874,0.64746,0.64746,0.04874,5,0.64929
1995-04-06,0,-0.22832,0.57083,0.57083,0.22832,5,0.6148
1995-04-07,0,-0.38948,0.47639,0.47639,0.38948,5,0.61534
1995-04-08,0,-0.51867,0.4043,0.4043,0.51867,6,0.65763
1995-04-09,0,-0.52936,0.23679,0.23679,0.52936,6,0.5799
1995-04-10,0,-0.53777,0.05783,0.05783,0.53777,6,0.54087
1995-04-11,0,-0.52806,-0.14689,-0.14689,0.52806,7,0.54811
1995-04-12,0,-0.48078,-0.3419,-0.3419,0.48078,7,0.58996
1995-04-13,0,-0.42836,-0.49535,-0.49535,0.42836,8,0.65488
1995-04-14,0,-0.38344,-0.66266,-0.66266,0.38344,8,0.7656
1995-04-15,0,-0.31191,-0.78224,-0.78224,0.31191,8,0.84213
1995-04-16,0,-0.21592,-0.98406,-0.98406,0.21592,8,1.00747
1995-04-17,0,-0.13575,-1.18157,-1.18157,0.13575,8,1.18934
1995-04-18,0,-0.08503,-1.31178,-1.31178,0.08503,8,1.31453
1995-04-19,0,-0.06439,-1.42512,-1.42512,0.06439,8,1.42658
1995-04-20,0,-0.10125,-1.46891,-1.46891,0.10125,8,1.4724
1995-04-21,0,-0.09459,-1.49259,-1.49259,0.09459,8,1.49558
1995-04-22,0,-0.0099,-1.47461,-1.47461,0.0099,8,1.47465
1995-04-23,0,0.09193,-1.40185,-1.40185,-0.09193,1,1.40486
1995-04-24,0,0.21141,-1.36133,-1.36133,-0.21141,1,1.37765
1995-04-25,0,0.38381,-1.28127,-1.28127,-0.38381,1,1.33752
1995-04-26,0,0.61592,-1.17034,-1.17034,-0.61592,1,1.32252
1995-04-27,0,0.77209,-1.08658,-1.08658,-0.77209,1,1.33295
1995-04-28,0,0.99029,-0.99031,-0.99031,-0.99029,1,1.40049
1995-04-29,0,1.2819,-0.96573,-0.96573,-1.2819,2,1.60496
1995-04-30,0,1.56685,-0.88105,-0.88105,-1.56685,2,1.79758
1995-05-01,0,1.75063,-0.80985,-0.80985,-1.75063,2,1.92888
1995-05-02,0,1.9033,-0.72053,-0.72053,-1.9033,2,2.03512
1995-05-03,0,2.01098,-0.60752,-0.60752,-2.01098,2,2.10074
1995-05-04,0,2.04274,-0.40213,-0.40213,-2.04274,2,2.08195
1995-05-05,0,1.94889,-0.20379,-0.20379,-1.94889,2,1.95952
1995-05-06,0,1.81113,0.06642,0.06642,-1.81113,3,1.81235
1995-05-07,0,1.55563,0.31099,0.31099,-1.55563,3,1.58641
1995-05-08,0,1.18723,0.5627,0.5627,-1.18723,3,1.31383
1995-05-09,0,0.78964,0.78139,0.78139,-0.78964,3,1.1109
1995-05-10,0,0.38974,0.95195,0.95195,-0.38974,4,1.02864
1995-05-11,0,-0.00012,1.03208,1.03208,0.00012,5,1.03208
1995-05-12,0,-0.41861,1.034,1.034,0.41861,5,1.11553
1995-05-13,0,-0.85309,0.9965,0.9965,0.85309,5,1.31178
1995-05-14,0,-1.14458,0.87438,0.87438,1.14458,6,1.44034
1995-05-15,0,-1.31553,0.65128,0.65128,1.31553,6,1.46792
1995-05-16,0,-1.47654,0.3369,0.3369,1.47654,6,1.51449
1995-05-17,0,-1.50955,-0.00374,-0.00374,1.50955,7,1.50956
1995-05-18,0,-1.53372,-0.36562,-0.36562,1.53372,7,1.5767
1995-05-19,0,-1.48274,-0.59355,-0.59355,1.48274,7,1.59713
1995-05-20,0,-1.42632,-0.79981,-0.79981,1.42632,7,1.63526
1995-05-21,0,-1.36784,-0.95395,-0.95395,1.36784,7,1.66764
1995-05-22,0,-1.23484,-1.12345,-1.12345,1.23484,7,1.66942
1995-05-23,0,-1.12981,-1.19403,-1.19403,1.12981,8,1.64383
1995-05-24,0,-0.9731,-1.17236,-1.17236,0.9731,8,1.5236
1995-05-25,0,-0.76896,-1.00007,-1.00007,0.76896,8,1.26152
1995-05-26,0,-0.63375,-0.78634,-0.78634,0.63375,8,1.00993
1995-05-27,0,-0.46598,-0.55292,-0.55292,0.46598,8,0.72309
1995-05-28,0,-0.26518,-0.44852,-0.44852,0.26518,8,0.52104
1995-05-29,0,-0.07615,-0.29029,-0.29029,0.07615,8,0.30011
1995-05-30,0,0.1653,-0.1474,-0.1474,-0.1653,2,0.22147
1995-05-31,0,0.37695,0.02424,0.02424,-0.37695,3,0.37773
1995-06-01,0,0.52905,0.15529,0.15529,-0.52905,3,0.55137
1995-06-02,0,0.58024,0.26948,0.26948,-0.58024,3,0.63977
1995-06-03,0,0.61594,0.29869,0.29869,-0.61594,3,0.68454
1995-06-04,0,0.65711,0.32546,0.32546,-0.65711,3,0.7333
1995-06-05,0,0.67394,0.35151,0.35151,-0.67394,3,0.7601
1995-06-06,0,0.63168,0.44839,0.44839,-0.63168,3,0.77465
1995-06-07,0,0.5754,0.4981,0.4981,-0.5754,3,0.76105
1995-06-08,0,0.4823,0.49828,0.49828,-0.4823,4,0.69346
1995-06-09,0,0.45884,0.45162,0.45162,-0.45884,3,0.64382
1995-06-10,0,0.44016,0.40399,0.40399,-0.44016,3,0.59745
1995-06-11,0,0.40832,0.36802,0.36802,-0.40832,3,0.54969
1995-06-12,0,0.34957,0.39585,0.39585,-0.34957,4,0.52811
1995-06-13,0,0.29202,0.41273,0.41273,-0.29202,4,0.50559
1995-06-14,0,0.31324,0.3922,0.3922,-0.31324,4,0.50193
1995-06-15,0,0.31349,0.32878,0.32878,-0.31349,4,0.45428
1995-06-16,0,0.41118,0.32982,0.32982,-0.41118,3,0.52711
1995-06-17,0,0.51159,0.40461,0.40461,-0.51159,3,0.65226
1995-06-18,0,0.47458,0.53482,0.53482,-0.47458,4,0.71502
1995-06-19,0,0.39829,0.63816,0.63816,-0.39829,4,0.75225
1995-06-20,0,0.335,0.68089,0.68089,-0.335,4,0.75883
1995-06-21,0,0.26275,0.7032,0.7032,-0.26275,4,0.75069
1995-06-22,0,0.23039,0.72696,0.72696,-0.23039,4,0.7626
1995-06-23,0,0.20213,0.76845,0.76845,-0.20213,4,0.79459
1995-06-24,0,0.20267,0.80275,0.80275,-0.20267,4,0.82794
1995-06-25,0,0.10285,0.767,0.767,-0.10285,4,0.77386
1995-06-26,0,-0.00815,0.69356,0.69356,0.00815,5,0.69361
1995-06-27,0,-0.07248,0.57879,0.57879,0.07248,5,0.58332
1995-06-28,0,-0.01816,0.4013,0.4013,0.01816,5,0.40172
1995-06-29,0,0.02658,0.30005,0.30005,-0.02658,4,0.30122
1995-06-30,0,0.12537,0.23245,0.23245,-0.12537,4,0.2641
1995-07-01,0,0.24921,0.22037,0.22037,-0.24921,3,0.33267
1995-07-02,0,0.26863,0.18593,0.18593,-0.26863,3,0.3267
1995-07-03,0,0.19426,0.11626,0.11626,-0.19426,3,0.22639
1995-07-04,0,0.0737,0.10306,0.10306,-0.0737,4,0.1267
1995-07-05,0,-0.05232,0.19265,0.19265,0.05232,5,0.19963
1995-07-06,0,-0.18425,0.30493,0.30493,0.18425,5,0.35627
1995-07-07,0,-0.35914,0.4127,0.4127,0.35914,5,0.54709
1995-07-08,0,-0.5029,0.4257,0.4257,0.5029,6,0.65889
1995-07-09,0,-0.65984,0.3748,0.3748,0.65984,6,0.75886
1995-07-10,0,-0.86518,0.31273,0.31273,0.86518,6,0.91996
1995-07-11,0,-0.94649,0.2926,0.2926,0.94649,6,0.99069
1995-07-12,0,-0.85943,0.33534,0.33534,0.85943,6,0.92253
1995-07-13,0,-0.70736,0.27694,0.27694,0.70736,6,0.75965
1995-07-14,0,-0.58984,0.16335,0.16335,0.58984,6,0.61204
1995-07-15,0,-0.49021,0.0444,0.0444,0.49021,6,0.49222
1995-07-16,0,-0.38232,-0.02559,-0.02559,0.38232,7,0.38317
1995-07-17,0,-0.2935,-0.10059,-0.10059,0.2935,7,0.31026
1995-07-18,0,-0.17263,-0.19277,-0.19277,0.17263,8,0.25877
1995-07-19,0,-0.01052,-0.29497,-0.29497,0.01052,8,0.29516
1995-07-20,0,0.1219,-0.3838,-0.3838,-0.1219,1,0.4027
1995-07-21,0,0.11444,-0.41024,-0.41024,-0.11444,1,0.42591
1995-07-22,0,0.09366,-0.39054,-0.39054,-0.09366,1,0.40162
1995-07-23,0,0.08487,-0.42574,-0.42574,-0.08487,1,0.43411
1995-07-24,0,0.04085,-0.45419,-0.45419,-0.04085,1,0.45602
1995-07-25,0,-0.02812,-0.45728,-0.45728,0.02812,8,0.45815
1995-07-26,0,-0.02252,-0.34913,-0.34913,0.02252,8,0.34985
1995-07-27,0,0.03899,-0.22587,-0.22587,-0.03899,1,0.22921
1995-07-28,0,0.05257,-0.16487,-0.16487,-0.05257,1,0.17305
1995-07-29,0,0.04114,-0.12203,-0.12203,-0.04114,1,0.12878
1995-07-30,0,0.12054,-0.15459,-0.15459,-0.12054,1,0.19603
1995-07-31,0,0.23945,-0.15986,-0.15986,-0.23945,2,0.28791
1995-08-01,0,0.34465,-0.10202,-0.10202,-0.34465,2,0.35943
1995-08-02,0,0.49217,-0.05547,-0.05547,-0.49217,2,0.49528
1995-08-03,0,0.57777,-0.06089,-0.06089,-0.57777,2,0.58097
1995-08-04,0,0.71787,-0.13686,-0.13686,-0.71787,2,0.7308
1995-08-05,0,0.74971,-0.24843,-0.24843,-0.74971,2,0.7898
1995-08-06,0,0.76805,-0.35646,-0.35646,-0.76805,2,0.84674
1995-08-07,0,0.71947,-0.40102,-0.40102,-0.71947,2,0.82368
1995-08-08,0,0.69554,-0.41611,-0.41611,-0.69554,2,0.81051
1995-08-09,0,0.64705,-0.41245,-0.41245,-0.64705,2,0.76733
1995-08-10,0,0.62393,-0.43372,-0.43372,-0.62393,2,0.75987
1995-08-11,0,0.60972,-0.40262,-0.40262,-0.60972,2,0.73065
1995-08-12,0,0.65239,-0.40623,-0.40623,-0.65239,2,0.76853
1995-08-13,0,0.60347,-0.41381,-0.41381,-0.60347,2,0.73172
1995-08-14,0,0.60382,-0.33144,-0.33144,-0.60382,2,0.6888
1995-08-15,0,0.62983,-0.16532,-0.16532,-0.62983,2,0.65116
1995-08-16,0,0.66234,-0.08473,-0.08473,-0.66234,2,0.66773
1995-08-17,0,0.68848,0.02772,0.02772,-0.68848,3,0.68904
1995-08-18,0,0.64469,0.14407,0.14407,-0.64469,3,0.66059
1995-08-19,0,0.49636,0.26158,0.26158,-0.49636,3,0.56107
1995-08-20,0,0.32838,0.3467,0.3467,-0.32838,4,0.47753
1995-08-21,0,0.16355,0.46584,0.46584,-0.16355,4,0.49372
1995-08-22,0,-0.02039,0.61956,0.61956,0.02039,5,0.6199
1995-08-23,0,-0.22569,0.71548,0.71548,0.22569,5,0.75023
1995-08-24,0,-0.40987,0.76054,0.76054,0.40987,5,0.86396
1995-08-25,0,-0.53186,0.84221,0.84221,0.53186,5,0.99609
1995-08-26,0,-0.68963,0.86433,0.86433,0.68963,5,1.10574
1995-08-27,0,-0.84899,0.92944,0.92944,0.84899,5,1.25883
1995-08-28,0,-0.92035,0.99117,0.99117,0.92035,5,1.35257
1995-08-29,0,-0.97738,1.03889,1.03889,0.97738,5,1.42638
1995-08-30,0,-0.97182,1.10428,1.10428,0.97182,5,1.47101
1995-08-31,0,-0.92661,1.10481,1.10481,0.92661,5,1.44194
1995-09-01,0,-0.90206,1.05927,1.05927,0.90206,5,1.39132
1995-09-02,0,-0.91301,0.99446,0.99446,0.91301,5,1.35001
1995-09-03,0,-0.9635,0.89905,0.89905,0.9635,6,1.31782
1995-09-04,0,-1.0095,0.80183,0.80183,1.0095,6,1.28919
1995-09-05,0,-1.02799,0.65183,0.65183,1.02799,6,1.21723
1995-09-06,0,-1.04281,0.50529,0.50529,1.04281,6,1.15879
1995-09-07,0,-0.9405,0.32329,0.32329,0.9405,6,0.99451
1995-09-08,0,-0.8761,0.04594,0.04594,0.8761,6,0.8773
1995-09-09,0,-0.85295,-0.21816,-0.21816,0.85295,7,0.88041
1995-09-10,0,-0.85128,-0.40608,-0.40608,0.85128,7,0.94317
1995-09-11,0,-0.82854,-0.46236,-0.46236,0.82854,7,0.94882
1995-09-12,0,-0.71598,-0.42676,-0.42676,0.71598,7,0.83352
1995-09-13,0,-0.62594,-0.42525,-0.42525,0.62594,7,0.75673
1995-09-14,0,-0.49183,-0.42453,-0.42453,0.49183,7,0.6497
1995-09-15,0,-0.37288,-0.37688,-0.37688,0.37288,8,0.53017
1995-09-16,0,-0.32014,-0.30048,-0.30048,0.32014,7,0.43906
1995-09-17,0,-0.30024,-0.16065,-0.16065,0.30024,7,0.34052
1995-09-18,0,-0.21861,-0.03534,-0.03534,0.21861,7,0.22145
1995-09-19,0,-0.16564,0.07773,0.07773,0.16564,6,0.18297
1995-09-20,0,-0.07887,0.14675,0.14675,0.07887,5,0.1666
1995-09-21,0,-0.00049,0.1266,0.1266,0.00049,5,0.1266
1995-09-22,0,0.08693,0.1153,0.1153,-0.08693,4,0.1444
1995-09-23,0,0.17582,0.07076,0.07076,-0.17582,3,0.18952
1995-09-24,0,0.25355,0.00944,0.00944,-0.25355,3,0.25373
1995-09-25,0,0.31072,0.00215,0.00215,-0.31072,3,0.31072
1995-09-26,0,0.32247,-0.00163,-0.00163,-0.32247,2,0.32248
1995-09-27,0,0.24669,0.05411,0.05411,-0.24669,3,0.25256
1995-09-28,0,0.27177,0.11348,0.11348,-0.27177,3,0.29451
1995-09-29,0,0.31651,0.11915,0.11915,-0.31651,3,0.33819
1995-09-30,0,0.25707,0.12857,0.12857,-0.25707,3,0.28743
1995-10-01,0,0.1393,0.18205,0.18205,-0.1393,4,0.22923
1995-10-02,0,0.0198,0.24935,0.24935,-0.0198,4,0.25014
1995-10-03,0,-0.0031,0.27753,0.27753,0.0031,5,0.27755
1995-10-04,0,-0.05425,0.22456,0.22456,0.05425,5,0.23102
1995-10-05,0,-0.09764,0.12777,0.12777,0.09764,5,0.16081
1995-10-06,0,-0.16097,-0.01488,-0.01488,0.16097,7,0.16166
1995-10-07,0,-0.18435,-0.1535,-0.1535,0.18435,7,0.23988
1995-10-08,0,-0.18368,-0.29888,-0.29888,0.18368,8,0.35081
1995-10-09,0,-0.0898,-0.48177,-0.48177,0.0898,8,0.49007
1995-10-10,0,0.09948,-0.66857,-0.66857,-0.09948,1,0.67593
1995-10-11,0,0.22851,-0.78617,-0.78617,-0.22851,1,0.81871
1995-10-12,0,0.3109,-0.84343,-0.84343,-0.3109,1,0.8989
1995-10-13,0,0.4468,-0.86962,-0.86962,-0.4468,1,0.97769
1995-10-14,0,0.55982,-0.81226,-0.81226,-0.55982,1,0.9865
1995-10-15,0,0.72609,-0.68617,-0.68617,-0.72609,2,0.99902
1995-10-16,0,0.78566,-0.52967,-0.52967,-0.78566,2,0.94753
1995-10-17,0,0.81037,-0.42091,-0.42091,-0.81037,2,0.91316
1995-10-18,0,0.76457,-0.26619,-0.26619,-0.76457,2,0.80958
1995-10-19,0,0.68565,-0.10487,-0.10487,-0.68565,2,0.69362
1995-10-20,0,0.61416,-0.01026,-0.01026,-0.61416,2,0.61425
1995-10-21,0,0.52634,0.06116,0.06116,-0.52634,3,0.52988
1995-10-22,0,0.39097,0.19772,0.19772,-0.39097,3,0.43812
1995-10-23,0,0.33676,0.31102,0.31102,-0.33676,3,0.45841
1995-10-24,0,0.26319,0.3874,0.3874,-0.26319,4,0.46835
1995-10-25,0,0.27906,0.34687,0.34687,-0.27906,4,0.44519
1995-10-26,0,0.26738,0.35338,0.35338,-0.26738,4,0.44313
1995-10-27,0,0.28743,0.36331,0.36331,-0.28743,4,0.46326
1995-10-28,0,0.33249,0.36254,0.36254,-0.33249,4,0.49192
1995-10-29,0,0.38646,0.40362,0.40362,-0.38646,4,0.5588
1995-10-30,0,0.43381,0.4566,0.4566,-0.43381,4,0.62983
1995-10-31,0,0.42992,0.51821,0.51821,-0.42992,4,0.67333
1995-11-01,0,0.4187,0.5689,0.5689,-0.4187,4,0.70637
1995-11-02,0,0.43865,0.59511,0.59511,-0.43865,4,0.73931
1995-11-03,0,0.33362,0.71105,0.71105,-0.33362,4,0.78543
1995-11-04,0,0.1727,0.75208,0.75208,-0.1727,4,0.77166
1995-11-05,0,0.05502,0.71625,0.71625,-0.05502,4,0.71836
1995-11-06,0,-0.04085,0.65793,0.65793,0.04085,5,0.6592
1995-11-07,0,-0.01378,0.65561,0.65561,0.01378,5,0.65575
1995-11-08,0,-0.02685,0.65906,0.65906,0.02685,5,0.6596
1995-11-09,0,-0.02949,0.60216,0.60216,0.02949,5,0.60289
1995-11-10,0,-0.08212,0.52123,0.52123,0.08212,5,0.52766
1995-11-11,0,-0.1529,0.51647,0.51647,0.1529,5,0.53862
1995-11-12,0,-0.15618,0.47192,0.47192,0.15618,5,0.49709
1995-11-13,0,-0.05624,0.45712,0.45712,0.05624,5,0.46057
1995-11-14,0,0.00203,0.55675,0.55675,-0.00203,4,0.55675
1995-11-15,0,0.06446,0.73872,0.73872,-0.06446,4,0.74153
1995-11-16,0,-0.03597,0.80133,0.80133,0.03597,5,0.80214
1995-11-17,0,-0.17746,0.8269,0.8269,0.17746,5,0.84572
1995-11-18,0,-0.27473,0.88495,0.88495,0.27473,5,0.92661
1995-11-19,0,-0.44304,0.83876,0.83876,0.44304,5,0.94858
1995-11-20,0,-0.65093,0.65877,0.65877,0.65093,5,0.92612
1995-11-21,0,-0.83291,0.38594,0.38594,0.83291,6,0.91798
1995-11-22,0,-0.99702,0.1605,0.1605,0.99702,6,1.00986
1995-11-23,0,-1.09595,-0.02252,-0.02252,1.09595,7,1.09618
1995-11-24,0,-1.11944,-0.23905,-0.23905,1.11944,7,1.14468
1995-11-25,0,-1.13655,-0.35372,-0.35372,1.13655,7,1.19032
1995-11-26,0,-1.12481,-0.41892,-0.41892,1.12481,7,1.20029
1995-11-27,0,-1.19905,-0.50675,-0.50675,1.19905,7,1.30173
1995-11-28,0,-1.26146,-0.48411,-0.48411,1.26146,7,1.35117
1995-11-29,0,-1.2981,-0.43724,-0.43724,1.2981,7,1.36977
1995-11-30,0,-1.34938,-0.33471,-0.33471,1.34938,7,1.39027
1995-12-01,0,-1.35497,-0.30798,-0.30798,1.35497,7,1.38953
1995-12-02,0,-1.38804,-0.29295,-0.29295,1.38804,7,1.41861
1995-12-03,0,-1.38551,-0.21812,-0.21812,1.38551,7,1.40257
1995-12-04,0,-1.36356,-0.16981,-0.16981,1.36356,7,1.3741
1995-12-05,0,-1.31182,-0.16534,-0.16534,1.31182,7,1.3222
1995-12-06,0,-1.28219,-0.21038,-0.21038,1.28219,7,1.29933
1995-12-07,0,-1.30614,-0.31864,-0.31864,1.30614,7,1.34444
1995-12-08,0,-1.37522,-0.40413,-0.40413,1.37522,7,1.43337
1995-12-09,0,-1.42771,-0.51702,-0.51702,1.42771,7,1.51845
1995-12-10,0,-1.42979,-0.60245,-0.60245,1.42979,7,1.55153
1995-12-11,0,-1.37091,-0.76138,-0.76138,1.37091,7,1.56815
1995-12-12,0,-1.30281,-0.9927,-0.9927,1.30281,7,1.63791
1995-12-13,0,-1.19441,-1.17848,-1.17848,1.19441,7,1.67792
1995-12-14,0,-1.11334,-1.22801,-1.22801,1.11334,8,1.65757
1995-12-15,0,-0.9328,-1.20744,-1.20744,0.9328,8,1.52578
1995-12-16,0,-0.76209,-1.18167,-1.18167,0.76209,8,1.40611
1995-12-17,0,-0.57202,-1.18914,-1.18914,0.57202,8,1.31957
1995-12-18,0,-0.36401,-1.16989,-1.16989,0.36401,8,1.22521
1995-12-19,0,-0.24315,-1.14039,-1.14039,0.24315,8,1.16603
1995-12-20,0,-0.16453,-1.00535,-1.00535,0.16453,8,1.01872
1995-12-21,0,-0.12536,-0.80811,-0.80811,0.12536,8,0.81777
1995-12-22,0,-0.06396,-0.66787,-0.66787,0.06396,8,0.67092
1995-12-23,0,0.03304,-0.6031,-0.6031,-0.03304,1,0.604
1995-12-24,0,0.08643,-0.58395,-0.58395,-0.08643,1,0.59032
1995-12-25,0,0.19558,-0.49926,-0.49926,-0.19558,1,0.5362
1995-12-26,0,0.37194,-0.3664,-0.3664,-0.37194,2,0.52209
1995-12-27,0,0.52833,-0.23422,-0.23422,-0.52833,2,0.57792
1995-12-28,0,0.66582,-0.11133,-0.11133,-0.66582,2,0.67506
1995-12-29,0,0.78869,-0.07222,-0.07222,-0.78869,2,0.79199
1995-12-30,0,0.86011,-0.02404,-0.02404,-0.86011,2,0.86045
1995-12-31,0,0.91831,0.06058,0.06058,-0.91831,3,0.92031
1996-01-01,0,0.89704,0.13183,0.13183,-0.89704,3,0.90668
1996-01-02,0,0.87997,0.1565,0.1565,-0.87997,3,0.89378
1996-01-03,0,0.82565,0.18386,0.18386,-0.82565,3,0.84587
1996-01-04,0,0.74735,0.14695,0.14695,-0.74735,3,0.76166
1996-01-05,0,0.72327,0.03151,0.03151,-0.72327,3,0.72396
1996-01-06,0,0.71379,-0.12088,-0.12088,-0.71379,2,0.72396
1996-01-07,0,0.65979,-0.27996,-0.27996,-0.65979,2,0.71673
1996-01-08,0,0.63856,-0.4605,-0.4605,-0.63856,2,0.78729
1996-01-09,0,0.62878,-0.67503,-0.67503,-0.62878,1,0.92252
1996-01-10,0,0.64364,-0.89974,-0.89974,-0.64364,1,1.10626
1996-01-11,0,0.58229,-1.04086,-1.04086,-0.58229,1,1.19267
1996-01-12,0,0.58994,-1.108,-1.108,-0.58994,1,1.25527
1996-01-13,0,0.63822,-1.02654,-1.02654,-0.63822,1,1.20876
1996-01-14,0,0.66305,-0.89474,-0.89474,-0.66305,1,1.11364
1996-01-15,0,0.69169,-0.71634,-0.71634,-0.69169,1,0.99578
1996-01-16,0,0.76716,-0.49218,-0.49218,-0.76716,2,0.91147
1996-01-17,0,0.83329,-0.20463,-0.20463,-0.83329,2,0.85805
1996-01-18,0,0.8933,0.10527,0.10527,-0.8933,3,0.89948
1996-01-19,0,0.9996,0.48559,0.48559,-0.9996,3,1.1113
1996-01-20,0,1.15334,0.83711,0.83711,-1.15334,3,1.42511
1996-01-21,0,1.18337,1.15209,1.15209,-1.18337,3,1.65157
1996-01-22,0,1.17559,1.3911,1.3911,-1.17559,4,1.82131
1996-01-23,0,1.16497,1.60562,1.60562,-1.16497,4,1.98373
1996-01-24,0,1.14491,1.75624,1.75624,-1.14491,4,2.09647
1996-01-25,0,1.13784,1.88178,1.88178,-1.13784,4,2.19904
1996-01-26,0,1.19851,1.91235,1.91235,-1.19851,4,2.25688
1996-01-27,0,1.22642,1.92868,1.92868,-1.22642,4,2.28559
1996-01-28,0,1.20739,1.9245,1.9245,-1.20739,4,2.27189
1996-01-29,0,1.18136,1.88197,1.88197,-1.18136,4,2.22203
1996-01-30,0,1.1449,1.75563,1.75563,-1.1449,4,2.09596
1996-01-31,0,0.97284,1.61453,1.61453,-0.97284,4,1.88497
1996-02-01,0,0.77313,1.53551,1.53551,-0.77313,4,1.71916
1996-02-02,0,0.60032,1.46501,1.46501,-0.60032,4,1.58323
1996-02-03,0,0.46135,1.37601,1.37601,-0.46135,4,1.45129
1996-02-04,0,0.31997,1.31931,1.31931,-0.31997,4,1.35756
1996-02-05,0,0.15826,1.21226,1.21226,-0.15826,4,1.22255
1996-02-06,0,0.03214,1.05898,1.05898,-0.03214,4,1.05947
1996-02-07,0,-0.07423,0.91235,0.91235,0.07423,5,0.91537
1996-02-08,0,-0.12421,0.79678,0.79678,0.12421,5,0.8064
1996-02-09,0,-0.0627,0.63526,0.63526,0.0627,5,0.63835
1996-02-10,0,-0.0278,0.4113,0.4113,0.0278,5,0.41224
1996-02-11,0,0.0378,0.19502,0.19502,-0.0378,4,0.19865
1996-02-12,0,0.09424,-0.01198,-0.01198,-0.09424,2,0.095
1996-02-13,0,0.07907,-0.26556,-0.26556,-0.07907,1,0.27708
1996-02-14,0,0.00695,-0.51912,-0.51912,-0.00695,1,0.51917
1996-02-15,0,-0.12768,-0.72536,-0.72536,0.12768,8,0.73651
1996-02-16,0,-0.25079,-0.84725,-0.84725,0.25079,8,0.88359
1996-02-17,0,-0.36076,-0.86503,-0.86503,0.36076,8,0.93725
1996-02-18,0,-0.45365,-0.78326,-0.78326,0.45365,8,0.90515
1996-02-19,0,-0.51889,-0.65731,-0.65731,0.51889,8,0.83744
1996-02-20,0,-0.62206,-0.5176,-0.5176,0.62206,7,0.80924
1996-02-21,0,-0.78289,-0.40939,-0.40939,0.78289,7,0.88347
1996-02-22,0,-0.92624,-0.33078,-0.33078,0.92624,7,0.98353
1996-02-23,0,-1.03001,-0.29828,-0.29828,1.03001,7,1.07233
1996-02-24,0,-1.09216,-0.36308,-0.36308,1.09216,7,1.15093
1996-02-25,0,-1.16153,-0.50048,-0.50048,1.16153,7,1.26477
1996-02-26,0,-1.25276,-0.71094,-0.71094,1.25276,7,1.44043
1996-02-27,0,-1.43663,-0.94162,-0.94162,1.43663,7,1.71772
1996-02-28,0,-1.61504,-1.09267,-1.09267,1.61504,7,1.94995
1996-02-29,0,-1.7918,-1.15803,-1.15803,1.7918,7,2.13344
1996-03-01,0,-1.95361,-1.19279,-1.19279,1.95361,7,2.28896
1996-03-02,0,-2.10147,-1.21856,-1.21856,2.10147,7,2.42921
1996-03-03,0,-2.22982,-1.19462,-1.19462,2.22982,7,2.52966
1996-03-04,0,-2.3189,-1.08807,-1.08807,2.3189,7,2.56148
1996-03-05,0,-2.32687,-0.9429,-0.9429,2.32687,7,2.51066
1996-03-06,0,-2.2686,-0.73657,-0.73657,2.2686,7,2.38518
1996-03-07,0,-2.05511,-0.58437,-0.58437,2.05511,7,2.13658
1996-03-08,0,-1.74629,-0.58092,-0.58092,1.74629,7,1.84038
1996-03-09,0,-1.42173,-0.71154,-0.71154,1.42173,7,1.58985
1996-03-10,0,-1.10975,-0.91172,-0.91172,1.10975,7,1.43623
1996-03-11,0,-0.81971,-1.10151,-1.10151,0.81971,8,1.37305
1996-03-12,0,-0.5158,-1.31947,-1.31947,0.5158,8,1.4167
1996-03-13,0,-0.14142,-1.52191,-1.52191,0.14142,8,1.52847
1996-03-14,0,0.32266,-1.6608,-1.6608,-0.32266,1,1.69185
1996-03-15,0,0.85511,-1.69467,-1.69467,-0.85511,1,1.89819
1996-03-16,0,1.30325,-1.56086,-1.56086,-1.30325,1,2.03341
1996-03-17,0,1.50481,-1.39202,-1.39202,-1.50481,2,2.04992
1996-03-18,0,1.53842,-1.20686,-1.20686,-1.53842,2,1.95532
1996-03-19,0,1.54084,-1.02668,-1.02668,-1.54084,2,1.85156
1996-03-20,0,1.55061,-0.85021,-0.85021,-1.55061,2,1.76841
1996-03-21,0,1.57572,-0.66964,-0.66964,-1.57572,2,1.71211
1996-03-22,0,1.60833,-0.50779,-0.50779,-1.60833,2,1.68658
1996-03-23,0,1.70228,-0.3629,-0.3629,-1.70228,2,1.74053
1996-03-24,0,1.7647,-0.25666,-0.25666,-1.7647,2,1.78326
1996-03-25,0,1.83578,-0.1851,-0.1851,-1.83578,2,1.84509
1996-03-26,0,1.93468,-0.15561,-0.15561,-1.93468,2,1.94093
1996-03-27,0,2.02575,-0.1242,-0.1242,-2.02575,2,2.02955
1996-03-28,0,2.05472,0.02897,0.02897,-2.05472,3,2.05492
1996-03-29,0,2.04123,0.2572,0.2572,-2.04123,3,2.05737
1996-03-30,0,1.9265,0.52001,0.52001,-1.9265,3,1.99545
1996-03-31,0,1.76722,0.74143,0.74143,-1.76722,3,1.91645
1996-04-01,0,1.43992,0.94306,0.94306,-1.43992,3,1.72126
1996-04-02,0,1.06103,1.12779,1.12779,-1.06103,4,1.54845
1996-04-03,0,0.6615,1.25365,1.25365,-0.6615,4,1.41747
1996-04-04,0,0.37487,1.34532,1.34532,-0.37487,4,1.39658
1996-04-05,0,0.1126,1.29344,1.29344,-0.1126,4,1.29833
1996-04-06,0,-0.14548,1.11182,1.11182,0.14548,5,1.1213
1996-04-07,0,-0.37554,0.8697,0.8697,0.37554,5,0.94731
1996-04-08,0,-0.53242,0.60795,0.60795,0.53242,5,0.80813
1996-04-09,0,-0.71486,0.36314,0.36314,0.71486,6,0.80181
1996-04-10,0,-0.87645,0.1244,0.1244,0.87645,6,0.88523
1996-04-11,0,-0.90146,-0.08259,-0.08259,0.90146,7,0.90523
1996-04-12,0,-0.86929,-0.23539,-0.23539,0.86929,7,0.9006
1996-04-13,0,-0.89422,-0.3317,-0.3317,0.89422,7,0.95376
1996-04-14,0,-0.91187,-0.34761,-0.34761,0.91187,7,0.97588
1996-04-15,0,-0.88443,-0.30075,-0.30075,0.88443,7,0.93416
1996-04-16,0,-0.82523,-0.25489,-0.25489,0.82523,7,0.8637
1996-04-17,0,-0.71441,-0.18997,-0.18997,0.71441,7,0.73924
1996-04-18,0,-0.5926,-0.11753,-0.11753,0.5926,7,0.60414
1996-04-19,0,-0.48415,0.00302,0.00302,0.48415,6,0.48416
1996-04-20,0,-0.4199,0.15608,0.15608,0.4199,6,0.44797
1996-04-21,0,-0.35335,0.27729,0.27729,0.35335,6,0.44916
1996-04-22,0,-0.26021,0.37209,0.37209,0.26021,5,0.45404
1996-04-23,0,-0.19149,0.44559,0.44559,0.19149,5,0.48499
1996-04-24,0,-0.15982,0.4584,0.4584,0.15982,5,0.48546
1996-04-25,0,-0.13259,0.45001,0.45001,0.13259,5,0.46914
1996-04-26,0,-0.13585,0.38299,0.38299,0.13585,5,0.40637
1996-04-27,0,-0.07937,0.32235,0.32235,0.07937,5,0.33197
1996-04-28,0,0.05885,0.27009,0.27009,-0.05885,4,0.27642
1996-04-29,0,0.11755,0.28148,0.28148,-0.11755,4,0.30504
1996-04-30,0,0.09196,0.33775,0.33775,-0.09196,4,0.35005
1996-05-01,0,-0.07447,0.32965,0.32965,0.07447,5,0.33796
1996-05-02,0,-0.27006,0.28794,0.28794,0.27006,5,0.39477
1996-05-03,0,-0.50911,0.2481,0.2481,0.50911,6,0.56635
1996-05-04,0,-0.72983,0.18218,0.18218,0.72983,6,0.75223
1996-05-05,0,-0.95189,0.09685,0.09685,0.95189,6,0.95681
1996-05-06,0,-1.22602,-0.0219,-0.0219,1.22602,7,1.22622
1996-05-07,0,-1.5449,-0.16257,-0.16257,1.5449,7,1.55343
1996-05-08,0,-1.74314,-0.36642,-0.36642,1.74314,7,1.78124
1996-05-09,0,-1.90753,-0.56583,-0.56583,1.90753,7,1.98969
1996-05-10,0,-1.97406,-0.68555,-0.68555,1.97406,7,2.08971
1996-05-11,0,-1.96944,-0.72491,-0.72491,1.96944,7,2.09862
1996-05-12,0,-1.92576,-0.76775,-0.76775,1.92576,7,2.07316
1996-05-13,0,-1.88254,-0.86208,-0.86208,1.88254,7,2.07054
1996-05-14,0,-1.81779,-0.94211,-0.94211,1.81779,7,2.04742
1996-05-15,0,-1.62552,-1.00342,-1.00342,1.62552,7,1.91028
1996-05-16,0,-1.34732,-1.02126,-1.02126,1.34732,7,1.69063
1996-05-17,0,-1.05906,-0.96939,-0.96939,1.05906,7,1.43573
1996-05-18,0,-0.73925,-0.85982,-0.85982,0.73925,8,1.13392
1996-05-19,0,-0.44671,-0.74403,-0.74403,0.44671,8,0.86784
1996-05-20,0,-0.24001,-0.73203,-0.73203,0.24001,8,0.77037
1996-05-21,0,-0.06986,-0.7252,-0.7252,0.06986,8,0.72856
1996-05-22,0,0.04511,-0.65556,-0.65556,-0.04511,1,0.65711
1996-05-23,0,0.24838,-0.54685,-0.54685,-0.24838,1,0.60061
1996-05-24,0,0.44806,-0.50022,-0.50022,-0.44806,1,0.67155
1996-05-25,0,0.59523,-0.53664,-0.53664,-0.59523,2,0.80142
1996-05-26,0,0.71206,-0.66716,-0.66716,-0.71206,2,0.97578
1996-05-27,0,0.81303,-0.86758,-0.86758,-0.81303,1,1.189
1996-05-28,0,0.98361,-1.05682,-1.05682,-0.98361,1,1.44373
1996-05-29,0,1.22947,-1.07477,-1.07477,-1.22947,2,1.63301
1996-05-30,0,1.53226,-0.93964,-0.93964,-1.53226,2,1.79742
1996-05-31,0,1.86477,-0.79699,-0.79699,-1.86477,2,2.02794
1996-06-01,0,2.07963,-0.58459,-0.58459,-2.07963,2,2.16023
1996-06-02,0,2.19718,-0.35464,-0.35464,-2.19718,2,2.22561
1996-06-03,0,2.27192,-0.10243,-0.10243,-2.27192,2,2.27423
1996-06-04,0,2.33774,0.28154,0.28154,-2.33774,3,2.35463
1996-06-05,0,2.35749,0.71582,0.71582,-2.35749,3,2.46377
1996-06-06,0,2.26982,1.12034,1.12034,-2.26982,3,2.53125
1996-06-07,0,2.13763,1.40119,1.40119,-2.13763,3,2.55593
1996-06-08,0,1.95586,1.56715,1.56715,-1.95586,3,2.50626
1996-06-09,0,1.73377,1.73468,1.73468,-1.73377,4,2.45256
1996-06-10,0,1.52386,1.7926,1.7926,-1.52386,4,2.35278
1996-06-11,0,1.30848,1.83301,1.83301,-1.30848,4,2.25212
1996-06-12,0,1.08428,1.88807,1.88807,-1.08428,4,2.17727
1996-06-13,0,0.8401,1.87181,1.87181,-0.8401,4,2.05169
1996-06-14,0,0.54563,1.80837,1.80837,-0.54563,4,1.88889
1996-06-15,0,0.25551,1.67161,1.67161,-0.25551,4,1.69103
1996-06-16,0,-0.00204,1.48579,1.48579,0.00204,5,1.48579
1996-06-17,0,-0.19791,1.21684,1.21684,0.19791,5,1.23282
1996-06-18,0,-0.38246,0.92634,0.92634,0.38246,5,1.00219
1996-06-19,0,-0.56817,0.66043,0.66043,0.56817,5,0.8712
1996-06-20,0,-0.68769,0.45243,0.45243,0.68769,6,0.82317
1996-06-21,0,-0.76196,0.20845,0.20845,0.76196,6,0.78996
1996-06-22,0,-0.84308,-0.15301,-0.15301,0.84308,7,0.85685
1996-06-23,0,-0.81051,-0.51562,-0.51562,0.81051,7,0.96062
1996-06-24,0,-0.74557,-0.75976,-0.75976,0.74557,8,1.06448
1996-06-25,0,-0.61781,-0.83497,-0.83497,0.61781,8,1.03869
1996-06-26,0,-0.3864,-0.90616,-0.90616,0.3864,8,0.98511
1996-06-27,0,-0.12957,-1.08864,-1.08864,0.12957,8,1.09632
1996-06-28,0,0.16748,-1.18687,-1.18687,-0.16748,1,1.19863
1996-06-29,0,0.42365,-1.22335,-1.22335,-0.42365,1,1.29463
1996-06-30,0,0.65888,-1.15755,-1.15755,-0.65888,1,1.33193
1996-07-01,0,0.9239,-0.93014,-0.93014,-0.9239,1,1.31101
1996-07-02,0,1.11596,-0.66112,-0.66112,-1.11596,2,1.29709
1996-07-03,0,1.23571,-0.44344,-0.44344,-1.23571,2,1.31286
1996-07-04,0,1.29765,-0.33502,-0.33502,-1.29765,2,1.3402
1996-07-05,0,1.22142,-0.18957,-0.18957,-1.22142,2,1.23604
1996-07-06,0,1.09465,0.1301,0.1301,-1.09465,3,1.10235
1996-07-07,0,0.95968,0.39778,0.39778,-0.95968,3,1.03886
1996-07-08,0,0.87034,0.59301,0.59301,-0.87034,3,1.05317
1996-07-09,0,0.78879,0.71868,0.71868,-0.78879,3,1.06709
1996-07-10,0,0.62858,0.7726,0.7726,-0.62858,4,0.996
1996-07-11,0,0.43366,0.83605,0.83605,-0.43366,4,0.94183
1996-07-12,0,0.24957,0.89341,0.89341,-0.24957,4,0.92761
1996-07-13,0,0.01089,0.91873,0.91873,-0.01089,4,0.9188
1996-07-14,0,-0.22487,0.94663,0.94663,0.22487,5,0.97297
1996-07-15,0,-0.45205,0.89201,0.89201,0.45205,5,1.00001
1996-07-16,0,-0.68164,0.84318,0.84318,0.68164,5,1.08424
1996-07-17,0,-0.97256,0.78372,0.78372,0.97256,6,1.24904
1996-07-18,0,-1.17833,0.72615,0.72615,1.17833,6,1.38411
1996-07-19,0,-1.32276,0.64406,0.64406,1.32276,6,1.47123
1996-07-20,0,-1.46387,0.47151,0.47151,1.46387,6,1.53793
1996-07-21,0,-1.52341,0.27518,0.27518,1.52341,6,1.54806
1996-07-22,0,-1.47815,0.11111,0.11111,1.47815,6,1.48232
1996-07-23,0,-1.41177,-0.07044,-0.07044,1.41177,7,1.41352
1996-07-24,0,-1.31573,-0.25129,-0.25129,1.31573,7,1.33951
1996-07-25,0,-1.21826,-0.41868,-0.41868,1.21826,7,1.2882
1996-07-26,0,-1.01122,-0.54367,-0.54367,1.01122,7,1.14811
1996-07-27,0,-0.78505,-0.64126,-0.64126,0.78505,7,1.01366
1996-07-28,0,-0.65921,-0.70759,-0.70759,0.65921,8,0.96708
1996-07-29,0,-0.57181,-0.7176,-0.7176,0.57181,8,0.91756
1996-07-30,0,-0.51166,-0.66981,-0.66981,0.51166,8,0.84288
1996-07-31,0,-0.45745,-0.62333,-0.62333,0.45745,8,0.77318
1996-08-01,0,-0.31469,-0.57419,-0.57419,0.31469,8,0.65478
1996-08-02,0,-0.17467,-0.54702,-0.54702,0.17467,8,0.57423
1996-08-03,0,0.01294,-0.53548,-0.53548,-0.01294,1,0.53564
1996-08-04,0,0.16694,-0.57978,-0.57978,-0.16694,1,0.60334
1996-08-05,0,0.26562,-0.5997,-0.5997,-0.26562,1,0.65589
1996-08-06,0,0.43195,-0.57418,-0.57418,-0.43195,1,0.71852
1996-08-07,0,0.58551,-0.55769,-0.55769,-0.58551,2,0.80861
1996-08-08,0,0.75948,-0.52631,-0.52631,-0.75948,2,0.92402
1996-08-09,0,0.93356,-0.53989,-0.53989,-0.93356,2,1.07843
1996-08-10,0,0.99427,-0.52343,-0.52343,-0.99427,2,1.12364
1996-08-11,0,1.03748,-0.48232,-0.48232,-1.03748,2,1.14412
1996-08-12,0,1.14407,-0.39201,-0.39201,-1.14407,2,1.20937
1996-08-13,0,1.12838,-0.20949,-0.20949,-1.12838,2,1.14766
1996-08-14,0,1.01663,-0.02593,-0.02593,-1.01663,2,1.01696
1996-08-15,0,0.94566,0.14474,0.14474,-0.94566,3,0.95668
1996-08-16,0,0.93102,0.31301,0.31301,-0.93102,3,0.98223
1996-08-17,0,0.90218,0.45268,0.45268,-0.90218,3,1.00938
1996-08-18,0,0.80121,0.60716,0.60716,-0.80121,3,1.00528
1996-08-19,0,0.69746,0.76847,0.76847,-0.69746,4,1.03779
1996-08-20,0,0.59683,0.90301,0.90301,-0.59683,4,1.08242
1996-08-21,0,0.41336,0.99715,0.99715,-0.41336,4,1.07943
1996-08-22,0,0.38493,1.04799,1.04799,-0.38493,4,1.11645
1996-08-23,0,0.44978,1.05021,1.05021,-0.44978,4,1.14247
1996-08-24,0,0.54873,1.00759,1.00759,-0.54873,4,1.14732
1996-08-25,0,0.63725,0.97257,0.97257,-0.63725,4,1.16275
1996-08-26,0,0.64041,0.9433,0.9433,-0.64041,4,1.14015
1996-08-27,0,0.62913,0.96733,0.96733,-0.62913,4,1.15392
1996-08-28,0,0.59662,0.92929,0.92929,-0.59662,4,1.10433
1996-08-29,0,0.4938,0.9155,0.9155,-0.4938,4,1.04018
1996-08-30,0,0.35944,0.89442,0.89442,-0.35944,4,0.96394
1996-08-31,0,0.1971,0.86095,0.86095,-0.1971,4,0.88323
1996-09-01,0,0.02916,0.86801,0.86801,-0.02916,4,0.8685
1996-09-02,0,-0.29919,0.86493,0.86493,0.29919,5,0.91522
1996-09-03,0,-0.62542,0.89069,0.89069,0.62542,5,1.08834
1996-09-04,0,-0.81197,0.92818,0.92818,0.81197,5,1.23322
1996-09-05,0,-0.97404,0.85626,0.85626,0.97404,6,1.29689
1996-09-06,0,-1.11856,0.7965,0.7965,1.11856,6,1.37317
1996-09-07,0,-1.20791,0.74292,0.74292,1.20791,6,1.41809
1996-09-08,0,-1.3135,0.67714,0.67714,1.3135,6,1.47776
1996-09-09,0,-1.43572,0.5435,0.5435,1.43572,6,1.53515
1996-09-10,0,-1.52011,0.36303,0.36303,1.52011,6,1.56286
1996-09-11,0,-1.36901,0.18424,0.18424,1.36901,6,1.38135
1996-09-12,0,-1.19943,0.01054,0.01054,1.19943,6,1.19948
1996-09-13,0,-1.08172,-0.14867,-0.14867,1.08172,7,1.09189
1996-09-14,0,-0.90215,-0.25409,-0.25409,0.90215,7,0.93725
1996-09-15,0,-0.70438,-0.32949,-0.32949,0.70438,7,0.77763
1996-09-16,0,-0.5669,-0.42235,-0.42235,0.5669,7,0.70693
1996-09-17,0,-0.38859,-0.47488,-0.47488,0.38859,8,0.61361
1996-09-18,0,-0.20767,-0.48522,-0.48522,0.20767,8,0.52779
1996-09-19,0,-0.09482,-0.49004,-0.49004,0.09482,8,0.49912
1996-09-20,0,-0.10541,-0.4853,-0.4853,0.10541,8,0.49662
1996-09-21,0,-0.11334,-0.48297,-0.48297,0.11334,8,0.49609
1996-09-22,0,-0.14468,-0.45198,-0.45198,0.14468,8,0.47457
1996-09-23,0,-0.16859,-0.38481,-0.38481,0.16859,8,0.42012
1996-09-24,0,-0.12264,-0.3432,-0.3432,0.12264,8,0.36446
1996-09-25,0,-0.00511,-0.23613,-0.23613,0.00511,8,0.23619
1996-09-26,0,0.04921,-0.20238,-0.20238,-0.04921,1,0.20828
1996-09-27,0,0.13651,-0.13958,-0.13958,-0.13651,1,0.19524
1996-09-28,0,0.31795,-0.01617,-0.01617,-0.31795,2,0.31836
1996-09-29,0,0.47863,0.03485,0.03485,-0.47863,3,0.47989
1996-09-30,0,0.5814,0.09378,0.09378,-0.5814,3,0.58892
1996-10-01,0,0.75354,0.05872,0.05872,-0.75354,3,0.75582
1996-10-02,0,0.80022,-0.06109,-0.06109,-0.80022,2,0.80255
1996-10-03,0,0.75066,-0.12869,-0.12869,-0.75066,2,0.76161
1996-10-04,0,0.71073,-0.19112,-0.19112,-0.71073,2,0.73598
1996-10-05,0,0.74112,-0.25234,-0.25234,-0.74112,2,0.7829
1996-10-06,0,0.67008,-0.315,-0.315,-0.67008,2,0.74043
1996-10-07,0,0.55517,-0.38906,-0.38906,-0.55517,2,0.67792
1996-10-08,0,0.51292,-0.32543,-0.32543,-0.51292,2,0.60745
1996-10-09,0,0.51731,-0.224,-0.224,-0.51731,2,0.56372
1996-10-10,0,0.45554,-0.15795,-0.15795,-0.45554,2,0.48214
1996-10-11,0,0.4046,-0.03762,-0.03762,-0.4046,2,0.40634
1996-10-12,0,0.38956,0.03441,0.03441,-0.38956,3,0.39108
1996-10-13,0,0.35353,0.09103,0.09103,-0.35353,3,0.36506
1996-10-14,0,0.23503,0.19348,0.19348,-0.23503,3,0.30443
1996-10-15,0,0.15153,0.29314,0.29314,-0.15153,4,0.32999
1996-10-16,0,0.0086,0.38725,0.38725,-0.0086,4,0.38734
1996-10-17,0,-0.17134,0.44931,0.44931,0.17134,5,0.48087
1996-10-18,0,-0.32376,0.55051,0.55051,0.32376,5,0.63866
1996-10-19,0,-0.48119,0.6692,0.6692,0.48119,5,0.82424
1996-10-20,0,-0.61432,0.78449,0.78449,0.61432,5,0.9964
1996-10-21,0,-0.81701,0.87172,0.87172,0.81701,5,1.19474
1996-10-22,0,-1.02677,0.92601,0.92601,1.02677,6,1.38266
1996-10-23,0,-1.15709,0.88818,0.88818,1.15709,6,1.45867
1996-10-24,0,-1.26451,0.78897,0.78897,1.26451,6,1.49045
1996-10-25,0,-1.32988,0.63108,0.63108,1.32988,6,1.47203
1996-10-26,0,-1.38374,0.53079,0.53079,1.38374,6,1.48206
1996-10-27,0,-1.43473,0.44336,0.44336,1.43473,6,1.50168
1996-10-28,0,-1.52714,0.33061,0.33061,1.52714,6,1.56251
1996-10-29,0,-1.61379,0.18769,0.18769,1.61379,6,1.62467
1996-10-30,0,-1.70659,0.07826,0.07826,1.70659,6,1.70839
1996-10-31,0,-1.78314,-0.01436,-0.01436,1.78314,7,1.7832
1996-11-01,0,-1.85963,-0.06647,-0.06647,1.85963,7,1.86082
1996-11-02,0,-1.92487,-0.10711,-0.10711,1.92487,7,1.92785
1996-11-03,0,-1.95289,-0.16103,-0.16103,1.95289,7,1.95952
1996-11-04,0,-1.9877,-0.35978,-0.35978,1.9877,7,2.02
1996-11-05,0,-2.04393,-0.65135,-0.65135,2.04393,7,2.14521
1996-11-06,0,-1.96571,-0.87474,-0.87474,1.96571,7,2.15156
1996-11-07,0,-1.82948,-1.05092,-1.05092,1.82948,7,2.10984
1996-11-08,0,-1.57853,-1.20483,-1.20483,1.57853,7,1.98579
1996-11-09,0,-1.2998,-1.3869,-1.3869,1.2998,8,1.90078
1996-11-10,0,-1.03014,-1.59645,-1.59645,1.03014,8,1.89996
1996-11-11,0,-0.86515,-1.72154,-1.72154,0.86515,8,1.92671
1996-11-12,0,-0.65506,-1.83748,-1.83748,0.65506,8,1.95075
1996-11-13,0,-0.42321,-1.84711,-1.84711,0.42321,8,1.89497
1996-11-14,0,-0.18092,-1.77414,-1.77414,0.18092,8,1.78334
1996-11-15,0,-0.04072,-1.72946,-1.72946,0.04072,8,1.72994
1996-11-16,0,0.10411,-1.68555,-1.68555,-0.10411,1,1.68876
1996-11-17,0,0.22276,-1.59418,-1.59418,-0.22276,1,1.60967
1996-11-18,0,0.37347,-1.42877,-1.42877,-0.37347,1,1.47678
1996-11-19,0,0.60546,-1.2404,-1.2404,-0.60546,1,1.38028
1996-11-20,0,0.91957,-0.91663,-0.91663,-0.91957,2,1.29839
1996-11-21,0,1.11624,-0.49495,-0.49495,-1.11624,2,1.22105
1996-11-22,0,1.1964,-0.20564,-0.20564,-1.1964,2,1.21394
1996-11-23,0,1.28729,-0.09986,-0.09986,-1.28729,2,1.29116
1996-11-24,0,1.38081,-0.10293,-0.10293,-1.38081,2,1.38464
1996-11-25,0,1.43142,-0.09255,-0.09255,-1.43142,2,1.43441
1996-11-26,0,1.4654,-0.06564,-0.06564,-1.4654,2,1.46687
1996-11-27,0,1.56028,-0.08078,-0.08078,-1.56028,2,1.56237
1996-11-28,0,1.58474,0.04474,0.04474,-1.58474,3,1.58538
1996-11-29,0,1.5511,0.13363,0.13363,-1.5511,3,1.55685
1996-11-30,0,1.48025,0.24497,0.24497,-1.48025,3,1.50038
1996-12-01,0,1.52256,0.40151,0.40151,-1.52256,3,1.57461
1996-12-02,0,1.61014,0.58984,0.58984,-1.61014,3,1.71478
1996-12-03,0,1.72524,0.78022,0.78022,-1.72524,3,1.89346
1996-12-04,0,1.77599,0.91663,0.91663,-1.77599,3,1.99859
1996-12-05,0,1.80628,0.96398,0.96398,-1.80628,3,2.04741
1996-12-06,0,1.79587,1.05809,1.05809,-1.79587,3,2.0844
1996-12-07,0,1.73264,1.05877,1.05877,-1.73264,3,2.03053
1996-12-08,0,1.67736,1.11311,1.11311,-1.67736,3,2.01309
1996-12-09,0,1.58365,1.13273,1.13273,-1.58365,3,1.94706
1996-12-10,0,1.32751,1.17691,1.17691,-1.32751,3,1.77409
1996-12-11,0,0.98014,1.22366,1.22366,-0.98014,4,1.56781
1996-12-12,0,0.62136,1.29923,1.29923,-0.62136,4,1.44017
1996-12-13,0,0.26317,1.36189,1.36189,-0.26317,4,1.38709
1996-12-14,0,-0.12357,1.40217,1.40217,0.12357,5,1.4076
1996-12-15,0,-0.54203,1.37685,1.37685,0.54203,5,1.4797
1996-12-16,0,-0.9521,1.31579,1.31579,0.9521,5,1.62413
1996-12-17,0,-1.33239,1.20498,1.20498,1.33239,6,1.79646
1996-12-18,0,-1.70688,1.05157,1.05157,1.70688,6,2.0048
1996-12-19,0,-2.01741,0.83666,0.83666,2.01741,6,2.18402
1996-12-20,0,-2.22278,0.51876,0.51876,2.22278,6,2.28251
1996-12-21,0,-2.38466,0.19984,0.19984,2.38466,6,2.39302
1996-12-22,0,-2.49845,-0.121,-0.121,2.49845,7,2.50137
1996-12-23,0,-2.52064,-0.41579,-0.41579,2.52064,7,2.5547
1996-12-24,0,-2.35861,-0.71581,-0.71581,2.35861,7,2.46484
1996-12-25,0,-2.11773,-0.98528,-0.98528,2.11773,7,2.33571
1996-12-26,0,-1.93338,-1.2423,-1.2423,1.93338,7,2.2981
1996-12-27,0,-1.72335,-1.52918,-1.52918,1.72335,7,2.30398
1996-12-28,0,-1.4995,-1.73381,-1.73381,1.4995,8,2.2923
1996-12-29,0,-1.28371,-1.81663,-1.81663,1.28371,8,2.22442
1996-12-30,0,-1.06181,-1.86013,-1.86013,1.06181,8,2.14185
1996-12-31,0,-0.84647,-1.8704,-1.8704,0.84647,8,2.05302
1997-01-01,0,-0.65394,-1.91348,-1.91348,0.65394,8,2.02214
1997-01-02,0,-0.58025,-1.90942,-1.90942,0.58025,8,1.99564
1997-01-03,0,-0.56176,-1.92707,-1.92707,0.56176,8,2.00728
1997-01-04,0,-0.48302,-1.97477,-1.97477,0.48302,8,2.03298
1997-01-05,0,-0.41141,-1.9718,-1.9718,0.41141,8,2.01426
1997-01-06,0,-0.27925,-1.9848,-1.9848,0.27925,8,2.00435
1997-01-07,0,-0.12451,-1.97007,-1.97007,0.12451,8,1.974
1997-01-08,0,0.04573,-1.9388,-1.9388,-0.04573,1,1.93934
1997-01-09,0,0.20063,-1.91824,-1.91824,-0.20063,1,1.9287
1997-01-10,0,0.38631,-1.80579,-1.80579,-0.38631,1,1.84665
1997-01-11,0,0.52023,-1.65331,-1.65331,-0.52023,1,1.73323
1997-01-12,0,0.64581,-1.50207,-1.50207,-0.64581,1,1.63502
1997-01-13,0,0.75041,-1.28897,-1.28897,-0.75041,1,1.4915
1997-01-14,0,0.85295,-1.00518,-1.00518,-0.85295,1,1.3183
1997-01-15,0,0.87223,-0.66189,-0.66189,-0.87223,2,1.09493
1997-01-16,0,0.85347,-0.30387,-0.30387,-0.85347,2,0.90595
1997-01-17,0,0.84683,-0.02408,-0.02408,-0.84683,2,0.84717
1997-01-18,0,0.85852,0.26071,0.26071,-0.85852,3,0.89723
1997-01-19,0,0.87698,0.45524,0.45524,-0.87698,3,0.9881
1997-01-20,0,0.9067,0.62341,0.62341,-0.9067,3,1.10034
1997-01-21,0,0.9522,0.78946,0.78946,-0.9522,3,1.2369
1997-01-22,0,0.98684,0.94269,0.94269,-0.98684,3,1.36474
1997-01-23,0,1.06104,1.04416,1.04416,-1.06104,3,1.48865
1997-01-24,0,1.20655,1.02834,1.02834,-1.20655,3,1.58532
1997-01-25,0,1.348,1.00148,1.00148,-1.348,3,1.6793
1997-01-26,0,1.42915,1.02282,1.02282,-1.42915,3,1.75745
1997-01-27,0,1.46328,1.02355,1.02355,-1.46328,3,1.78573
1997-01-28,0,1.48394,0.93951,0.93951,-1.48394,3,1.75635
1997-01-29,0,1.48348,0.90114,0.90114,-1.48348,3,1.73573
1997-01-30,0,1.4918,0.90273,0.90273,-1.4918,3,1.74367
1997-01-31,0,1.4893,0.85833,0.85833,-1.4893,3,1.71894
1997-02-01,0,1.40709,0.80365,0.80365,-1.40709,3,1.62042
1997-02-02,0,1.19599,0.84724,0.84724,-1.19599,3,1.46568
1997-02-03,0,1.03501,0.94879,0.94879,-1.03501,3,1.40408
1997-02-04,0,0.94112,1.04761,1.04761,-0.94112,4,1.40826
1997-02-05,0,0.88346,1.15502,1.15502,-0.88346,4,1.45415
1997-02-06,0,0.7819,1.30443,1.30443,-0.7819,4,1.52083
1997-02-07,0,0.67973,1.37446,1.37446,-0.67973,4,1.53335
1997-02-08,0,0.56469,1.43095,1.43095,-0.56469,4,1.53834
1997-02-09,0,0.42973,1.50056,1.50056,-0.42973,4,1.56088
1997-02-10,0,0.3799,1.60819,1.60819,-0.3799,4,1.65245
1997-02-11,0,0.4583,1.74977,1.74977,-0.4583,4,1.80879
1997-02-12,0,0.50384,1.80943,1.80943,-0.50384,4,1.87827
1997-02-13,0,0.4968,1.84542,1.84542,-0.4968,4,1.91112
1997-02-14,0,0.41796,1.90892,1.90892,-0.41796,4,1.95414
1997-02-15,0,0.33797,1.99648,1.99648,-0.33797,4,2.02488
1997-02-16,0,0.26661,2.12562,2.12562,-0.26661,4,2.14228
1997-02-17,0,0.24628,2.23161,2.23161,-0.24628,4,2.24515
1997-02-18,0,0.22235,2.27416,2.27416,-0.22235,4,2.285
1997-02-19,0,0.06389,2.28122,2.28122,-0.06389,4,2.28211
1997-02-20,0,-0.2127,2.24685,2.24685,0.2127,5,2.25689
1997-02-21,0,-0.56505,2.15348,2.15348,0.56505,5,2.22638
1997-02-22,0,-0.97661,1.92629,1.92629,0.97661,5,2.15971
1997-02-23,0,-1.43781,1.47683,1.47683,1.43781,5,2.06114
1997-02-24,0,-1.8675,0.84453,0.84453,1.8675,6,2.04958
1997-02-25,0,-2.10748,0.16193,0.16193,2.10748,6,2.1137
1997-02-26,0,-2.24241,-0.49735,-0.49735,2.24241,7,2.2969
1997-02-27,0,-2.33016,-1.02078,-1.02078,2.33016,7,2.54394
1997-02-28,0,-2.36033,-1.44649,-1.44649,2.36033,7,2.7683
1997-03-01,0,-2.41247,-1.69446,-1.69446,2.41247,7,2.94808
1997-03-02,0,-2.42778,-1.93973,-1.93973,2.42778,7,3.10752
1997-03-03,0,-2.49789,-2.06869,-2.06869,2.49789,7,3.24329
1997-03-04,0,-2.56332,-2.10192,-2.10192,2.56332,7,3.31492
1997-03-05,0,-2.59083,-2.04615,-2.04615,2.59083,7,3.30138
1997-03-06,0,-2.66816,-1.93863,-1.93863,2.66816,7,3.29808
1997-03-07,0,-2.72597,-1.81449,-1.81449,2.72597,7,3.27465
1997-03-08,0,-2.75088,-1.79938,-1.79938,2.75088,7,3.28711
1997-03-09,0,-2.78774,-1.85346,-1.85346,2.78774,7,3.34765
1997-03-10,0,-2.87758,-1.93229,-1.93229,2.87758,7,3.46615
1997-03-11,0,-2.92028,-2.04903,-2.04903,2.92028,7,3.56743
1997-03-12,0,-2.83401,-2.28396,-2.28396,2.83401,7,3.63979
1997-03-13,0,-2.61911,-2.56746,-2.56746,2.61911,7,3.66764
1997-03-14,0,-2.25393,-2.93052,-2.93052,2.25393,8,3.69705
1997-03-15,0,-1.69242,-3.32423,-3.32423,1.69242,8,3.73025
1997-03-16,0,-1.04845,-3.59226,-3.59226,1.04845,8,3.74214
1997-03-17,0,-0.47711,-3.66171,-3.66171,0.47711,8,3.69267
1997-03-18,0,0.02383,-3.60054,-3.60054,-0.02383,1,3.60062
1997-03-19,0,0.44419,-3.54061,-3.54061,-0.44419,1,3.56836
1997-03-20,0,0.77255,-3.43631,-3.43631,-0.77255,1,3.52208
1997-03-21,0,1.06084,-3.33586,-3.33586,-1.06084,1,3.50048
1997-03-22,0,1.30196,-3.28434,-3.28434,-1.30196,1,3.53298
1997-03-23,0,1.58418,-3.29012,-3.29012,-1.58418,1,3.65165
1997-03-24,0,1.92843,-3.29021,-3.29021,-1.92843,1,3.8137
1997-03-25,0,2.29002,-3.26248,-3.26248,-2.29002,1,3.98597
1997-03-26,0,2.59455,-3.11366,-3.11366,-2.59455,1,4.05297
1997-03-27,0,2.80599,-2.83971,-2.83971,-2.80599,1,3.99218
1997-03-28,0,2.98034,-2.51928,-2.51928,-2.98034,2,3.90246
1997-03-29,0,3.00785,-2.21486,-2.21486,-3.00785,2,3.73534
1997-03-30,0,2.88967,-1.82659,-1.82659,-2.88967,2,3.41857
1997-03-31,0,2.83566,-1.41125,-1.41125,-2.83566,2,3.16743
1997-04-01,0,2.75102,-0.99571,-0.99571,-2.75102,2,2.92568
1997-04-02,0,2.64829,-0.52406,-0.52406,-2.64829,2,2.69965
1997-04-03,0,2.46321,-0.04311,-0.04311,-2.46321,2,2.46359
1997-04-04,0,2.17493,0.36566,0.36566,-2.17493,3,2.20545
1997-04-05,0,1.82856,0.74274,0.74274,-1.82856,3,1.97365
1997-04-06,0,1.44376,1.17605,1.17605,-1.44376,3,1.86213
1997-04-07,0,1.14885,1.47855,1.47855,-1.14885,4,1.87242
1997-04-08,0,0.91535,1.66233,1.66233,-0.91535,4,1.89768
1997-04-09,0,0.61321,1.76846,1.76846,-0.61321,4,1.87176
1997-04-10,0,0.24374,1.84234,1.84234,-0.24374,4,1.8584
1997-04-11,0,-0.10302,1.77144,1.77144,0.10302,5,1.77444
1997-04-12,0,-0.38967,1.65561,1.65561,0.38967,5,1.70085
1997-04-13,0,-0.61069,1.47954,1.47954,0.61069,5,1.60062
1997-04-14,0,-0.78199,1.20835,1.20835,0.78199,5,1.43931
1997-04-15,0,-0.80188,0.80857,0.80857,0.80188,5,1.13877
1997-04-16,0,-0.78619,0.47243,0.47243,0.78619,6,0.91721
1997-04-17,0,-0.67935,0.15012,0.15012,0.67935,6,0.69574
1997-04-18,0,-0.52789,-0.10522,-0.10522,0.52789,7,0.53827
1997-04-19,0,-0.33162,-0.27626,-0.27626,0.33162,7,0.43161
1997-04-20,0,-0.13461,-0.39575,-0.39575,0.13461,8,0.41802
1997-04-21,0,0.06546,-0.50627,-0.50627,-0.06546,1,0.51048
1997-04-22,0,0.26012,-0.54657,-0.54657,-0.26012,1,0.60531
1997-04-23,0,0.49102,-0.56365,-0.56365,-0.49102,1,0.74753
1997-04-24,0,0.6651,-0.49335,-0.49335,-0.6651,2,0.8281
1997-04-25,0,0.77973,-0.42946,-0.42946,-0.77973,2,0.89017
1997-04-26,0,0.81101,-0.30881,-0.30881,-0.81101,2,0.86782
1997-04-27,0,0.83321,-0.19956,-0.19956,-0.83321,2,0.85678
1997-04-28,0,0.86032,-0.18348,-0.18348,-0.86032,2,0.87967
1997-04-29,0,0.90807,-0.19833,-0.19833,-0.90807,2,0.92948
1997-04-30,0,0.9213,-0.25086,-0.25086,-0.9213,2,0.95484
1997-05-01,0,0.94814,-0.35466,-0.35466,-0.94814,2,1.0123
1997-05-02,0,0.95473,-0.43684,-0.43684,-0.95473,2,1.04992
1997-05-03,0,0.98853,-0.57505,-0.57505,-0.98853,2,1.14362
1997-05-04,0,1.06906,-0.69669,-0.69669,-1.06906,2,1.27603
1997-05-05,0,1.22087,-0.81301,-0.81301,-1.22087,2,1.46681
1997-05-06,0,1.38154,-0.81554,-0.81554,-1.38154,2,1.6043
1997-05-07,0,1.50823,-0.69131,-0.69131,-1.50823,2,1.65912
1997-05-08,0,1.56414,-0.51243,-0.51243,-1.56414,2,1.64594
1997-05-09,0,1.63367,-0.24186,-0.24186,-1.63367,2,1.65148
1997-05-10,0,1.65137,0.09304,0.09304,-1.65137,3,1.65399
1997-05-11,0,1.6842,0.47581,0.47581,-1.6842,3,1.75012
1997-05-12,0,1.64006,0.94031,0.94031,-1.64006,3,1.89049
1997-05-13,0,1.51867,1.40102,1.40102,-1.51867,3,2.06621
1997-05-14,0,1.20183,1.77094,1.77094,-1.20183,4,2.14024
1997-05-15,0,0.75984,2.02752,2.02752,-0.75984,4,2.16523
1997-05-16,0,0.29875,2.19416,2.19416,-0.29875,4,2.2144
1997-05-17,0,-0.18174,2.24065,2.24065,0.18174,5,2.24801
1997-05-18,0,-0.69095,2.16128,2.16128,0.69095,5,2.26904
1997-05-19,0,-1.24561,1.97319,1.97319,1.24561,5,2.33346
1997-05-20,0,-1.79547,1.61791,1.61791,1.79547,6,2.41689
1997-05-21,0,-2.26369,1.18936,1.18936,2.26369,6,2.55713
1997-05-22,0,-2.59648,0.73293,0.73293,2.59648,6,2.69794
1997-05-23,0,-2.7464,0.31726,0.31726,2.7464,6,2.76467
1997-05-24,0,-2.83345,-0.14945,-0.14945,2.83345,7,2.83739
1997-05-25,0,-2.88778,-0.51808,-0.51808,2.88778,7,2.93388
1997-05-26,0,-2.83822,-0.79666,-0.79666,2.83822,7,2.94791
1997-05-27,0,-2.72892,-0.98969,-0.98969,2.72892,7,2.90284
1997-05-28,0,-2.51251,-1.13869,-1.13869,2.51251,7,2.7585
1997-05-29,0,-2.32412,-1.21926,-1.21926,2.32412,7,2.62452
1997-05-30,0,-2.10888,-1.30582,-1.30582,2.10888,7,2.48044
1997-05-31,0,-1.89544,-1.37907,-1.37907,1.89544,7,2.34404
1997-06-01,0,-1.72709,-1.40194,-1.40194,1.72709,7,2.22447
1997-06-02,0,-1.53381,-1.3045,-1.3045,1.53381,7,2.01352
1997-06-03,0,-1.27316,-1.28843,-1.28843,1.27316,8,1.81135
1997-06-04,0,-1.04981,-1.28991,-1.28991,1.04981,8,1.66312
1997-06-05,0,-0.84475,-1.30655,-1.30655,0.84475,8,1.55585
1997-06-06,0,-0.63776,-1.30522,-1.30522,0.63776,8,1.4527
1997-06-07,0,-0.43623,-1.27009,-1.27009,0.43623,8,1.34291
1997-06-08,0,-0.26908,-1.19944,-1.19944,0.26908,8,1.22925
1997-06-09,0,-0.0668,-1.11349,-1.11349,0.0668,8,1.11549
1997-06-10,0,0.15635,-1.04244,-1.04244,-0.15635,1,1.0541
1997-06-11,0,0.34249,-0.97959,-0.97959,-0.34249,1,1.03773
1997-06-12,0,0.44764,-0.88977,-0.88977,-0.44764,1,0.99603
1997-06-13,0,0.5311,-0.77561,-0.77561,-0.5311,1,0.94002
1997-06-14,0,0.54238,-0.62663,-0.62663,-0.54238,1,0.82876
1997-06-15,0,0.56709,-0.50458,-0.50458,-0.56709,2,0.75907
1997-06-16,0,0.54569,-0.32586,-0.32586,-0.54569,2,0.63558
1997-06-17,0,0.49767,-0.21367,-0.21367,-0.49767,2,0.5416
1997-06-18,0,0.3774,-0.07953,-0.07953,-0.3774,2,0.38569
1997-06-19,0,0.29076,0.07938,0.07938,-0.29076,3,0.30141
1997-06-20,0,0.22016,0.19594,0.19594,-0.22016,3,0.29472
1997-06-21,0,0.18982,0.29578,0.29578,-0.18982,4,0.35145
1997-06-22,0,0.18427,0.36159,0.36159,-0.18427,4,0.40584
1997-06-23,0,0.24829,0.38483,0.38483,-0.24829,4,0.45798
1997-06-24,0,0.30641,0.41991,0.41991,-0.30641,4,0.51982
1997-06-25,0,0.45834,0.42343,0.42343,-0.45834,3,0.624
1997-06-26,0,0.6054,0.54646,0.54646,-0.6054,3,0.81556
1997-06-27,0,0.78208,0.68558,0.68558,-0.78208,3,1.04003
1997-06-28,0,0.89401,0.85211,0.85211,-0.89401,3,1.23505
1997-06-29,0,0.91821,1.01085,1.01085,-0.91821,4,1.36562
1997-06-30,0,0.87514,1.18742,1.18742,-0.87514,4,1.47507
1997-07-01,0,0.78001,1.34189,1.34189,-0.78001,4,1.55212
1997-07-02,0,0.65458,1.52262,1.52262,-0.65458,4,1.65736
1997-07-03,0,0.57371,1.65643,1.65643,-0.57371,4,1.75297
1997-07-04,0,0.44162,1.68259,1.68259,-0.44162,4,1.73958
1997-07-05,0,0.30963,1.6684,1.6684,-0.30963,4,1.69689
1997-07-06,0,0.13554,1.65698,1.65698,-0.13554,4,1.66251
1997-07-07,0,-0.00825,1.63037,1.63037,0.00825,5,1.63039
1997-07-08,0,-0.10337,1.5443,1.5443,0.10337,5,1.54776
1997-07-09,0,-0.19503,1.44675,1.44675,0.19503,5,1.45984
1997-07-10,0,-0.29819,1.35438,1.35438,0.29819,5,1.38682
1997-07-11,0,-0.30043,1.21747,1.21747,0.30043,5,1.25399
1997-07-12,0,-0.31912,1.07807,1.07807,0.31912,5,1.12431
1997-07-13,0,-0.31508,0.94406,0.94406,0.31508,5,0.99525
1997-07-14,0,-0.31558,0.76442,0.76442,0.31558,5,0.827
1997-07-15,0,-0.32612,0.5563,0.5563,0.32612,5,0.64485
1997-07-16,0,-0.34012,0.4071,0.4071,0.34012,5,0.53048
1997-07-17,0,-0.30746,0.36541,0.36541,0.30746,5,0.47756
1997-07-18,0,-0.25868,0.32845,0.32845,0.25868,5,0.41809
1997-07-19,0,-0.14799,0.34688,0.34688,0.14799,5,0.37713
1997-07-20,0,-0.03989,0.38958,0.38958,0.03989,5,0.39161
1997-07-21,0,-0.05839,0.43993,0.43993,0.05839,5,0.44379
1997-07-22,0,-0.179,0.5147,0.5147,0.179,5,0.54494
1997-07-23,0,-0.30432,0.57646,0.57646,0.30432,5,0.65185
1997-07-24,0,-0.36279,0.61,0.61,0.36279,5,0.70973
1997-07-25,0,-0.42037,0.54334,0.54334,0.42037,5,0.68697
1997-07-26,0,-0.49954,0.3982,0.3982,0.49954,6,0.63883
1997-07-27,0,-0.58236,0.21297,0.21297,0.58236,6,0.62008
1997-07-28,0,-0.70622,-0.07451,-0.07451,0.70622,7,0.71013
1997-07-29,0,-0.87224,-0.35418,-0.35418,0.87224,7,0.9414
1997-07-30,0,-0.93442,-0.53614,-0.53614,0.93442,7,1.07731
1997-07-31,0,-0.87966,-0.66481,-0.66481,0.87966,7,1.10262
1997-08-01,0,-0.74515,-0.77854,-0.77854,0.74515,8,1.07767
1997-08-02,0,-0.64141,-0.87081,-0.87081,0.64141,8,1.08154
1997-08-03,0,-0.5858,-0.92361,-0.92361,0.5858,8,1.09372
1997-08-04,0,-0.51805,-0.94746,-0.94746,0.51805,8,1.07984
1997-08-05,0,-0.40785,-0.92509,-0.92509,0.40785,8,1.011
1997-08-06,0,-0.31357,-0.83116,-0.83116,0.31357,8,0.88834
1997-08-07,0,-0.22494,-0.85341,-0.85341,0.22494,8,0.88256
1997-08-08,0,-0.16236,-0.98353,-0.98353,0.16236,8,0.99684
1997-08-09,0,-0.10201,-1.06528,-1.06528,0.10201,8,1.07015
1997-08-10,0,-0.05918,-1.12963,-1.12963,0.05918,8,1.13118
1997-08-11,0,-0.03802,-1.25151,-1.25151,0.03802,8,1.25209
1997-08-12,0,-0.01207,-1.3299,-1.3299,0.01207,8,1.32995
1997-08-13,0,0.00884,-1.30359,-1.30359,-0.00884,1,1.30362
1997-08-14,0,0.04691,-1.31308,-1.31308,-0.04691,1,1.31391
1997-08-15,0,0.05937,-1.34198,-1.34198,-0.05937,1,1.3433
1997-08-16,0,0.03095,-1.18276,-1.18276,-0.03095,1,1.18316
1997-08-17,0,0.01077,-0.92897,-0.92897,-0.01077,1,0.92904
1997-08-18,0,-0.05803,-0.70884,-0.70884,0.05803,8,0.71122
1997-08-19,0,-0.12944,-0.49977,-0.49977,0.12944,8,0.51626
1997-08-20,0,-0.2249,-0.28729,-0.28729,0.2249,8,0.36485
1997-08-21,0,-0.29683,-0.09681,-0.09681,0.29683,7,0.31222
1997-08-22,0,-0.34372,0.00558,0.00558,0.34372,6,0.34376
1997-08-23,0,-0.3887,0.04741,0.04741,0.3887,6,0.39158
1997-08-24,0,-0.35149,0.07768,0.07768,0.35149,6,0.35997
1997-08-25,0,-0.25175,0.05457,0.05457,0.25175,6,0.2576
1997-08-26,0,-0.07429,-0.02846,-0.02846,0.07429,7,0.07956
1997-08-27,0,0.16895,-0.16196,-0.16196,-0.16895,2,0.23404
1997-08-28,0,0.37189,-0.25295,-0.25295,-0.37189,2,0.44976
1997-08-29,0,0.61681,-0.29712,-0.29712,-0.61681,2,0.68465
1997-08-30,0,0.85069,-0.35605,-0.35605,-0.85069,2,0.92219
1997-08-31,0,1.01987,-0.41352,-0.41352,-1.01987,2,1.10052
1997-09-01,0,1.12602,-0.41557,-0.41557,-1.12602,2,1.20026
1997-09-02,0,1.16857,-0.35817,-0.35817,-1.16857,2,1.22223
1997-09-03,0,1.18257,-0.30319,-0.30319,-1.18257,2,1.22082
1997-09-04,0,1.07073,-0.21744,-0.21744,-1.07073,2,1.09259
1997-09-05,0,1.04045,-0.16256,-0.16256,-1.04045,2,1.05307
1997-09-06,0,1.01952,-0.21689,-0.21689,-1.01952,2,1.04234
1997-09-07,0,0.96806,-0.2958,-0.2958,-0.96806,2,1.01225
1997-09-08,0,0.94976,-0.38286,-0.38286,-0.94976,2,1.02403
1997-09-09,0,0.8974,-0.44557,-0.44557,-0.8974,2,1.00193
1997-09-10,0,0.76031,-0.39165,-0.39165,-0.76031,2,0.85525
1997-09-11,0,0.69171,-0.39176,-0.39176,-0.69171,2,0.79495
1997-09-12,0,0.60923,-0.39993,-0.39993,-0.60923,2,0.72877
1997-09-13,0,0.60071,-0.38687,-0.38687,-0.60071,2,0.71451
1997-09-14,0,0.41294,-0.27113,-0.27113,-0.41294,2,0.494
1997-09-15,0,0.14268,-0.0907,-0.0907,-0.14268,2,0.16907
1997-09-16,0,-0.11871,0.11006,0.11006,0.11871,6,0.16187
1997-09-17,0,-0.3928,0.2925,0.2925,0.3928,6,0.48974
1997-09-18,0,-0.53358,0.41402,0.41402,0.53358,6,0.67537
1997-09-19,0,-0.61391,0.41174,0.41174,0.61391,6,0.73919
1997-09-20,0,-0.74706,0.4026,0.4026,0.74706,6,0.84863
1997-09-21,0,-0.8256,0.36916,0.36916,0.8256,6,0.90437
1997-09-22,0,-0.82695,0.29452,0.29452,0.82695,6,0.87783
1997-09-23,0,-0.69639,0.21498,0.21498,0.69639,6,0.72882
1997-09-24,0,-0.468,0.12015,0.12015,0.468,6,0.48318
1997-09-25,0,-0.28909,0.03072,0.03072,0.28909,6,0.29071
1997-09-26,0,-0.15115,-0.03179,-0.03179,0.15115,7,0.15446
1997-09-27,0,-0.07625,-0.04947,-0.04947,0.07625,7,0.0909
1997-09-28,0,0.04478,-0.06745,-0.06745,-0.04478,1,0.08096
1997-09-29,0,0.15419,-0.06161,-0.06161,-0.15419,2,0.16604
1997-09-30,0,0.27135,-0.05488,-0.05488,-0.27135,2,0.27684
1997-10-01,0,0.27548,-0.0066,-0.0066,-0.27548,2,0.27556
1997-10-02,0,0.25904,0.0065,0.0065,-0.25904,3,0.25912
1997-10-03,0,0.22059,-0.01278,-0.01278,-0.22059,2,0.22096
1997-10-04,0,0.2279,-0.06194,-0.06194,-0.2279,2,0.23617
1997-10-05,0,0.27467,-0.15393,-0.15393,-0.27467,2,0.31487
1997-10-06,0,0.35311,-0.29172,-0.29172,-0.35311,2,0.45802
1997-10-07,0,0.42789,-0.3761,-0.3761,-0.42789,2,0.56969
1997-10-08,0,0.55247,-0.48515,-0.48515,-0.55247,2,0.73525
1997-10-09,0,0.70959,-0.56907,-0.56907,-0.70959,2,0.90959
1997-10-10,0,0.86336,-0.60108,-0.60108,-0.86336,2,1.05199
1997-10-11,0,0.95614,-0.59636,-0.59636,-0.95614,2,1.12688
1997-10-12,0,0.94096,-0.55557,-0.55557,-0.94096,2,1.09273
1997-10-13,0,0.8951,-0.58361,-0.58361,-0.8951,2,1.06855
1997-10-14,0,0.83186,-0.598,-0.598,-0.83186,2,1.0245
1997-10-15,0,0.76427,-0.51925,-0.51925,-0.76427,2,0.92397
1997-10-16,0,0.68531,-0.432,-0.432,-0.68531,2,0.8101
1997-10-17,0,0.58698,-0.30313,-0.30313,-0.58698,2,0.66063
1997-10-18,0,0.43163,-0.20238,-0.20238,-0.43163,2,0.47672
1997-10-19,0,0.32116,-0.12822,-0.12822,-0.32116,2,0.34581
1997-10-20,0,0.19921,-0.08186,-0.08186,-0.19921,2,0.21537
1997-10-21,0,0.12382,-0.04554,-0.04554,-0.12382,2,0.13193
1997-10-22,0,0.09009,0.06008,0.06008,-0.09009,3,0.10829
1997-10-23,0,-0.0247,0.14389,0.14389,0.0247,5,0.146
1997-10-24,0,-0.17399,0.21087,0.21087,0.17399,5,0.27338
1997-10-25,0,-0.28029,0.19311,0.19311,0.28029,6,0.34037
1997-10-26,0,-0.36364,0.1365,0.1365,0.36364,6,0.38841
1997-10-27,0,-0.41196,0.11979,0.11979,0.41196,6,0.42903
1997-10-28,0,-0.42805,0.08429,0.08429,0.42805,6,0.43627
1997-10-29,0,-0.36761,0.0678,0.0678,0.36761,6,0.37381
1997-10-30,0,-0.24869,0.03454,0.03454,0.24869,6,0.25107
1997-10-31,0,-0.15647,0.02025,0.02025,0.15647,6,0.15777
1997-11-01,0,-0.04358,0.03396,0.03396,0.04358,6,0.05525
1997-11-02,0,0.03747,0.0213,0.0213,-0.03747,3,0.0431
1997-11-03,0,0.09992,0.03157,0.03157,-0.09992,3,0.10479
1997-11-04,0,0.1709,0.04953,0.04953,-0.1709,3,0.17794
1997-11-05,0,0.29095,0.06442,0.06442,-0.29095,3,0.29799
1997-11-06,0,0.4114,0.08132,0.08132,-0.4114,3,0.41936
1997-11-07,0,0.48392,0.11137,0.11137,-0.48392,3,0.49657
1997-11-08,0,0.50316,0.20502,0.20502,-0.50316,3,0.54332
1997-11-09,0,0.52469,0.2588,0.2588,-0.52469,3,0.58504
1997-11-10,0,0.55142,0.27514,0.27514,-0.55142,3,0.61625
1997-11-11,0,0.56746,0.24341,0.24341,-0.56746,3,0.61746
1997-11-12,0,0.56616,0.23172,0.23172,-0.56616,3,0.61175
1997-11-13,0,0.60353,0.23887,0.23887,-0.60353,3,0.64908
1997-11-14,0,0.67796,0.26156,0.26156,-0.67796,3,0.72667
1997-11-15,0,0.66289,0.29681,0.29681,-0.66289,3,0.72631
1997-11-16,0,0.60624,0.38328,0.38328,-0.60624,3,0.71724
1997-11-17,0,0.61199,0.52305,0.52305,-0.61199,3,0.80505
1997-11-18,0,0.60567,0.6482,0.6482,-0.60567,4,0.88714
1997-11-19,0,0.5301,0.73774,0.73774,-0.5301,4,0.90844
1997-11-20,0,0.39276,0.75643,0.75643,-0.39276,4,0.85232
1997-11-21,0,0.23119,0.70548,0.70548,-0.23119,4,0.7424
1997-11-22,0,0.13475,0.59747,0.59747,-0.13475,4,0.61248
1997-11-23,0,0.02917,0.40303,0.40303,-0.02917,4,0.40408
1997-11-24,0,0.00821,0.216,0.216,-0.00821,4,0.21616
1997-11-25,0,0.08873,0.02041,0.02041,-0.08873,3,0.09105
1997-11-26,0,0.19806,-0.21603,-0.21603,-0.19806,1,0.29308
1997-11-27,0,0.25172,-0.42236,-0.42236,-0.25172,1,0.49168
1997-11-28,0,0.29829,-0.50171,-0.50171,-0.29829,1,0.58368
1997-11-29,0,0.38232,-0.44263,-0.44263,-0.38232,1,0.58488
1997-11-30,0,0.51262,-0.36063,-0.36063,-0.51262,2,0.62676
1997-12-01,0,0.61159,-0.26105,-0.26105,-0.61159,2,0.66497
1997-12-02,0,0.67042,-0.16501,-0.16501,-0.67042,2,0.69042
1997-12-03,0,0.71158,-0.0442,-0.0442,-0.71158,2,0.71295
1997-12-04,0,0.68399,0.07556,0.07556,-0.68399,3,0.68815
1997-12-05,0,0.56112,0.18234,0.18234,-0.56112,3,0.59001
1997-12-06,0,0.48173,0.26386,0.26386,-0.48173,3,0.54926
1997-12-07,0,0.42135,0.30451,0.30451,-0.42135,3,0.51987
1997-12-08,0,0.33571,0.25708,0.25708,-0.33571,3,0.42284
1997-12-09,0,0.27499,0.18678,0.18678,-0.27499,3,0.33243
1997-12-10,0,0.15786,0.07203,0.07203,-0.15786,3,0.17352
1997-12-11,0,0.08799,-0.02353,-0.02353,-0.08799,2,0.09108
1997-12-12,0,0.01467,-0.07771,-0.07771,-0.01467,1,0.07908
1997-12-13,0,-0.00895,-0.12149,-0.12149,0.00895,8,0.12182
1997-12-14,0,0.02724,-0.19642,-0.19642,-0.02724,1,0.1983
1997-12-15,0,0.03778,-0.22451,-0.22451,-0.03778,1,0.22766
1997-12-16,0,-0.01618,-0.19591,-0.19591,0.01618,8,0.19658
1997-12-17,0,-0.15324,-0.10968,-0.10968,0.15324,7,0.18845
1997-12-18,0,-0.37354,0.05684,0.05684,0.37354,6,0.37784
1997-12-19,0,-0.54881,0.2692,0.2692,0.54881,6,0.61128
1997-12-20,0,-0.69761,0.49069,0.49069,0.69761,6,0.8529
1997-12-21,0,-0.82423,0.67036,0.67036,0.82423,6,1.06242
1997-12-22,0,-0.97298,0.81223,0.81223,0.97298,6,1.26744
1997-12-23,0,-1.12646,0.91139,0.91139,1.12646,6,1.44898
1997-12-24,0,-1.31495,0.94133,0.94133,1.31495,6,1.61715
1997-12-25,0,-1.45549,0.85926,0.85926,1.45549,6,1.6902
1997-12-26,0,-1.53384,0.71336,0.71336,1.53384,6,1.69161
1997-12-27,0,-1.49873,0.50255,0.50255,1.49873,6,1.58074
1997-12-28,0,-1.4593,0.26652,0.26652,1.4593,6,1.48344
1997-12-29,0,-1.39348,0.03707,0.03707,1.39348,6,1.39397
1997-12-30,0,-1.29371,-0.1669,-0.1669,1.29371,7,1.30443
1997-12-31,0,-1.27549,-0.28274,-0.28274,1.27549,7,1.30645
1998-01-01,0,-1.31575,-0.34379,-0.34379,1.31575,7,1.35992
1998-01-02,0,-1.29248,-0.35932,-0.35932,1.29248,7,1.3415
1998-01-03,0,-1.19658,-0.3772,-0.3772,1.19658,7,1.25463
1998-01-04,0,-1.03183,-0.41944,-0.41944,1.03183,7,1.11383
1998-01-05,0,-0.79736,-0.54882,-0.54882,0.79736,7,0.96798
1998-01-06,0,-0.48979,-0.73048,-0.73048,0.48979,8,0.87948
1998-01-07,0,-0.17623,-0.89283,-0.89283,0.17623,8,0.91006
1998-01-08,0,0.18963,-1.03545,-1.03545,-0.18963,1,1.05267
1998-01-09,0,0.64004,-1.15021,-1.15021,-0.64004,1,1.31629
1998-01-10,0,1.15813,-1.22579,-1.22579,-1.15813,1,1.68636
1998-01-11,0,1.5678,-1.28705,-1.28705,-1.5678,2,2.02842
1998-01-12,0,1.86974,-1.16265,-1.16265,-1.86974,2,2.20175
1998-01-13,0,1.99579,-0.93557,-0.93557,-1.99579,2,2.20419
1998-01-14,0,1.88072,-0.67156,-0.67156,-1.88072,2,1.99702
1998-01-15,0,1.68428,-0.39049,-0.39049,-1.68428,2,1.72896
1998-01-16,0,1.4715,-0.10953,-0.10953,-1.4715,2,1.47557
1998-01-17,0,1.22018,0.12542,0.12542,-1.22018,3,1.22661
1998-01-18,0,0.99734,0.24327,0.24327,-0.99734,3,1.02658
1998-01-19,0,0.75488,0.2344,0.2344,-0.75488,3,0.79044
1998-01-20,0,0.57872,0.23787,0.23787,-0.57872,3,0.6257
1998-01-21,0,0.34172,0.17646,0.17646,-0.34172,3,0.38459
1998-01-22,0,0.17052,0.02344,0.02344,-0.17052,3,0.17212
1998-01-23,0,0.12495,-0.15079,-0.15079,-0.12495,1,0.19583
1998-01-24,0,0.15783,-0.28898,-0.28898,-0.15783,1,0.32927
1998-01-25,0,0.19852,-0.45873,-0.45873,-0.19852,1,0.49984
1998-01-26,0,0.24586,-0.62762,-0.62762,-0.24586,1,0.67405
1998-01-27,0,0.27291,-0.72627,-0.72627,-0.27291,1,0.77585
1998-01-28,0,0.3352,-0.73476,-0.73476,-0.3352,1,0.80761
1998-01-29,0,0.48341,-0.74011,-0.74011,-0.48341,1,0.88399
1998-01-30,0,0.72409,-0.81954,-0.81954,-0.72409,1,1.0936
1998-01-31,0,0.98025,-0.79689,-0.79689,-0.98025,2,1.2633
1998-02-01,0,1.22521,-0.64662,-0.64662,-1.22521,2,1.38538
1998-02-02,0,1.34678,-0.43421,-0.43421,-1.34678,2,1.41504
1998-02-03,0,1.36381,-0.20296,-0.20296,-1.36381,2,1.37882
1998-02-04,0,1.27752,0.06452,0.06452,-1.27752,3,1.27914
1998-02-05,0,1.20258,0.34112,0.34112,-1.20258,3,1.25002
1998-02-06,0,1.14125,0.56783,0.56783,-1.14125,3,1.27471
1998-02-07,0,0.96213,0.6554,0.6554,-0.96213,3,1.16415
1998-02-08,0,0.72484,0.73316,0.73316,-0.72484,4,1.03098
1998-02-09,0,0.5675,0.71029,0.71029,-0.5675,4,0.90916
1998-02-10,0,0.48176,0.65435,0.65435,-0.48176,4,0.81257
1998-02-11,0,0.46866,0.59543,0.59543,-0.46866,4,0.75775
1998-02-12,0,0.53617,0.59301,0.59301,-0.53617,4,0.79946
1998-02-13,0,0.66681,0.61252,0.61252,-0.66681,3,0.90544
1998-02-14,0,0.72502,0.64227,0.64227,-0.72502,3,0.96859
1998-02-15,0,0.72874,0.69733,0.69733,-0.72874,3,1.00863
1998-02-16,0,0.72167,0.81094,0.81094,-0.72167,4,1.08556
1998-02-17,0,0.70972,0.87111,0.87111,-0.70972,4,1.12363
1998-02-18,0,0.6344,0.96337,0.96337,-0.6344,4,1.15349
1998-02-19,0,0.46002,1.00833,1.00833,-0.46002,4,1.10831
1998-02-20,0,0.25374,0.9887,0.9887,-0.25374,4,1.02074
1998-02-21,0,0.01849,0.92806,0.92806,-0.01849,4,0.92824
1998-02-22,0,-0.20318,0.83139,0.83139,0.20318,5,0.85585
1998-02-23,0,-0.38196,0.68628,0.68628,0.38196,5,0.78541
1998-02-24,0,-0.5539,0.52549,0.52549,0.5539,6,0.76351
1998-02-25,0,-0.60732,0.41434,0.41434,0.60732,6,0.7352
1998-02-26,0,-0.60624,0.34681,0.34681,0.60624,6,0.69843
1998-02-27,0,-0.59338,0.32206,0.32206,0.59338,6,0.67514
1998-02-28,0,-0.53848,0.3222,0.3222,0.53848,6,0.62752
1998-03-01,0,-0.47171,0.38109,0.38109,0.47171,6,0.60642
1998-03-02,0,-0.43307,0.36744,0.36744,0.43307,6,0.56794
1998-03-03,0,-0.46447,0.33001,0.33001,0.46447,6,0.56977
1998-03-04,0,-0.55737,0.29195,0.29195,0.55737,6,0.6292
1998-03-05,0,-0.61098,0.26959,0.26959,0.61098,6,0.66781
1998-03-06,0,-0.60304,0.23279,0.23279,0.60304,6,0.64641
1998-03-07,0,-0.58257,0.21164,0.21164,0.58257,6,0.61982
1998-03-08,0,-0.51668,0.19174,0.19174,0.51668,6,0.55111
1998-03-09,0,-0.42619,0.21142,0.21142,0.42619,6,0.47575
1998-03-10,0,-0.38304,0.20499,0.20499,0.38304,6,0.43444
1998-03-11,0,-0.371,0.25568,0.25568,0.371,6,0.45057
1998-03-12,0,-0.37933,0.29267,0.29267,0.37933,6,0.47911
1998-03-13,0,-0.3788,0.27614,0.27614,0.3788,6,0.46876
1998-03-14,0,-0.38636,0.22845,0.22845,0.38636,6,0.44884
1998-03-15,0,-0.44829,0.18426,0.18426,0.44829,6,0.48468
1998-03-16,0,-0.51532,0.06861,0.06861,0.51532,6,0.51987
1998-03-17,0,-0.53661,-0.09794,-0.09794,0.53661,7,0.54548
1998-03-18,0,-0.52714,-0.22424,-0.22424,0.52714,7,0.57285
1998-03-19,0,-0.50543,-0.24979,-0.24979,0.50543,7,0.56379
1998-03-20,0,-0.44136,-0.27091,-0.27091,0.44136,7,0.51787
1998-03-21,0,-0.39073,-0.30174,-0.30174,0.39073,7,0.49368
1998-03-22,0,-0.32212,-0.30704,-0.30704,0.32212,7,0.44501
1998-03-23,0,-0.25859,-0.31509,-0.31509,0.25859,8,0.40761
1998-03-24,0,-0.12641,-0.38921,-0.38921,0.12641,8,0.40922
1998-03-25,0,0.00573,-0.42164,-0.42164,-0.00573,1,0.42168
1998-03-26,0,0.13274,-0.34142,-0.34142,-0.13274,1,0.36632
1998-03-27,0,0.26644,-0.24192,-0.24192,-0.26644,2,0.35988
1998-03-28,0,0.37718,-0.17301,-0.17301,-0.37718,2,0.41497
1998-03-29,0,0.53892,-0.09076,-0.09076,-0.53892,2,0.54651
1998-03-30,0,0.75811,-0.0073,-0.0073,-0.75811,2,0.75814
1998-03-31,0,0.90298,0.04868,0.04868,-0.90298,3,0.90429
1998-04-01,0,0.99073,0.05138,0.05138,-0.99073,3,0.99206
1998-04-02,0,1.02496,0.12013,0.12013,-1.02496,3,1.03198
1998-04-03,0,1.10899,0.23301,0.23301,-1.10899,3,1.13321
1998-04-04,0,1.12133,0.26618,0.26618,-1.12133,3,1.15249
1998-04-05,0,1.10207,0.27617,0.27617,-1.10207,3,1.13615
1998-04-06,0,1.08126,0.30208,0.30208,-1.08126,3,1.12266
1998-04-07,0,1.03191,0.38023,0.38023,-1.03191,3,1.09974
1998-04-08,0,0.99374,0.44877,0.44877,-0.99374,3,1.09038
1998-04-09,0,0.96504,0.52174,0.52174,-0.96504,3,1.09705
1998-04-10,0,0.86699,0.5974,0.5974,-0.86699,3,1.05288
1998-04-11,0,0.72259,0.63295,0.63295,-0.72259,3,0.9606
1998-04-12,0,0.58649,0.66385,0.66385,-0.58649,4,0.88581
1998-04-13,0,0.54403,0.73473,0.73473,-0.54403,4,0.91422
1998-04-14,0,0.55905,0.77897,0.77897,-0.55905,4,0.95882
1998-04-15,0,0.54801,0.7955,0.7955,-0.54801,4,0.96599
1998-04-16,0,0.40627,0.7379,0.7379,-0.40627,4,0.84235
1998-04-17,0,0.19843,0.72083,0.72083,-0.19843,4,0.74764
1998-04-18,0,-0.01694,0.716,0.716,0.01694,5,0.7162
1998-04-19,0,-0.15882,0.67892,0.67892,0.15882,5,0.69725
1998-04-20,0,-0.26251,0.62029,0.62029,0.26251,5,0.67355
1998-04-21,0,-0.3892,0.51533,0.51533,0.3892,5,0.64579
1998-04-22,0,-0.497,0.41217,0.41217,0.497,6,0.64567
1998-04-23,0,-0.58489,0.34303,0.34303,0.58489,6,0.67805
1998-04-24,0,-0.59303,0.32304,0.32304,0.59303,6,0.6753
1998-04-25,0,-0.47706,0.35103,0.35103,0.47706,6,0.59229
1998-04-26,0,-0.40251,0.3163,0.3163,0.40251,6,0.51192
1998-04-27,0,-0.26805,0.23781,0.23781,0.26805,6,0.35834
1998-04-28,0,-0.12215,0.19352,0.19352,0.12215,5,0.22884
1998-04-29,0,0.01686,0.1749,0.1749,-0.01686,4,0.17571
1998-04-30,0,0.15476,0.12478,0.12478,-0.15476,3,0.1988
1998-05-01,0,0.23289,0.06622,0.06622,-0.23289,3,0.24212
1998-05-02,0,0.28137,0.02422,0.02422,-0.28137,3,0.28241
1998-05-03,0,0.31792,-0.04894,-0.04894,-0.31792,2,0.32166
1998-05-04,0,0.41317,-0.0609,-0.0609,-0.41317,2,0.41763
1998-05-05,0,0.6893,0.01689,0.01689,-0.6893,3,0.6895
1998-05-06,0,0.91997,0.10528,0.10528,-0.91997,3,0.92597
1998-05-07,0,1.15166,0.28063,0.28063,-1.15166,3,1.18535
1998-05-08,0,1.38415,0.47148,0.47148,-1.38415,3,1.46224
1998-05-09,0,1.57352,0.78017,0.78017,-1.57352,3,1.75631
1998-05-10,0,1.71212,1.09606,1.09606,-1.71212,3,2.0329
1998-05-11,0,1.73263,1.41491,1.41491,-1.73263,3,2.23696
1998-05-12,0,1.61944,1.7256,1.7256,-1.61944,4,2.36649
1998-05-13,0,1.3263,1.95359,1.95359,-1.3263,4,2.36126
1998-05-14,0,0.88208,2.06102,2.06102,-0.88208,4,2.24184
1998-05-15,0,0.43682,2.14182,2.14182,-0.43682,4,2.18591
1998-05-16,0,-0.04266,2.07967,2.07967,0.04266,5,2.0801
1998-05-17,0,-0.48224,1.94241,1.94241,0.48224,5,2.00138
1998-05-18,0,-0.86028,1.71881,1.71881,0.86028,5,1.92208
1998-05-19,0,-1.2009,1.48425,1.48425,1.2009,5,1.90923
1998-05-20,0,-1.47124,1.23926,1.23926,1.47124,6,1.92362
1998-05-21,0,-1.67142,1.0281,1.0281,1.67142,6,1.96231
1998-05-22,0,-1.74432,0.83974,0.83974,1.74432,6,1.93593
1998-05-23,0,-1.80421,0.68154,0.68154,1.80421,6,1.92865
1998-05-24,0,-1.81342,0.60118,0.60118,1.81342,6,1.91048
1998-05-25,0,-1.7724,0.59228,0.59228,1.7724,6,1.86875
1998-05-26,0,-1.71423,0.58718,0.58718,1.71423,6,1.81201
1998-05-27,0,-1.62156,0.54613,0.54613,1.62156,6,1.71105
1998-05-28,0,-1.43833,0.50892,0.50892,1.43833,6,1.52571
1998-05-29,0,-1.19235,0.45528,0.45528,1.19235,6,1.27632
1998-05-30,0,-0.88579,0.39783,0.39783,0.88579,6,0.97102
1998-05-31,0,-0.62546,0.37064,0.37064,0.62546,6,0.72703
1998-06-01,0,-0.38738,0.4061,0.4061,0.38738,5,0.56123
1998-06-02,0,-0.21611,0.43781,0.43781,0.21611,5,0.48825
1998-06-03,0,-0.0492,0.39773,0.39773,0.0492,5,0.40076
1998-06-04,0,0.03303,0.38834,0.38834,-0.03303,4,0.38974
1998-06-05,0,-0.00577,0.48642,0.48642,0.00577,5,0.48646
1998-06-06,0,-0.06253,0.60239,0.60239,0.06253,5,0.60562
1998-06-07,0,-0.12544,0.60728,0.60728,0.12544,5,0.6201
1998-06-08,0,-0.20143,0.5668,0.5668,0.20143,5,0.60153
1998-06-09,0,-0.223,0.52506,0.52506,0.223,5,0.57045
1998-06-10,0,-0.20283,0.44634,0.44634,0.20283,5,0.49026
1998-06-11,0,-0.10964,0.32811,0.32811,0.10964,5,0.34594
1998-06-12,0,-0.07818,0.28665,0.28665,0.07818,5,0.29712
1998-06-13,0,-0.05802,0.34013,0.34013,0.05802,5,0.34505
1998-06-14,0,0.02076,0.26982,0.26982,-0.02076,4,0.27062
1998-06-15,0,0.05646,0.14038,0.14038,-0.05646,4,0.15131
1998-06-16,0,0.10451,0.1513,0.1513,-0.10451,4,0.18389
1998-06-17,0,0.12844,0.19737,0.19737,-0.12844,4,0.23548
1998-06-18,0,0.15628,0.26055,0.26055,-0.15628,4,0.30383
1998-06-19,0,0.27503,0.39575,0.39575,-0.27503,4,0.48193
1998-06-20,0,0.29883,0.53754,0.53754,-0.29883,4,0.61502
1998-06-21,0,0.35612,0.67509,0.67509,-0.35612,4,0.76326
1998-06-22,0,0.4754,0.69697,0.69697,-0.4754,4,0.84366
1998-06-23,0,0.58555,0.78292,0.78292,-0.58555,4,0.97767
1998-06-24,0,0.58811,0.88156,0.88156,-0.58811,4,1.05973
1998-06-25,0,0.56569,0.93184,0.93184,-0.56569,4,1.09011
1998-06-26,0,0.54903,0.92056,0.92056,-0.54903,4,1.07185
1998-06-27,0,0.50766,0.79738,0.79738,-0.50766,4,0.94527
1998-06-28,0,0.40579,0.54088,0.54088,-0.40579,4,0.67618
1998-06-29,0,0.35237,0.31442,0.31442,-0.35237,3,0.47225
1998-06-30,0,0.26295,0.11628,0.11628,-0.26295,3,0.28751
1998-07-01,0,0.1598,-0.08054,-0.08054,-0.1598,2,0.17895
1998-07-02,0,0.09324,-0.24523,-0.24523,-0.09324,1,0.26235
1998-07-03,0,0.08011,-0.38761,-0.38761,-0.08011,1,0.39581
1998-07-04,0,0.09464,-0.51039,-0.51039,-0.09464,1,0.5191
1998-07-05,0,0.15743,-0.65346,-0.65346,-0.15743,1,0.67216
1998-07-06,0,0.17169,-0.7654,-0.7654,-0.17169,1,0.78442
1998-07-07,0,0.12723,-0.78882,-0.78882,-0.12723,1,0.79902
1998-07-08,0,0.14819,-0.79047,-0.79047,-0.14819,1,0.80424
1998-07-09,0,0.25907,-0.78855,-0.78855,-0.25907,1,0.83002
1998-07-10,0,0.3846,-0.79272,-0.79272,-0.3846,1,0.88109
1998-07-11,0,0.54257,-0.91282,-0.91282,-0.54257,1,1.06189
1998-07-12,0,0.78449,-1.03513,-1.03513,-0.78449,1,1.29881
1998-07-13,0,0.97218,-1.09423,-1.09423,-0.97218,1,1.46372
1998-07-14,0,1.14841,-1.10048,-1.10048,-1.14841,2,1.59056
1998-07-15,0,1.38502,-1.09496,-1.09496,-1.38502,2,1.76556
1998-07-16,0,1.60779,-1.08263,-1.08263,-1.60779,2,1.93832
1998-07-17,0,1.7152,-1.08277,-1.08277,-1.7152,2,2.02838
1998-07-18,0,1.73691,-0.99749,-0.99749,-1.73691,2,2.00296
1998-07-19,0,1.68752,-0.87912,-0.87912,-1.68752,2,1.90278
1998-07-20,0,1.59074,-0.6775,-0.6775,-1.59074,2,1.72901
1998-07-21,0,1.46372,-0.4891,-0.4891,-1.46372,2,1.54328
1998-07-22,0,1.3004,-0.37708,-0.37708,-1.3004,2,1.35397
1998-07-23,0,1.0679,-0.19965,-0.19965,-1.0679,2,1.0864
1998-07-24,0,0.79075,0.0206,0.0206,-0.79075,3,0.79102
1998-07-25,0,0.54658,0.20601,0.20601,-0.54658,3,0.58412
1998-07-26,0,0.34276,0.31695,0.31695,-0.34276,3,0.46684
1998-07-27,0,0.11972,0.27109,0.27109,-0.11972,4,0.29635
1998-07-28,0,-0.05392,0.24727,0.24727,0.05392,5,0.25308
1998-07-29,0,-0.19069,0.15187,0.15187,0.19069,6,0.24378
1998-07-30,0,-0.35557,0.08453,0.08453,0.35557,6,0.36548
1998-07-31,0,-0.46195,0.08754,0.08754,0.46195,6,0.47017
1998-08-01,0,-0.51097,0.0568,0.0568,0.51097,6,0.51411
1998-08-02,0,-0.52536,0.03732,0.03732,0.52536,6,0.52668
1998-08-03,0,-0.50759,-0.00472,-0.00472,0.50759,7,0.50761
1998-08-04,0,-0.50825,0.00761,0.00761,0.50825,6,0.50831
1998-08-05,0,-0.47507,0.05669,0.05669,0.47507,6,0.47844
1998-08-06,0,-0.48171,0.05027,0.05027,0.48171,6,0.48433
1998-08-07,0,-0.37049,0.13323,0.13323,0.37049,6,0.39372
1998-08-08,0,-0.26434,0.16667,0.16667,0.26434,6,0.3125
1998-08-09,0,-0.27748,0.07435,0.07435,0.27748,6,0.28727
1998-08-10,0,-0.25567,0.02531,0.02531,0.25567,6,0.25692
1998-08-11,0,-0.1891,0.04981,0.04981,0.1891,6,0.19555
1998-08-12,0,-0.1717,0.12923,0.12923,0.1717,6,0.2149
1998-08-13,0,-0.15148,0.15719,0.15719,0.15148,5,0.21829
1998-08-14,0,-0.11531,0.1671,0.1671,0.11531,5,0.20302
1998-08-15,0,0.04572,0.20983,0.20983,-0.04572,4,0.21475
1998-08-16,0,0.06399,0.241,0.241,-0.06399,4,0.24935
1998-08-17,0,0.00678,0.26514,0.26514,-0.00678,4,0.26523
1998-08-18,0,0.07267,0.31765,0.31765,-0.07267,4,0.32585
1998-08-19,0,0.09049,0.34488,0.34488,-0.09049,4,0.35655
1998-08-20,0,0.07791,0.24723,0.24723,-0.07791,4,0.25921
1998-08-21,0,0.07591,0.16649,0.16649,-0.07591,4,0.18298
1998-08-22,0,0.09287,0.1046,0.1046,-0.09287,4,0.13988
1998-08-23,0,0.15305,0.0462,0.0462,-0.15305,3,0.15987
1998-08-24,0,0.15758,-0.09191,-0.09191,-0.15758,2,0.18242
1998-08-25,0,0.14605,-0.28948,-0.28948,-0.14605,1,0.32423
1998-08-26,0,0.13826,-0.41229,-0.41229,-0.13826,1,0.43485
1998-08-27,0,0.08887,-0.42328,-0.42328,-0.08887,1,0.43251
1998-08-28,0,0.05993,-0.42278,-0.42278,-0.05993,1,0.427
1998-08-29,0,0.03482,-0.41574,-0.41574,-0.03482,1,0.41719
1998-08-30,0,0.02173,-0.52264,-0.52264,-0.02173,1,0.52309
1998-08-31,0,-0.01796,-0.59638,-0.59638,0.01796,8,0.59666
1998-09-01,0,-0.11996,-0.61214,-0.61214,0.11996,8,0.62378
1998-09-02,0,-0.16886,-0.59759,-0.59759,0.16886,8,0.62099
1998-09-03,0,-0.15677,-0.50772,-0.50772,0.15677,8,0.53137
1998-09-04,0,-0.10472,-0.42631,-0.42631,0.10472,8,0.43899
1998-09-05,0,-0.12399,-0.43459,-0.43459,0.12399,8,0.45193
1998-09-06,0,-0.16004,-0.47746,-0.47746,0.16004,8,0.50357
1998-09-07,0,-0.27081,-0.4784,-0.4784,0.27081,8,0.54973
1998-09-08,0,-0.3866,-0.37933,-0.37933,0.3866,7,0.54162
1998-09-09,0,-0.46836,-0.24677,-0.24677,0.46836,7,0.52939
1998-09-10,0,-0.50291,-0.14468,-0.14468,0.50291,7,0.52331
1998-09-11,0,-0.61192,-0.01797,-0.01797,0.61192,7,0.61218
1998-09-12,0,-0.7106,0.0869,0.0869,0.7106,6,0.71589
1998-09-13,0,-0.78007,0.17339,0.17339,0.78007,6,0.79911
1998-09-14,0,-0.80727,0.29362,0.29362,0.80727,6,0.85901
1998-09-15,0,-0.71122,0.46104,0.46104,0.71122,6,0.84758
1998-09-16,0,-0.56745,0.60509,0.60509,0.56745,5,0.82954
1998-09-17,0,-0.47404,0.69465,0.69465,0.47404,5,0.84098
1998-09-18,0,-0.38086,0.77886,0.77886,0.38086,5,0.86699
1998-09-19,0,-0.25009,0.88501,0.88501,0.25009,5,0.91966
1998-09-20,0,-0.19251,0.97677,0.97677,0.19251,5,0.99556
1998-09-21,0,-0.23984,1.10773,1.10773,0.23984,5,1.1334
1998-09-22,0,-0.29219,1.236,1.236,0.29219,5,1.27007
1998-09-23,0,-0.29995,1.28078,1.28078,0.29995,5,1.31544
1998-09-24,0,-0.44753,1.23152,1.23152,0.44753,5,1.31032
1998-09-25,0,-0.64834,1.21248,1.21248,0.64834,5,1.37494
1998-09-26,0,-0.78647,1.25051,1.25051,0.78647,5,1.47727
1998-09-27,0,-0.92542,1.2544,1.2544,0.92542,5,1.55882
1998-09-28,0,-1.09981,1.25158,1.25158,1.09981,5,1.66614
1998-09-29,0,-1.16293,1.24327,1.24327,1.16293,5,1.70239
1998-09-30,0,-1.07089,1.16798,1.16798,1.07089,5,1.58461
1998-10-01,0,-1.03971,1.09033,1.09033,1.03971,5,1.50659
1998-10-02,0,-1.06469,1.05344,1.05344,1.06469,6,1.49777
1998-10-03,0,-0.98693,1.05564,1.05564,0.98693,5,1.44513
1998-10-04,0,-0.86075,0.98743,0.98743,0.86075,5,1.30993
1998-10-05,0,-0.79478,0.80194,0.80194,0.79478,5,1.12906
1998-10-06,0,-0.74366,0.55787,0.55787,0.74366,6,0.92965
1998-10-07,0,-0.71515,0.33579,0.33579,0.71515,6,0.79006
1998-10-08,0,-0.74261,0.11774,0.11774,0.74261,6,0.75189
1998-10-09,0,-0.82447,-0.13009,-0.13009,0.82447,7,0.83467
1998-10-10,0,-0.79078,-0.356,-0.356,0.79078,7,0.86722
1998-10-11,0,-0.70535,-0.50609,-0.50609,0.70535,7,0.86812
1998-10-12,0,-0.68178,-0.59889,-0.59889,0.68178,7,0.90747
1998-10-13,0,-0.71174,-0.61017,-0.61017,0.71174,7,0.93749
1998-10-14,0,-0.74518,-0.57353,-0.57353,0.74518,7,0.94034
1998-10-15,0,-0.77651,-0.52556,-0.52556,0.77651,7,0.93764
1998-10-16,0,-0.74662,-0.54713,-0.54713,0.74662,7,0.92563
1998-10-17,0,-0.65392,-0.55247,-0.55247,0.65392,7,0.85606
1998-10-18,0,-0.49966,-0.50536,-0.50536,0.49966,8,0.71067
1998-10-19,0,-0.34211,-0.44802,-0.44802,0.34211,8,0.5637
1998-10-20,0,-0.16116,-0.35609,-0.35609,0.16116,8,0.39086
1998-10-21,0,0.0589,-0.32215,-0.32215,-0.0589,1,0.32749
1998-10-22,0,0.32426,-0.33703,-0.33703,-0.32426,1,0.46769
1998-10-23,0,0.5569,-0.25457,-0.25457,-0.5569,2,0.61232
1998-10-24,0,0.70913,-0.10467,-0.10467,-0.70913,2,0.71682
1998-10-25,0,0.82609,0.07572,0.07572,-0.82609,3,0.82956
1998-10-26,0,0.90065,0.25238,0.25238,-0.90065,3,0.93534
1998-10-27,0,0.93589,0.3943,0.3943,-0.93589,3,1.01556
1998-10-28,0,0.87459,0.46244,0.46244,-0.87459,3,0.98932
1998-10-29,0,0.79495,0.45881,0.45881,-0.79495,3,0.91785
1998-10-30,0,0.69074,0.42053,0.42053,-0.69074,3,0.80868
1998-10-31,0,0.556,0.394,0.394,-0.556,3,0.68145
1998-11-01,0,0.44233,0.36456,0.36456,-0.44233,3,0.5732
1998-11-02,0,0.38687,0.31587,0.31587,-0.38687,3,0.49945
1998-11-03,0,0.27431,0.28198,0.28198,-0.27431,4,0.3934
1998-11-04,0,0.16195,0.28012,0.28012,-0.16195,4,0.32357
1998-11-05,0,-0.00869,0.30445,0.30445,0.00869,5,0.30458
1998-11-06,0,-0.14108,0.35562,0.35562,0.14108,5,0.38258
1998-11-07,0,-0.25267,0.36012,0.36012,0.25267,5,0.43992
1998-11-08,0,-0.32476,0.38416,0.38416,0.32476,5,0.50304
1998-11-09,0,-0.41947,0.42038,0.42038,0.41947,5,0.59387
1998-11-10,0,-0.53303,0.40308,0.40308,0.53303,6,0.66828
1998-11-11,0,-0.66037,0.42383,0.42383,0.66037,6,0.78468
1998-11-12,0,-0.80101,0.4213,0.4213,0.80101,6,0.90505
1998-11-13,0,-0.91929,0.38774,0.38774,0.91929,6,0.99772
1998-11-14,0,-1.06458,0.25905,0.25905,1.06458,6,1.09565
1998-11-15,0,-1.21029,0.1257,0.1257,1.21029,6,1.2168
1998-11-16,0,-1.34989,0.0027,0.0027,1.34989,6,1.34989
1998-11-17,0,-1.4522,-0.12197,-0.12197,1.4522,7,1.45732
1998-11-18,0,-1.51759,-0.31366,-0.31366,1.51759,7,1.54966
1998-11-19,0,-1.47801,-0.60305,-0.60305,1.47801,7,1.5963
1998-11-20,0,-1.2858,-0.95487,-0.95487,1.2858,7,1.60158
1998-11-21,0,-0.97536,-1.22609,-1.22609,0.97536,8,1.56673
1998-11-22,0,-0.72439,-1.31726,-1.31726,0.72439,8,1.50331
1998-11-23,0,-0.58203,-1.25162,-1.25162,0.58203,8,1.38033
1998-11-24,0,-0.45192,-1.15754,-1.15754,0.45192,8,1.24263
1998-11-25,0,-0.33217,-1.02923,-1.02923,0.33217,8,1.0815
1998-11-26,0,-0.3095,-0.90379,-0.90379,0.3095,8,0.95531
1998-11-27,0,-0.31037,-0.75551,-0.75551,0.31037,8,0.81678
1998-11-28,0,-0.35799,-0.62467,-0.62467,0.35799,8,0.71998
1998-11-29,0,-0.40905,-0.47447,-0.47447,0.40905,8,0.62645
1998-11-30,0,-0.38611,-0.30974,-0.30974,0.38611,7,0.49499
1998-12-01,0,-0.32143,-0.15249,-0.15249,0.32143,7,0.35577
1998-12-02,0,-0.22324,0.03062,0.03062,0.22324,6,0.22533
1998-12-03,0,-0.1442,0.1828,0.1828,0.1442,5,0.23283
1998-12-04,0,-0.10738,0.30285,0.30285,0.10738,5,0.32132
1998-12-05,0,-0.08771,0.33777,0.33777,0.08771,5,0.34898
1998-12-06,0,-0.06028,0.35805,0.35805,0.06028,5,0.36309
1998-12-07,0,0.00849,0.42312,0.42312,-0.00849,4,0.42321
1998-12-08,0,0.09148,0.45341,0.45341,-0.09148,4,0.46254
1998-12-09,0,0.06849,0.47831,0.47831,-0.06849,4,0.48319
1998-12-10,0,-0.06426,0.44166,0.44166,0.06426,5,0.44631
1998-12-11,0,-0.21391,0.32903,0.32903,0.21391,5,0.39245
1998-12-12,0,-0.2876,0.26316,0.26316,0.2876,6,0.38983
1998-12-13,0,-0.29312,0.16465,0.16465,0.29312,6,0.3362
1998-12-14,0,-0.21329,0.06618,0.06618,0.21329,6,0.22332
1998-12-15,0,-0.15681,-0.05974,-0.05974,0.15681,7,0.1678
1998-12-16,0,-0.0922,-0.24068,-0.24068,0.0922,8,0.25773
1998-12-17,0,-0.03991,-0.44305,-0.44305,0.03991,8,0.44484
1998-12-18,0,0.01205,-0.57094,-0.57094,-0.01205,1,0.57106
1998-12-19,0,0.07525,-0.6231,-0.6231,-0.07525,1,0.62763
1998-12-20,0,0.1185,-0.56219,-0.56219,-0.1185,1,0.57454
1998-12-21,0,0.14571,-0.46545,-0.46545,-0.14571,1,0.48772
1998-12-22,0,0.14196,-0.33202,-0.33202,-0.14196,1,0.3611
1998-12-23,0,0.09406,-0.18718,-0.18718,-0.09406,1,0.20948
1998-12-24,0,0.01657,-0.00964,-0.00964,-0.01657,2,0.01917
1998-12-25,0,-0.02037,0.20296,0.20296,0.02037,5,0.20398
1998-12-26,0,-0.00656,0.4233,0.4233,0.00656,5,0.42335
1998-12-27,0,0.07535,0.61657,0.61657,-0.07535,4,0.62116
1998-12-28,0,0.18188,0.75378,0.75378,-0.18188,4,0.77541
1998-12-29,0,0.30783,0.79664,0.79664,-0.30783,4,0.85405
1998-12-30,0,0.39838,0.70514,0.70514,-0.39838,4,0.8099
1998-12-31,0,0.43353,0.49809,0.49809,-0.43353,4,0.66034
1999-01-01,0,0.43914,0.27439,0.27439,-0.43914,3,0.51782
1999-01-02,0,0.54508,-0.01919,-0.01919,-0.54508,2,0.54542
1999-01-03,0,0.65923,-0.29862,-0.29862,-0.65923,2,0.72371
1999-01-04,0,0.73571,-0.4774,-0.4774,-0.73571,2,0.87703
1999-01-05,0,0.82745,-0.68146,-0.68146,-0.82745,2,1.07194
1999-01-06,0,0.918,-0.88517,-0.88517,-0.918,2,1.27525
1999-01-07,0,0.97792,-1.09077,-1.09077,-0.97792,1,1.46496
1999-01-08,0,0.9894,-1.18746,-1.18746,-0.9894,1,1.54563
1999-01-09,0,1.09985,-1.21843,-1.21843,-1.09985,1,1.64141
1999-01-10,0,1.2281,-1.20428,-1.20428,-1.2281,2,1.72004
1999-01-11,0,1.23248,-1.0902,-1.0902,-1.23248,2,1.64546
1999-01-12,0,1.18393,-0.96996,-0.96996,-1.18393,2,1.53053
1999-01-13,0,1.13404,-0.91107,-0.91107,-1.13404,2,1.45468
1999-01-14,0,1.07199,-0.77872,-0.77872,-1.07199,2,1.32498
1999-01-15,0,1.00099,-0.53315,-0.53315,-1.00099,2,1.13412
1999-01-16,0,0.92726,-0.21937,-0.21937,-0.92726,2,0.95286
1999-01-17,0,0.92278,0.09004,0.09004,-0.92278,3,0.92716
1999-01-18,0,0.92914,0.43627,0.43627,-0.92914,3,1.02647
1999-01-19,0,0.96344,0.75921,0.75921,-0.96344,3,1.22663
1999-01-20,0,1.06605,0.96901,0.96901,-1.06605,3,1.44064
1999-01-21,0,1.07556,1.16492,1.16492,-1.07556,4,1.58552
1999-01-22,0,1.03086,1.349,1.349,-1.03086,4,1.69779
1999-01-23,0,0.92828,1.43786,1.43786,-0.92828,4,1.71147
1999-01-24,0,0.80146,1.43523,1.43523,-0.80146,4,1.64384
1999-01-25,0,0.63205,1.35076,1.35076,-0.63205,4,1.49132
1999-01-26,0,0.46749,1.20262,1.20262,-0.46749,4,1.29029
1999-01-27,0,0.21173,1.0165,1.0165,-0.21173,4,1.03832
1999-01-28,0,-0.09884,0.85064,0.85064,0.09884,5,0.85637
1999-01-29,0,-0.39467,0.75145,0.75145,0.39467,5,0.84879
1999-01-30,0,-0.57741,0.6691,0.6691,0.57741,5,0.8838
1999-01-31,0,-0.75373,0.59175,0.59175,0.75373,6,0.95827
1999-02-01,0,-0.92134,0.50295,0.50295,0.92134,6,1.04967
1999-02-02,0,-1.08684,0.42145,0.42145,1.08684,6,1.16569
1999-02-03,0,-1.21015,0.33165,0.33165,1.21015,6,1.25477
1999-02-04,0,-1.36831,0.24818,0.24818,1.36831,6,1.39063
1999-02-05,0,-1.5661,0.18169,0.18169,1.5661,6,1.5766
1999-02-06,0,-1.72547,0.08271,0.08271,1.72547,6,1.72745
1999-02-07,0,-1.8625,-0.01508,-0.01508,1.8625,7,1.86256
1999-02-08,0,-2.02003,-0.12536,-0.12536,2.02003,7,2.02391
1999-02-09,0,-2.04802,-0.1462,-0.1462,2.04802,7,2.05323
1999-02-10,0,-2.05804,-0.06503,-0.06503,2.05804,7,2.05906
1999-02-11,0,-2.03962,-0.03438,-0.03438,2.03962,7,2.03991
1999-02-12,0,-1.94686,-0.11837,-0.11837,1.94686,7,1.95046
1999-02-13,0,-1.82876,-0.22014,-0.22014,1.82876,7,1.84196
1999-02-14,0,-1.67708,-0.35287,-0.35287,1.67708,7,1.7138
1999-02-15,0,-1.46889,-0.43819,-0.43819,1.46889,7,1.53285
1999-02-16,0,-1.21929,-0.5195,-0.5195,1.21929,7,1.32535
1999-02-17,0,-0.93947,-0.67426,-0.67426,0.93947,7,1.15639
1999-02-18,0,-0.79217,-0.85663,-0.85663,0.79217,8,1.16677
1999-02-19,0,-0.62416,-1.01411,-1.01411,0.62416,8,1.19079
1999-02-20,0,-0.44783,-1.16529,-1.16529,0.44783,8,1.24838
1999-02-21,0,-0.24077,-1.20746,-1.20746,0.24077,8,1.23123
1999-02-22,0,-0.01134,-1.24627,-1.24627,0.01134,8,1.24633
1999-02-23,0,0.35017,-1.19297,-1.19297,-0.35017,1,1.2433
1999-02-24,0,0.65633,-1.06015,-1.06015,-0.65633,1,1.24687
1999-02-25,0,0.81035,-0.87841,-0.87841,-0.81035,1,1.1951
1999-02-26,0,0.9075,-0.61182,-0.61182,-0.9075,2,1.09448
1999-02-27,0,1.05334,-0.32998,-0.32998,-1.05334,2,1.10382
1999-02-28,0,1.20623,-0.15566,-0.15566,-1.20623,2,1.21623
1999-03-01,0,1.31119,-0.11022,-0.11022,-1.31119,2,1.31582
1999-03-02,0,1.41835,-0.07501,-0.07501,-1.41835,2,1.42033
1999-03-03,0,1.49438,-0.07191,-0.07191,-1.49438,2,1.49611
1999-03-04,0,1.50611,-0.16027,-0.16027,-1.50611,2,1.51461
1999-03-05,0,1.52162,-0.25906,-0.25906,-1.52162,2,1.54352
1999-03-06,0,1.55821,-0.38322,-0.38322,-1.55821,2,1.60464
1999-03-07,0,1.52053,-0.5235,-0.5235,-1.52053,2,1.60813
1999-03-08,0,1.50594,-0.68186,-0.68186,-1.50594,2,1.65312
1999-03-09,0,1.5393,-0.79561,-0.79561,-1.5393,2,1.73275
1999-03-10,0,1.67747,-0.8053,-0.8053,-1.67747,2,1.86076
1999-03-11,0,1.79929,-0.75883,-0.75883,-1.79929,2,1.95275
1999-03-12,0,1.92453,-0.6435,-0.6435,-1.92453,2,2.02926
1999-03-13,0,2.12942,-0.41497,-0.41497,-2.12942,2,2.16948
1999-03-14,0,2.32794,-0.10855,-0.10855,-2.32794,2,2.33047
1999-03-15,0,2.47001,0.3183,0.3183,-2.47001,3,2.49043
1999-03-16,0,2.44419,0.7931,0.7931,-2.44419,3,2.56965
1999-03-17,0,2.21281,1.1012,1.1012,-2.21281,3,2.47168
1999-03-18,0,1.94841,1.2266,1.2266,-1.94841,3,2.30236
1999-03-19,0,1.65886,1.28104,1.28104,-1.65886,3,2.09592
1999-03-20,0,1.3822,1.29432,1.29432,-1.3822,3,1.89361
1999-03-21,0,1.05696,1.34576,1.34576,-1.05696,4,1.7112
1999-03-22,0,0.74356,1.34307,1.34307,-0.74356,4,1.53516
1999-03-23,0,0.39947,1.33009,1.33009,-0.39947,4,1.38879
1999-03-24,0,0.08239,1.3643,1.3643,-0.08239,4,1.36678
1999-03-25,0,-0.17626,1.31298,1.31298,0.17626,5,1.32475
1999-03-26,0,-0.37603,1.25381,1.25381,0.37603,5,1.30898
1999-03-27,0,-0.54895,1.25004,1.25004,0.54895,5,1.36526
1999-03-28,0,-0.65826,1.16876,1.16876,0.65826,5,1.34138
1999-03-29,0,-0.83254,1.07088,1.07088,0.83254,5,1.35643
1999-03-30,0,-0.90078,0.95629,0.95629,0.90078,5,1.31373
1999-03-31,0,-0.99785,0.92177,0.92177,0.99785,6,1.35844
1999-04-01,0,-1.02604,0.94182,0.94182,1.02604,6,1.39276
1999-04-02,0,-1.07195,0.88094,0.88094,1.07195,6,1.38749
1999-04-03,0,-1.02844,0.8095,0.8095,1.02844,6,1.30881
1999-04-04,0,-0.98454,0.74913,0.74913,0.98454,6,1.23714
1999-04-05,0,-1.01049,0.66513,0.66513,1.01049,6,1.20974
1999-04-06,0,-1.06863,0.65261,0.65261,1.06863,6,1.25214
1999-04-07,0,-0.98405,0.66189,0.66189,0.98405,6,1.18594
1999-04-08,0,-0.92805,0.68756,0.68756,0.92805,6,1.155
1999-04-09,0,-0.84955,0.76822,0.76822,0.84955,6,1.14538
1999-04-10,0,-0.76544,0.80286,0.80286,0.76544,5,1.10927
1999-04-11,0,-0.68446,0.91182,0.91182,0.68446,5,1.14013
1999-04-12,0,-0.70943,1.01605,1.01605,0.70943,5,1.23922
1999-04-13,0,-0.68722,1.10114,1.10114,0.68722,5,1.29799
1999-04-14,0,-0.66537,1.13615,1.13615,0.66537,5,1.31664
1999-04-15,0,-0.67366,1.09011,1.09011,0.67366,5,1.28147
1999-04-16,0,-0.72982,0.98979,0.98979,0.72982,5,1.22976
1999-04-17,0,-0.75274,0.82455,0.82455,0.75274,5,1.11646
1999-04-18,0,-0.82906,0.59466,0.59466,0.82906,6,1.02028
1999-04-19,0,-0.93327,0.33754,0.33754,0.93327,6,0.99244
1999-04-20,0,-1.06571,0.00625,0.00625,1.06571,6,1.06573
1999-04-21,0,-1.164,-0.33475,-0.33475,1.164,7,1.21118
1999-04-22,0,-1.29063,-0.68616,-0.68616,1.29063,7,1.46169
1999-04-23,0,-1.34946,-0.96829,-0.96829,1.34946,7,1.66092
1999-04-24,0,-1.33895,-1.14717,-1.14717,1.33895,7,1.76318
1999-04-25,0,-1.25829,-1.24066,-1.24066,1.25829,7,1.76707
1999-04-26,0,-1.21983,-1.3364,-1.3364,1.21983,8,1.80941
1999-04-27,0,-1.14905,-1.45848,-1.45848,1.14905,8,1.85674
1999-04-28,0,-1.0214,-1.52173,-1.52173,1.0214,8,1.83274
1999-04-29,0,-0.85797,-1.52937,-1.52937,0.85797,8,1.75359
1999-04-30,0,-0.59941,-1.50048,-1.50048,0.59941,8,1.61578
1999-05-01,0,-0.35623,-1.45395,-1.45395,0.35623,8,1.49696
1999-05-02,0,-0.13223,-1.42187,-1.42187,0.13223,8,1.42801
1999-05-03,0,0.07754,-1.44315,-1.44315,-0.07754,1,1.44523
1999-05-04,0,0.2251,-1.51501,-1.51501,-0.2251,1,1.53165
1999-05-05,0,0.36358,-1.56773,-1.56773,-0.36358,1,1.60934
1999-05-06,0,0.50881,-1.50872,-1.50872,-0.50881,1,1.59221
1999-05-07,0,0.64497,-1.50936,-1.50936,-0.64497,1,1.64139
1999-05-08,0,0.72286,-1.52724,-1.52724,-0.72286,1,1.68968
1999-05-09,0,0.69862,-1.51255,-1.51255,-0.69862,1,1.66609
1999-05-10,0,0.70718,-1.44614,-1.44614,-0.70718,1,1.60979
1999-05-11,0,0.75849,-1.38889,-1.38889,-0.75849,1,1.58251
1999-05-12,0,0.77364,-1.37963,-1.37963,-0.77364,1,1.58174
1999-05-13,0,0.77425,-1.35144,-1.35144,-0.77425,1,1.55751
1999-05-14,0,0.8255,-1.2256,-1.2256,-0.8255,1,1.47769
1999-05-15,0,0.8239,-1.06519,-1.06519,-0.8239,1,1.34664
1999-05-16,0,0.78059,-0.88792,-0.88792,-0.78059,1,1.18225
1999-05-17,0,0.7629,-0.73431,-0.73431,-0.7629,2,1.05889
1999-05-18,0,0.74158,-0.61064,-0.61064,-0.74158,2,0.96064
1999-05-19,0,0.66458,-0.43479,-0.43479,-0.66458,2,0.79417
1999-05-20,0,0.55391,-0.17108,-0.17108,-0.55391,2,0.57973
1999-05-21,0,0.48148,0.06251,0.06251,-0.48148,3,0.48552
1999-05-22,0,0.39204,0.23375,0.23375,-0.39204,3,0.45644
1999-05-23,0,0.27239,0.32543,0.32543,-0.27239,4,0.42438
1999-05-24,0,0.18647,0.3324,0.3324,-0.18647,4,0.38114
1999-05-25,0,0.04607,0.30256,0.30256,-0.04607,4,0.30604
1999-05-26,0,-0.12327,0.26935,0.26935,0.12327,5,0.29622
1999-05-27,0,-0.3298,0.29305,0.29305,0.3298,6,0.44119
1999-05-28,0,-0.57925,0.25731,0.25731,0.57925,6,0.63383
1999-05-29,0,-0.76958,0.12031,0.12031,0.76958,6,0.77893
1999-05-30,0,-0.97285,0.08128,0.08128,0.97285,6,0.97624
1999-05-31,0,-1.11856,0.06057,0.06057,1.11856,6,1.1202
1999-06-01,0,-1.21144,0.0648,0.0648,1.21144,6,1.21317
1999-06-02,0,-1.24976,0.07648,0.07648,1.24976,6,1.25209
1999-06-03,0,-1.25981,0.12242,0.12242,1.25981,6,1.26574
1999-06-04,0,-1.24586,0.21635,0.21635,1.24586,6,1.26451
1999-06-05,0,-1.13718,0.33242,0.33242,1.13718,6,1.18477
1999-06-06,0,-0.94252,0.41005,0.41005,0.94252,6,1.02786
1999-06-07,0,-0.79566,0.44565,0.44565,0.79566,6,0.91196
1999-06-08,0,-0.61849,0.43239,0.43239,0.61849,6,0.75465
1999-06-09,0,-0.53162,0.45217,0.45217,0.53162,6,0.69791
1999-06-10,0,-0.52805,0.44874,0.44874,0.52805,6,0.69297
1999-06-11,0,-0.48189,0.43821,0.43821,0.48189,6,0.65134
1999-06-12,0,-0.40515,0.40819,0.40819,0.40515,5,0.57513
1999-06-13,0,-0.38563,0.29393,0.29393,0.38563,6,0.48488
1999-06-14,0,-0.42471,0.08691,0.08691,0.42471,6,0.43351
1999-06-15,0,-0.44571,-0.10387,-0.10387,0.44571,7,0.45765
1999-06-16,0,-0.49878,-0.27532,-0.27532,0.49878,7,0.56972
1999-06-17,0,-0.5992,-0.41735,-0.41735,0.5992,7,0.73022
1999-06-18,0,-0.59627,-0.5938,-0.5938,0.59627,7,0.84151
1999-06-19,0,-0.45725,-0.79381,-0.79381,0.45725,8,0.91608
1999-06-20,0,-0.32003,-0.99337,-0.99337,0.32003,8,1.04365
1999-06-21,0,-0.1886,-1.14146,-1.14146,0.1886,8,1.15693
1999-06-22,0,-0.08605,-1.25024,-1.25024,0.08605,8,1.2532
1999-06-23,0,0.04042,-1.30452,-1.30452,-0.04042,1,1.30515
1999-06-24,0,0.25563,-1.38309,-1.38309,-0.25563,1,1.40652
1999-06-25,0,0.47622,-1.46032,-1.46032,-0.47622,1,1.53601
1999-06-26,0,0.70988,-1.50525,-1.50525,-0.70988,1,1.66424
1999-06-27,0,0.93716,-1.49758,-1.49758,-0.93716,1,1.76663
1999-06-28,0,1.12703,-1.47752,-1.47752,-1.12703,1,1.85829
1999-06-29,0,1.2955,-1.38067,-1.38067,-1.2955,1,1.8933
1999-06-30,0,1.41027,-1.24858,-1.24858,-1.41027,2,1.88356
1999-07-01,0,1.61121,-1.05598,-1.05598,-1.61121,2,1.92642
1999-07-02,0,1.82081,-0.8966,-0.8966,-1.82081,2,2.02959
1999-07-03,0,1.8907,-0.67608,-0.67608,-1.8907,2,2.00794
1999-07-04,0,1.87082,-0.48145,-0.48145,-1.87082,2,1.93177
1999-07-05,0,1.79545,-0.3097,-0.3097,-1.79545,2,1.82197
1999-07-06,0,1.64461,-0.1574,-0.1574,-1.64461,2,1.65212
1999-07-07,0,1.46089,0.00158,0.00158,-1.46089,3,1.46089
1999-07-08,0,1.2003,0.11849,0.11849,-1.2003,3,1.20613
1999-07-09,0,0.98972,0.19869,0.19869,-0.98972,3,1.00946
1999-07-10,0,0.82319,0.24768,0.24768,-0.82319,3,0.85964
1999-07-11,0,0.64011,0.30626,0.30626,-0.64011,3,0.70961
1999-07-12,0,0.41788,0.30228,0.30228,-0.41788,3,0.51575
1999-07-13,0,0.22545,0.37963,0.37963,-0.22545,4,0.44153
1999-07-14,0,0.04592,0.45544,0.45544,-0.04592,4,0.45775
1999-07-15,0,-0.1255,0.51247,0.51247,0.1255,5,0.52761
1999-07-16,0,-0.31881,0.58732,0.58732,0.31881,5,0.66827
1999-07-17,0,-0.4502,0.64786,0.64786,0.4502,5,0.78892
1999-07-18,0,-0.56861,0.69919,0.69919,0.56861,5,0.90122
1999-07-19,0,-0.76763,0.70246,0.70246,0.76763,6,1.04053
1999-07-20,0,-1.00442,0.67677,0.67677,1.00442,6,1.21115
1999-07-21,0,-1.13201,0.67988,0.67988,1.13201,6,1.32049
1999-07-22,0,-1.17191,0.61245,0.61245,1.17191,6,1.3223
1999-07-23,0,-1.26686,0.50471,0.50471,1.26686,6,1.36369
1999-07-24,0,-1.32712,0.42506,0.42506,1.32712,6,1.39353
1999-07-25,0,-1.31949,0.27663,0.27663,1.31949,6,1.34817
1999-07-26,0,-1.25405,0.10393,0.10393,1.25405,6,1.25835
1999-07-27,0,-1.20061,-0.06463,-0.06463,1.20061,7,1.20235
1999-07-28,0,-1.15406,-0.12351,-0.12351,1.15406,7,1.16065
1999-07-29,0,-1.07944,-0.14467,-0.14467,1.07944,7,1.08909
1999-07-30,0,-1.04651,-0.19286,-0.19286,1.04651,7,1.06413
1999-07-31,0,-1.04806,-0.25091,-0.25091,1.04806,7,1.07768
1999-08-01,0,-0.9185,-0.26375,-0.26375,0.9185,7,0.95561
1999-08-02,0,-0.68448,-0.29171,-0.29171,0.68448,7,0.74405
1999-08-03,0,-0.48117,-0.32053,-0.32053,0.48117,7,0.57815
1999-08-04,0,-0.34168,-0.38776,-0.38776,0.34168,8,0.51682
1999-08-05,0,-0.30639,-0.41552,-0.41552,0.30639,8,0.51627
1999-08-06,0,-0.22353,-0.4365,-0.4365,0.22353,8,0.4904
1999-08-07,0,-0.13852,-0.43795,-0.43795,0.13852,8,0.45933
1999-08-08,0,-0.01796,-0.45204,-0.45204,0.01796,8,0.4524
1999-08-09,0,0.11372,-0.4489,-0.4489,-0.11372,1,0.46308
1999-08-10,0,0.19662,-0.41132,-0.41132,-0.19662,1,0.4559
1999-08-11,0,0.2297,-0.36205,-0.36205,-0.2297,1,0.42877
1999-08-12,0,0.27536,-0.2505,-0.2505,-0.27536,2,0.37226
1999-08-13,0,0.37027,-0.14337,-0.14337,-0.37027,2,0.39705
1999-08-14,0,0.51436,-0.08626,-0.08626,-0.51436,2,0.52154
1999-08-15,0,0.67218,-0.08255,-0.08255,-0.67218,2,0.67723
1999-08-16,0,0.83817,-0.09155,-0.09155,-0.83817,2,0.84316
1999-08-17,0,1.04688,-0.07564,-0.07564,-1.04688,2,1.04961
1999-08-18,0,1.18432,0.01176,0.01176,-1.18432,3,1.18438
1999-08-19,0,1.23111,0.15716,0.15716,-1.23111,3,1.2411
1999-08-20,0,1.22832,0.34109,0.34109,-1.22832,3,1.2748
1999-08-21,0,1.22316,0.46633,0.46633,-1.22316,3,1.30904
1999-08-22,0,1.12011,0.61452,0.61452,-1.12011,3,1.2776
1999-08-23,0,1.01563,0.80014,0.80014,-1.01563,3,1.29295
1999-08-24,0,0.84634,0.97325,0.97325,-0.84634,4,1.28977
1999-08-25,0,0.62786,1.05841,1.05841,-0.62786,4,1.23063
1999-08-26,0,0.35937,1.08096,1.08096,-0.35937,4,1.13913
1999-08-27,0,0.108,1.02497,1.02497,-0.108,4,1.03064
1999-08-28,0,0.00063,0.89028,0.89028,-0.00063,4,0.89028
1999-08-29,0,-0.07189,0.71614,0.71614,0.07189,5,0.71974
1999-08-30,0,-0.12478,0.5793,0.5793,0.12478,5,0.59259
1999-08-31,0,-0.10336,0.43486,0.43486,0.10336,5,0.44697
1999-09-01,0,-0.13347,0.30056,0.30056,0.13347,5,0.32886
1999-09-02,0,-0.18324,0.17462,0.17462,0.18324,6,0.25312
1999-09-03,0,-0.20123,0.11686,0.11686,0.20123,6,0.2327
1999-09-04,0,-0.21658,0.04079,0.04079,0.21658,6,0.22039
1999-09-05,0,-0.17933,-0.03435,-0.03435,0.17933,7,0.18259
1999-09-06,0,-0.22946,-0.10091,-0.10091,0.22946,7,0.25067
1999-09-07,0,-0.31228,-0.15671,-0.15671,0.31228,7,0.3494
1999-09-08,0,-0.36805,-0.27695,-0.27695,0.36805,7,0.46061
1999-09-09,0,-0.41239,-0.38079,-0.38079,0.41239,7,0.56131
1999-09-10,0,-0.41953,-0.50961,-0.50961,0.41953,8,0.66009
1999-09-11,0,-0.41976,-0.65913,-0.65913,0.41976,8,0.78145
1999-09-12,0,-0.29687,-0.82655,-0.82655,0.29687,8,0.87825
1999-09-13,0,-0.16196,-0.92414,-0.92414,0.16196,8,0.93822
1999-09-14,0,-0.04687,-0.99773,-0.99773,0.04687,8,0.99883
1999-09-15,0,0.09772,-1.035,-1.035,-0.09772,1,1.0396
1999-09-16,0,0.29348,-0.99515,-0.99515,-0.29348,1,1.03752
1999-09-17,0,0.39047,-0.95733,-0.95733,-0.39047,1,1.0339
1999-09-18,0,0.41893,-1.00107,-1.00107,-0.41893,1,1.08519
1999-09-19,0,0.54136,-0.98013,-0.98013,-0.54136,1,1.1197
1999-09-20,0,0.72779,-0.87451,-0.87451,-0.72779,1,1.13774
1999-09-21,0,0.86672,-0.67362,-0.67362,-0.86672,2,1.09771
1999-09-22,0,0.96455,-0.43141,-0.43141,-0.96455,2,1.05664
1999-09-23,0,1.08367,-0.1089,-0.1089,-1.08367,2,1.08913
1999-09-24,0,1.19471,0.13974,0.13974,-1.19471,3,1.20285
1999-09-25,0,1.26685,0.27696,0.27696,-1.26685,3,1.29677
1999-09-26,0,1.37018,0.39475,0.39475,-1.37018,3,1.42591
1999-09-27,0,1.4648,0.54737,0.54737,-1.4648,3,1.56373
1999-09-28,0,1.49467,0.62723,0.62723,-1.49467,3,1.62094
1999-09-29,0,1.50288,0.6353,0.6353,-1.50288,3,1.63164
1999-09-30,0,1.49966,0.55953,0.55953,-1.49966,3,1.60064
1999-10-01,0,1.43492,0.4154,0.4154,-1.43492,3,1.49384
1999-10-02,0,1.33418,0.229,0.229,-1.33418,3,1.35369
1999-10-03,0,1.25167,0.14383,0.14383,-1.25167,3,1.25991
1999-10-04,0,1.20146,0.07721,0.07721,-1.20146,3,1.20394
1999-10-05,0,1.0916,0.05411,0.05411,-1.0916,3,1.09294
1999-10-06,0,1.00927,0.11757,0.11757,-1.00927,3,1.0161
1999-10-07,0,0.87572,0.21389,0.21389,-0.87572,3,0.90147
1999-10-08,0,0.73925,0.35949,0.35949,-0.73925,3,0.82202
1999-10-09,0,0.50698,0.55349,0.55349,-0.50698,4,0.75059
1999-10-10,0,0.21701,0.77561,0.77561,-0.21701,4,0.8054
1999-10-11,0,-0.08553,0.89271,0.89271,0.08553,5,0.8968
1999-10-12,0,-0.35543,0.91088,0.91088,0.35543,5,0.97777
1999-10-13,0,-0.64483,0.89151,0.89151,0.64483,5,1.10027
1999-10-14,0,-0.87615,0.87342,0.87342,0.87615,6,1.23713
1999-10-15,0,-1.01133,0.84886,0.84886,1.01133,6,1.32036
1999-10-16,0,-1.02688,0.87011,0.87011,1.02688,6,1.34595
1999-10-17,0,-1.0977,0.90845,0.90845,1.0977,6,1.42486
1999-10-18,0,-1.20705,0.91014,0.91014,1.20705,6,1.51173
1999-10-19,0,-1.24196,0.91388,0.91388,1.24196,6,1.54196
1999-10-20,0,-1.25002,0.96912,0.96912,1.25002,6,1.58169
1999-10-21,0,-1.30952,0.95201,0.95201,1.30952,6,1.619
1999-10-22,0,-1.40268,0.95774,0.95774,1.40268,6,1.69846
1999-10-23,0,-1.48451,0.9937,0.9937,1.48451,6,1.78639
1999-10-24,0,-1.62037,0.98883,0.98883,1.62037,6,1.89826
1999-10-25,0,-1.81781,0.93641,0.93641,1.81781,6,2.04483
1999-10-26,0,-1.94885,0.85542,0.85542,1.94885,6,2.12833
1999-10-27,0,-2.01437,0.79719,0.79719,2.01437,6,2.16638
1999-10-28,0,-2.10388,0.72148,0.72148,2.10388,6,2.22415
1999-10-29,0,-2.23368,0.61714,0.61714,2.23368,6,2.31737
1999-10-30,0,-2.33233,0.47755,0.47755,2.33233,6,2.38072
1999-10-31,0,-2.35466,0.3675,0.3675,2.35466,6,2.38317
1999-11-01,0,-2.31232,0.21455,0.21455,2.31232,6,2.32225
1999-11-02,0,-2.22765,0.03964,0.03964,2.22765,6,2.228
1999-11-03,0,-2.13963,-0.06791,-0.06791,2.13963,7,2.14071
1999-11-04,0,-2.09479,-0.21057,-0.21057,2.09479,7,2.10535
1999-11-05,0,-2.00207,-0.40485,-0.40485,2.00207,7,2.04259
1999-11-06,0,-1.83389,-0.56401,-0.56401,1.83389,7,1.91866
1999-11-07,0,-1.6355,-0.66203,-0.66203,1.6355,7,1.76441
1999-11-08,0,-1.426,-0.64284,-0.64284,1.426,7,1.5642
1999-11-09,0,-1.16402,-0.66503,-0.66503,1.16402,7,1.3406
1999-11-10,0,-0.92347,-0.65448,-0.65448,0.92347,7,1.13187
1999-11-11,0,-0.74603,-0.59358,-0.59358,0.74603,7,0.95336
1999-11-12,0,-0.59895,-0.56732,-0.56732,0.59895,7,0.82498
1999-11-13,0,-0.43897,-0.52884,-0.52884,0.43897,8,0.68729
1999-11-14,0,-0.25356,-0.52356,-0.52356,0.25356,8,0.58173
1999-11-15,0,-0.09476,-0.52948,-0.52948,0.09476,8,0.5379
1999-11-16,0,0.07174,-0.6255,-0.6255,-0.07174,1,0.6296
1999-11-17,0,0.17431,-0.69878,-0.69878,-0.17431,1,0.72019
1999-11-18,0,0.22609,-0.75517,-0.75517,-0.22609,1,0.78828
1999-11-19,0,0.3493,-0.83628,-0.83628,-0.3493,1,0.9063
1999-11-20,0,0.58602,-0.8058,-0.8058,-0.58602,1,0.99637
1999-11-21,0,0.85684,-0.66365,-0.66365,-0.85684,2,1.08379
1999-11-22,0,1.0965,-0.57414,-0.57414,-1.0965,2,1.23772
1999-11-23,0,1.22974,-0.50633,-0.50633,-1.22974,2,1.3299
1999-11-24,0,1.27928,-0.45959,-0.45959,-1.27928,2,1.35933
1999-11-25,0,1.2877,-0.42563,-0.42563,-1.2877,2,1.35622
1999-11-26,0,1.33672,-0.47292,-0.47292,-1.33672,2,1.41791
1999-11-27,0,1.37379,-0.49217,-0.49217,-1.37379,2,1.4593
1999-11-28,0,1.3106,-0.47839,-0.47839,-1.3106,2,1.39518
1999-11-29,0,1.15006,-0.39373,-0.39373,-1.15006,2,1.21559
1999-11-30,0,0.957,-0.34553,-0.34553,-0.957,2,1.01747
1999-12-01,0,0.75602,-0.19673,-0.19673,-0.75602,2,0.78119
1999-12-02,0,0.59366,0.04283,0.04283,-0.59366,3,0.59521
1999-12-03,0,0.43398,0.29142,0.29142,-0.43398,3,0.52274
1999-12-04,0,0.34698,0.57067,0.57067,-0.34698,4,0.66787
1999-12-05,0,0.26275,0.88278,0.88278,-0.26275,4,0.92105
1999-12-06,0,0.20468,1.20681,1.20681,-0.20468,4,1.22405
1999-12-07,0,0.22457,1.48064,1.48064,-0.22457,4,1.49757
1999-12-08,0,0.23588,1.62946,1.62946,-0.23588,4,1.64644
1999-12-09,0,0.2746,1.77761,1.77761,-0.2746,4,1.79869
1999-12-10,0,0.23422,1.82722,1.82722,-0.23422,4,1.84217
1999-12-11,0,0.13571,1.76908,1.76908,-0.13571,4,1.77428
1999-12-12,0,0.02827,1.61783,1.61783,-0.02827,4,1.61807
1999-12-13,0,-0.15353,1.46988,1.46988,0.15353,5,1.47788
1999-12-14,0,-0.28583,1.30739,1.30739,0.28583,5,1.33827
1999-12-15,0,-0.40779,1.07958,1.07958,0.40779,5,1.15403
1999-12-16,0,-0.47581,0.80715,0.80715,0.47581,5,0.93696
1999-12-17,0,-0.45975,0.58812,0.58812,0.45975,5,0.7465
1999-12-18,0,-0.42692,0.34554,0.34554,0.42692,6,0.54924
1999-12-19,0,-0.33788,0.18627,0.18627,0.33788,6,0.38582
1999-12-20,0,-0.2643,0.03331,0.03331,0.2643,6,0.26639
1999-12-21,0,-0.15968,-0.11064,-0.11064,0.15968,7,0.19427
1999-12-22,0,-0.0216,-0.27535,-0.27535,0.0216,8,0.27619
1999-12-23,0,0.07464,-0.46087,-0.46087,-0.07464,1,0.46688
1999-12-24,0,0.16818,-0.63841,-0.63841,-0.16818,1,0.66019
1999-12-25,0,0.23084,-0.71163,-0.71163,-0.23084,1,0.74814
1999-12-26,0,0.35089,-0.74317,-0.74317,-0.35089,1,0.82184
1999-12-27,0,0.48378,-0.74333,-0.74333,-0.48378,1,0.8869
1999-12-28,0,0.6396,-0.79226,-0.79226,-0.6396,1,1.01822
1999-12-29,0,0.80775,-0.75734,-0.75734,-0.80775,2,1.10726
1999-12-30,0,0.94877,-0.67698,-0.67698,-0.94877,2,1.16553
1999-12-31,0,1.06132,-0.63318,-0.63318,-1.06132,2,1.23584
2000-01-01,0,1.16636,-0.61081,-0.61081,-1.16636,2,1.31662
2000-01-02,0,1.20948,-0.55713,-0.55713,-1.20948,2,1.33163
2000-01-03,0,1.18276,-0.57041,-0.57041,-1.18276,2,1.31312
2000-01-04,0,1.06812,-0.63009,-0.63009,-1.06812,2,1.24012
2000-01-05,0,0.88352,-0.60794,-0.60794,-0.88352,2,1.07247
2000-01-06,0,0.63487,-0.51178,-0.51178,-0.63487,2,0.81546
2000-01-07,0,0.39347,-0.44218,-0.44218,-0.39347,1,0.5919
2000-01-08,0,0.27937,-0.4467,-0.4467,-0.27937,1,0.52687
2000-01-09,0,0.20638,-0.45296,-0.45296,-0.20638,1,0.49776
2000-01-10,0,0.12755,-0.3246,-0.3246,-0.12755,1,0.34876
2000-01-11,0,0.12369,-0.19837,-0.19837,-0.12369,1,0.23377
2000-01-12,0,0.2005,-0.06398,-0.06398,-0.2005,2,0.21046
2000-01-13,0,0.30374,0.05578,0.05578,-0.30374,3,0.30882
2000-01-14,0,0.34633,0.07052,0.07052,-0.34633,3,0.35344
2000-01-15,0,0.39157,0.1029,0.1029,-0.39157,3,0.40487
2000-01-16,0,0.47493,0.18199,0.18199,-0.47493,3,0.5086
2000-01-17,0,0.50518,0.2646,0.2646,-0.50518,3,0.57028
2000-01-18,0,0.44688,0.30274,0.30274,-0.44688,3,0.53977
2000-01-19,0,0.39783,0.25386,0.25386,-0.39783,3,0.47193
2000-01-20,0,0.31157,0.26204,0.26204,-0.31157,3,0.40711
2000-01-21,0,0.16948,0.26501,0.26501,-0.16948,4,0.31457
2000-01-22,0,0.02632,0.28866,0.28866,-0.02632,4,0.28986
2000-01-23,0,-0.03317,0.31601,0.31601,0.03317,5,0.31774
2000-01-24,0,-0.07194,0.30496,0.30496,0.07194,5,0.31333
2000-01-25,0,-0.17198,0.2673,0.2673,0.17198,5,0.31784
2000-01-26,0,-0.30327,0.3096,0.3096,0.30327,5,0.43339
2000-01-27,0,-0.3166,0.4098,0.4098,0.3166,5,0.51785
2000-01-28,0,-0.27801,0.49933,0.49933,0.27801,5,0.57151
2000-01-29,0,-0.21629,0.53527,0.53527,0.21629,5,0.57731
2000-01-30,0,-0.09972,0.64061,0.64061,0.09972,5,0.64833
2000-01-31,0,-0.00024,0.70389,0.70389,0.00024,5,0.70389
2000-02-01,0,0.02703,0.71994,0.71994,-0.02703,4,0.72044
2000-02-02,0,0.02498,0.68663,0.68663,-0.02498,4,0.68709
2000-02-03,0,0.03479,0.69512,0.69512,-0.03479,4,0.69599
2000-02-04,0,0.03342,0.73349,0.73349,-0.03342,4,0.73425
2000-02-05,0,0.0283,0.78039,0.78039,-0.0283,4,0.7809
2000-02-06,0,0.01041,0.77637,0.77637,-0.01041,4,0.77644
2000-02-07,0,-0.00113,0.70274,0.70274,0.00113,5,0.70274
2000-02-08,0,-0.00076,0.60374,0.60374,0.00076,5,0.60374
2000-02-09,0,0.00137,0.52193,0.52193,-0.00137,4,0.52193
2000-02-10,0,0.14816,0.45611,0.45611,-0.14816,4,0.47957
2000-02-11,0,0.37462,0.39639,0.39639,-0.37462,4,0.5454
2000-02-12,0,0.5515,0.26158,0.26158,-0.5515,3,0.61039
2000-02-13,0,0.69152,0.05991,0.05991,-0.69152,3,0.69411
2000-02-14,0,0.78083,-0.15722,-0.15722,-0.78083,2,0.7965
2000-02-15,0,0.88515,-0.32049,-0.32049,-0.88515,2,0.94139
2000-02-16,0,1.03127,-0.42662,-0.42662,-1.03127,2,1.11603
2000-02-17,0,1.05927,-0.51585,-0.51585,-1.05927,2,1.1782
2000-02-18,0,1.01713,-0.47299,-0.47299,-1.01713,2,1.12172
2000-02-19,0,0.96632,-0.35816,-0.35816,-0.96632,2,1.03056
2000-02-20,0,0.88871,-0.21357,-0.21357,-0.88871,2,0.91402
2000-02-21,0,0.84379,-0.07716,-0.07716,-0.84379,2,0.84731
2000-02-22,0,0.78899,0.10228,0.10228,-0.78899,3,0.79559
2000-02-23,0,0.67314,0.34844,0.34844,-0.67314,3,0.75797
2000-02-24,0,0.47528,0.55545,0.55545,-0.47528,4,0.73104
2000-02-25,0,0.24147,0.70315,0.70315,-0.24147,4,0.74346
2000-02-26,0,0.11741,0.80666,0.80666,-0.11741,4,0.81516
2000-02-27,0,0.05813,0.78153,0.78153,-0.05813,4,0.78369
2000-02-28,0,0.02579,0.78221,0.78221,-0.02579,4,0.78264
2000-02-29,0,0.02949,0.75701,0.75701,-0.02949,4,0.75758
2000-03-01,0,-0.03285,0.66828,0.66828,0.03285,5,0.66909
2000-03-02,0,-0.10311,0.54419,0.54419,0.10311,5,0.55387
2000-03-03,0,-0.1707,0.41542,0.41542,0.1707,5,0.44912
2000-03-04,0,-0.26946,0.31654,0.31654,0.26946,5,0.4157
2000-03-05,0,-0.46706,0.21532,0.21532,0.46706,6,0.51431
2000-03-06,0,-0.65614,0.20539,0.20539,0.65614,6,0.68754
2000-03-07,0,-0.79435,0.26393,0.26393,0.79435,6,0.83705
2000-03-08,0,-0.94752,0.32122,0.32122,0.94752,6,1.00049
2000-03-09,0,-1.12293,0.44071,0.44071,1.12293,6,1.20631
2000-03-10,0,-1.15343,0.57815,0.57815,1.15343,6,1.29021
2000-03-11,0,-1.15286,0.71226,0.71226,1.15286,6,1.35514
2000-03-12,0,-1.07007,0.76358,0.76358,1.07007,6,1.31457
2000-03-13,0,-0.9898,0.75022,0.75022,0.9898,6,1.24198
2000-03-14,0,-0.93701,0.7182,0.7182,0.93701,6,1.1806
2000-03-15,0,-0.92505,0.50583,0.50583,0.92505,6,1.05432
2000-03-16,0,-0.81838,0.24119,0.24119,0.81838,6,0.85318
2000-03-17,0,-0.7043,-0.00286,-0.00286,0.7043,7,0.7043
2000-03-18,0,-0.58764,-0.19959,-0.19959,0.58764,7,0.62061
2000-03-19,0,-0.50178,-0.35243,-0.35243,0.50178,7,0.61318
2000-03-20,0,-0.4565,-0.52826,-0.52826,0.4565,8,0.69818
2000-03-21,0,-0.52943,-0.70827,-0.70827,0.52943,8,0.88427
2000-03-22,0,-0.62035,-0.80002,-0.80002,0.62035,8,1.01236
2000-03-23,0,-0.65106,-0.87334,-0.87334,0.65106,8,1.08931
2000-03-24,0,-0.67722,-0.89049,-0.89049,0.67722,8,1.11875
2000-03-25,0,-0.74033,-0.86677,-0.86677,0.74033,8,1.1399
2000-03-26,0,-0.73995,-0.81761,-0.81761,0.73995,8,1.10273
2000-03-27,0,-0.71594,-0.7867,-0.7867,0.71594,8,1.0637
2000-03-28,0,-0.67036,-0.74285,-0.74285,0.67036,8,1.0006
2000-03-29,0,-0.55997,-0.70381,-0.70381,0.55997,8,0.89939
2000-03-30,0,-0.46462,-0.62317,-0.62317,0.46462,8,0.77731
2000-03-31,0,-0.40941,-0.58852,-0.58852,0.40941,8,0.71692
2000-04-01,0,-0.31851,-0.58309,-0.58309,0.31851,8,0.66441
2000-04-02,0,-0.17566,-0.54332,-0.54332,0.17566,8,0.57102
2000-04-03,0,-0.02956,-0.47963,-0.47963,0.02956,8,0.48054
2000-04-04,0,0.10474,-0.39872,-0.39872,-0.10474,1,0.41224
2000-04-05,0,0.22504,-0.3139,-0.3139,-0.22504,1,0.38623
2000-04-06,0,0.29163,-0.23505,-0.23505,-0.29163,2,0.37456
2000-04-07,0,0.27744,-0.12252,-0.12252,-0.27744,2,0.30328
2000-04-08,0,0.28173,-0.03026,-0.03026,-0.28173,2,0.28335
2000-04-09,0,0.29985,0.06735,0.06735,-0.29985,3,0.30732
2000-04-10,0,0.23664,0.15447,0.15447,-0.23664,3,0.28259
2000-04-11,0,0.1124,0.2304,0.2304,-0.1124,4,0.25635
2000-04-12,0,-0.00978,0.27724,0.27724,0.00978,5,0.27741
2000-04-13,0,-0.12198,0.30188,0.30188,0.12198,5,0.32559
2000-04-14,0,-0.23845,0.3379,0.3379,0.23845,5,0.41357
2000-04-15,0,-0.31488,0.31689,0.31689,0.31488,5,0.44673
2000-04-16,0,-0.32544,0.27099,0.27099,0.32544,6,0.42349
2000-04-17,0,-0.33548,0.27127,0.27127,0.33548,6,0.43143
2000-04-18,0,-0.38356,0.23786,0.23786,0.38356,6,0.45133
2000-04-19,0,-0.36471,0.23827,0.23827,0.36471,6,0.43565
2000-04-20,0,-0.29299,0.17657,0.17657,0.29299,6,0.34208
2000-04-21,0,-0.19508,0.11813,0.11813,0.19508,6,0.22805
2000-04-22,0,-0.2054,0.09377,0.09377,0.2054,6,0.22579
2000-04-23,0,-0.20526,0.10024,0.10024,0.20526,6,0.22843
2000-04-24,0,-0.21243,0.14732,0.14732,0.21243,6,0.25851
2000-04-25,0,-0.24986,0.16128,0.16128,0.24986,6,0.29739
2000-04-26,0,-0.30345,0.12515,0.12515,0.30345,6,0.32824
2000-04-27,0,-0.36716,0.1425,0.1425,0.36716,6,0.39384
2000-04-28,0,-0.52261,0.16082,0.16082,0.52261,6,0.5468
2000-04-29,0,-0.71356,0.23134,0.23134,0.71356,6,0.75013
2000-04-30,0,-0.90276,0.2619,0.2619,0.90276,6,0.93998
2000-05-01,0,-1.04644,0.27453,0.27453,1.04644,6,1.08185
2000-05-02,0,-1.18812,0.2515,0.2515,1.18812,6,1.21445
2000-05-03,0,-1.33942,0.17984,0.17984,1.33942,6,1.35144
2000-05-04,0,-1.47522,0.1224,0.1224,1.47522,6,1.48029
2000-05-05,0,-1.53593,-0.03891,-0.03891,1.53593,7,1.53642
2000-05-06,0,-1.55874,-0.21946,-0.21946,1.55874,7,1.57411
2000-05-07,0,-1.49643,-0.35961,-0.35961,1.49643,7,1.53903
2000-05-08,0,-1.44804,-0.51021,-0.51021,1.44804,7,1.5353
2000-05-09,0,-1.39467,-0.65017,-0.65017,1.39467,7,1.53877
2000-05-10,0,-1.24599,-0.82008,-0.82008,1.24599,7,1.49165
2000-05-11,0,-1.11865,-0.94853,-0.94853,1.11865,7,1.46665
2000-05-12,0,-0.90502,-0.98006,-0.98006,0.90502,8,1.33401
2000-05-13,0,-0.71628,-0.95071,-0.95071,0.71628,8,1.19034
2000-05-14,0,-0.61753,-0.82618,-0.82618,0.61753,8,1.03147
2000-05-15,0,-0.51625,-0.75832,-0.75832,0.51625,8,0.91737
2000-05-16,0,-0.44017,-0.77464,-0.77464,0.44017,8,0.89097
2000-05-17,0,-0.39181,-0.84689,-0.84689,0.39181,8,0.93313
2000-05-18,0,-0.3144,-0.88964,-0.88964,0.3144,8,0.94356
2000-05-19,0,-0.29754,-0.87117,-0.87117,0.29754,8,0.92058
2000-05-20,0,-0.20918,-0.8446,-0.8446,0.20918,8,0.87012
2000-05-21,0,-0.12937,-0.83625,-0.83625,0.12937,8,0.84619
2000-05-22,0,0.01558,-0.86213,-0.86213,-0.01558,1,0.86227
2000-05-23,0,0.23655,-0.83426,-0.83426,-0.23655,1,0.86715
2000-05-24,0,0.45083,-0.71265,-0.71265,-0.45083,1,0.84328
2000-05-25,0,0.63581,-0.5508,-0.5508,-0.63581,2,0.84121
2000-05-26,0,0.91698,-0.24169,-0.24169,-0.91698,2,0.9483
2000-05-27,0,1.13911,0.03963,0.03963,-1.13911,3,1.1398
2000-05-28,0,1.42346,0.28186,0.28186,-1.42346,3,1.4511
2000-05-29,0,1.6756,0.40599,0.40599,-1.6756,3,1.72409
2000-05-30,0,1.7997,0.52918,0.52918,-1.7997,3,1.87588
2000-05-31,0,1.84374,0.68524,0.68524,-1.84374,3,1.96696
2000-06-01,0,1.82405,0.77333,0.77333,-1.82405,3,1.98121
2000-06-02,0,1.77664,0.79134,0.79134,-1.77664,3,1.94491
2000-06-03,0,1.73,0.80627,0.80627,-1.73,3,1.90866
2000-06-04,0,1.57487,0.72297,0.72297,-1.57487,3,1.73289
2000-06-05,0,1.34932,0.63815,0.63815,-1.34932,3,1.49261
2000-06-06,0,1.12017,0.47559,0.47559,-1.12017,3,1.21695
2000-06-07,0,0.94754,0.32174,0.32174,-0.94754,3,1.00067
2000-06-08,0,0.75905,0.2013,0.2013,-0.75905,3,0.78529
2000-06-09,0,0.55899,0.10621,0.10621,-0.55899,3,0.56899
2000-06-10,0,0.29294,0.00199,0.00199,-0.29294,3,0.29294
2000-06-11,0,0.04047,-0.05472,-0.05472,-0.04047,1,0.06806
2000-06-12,0,-0.10601,-0.12475,-0.12475,0.10601,8,0.16372
2000-06-13,0,-0.2027,-0.18741,-0.18741,0.2027,7,0.27606
2000-06-14,0,-0.10495,-0.21337,-0.21337,0.10495,8,0.23778
2000-06-15,0,-0.07009,-0.2296,-0.2296,0.07009,8,0.24006
2000-06-16,0,-0.1678,-0.21325,-0.21325,0.1678,8,0.27135
2000-06-17,0,-0.2041,-0.17612,-0.17612,0.2041,7,0.26958
2000-06-18,0,-0.15387,-0.18905,-0.18905,0.15387,8,0.24376
2000-06-19,0,-0.02561,-0.1735,-0.1735,0.02561,8,0.17538
2000-06-20,0,0.08292,-0.16697,-0.16697,-0.08292,1,0.18642
2000-06-21,0,0.07588,-0.07306,-0.07306,-0.07588,2,0.10534
2000-06-22,0,0.15238,0.09296,0.09296,-0.15238,3,0.1785
2000-06-23,0,0.1811,0.23819,0.23819,-0.1811,4,0.29922
2000-06-24,0,0.19781,0.43129,0.43129,-0.19781,4,0.47449
2000-06-25,0,0.26175,0.57787,0.57787,-0.26175,4,0.63438
2000-06-26,0,0.27375,0.62569,0.62569,-0.27375,4,0.68295
2000-06-27,0,0.30507,0.66185,0.66185,-0.30507,4,0.72878
2000-06-28,0,0.27361,0.67704,0.67704,-0.27361,4,0.73024
2000-06-29,0,0.1473,0.70506,0.70506,-0.1473,4,0.72028
2000-06-30,0,0.03475,0.68392,0.68392,-0.03475,4,0.6848
2000-07-01,0,-0.11292,0.58515,0.58515,0.11292,5,0.59595
2000-07-02,0,-0.29453,0.49006,0.49006,0.29453,5,0.57176
2000-07-03,0,-0.48753,0.41715,0.41715,0.48753,6,0.64164
2000-07-04,0,-0.69001,0.3063,0.3063,0.69001,6,0.75493
2000-07-05,0,-0.82525,0.26711,0.26711,0.82525,6,0.8674
2000-07-06,0,-1.02407,0.27195,0.27195,1.02407,6,1.05956
2000-07-07,0,-1.16237,0.29594,0.29594,1.16237,6,1.19945
2000-07-08,0,-1.19551,0.2781,0.2781,1.19551,6,1.22743
2000-07-09,0,-1.23544,0.16628,0.16628,1.23544,6,1.24658
2000-07-10,0,-1.31993,-0.00414,-0.00414,1.31993,7,1.31993
2000-07-11,0,-1.47354,-0.14988,-0.14988,1.47354,7,1.48115
2000-07-12,0,-1.50768,-0.32486,-0.32486,1.50768,7,1.54229
2000-07-13,0,-1.4511,-0.43473,-0.43473,1.4511,7,1.51482
2000-07-14,0,-1.33823,-0.61478,-0.61478,1.33823,7,1.47269
2000-07-15,0,-1.1647,-0.82352,-0.82352,1.1647,7,1.42643
2000-07-16,0,-1.03066,-0.99268,-0.99268,1.03066,7,1.43097
2000-07-17,0,-0.95192,-1.10524,-1.10524,0.95192,8,1.45867
2000-07-18,0,-0.7936,-1.13331,-1.13331,0.7936,8,1.38354
2000-07-19,0,-0.53968,-1.18225,-1.18225,0.53968,8,1.2996
2000-07-20,0,-0.20448,-1.29773,-1.29773,0.20448,8,1.31374
2000-07-21,0,0.06461,-1.36439,-1.36439,-0.06461,1,1.36591
2000-07-22,0,0.30552,-1.42028,-1.42028,-0.30552,1,1.45277
2000-07-23,0,0.5062,-1.43111,-1.43111,-0.5062,1,1.51799
2000-07-24,0,0.7301,-1.41123,-1.41123,-0.7301,1,1.5889
2000-07-25,0,1.0092,-1.42051,-1.42051,-1.0092,1,1.74251
2000-07-26,0,1.25684,-1.37528,-1.37528,-1.25684,1,1.86307
2000-07-27,0,1.50524,-1.36515,-1.36515,-1.50524,2,2.03209
2000-07-28,0,1.65527,-1.27062,-1.27062,-1.65527,2,2.08672
2000-07-29,0,1.74659,-1.09984,-1.09984,-1.74659,2,2.06403
2000-07-30,0,1.80959,-0.91662,-0.91662,-1.80959,2,2.0285
2000-07-31,0,1.79102,-0.72181,-0.72181,-1.79102,2,1.931
2000-08-01,0,1.78476,-0.49012,-0.49012,-1.78476,2,1.85083
2000-08-02,0,1.66973,-0.29585,-0.29585,-1.66973,2,1.69574
2000-08-03,0,1.5038,-0.08091,-0.08091,-1.5038,2,1.50598
2000-08-04,0,1.39853,0.08972,0.08972,-1.39853,3,1.4014
2000-08-05,0,1.30063,0.25976,0.25976,-1.30063,3,1.32632
2000-08-06,0,1.21851,0.34786,0.34786,-1.21851,3,1.26719
2000-08-07,0,1.14616,0.37952,0.37952,-1.14616,3,1.20736
2000-08-08,0,1.03396,0.41964,0.41964,-1.03396,3,1.11587
2000-08-09,0,0.99698,0.55127,0.55127,-0.99698,3,1.13924
2000-08-10,0,0.90816,0.64434,0.64434,-0.90816,3,1.11353
2000-08-11,0,0.78369,0.78343,0.78343,-0.78369,3,1.10812
2000-08-12,0,0.59734,0.92183,0.92183,-0.59734,4,1.09845
2000-08-13,0,0.34764,1.09607,1.09607,-0.34764,4,1.14988
2000-08-14,0,-0.00239,1.26798,1.26798,0.00239,5,1.26798
2000-08-15,0,-0.30145,1.46015,1.46015,0.30145,5,1.49095
2000-08-16,0,-0.62229,1.71202,1.71202,0.62229,5,1.82161
2000-08-17,0,-0.92449,1.89881,1.89881,0.92449,5,2.11191
2000-08-18,0,-1.26315,1.88663,1.88663,1.26315,5,2.27045
2000-08-19,0,-1.52924,1.82748,1.82748,1.52924,5,2.38291
2000-08-20,0,-1.7586,1.71014,1.71014,1.7586,6,2.45301
2000-08-21,0,-1.89914,1.53878,1.53878,1.89914,6,2.44429
2000-08-22,0,-1.94863,1.28433,1.28433,1.94863,6,2.33381
2000-08-23,0,-1.93282,1.01419,1.01419,1.93282,6,2.18275
2000-08-24,0,-2.03447,0.73941,0.73941,2.03447,6,2.16467
2000-08-25,0,-2.09106,0.40591,0.40591,2.09106,6,2.13009
2000-08-26,0,-2.01543,0.06291,0.06291,2.01543,6,2.01641
2000-08-27,0,-1.91226,-0.17415,-0.17415,1.91226,7,1.92018
2000-08-28,0,-1.88787,-0.47883,-0.47883,1.88787,7,1.94765
2000-08-29,0,-1.8168,-0.75805,-0.75805,1.8168,7,1.9686
2000-08-30,0,-1.74957,-0.99308,-0.99308,1.74957,7,2.01177
2000-08-31,0,-1.66134,-1.11699,-1.11699,1.66134,7,2.00193
2000-09-01,0,-1.55957,-1.2376,-1.2376,1.55957,7,1.99096
2000-09-02,0,-1.33115,-1.3591,-1.3591,1.33115,8,1.9024
2000-09-03,0,-1.09719,-1.46304,-1.46304,1.09719,8,1.82874
2000-09-04,0,-0.96068,-1.53322,-1.53322,0.96068,8,1.80933
2000-09-05,0,-0.85452,-1.57487,-1.57487,0.85452,8,1.79176
2000-09-06,0,-0.68306,-1.48086,-1.48086,0.68306,8,1.6308
2000-09-07,0,-0.52125,-1.33661,-1.33661,0.52125,8,1.43465
2000-09-08,0,-0.32273,-1.19714,-1.19714,0.32273,8,1.23988
2000-09-09,0,-0.11873,-1.14432,-1.14432,0.11873,8,1.15046
2000-09-10,0,0.14566,-1.04858,-1.04858,-0.14566,1,1.05865
2000-09-11,0,0.46338,-0.89265,-0.89265,-0.46338,1,1.00576
2000-09-12,0,0.82265,-0.71182,-0.71182,-0.82265,2,1.08786
2000-09-13,0,1.25713,-0.51932,-0.51932,-1.25713,2,1.36018
2000-09-14,0,1.65291,-0.33735,-0.33735,-1.65291,2,1.68699
2000-09-15,0,1.99819,-0.19986,-0.19986,-1.99819,2,2.00816
2000-09-16,0,2.31347,-0.06045,-0.06045,-2.31347,2,2.31426
2000-09-17,0,2.45759,0.06302,0.06302,-2.45759,3,2.4584
2000-09-18,0,2.49469,0.18466,0.18466,-2.49469,3,2.50152
2000-09-19,0,2.48938,0.30951,0.30951,-2.48938,3,2.50855
2000-09-20,0,2.41034,0.4356,0.4356,-2.41034,3,2.44938
2000-09-21,0,2.27945,0.47252,0.47252,-2.27945,3,2.32791
2000-09-22,0,2.11182,0.48573,0.48573,-2.11182,3,2.16696
2000-09-23,0,1.99976,0.50641,0.50641,-1.99976,3,2.06289
2000-09-24,0,1.7881,0.56598,0.56598,-1.7881,3,1.87553
2000-09-25,0,1.53654,0.62038,0.62038,-1.53654,3,1.65705
2000-09-26,0,1.39386,0.70659,0.70659,-1.39386,3,1.56273
2000-09-27,0,1.32193,0.83118,0.83118,-1.32193,3,1.56153
2000-09-28,0,1.208,0.94981,0.94981,-1.208,3,1.53669
2000-09-29,0,1.07978,1.03711,1.03711,-1.07978,3,1.49717
2000-09-30,0,0.90269,1.17826,1.17826,-0.90269,4,1.4843
2000-10-01,0,0.60622,1.31316,1.31316,-0.60622,4,1.44634
2000-10-02,0,0.271,1.42405,1.42405,-0.271,4,1.44961
2000-10-03,0,0.02437,1.43818,1.43818,-0.02437,4,1.43839
2000-10-04,0,-0.17535,1.436,1.436,0.17535,5,1.44667
2000-10-05,0,-0.43522,1.45185,1.45185,0.43522,5,1.51568
2000-10-06,0,-0.76381,1.40939,1.40939,0.76381,5,1.60306
2000-10-07,0,-1.04606,1.288,1.288,1.04606,5,1.65927
2000-10-08,0,-1.34328,1.16383,1.16383,1.34328,6,1.77733
2000-10-09,0,-1.61844,1.01516,1.01516,1.61844,6,1.91047
2000-10-10,0,-1.7835,0.83023,0.83023,1.7835,6,1.96727
2000-10-11,0,-1.90731,0.60061,0.60061,1.90731,6,1.99964
2000-10-12,0,-1.96507,0.50384,0.50384,1.96507,6,2.02864
2000-10-13,0,-1.95999,0.43825,0.43825,1.95999,6,2.00839
2000-10-14,0,-1.84848,0.4207,0.4207,1.84848,6,1.89575
2000-10-15,0,-1.69146,0.43989,0.43989,1.69146,6,1.74773
2000-10-16,0,-1.58924,0.4961,0.4961,1.58924,6,1.66487
2000-10-17,0,-1.47362,0.5219,0.5219,1.47362,6,1.56331
2000-10-18,0,-1.35213,0.55079,0.55079,1.35213,6,1.46001
2000-10-19,0,-1.2548,0.58227,0.58227,1.2548,6,1.38332
2000-10-20,0,-1.17135,0.62007,0.62007,1.17135,6,1.32535
2000-10-21,0,-1.19277,0.55471,0.55471,1.19277,6,1.31545
2000-10-22,0,-1.31293,0.45352,0.45352,1.31293,6,1.38905
2000-10-23,0,-1.47911,0.27677,0.27677,1.47911,6,1.50478
2000-10-24,0,-1.59231,0.14283,0.14283,1.59231,6,1.5987
2000-10-25,0,-1.64214,-0.02528,-0.02528,1.64214,7,1.64233
2000-10-26,0,-1.68228,-0.23004,-0.23004,1.68228,7,1.69793
2000-10-27,0,-1.60128,-0.4844,-0.4844,1.60128,7,1.67295
2000-10-28,0,-1.47524,-0.69539,-0.69539,1.47524,7,1.63092
2000-10-29,0,-1.31563,-0.84539,-0.84539,1.31563,7,1.56383
2000-10-30,0,-1.11521,-1.07394,-1.07394,1.11521,7,1.54824
2000-10-31,0,-0.81411,-1.28382,-1.28382,0.81411,8,1.52019
2000-11-01,0,-0.4482,-1.43563,-1.43563,0.4482,8,1.50396
2000-11-02,0,-0.10318,-1.57574,-1.57574,0.10318,8,1.57911
2000-11-03,0,0.22087,-1.64018,-1.64018,-0.22087,1,1.65498
2000-11-04,0,0.56467,-1.64726,-1.64726,-0.56467,1,1.74135
2000-11-05,0,0.8205,-1.62474,-1.62474,-0.8205,1,1.82017
2000-11-06,0,1.06957,-1.59441,-1.59441,-1.06957,1,1.91993
2000-11-07,0,1.27474,-1.57257,-1.57257,-1.27474,1,2.02434
2000-11-08,0,1.39431,-1.43461,-1.43461,-1.39431,1,2.00056
2000-11-09,0,1.55037,-1.3,-1.3,-1.55037,2,2.02328
2000-11-10,0,1.68877,-1.17444,-1.17444,-1.68877,2,2.057
2000-11-11,0,1.71981,-1.06642,-1.06642,-1.71981,2,2.02362
2000-11-12,0,1.73352,-0.87859,-0.87859,-1.73352,2,1.94345
2000-11-13,0,1.72644,-0.71835,-0.71835,-1.72644,2,1.86992
2000-11-14,0,1.78359,-0.59863,-0.59863,-1.78359,2,1.88137
2000-11-15,0,1.77247,-0.46504,-0.46504,-1.77247,2,1.83246
2000-11-16,0,1.77079,-0.25647,-0.25647,-1.77079,2,1.78926
2000-11-17,0,1.75793,-0.00334,-0.00334,-1.75793,2,1.75794
2000-11-18,0,1.65244,0.36409,0.36409,-1.65244,3,1.69208
2000-11-19,0,1.44152,0.84203,0.84203,-1.44152,3,1.66943
2000-11-20,0,1.04498,1.24801,1.24801,-1.04498,4,1.62773
2000-11-21,0,0.57042,1.4017,1.4017,-0.57042,4,1.51332
2000-11-22,0,0.12582,1.43514,1.43514,-0.12582,4,1.44065
2000-11-23,0,-0.2941,1.3996,1.3996,0.2941,5,1.43017
2000-11-24,0,-0.60046,1.31571,1.31571,0.60046,5,1.44625
2000-11-25,0,-0.82235,1.16827,1.16827,0.82235,5,1.42868
2000-11-26,0,-0.98345,1.01471,1.01471,0.98345,5,1.41308
2000-11-27,0,-1.09197,0.85407,0.85407,1.09197,6,1.3863
2000-11-28,0,-1.19619,0.64841,0.64841,1.19619,6,1.36063
2000-11-29,0,-1.33923,0.40092,0.40092,1.33923,6,1.39796
2000-11-30,0,-1.47457,0.1976,0.1976,1.47457,6,1.48775
2000-12-01,0,-1.51702,0.0045,0.0045,1.51702,6,1.51703
2000-12-02,0,-1.53873,-0.1384,-0.1384,1.53873,7,1.54494
2000-12-03,0,-1.51777,-0.29539,-0.29539,1.51777,7,1.54624
2000-12-04,0,-1.47513,-0.4521,-0.4521,1.47513,7,1.54286
2000-12-05,0,-1.47624,-0.58295,-0.58295,1.47624,7,1.58717
2000-12-06,0,-1.47186,-0.66086,-0.66086,1.47186,7,1.61341
2000-12-07,0,-1.38077,-0.63606,-0.63606,1.38077,7,1.52022
2000-12-08,0,-1.22547,-0.58799,-0.58799,1.22547,7,1.35923
2000-12-09,0,-1.08061,-0.63728,-0.63728,1.08061,7,1.25453
2000-12-10,0,-0.97994,-0.6863,-0.6863,0.97994,7,1.19637
2000-12-11,0,-0.88767,-0.70279,-0.70279,0.88767,7,1.1322
2000-12-12,0,-0.87623,-0.66534,-0.66534,0.87623,7,1.10021
2000-12-13,0,-0.81363,-0.66049,-0.66049,0.81363,7,1.04797
2000-12-14,0,-0.66168,-0.70585,-0.70585,0.66168,8,0.96749
2000-12-15,0,-0.49469,-0.7264,-0.7264,0.49469,8,0.87885
2000-12-16,0,-0.37862,-0.79863,-0.79863,0.37862,8,0.88383
2000-12-17,0,-0.30053,-0.8014,-0.8014,0.30053,8,0.8559
2000-12-18,0,-0.21259,-0.67447,-0.67447,0.21259,8,0.70718
2000-12-19,0,-0.10024,-0.53792,-0.53792,0.10024,8,0.54718
2000-12-20,0,-0.00086,-0.41792,-0.41792,0.00086,8,0.41792
2000-12-21,0,0.10708,-0.25535,-0.25535,-0.10708,1,0.27689
2000-12-22,0,0.15009,-0.10332,-0.10332,-0.15009,2,0.18222
2000-12-23,0,0.20046,0.00331,0.00331,-0.20046,3,0.20048
2000-12-24,0,0.26774,0.02175,0.02175,-0.26774,3,0.26862
2000-12-25,0,0.33285,0.0426,0.0426,-0.33285,3,0.33556
2000-12-26,0,0.43346,-0.06627,-0.06627,-0.43346,2,0.4385
2000-12-27,0,0.54478,-0.25558,-0.25558,-0.54478,2,0.60175
2000-12-28,0,0.66656,-0.40425,-0.40425,-0.66656,2,0.77956
2000-12-29,0,0.7558,-0.56583,-0.56583,-0.7558,2,0.94414
2000-12-30,0,0.84245,-0.68829,-0.68829,-0.84245,2,1.08787
2000-12-31,0,0.92624,-0.7699,-0.7699,-0.92624,2,1.20444
2001-01-01,0,0.98876,-0.7585,-0.7585,-0.98876,2,1.24618
2001-01-02,0,1.04609,-0.70099,-0.70099,-1.04609,2,1.25924
2001-01-03,0,1.12999,-0.59336,-0.59336,-1.12999,2,1.2763
2001-01-04,0,1.19934,-0.3993,-0.3993,-1.19934,2,1.26407
2001-01-05,0,1.20783,-0.10023,-0.10023,-1.20783,2,1.21198
2001-01-06,0,1.21406,0.23845,0.23845,-1.21406,3,1.23725
2001-01-07,0,1.24729,0.57907,0.57907,-1.24729,3,1.37515
2001-01-08,0,1.23123,0.80389,0.80389,-1.23123,3,1.47043
2001-01-09,0,1.15955,1.01157,1.01157,-1.15955,3,1.53877
2001-01-10,0,1.1103,1.25662,1.25662,-1.1103,4,1.67686
2001-01-11,0,1.11442,1.49008,1.49008,-1.11442,4,1.86072
2001-01-12,0,1.16295,1.69135,1.69135,-1.16295,4,2.05258
2001-01-13,0,1.18453,1.8583,1.8583,-1.18453,4,2.20372
2001-01-14,0,1.21072,1.88841,1.88841,-1.21072,4,2.2432
2001-01-15,0,1.2416,1.81187,1.81187,-1.2416,4,2.19646
2001-01-16,0,1.2782,1.69731,1.69731,-1.2782,4,2.12477
2001-01-17,0,1.35711,1.58778,1.58778,-1.35711,4,2.08873
2001-01-18,0,1.4599,1.43034,1.43034,-1.4599,3,2.04381
2001-01-19,0,1.55146,1.19283,1.19283,-1.55146,3,1.95701
2001-01-20,0,1.55008,0.99087,0.99087,-1.55008,3,1.83972
2001-01-21,0,1.47184,0.82458,0.82458,-1.47184,3,1.68708
2001-01-22,0,1.49047,0.70011,0.70011,-1.49047,3,1.64671
2001-01-23,0,1.5405,0.6762,0.6762,-1.5405,3,1.68237
2001-01-24,0,1.5482,0.69432,0.69432,-1.5482,3,1.69676
2001-01-25,0,1.56806,0.68617,0.68617,-1.56806,3,1.71162
2001-01-26,0,1.6093,0.60103,0.60103,-1.6093,3,1.71788
2001-01-27,0,1.61216,0.52765,0.52765,-1.61216,3,1.69632
2001-01-28,0,1.49552,0.5282,0.5282,-1.49552,3,1.58606
2001-01-29,0,1.28542,0.63503,0.63503,-1.28542,3,1.43373
2001-01-30,0,0.99496,0.79632,0.79632,-0.99496,3,1.2744
2001-01-31,0,0.68873,0.97116,0.97116,-0.68873,4,1.19059
2001-02-01,0,0.476,1.1598,1.1598,-0.476,4,1.25368
2001-02-02,0,0.2075,1.35375,1.35375,-0.2075,4,1.36956
2001-02-03,0,-0.10701,1.551,1.551,0.10701,5,1.55469
2001-02-04,0,-0.50093,1.76066,1.76066,0.50093,5,1.83053
2001-02-05,0,-0.93878,1.87217,1.87217,0.93878,5,2.09436
2001-02-06,0,-1.28725,1.94905,1.94905,1.28725,5,2.33577
2001-02-07,0,-1.4999,1.99224,1.99224,1.4999,5,2.49373
2001-02-08,0,-1.59516,1.91273,1.91273,1.59516,5,2.4906
2001-02-09,0,-1.66071,1.74758,1.74758,1.66071,5,2.41081
2001-02-10,0,-1.82192,1.45323,1.45323,1.82192,6,2.33051
2001-02-11,0,-1.95259,1.13369,1.13369,1.95259,6,2.25785
2001-02-12,0,-2.10967,0.79435,0.79435,2.10967,6,2.25426
2001-02-13,0,-2.30566,0.48781,0.48781,2.30566,6,2.3567
2001-02-14,0,-2.50288,0.23318,0.23318,2.50288,6,2.51372
2001-02-15,0,-2.70797,-0.04757,-0.04757,2.70797,7,2.70838
2001-02-16,0,-2.88721,-0.45687,-0.45687,2.88721,7,2.92313
2001-02-17,0,-3.01986,-0.78662,-0.78662,3.01986,7,3.12063
2001-02-18,0,-3.17743,-1.0243,-1.0243,3.17743,7,3.33845
2001-02-19,0,-3.31218,-1.24536,-1.24536,3.31218,7,3.53857
2001-02-20,0,-3.41897,-1.47217,-1.47217,3.41897,7,3.72245
2001-02-21,0,-3.44148,-1.6992,-1.6992,3.44148,7,3.8381
2001-02-22,0,-3.29742,-2.02162,-2.02162,3.29742,7,3.86781
2001-02-23,0,-2.93095,-2.4149,-2.4149,2.93095,7,3.79766
2001-02-24,0,-2.36461,-2.80671,-2.80671,2.36461,8,3.67001
2001-02-25,0,-1.79506,-2.98894,-2.98894,1.79506,8,3.48654
2001-02-26,0,-1.35107,-3.03924,-3.03924,1.35107,8,3.32602
2001-02-27,0,-0.98213,-3.00556,-3.00556,0.98213,8,3.16195
2001-02-28,0,-0.66647,-2.7926,-2.7926,0.66647,8,2.87103
2001-03-01,0,-0.49745,-2.48701,-2.48701,0.49745,8,2.53627
2001-03-02,0,-0.27013,-2.19467,-2.19467,0.27013,8,2.21124
2001-03-03,0,0.01743,-1.89031,-1.89031,-0.01743,1,1.89039
2001-03-04,0,0.25379,-1.6151,-1.6151,-0.25379,1,1.63492
2001-03-05,0,0.35932,-1.37571,-1.37571,-0.35932,1,1.42186
2001-03-06,0,0.37118,-1.09723,-1.09723,-0.37118,1,1.15831
2001-03-07,0,0.37746,-0.78341,-0.78341,-0.37746,1,0.8696
2001-03-08,0,0.37948,-0.51638,-0.51638,-0.37948,1,0.64083
2001-03-09,0,0.36539,-0.38274,-0.38274,-0.36539,1,0.52915
2001-03-10,0,0.3299,-0.32451,-0.32451,-0.3299,2,0.46275
2001-03-11,0,0.32163,-0.21878,-0.21878,-0.32163,2,0.38898
2001-03-12,0,0.3009,-0.10431,-0.10431,-0.3009,2,0.31847
2001-03-13,0,0.26295,-0.05985,-0.05985,-0.26295,2,0.26967
2001-03-14,0,0.28785,-0.00268,-0.00268,-0.28785,2,0.28787
2001-03-15,0,0.35398,-0.017,-0.017,-0.35398,2,0.35439
2001-03-16,0,0.48147,-0.03867,-0.03867,-0.48147,2,0.48302
2001-03-17,0,0.64438,0.02561,0.02561,-0.64438,3,0.64488
2001-03-18,0,0.7223,0.1363,0.1363,-0.7223,3,0.73504
2001-03-19,0,0.73663,0.24687,0.24687,-0.73663,3,0.7769
2001-03-20,0,0.79723,0.24723,0.24723,-0.79723,3,0.83468
2001-03-21,0,0.82929,0.16711,0.16711,-0.82929,3,0.84596
2001-03-22,0,0.89048,0.15213,0.15213,-0.89048,3,0.90338
2001-03-23,0,0.97266,0.145,0.145,-0.97266,3,0.98341
2001-03-24,0,1.02599,0.1574,0.1574,-1.02599,3,1.038
2001-03-25,0,0.95184,0.18268,0.18268,-0.95184,3,0.96921
2001-03-26,0,0.85254,0.17777,0.17777,-0.85254,3,0.87088
2001-03-27,0,0.83167,0.16606,0.16606,-0.83167,3,0.84808
2001-03-28,0,0.89067,0.06617,0.06617,-0.89067,3,0.89312
2001-03-29,0,0.89878,-0.09454,-0.09454,-0.89878,2,0.90374
2001-03-30,0,0.85548,-0.2091,-0.2091,-0.85548,2,0.88066
2001-03-31,0,0.78461,-0.27799,-0.27799,-0.78461,2,0.8324
2001-04-01,0,0.6889,-0.32414,-0.32414,-0.6889,2,0.76135
2001-04-02,0,0.57978,-0.31294,-0.31294,-0.57978,2,0.65885
2001-04-03,0,0.56834,-0.29211,-0.29211,-0.56834,2,0.63901
2001-04-04,0,0.54126,-0.22477,-0.22477,-0.54126,2,0.58608
2001-04-05,0,0.45184,-0.17116,-0.17116,-0.45184,2,0.48317
2001-04-06,0,0.36767,-0.09979,-0.09979,-0.36767,2,0.38098
2001-04-07,0,0.28584,0.06419,0.06419,-0.28584,3,0.29296
2001-04-08,0,0.21795,0.25435,0.25435,-0.21795,4,0.33496
2001-04-09,0,0.14983,0.31608,0.31608,-0.14983,4,0.3498
2001-04-10,0,0.06865,0.32327,0.32327,-0.06865,4,0.33048
2001-04-11,0,0.03097,0.31411,0.31411,-0.03097,4,0.31563
2001-04-12,0,0.00679,0.21079,0.21079,-0.00679,4,0.2109
2001-04-13,0,0.06499,0.06306,0.06306,-0.06499,3,0.09056
2001-04-14,0,0.1338,-0.10806,-0.10806,-0.1338,2,0.17199
2001-04-15,0,0.12734,-0.22791,-0.22791,-0.12734,1,0.26107
2001-04-16,0,0.14133,-0.39434,-0.39434,-0.14133,1,0.4189
2001-04-17,0,0.19764,-0.55499,-0.55499,-0.19764,1,0.58913
2001-04-18,0,0.2562,-0.61738,-0.61738,-0.2562,1,0.66843
2001-04-19,0,0.37594,-0.57005,-0.57005,-0.37594,1,0.68285
2001-04-20,0,0.53103,-0.5128,-0.5128,-0.53103,2,0.73822
2001-04-21,0,0.69778,-0.40503,-0.40503,-0.69778,2,0.80681
2001-04-22,0,0.78761,-0.21805,-0.21805,-0.78761,2,0.81724
2001-04-23,0,0.90765,0.00166,0.00166,-0.90765,3,0.90765
2001-04-24,0,1.02604,0.21173,0.21173,-1.02604,3,1.04766
2001-04-25,0,1.12703,0.40881,0.40881,-1.12703,3,1.19889
2001-04-26,0,1.11944,0.59721,0.59721,-1.11944,3,1.26878
2001-04-27,0,1.07168,0.77571,0.77571,-1.07168,3,1.32296
2001-04-28,0,0.88607,0.80736,0.80736,-0.88607,3,1.19873
2001-04-29,0,0.67448,0.7845,0.7845,-0.67448,4,1.03458
2001-04-30,0,0.39909,0.72162,0.72162,-0.39909,4,0.82463
2001-05-01,0,0.11422,0.6308,0.6308,-0.11422,4,0.64106
2001-05-02,0,-0.22895,0.52647,0.52647,0.22895,5,0.5741
2001-05-03,0,-0.48864,0.39906,0.39906,0.48864,6,0.63089
2001-05-04,0,-0.73304,0.29333,0.29333,0.73304,6,0.78955
2001-05-05,0,-0.89758,0.18771,0.18771,0.89758,6,0.917
2001-05-06,0,-1.06604,0.1251,0.1251,1.06604,6,1.07335
2001-05-07,0,-1.15798,0.18825,0.18825,1.15798,6,1.17318
2001-05-08,0,-1.28249,0.21347,0.21347,1.28249,6,1.30014
2001-05-09,0,-1.42966,0.15153,0.15153,1.42966,6,1.43767
2001-05-10,0,-1.56903,0.00486,0.00486,1.56903,6,1.56904
2001-05-11,0,-1.65925,-0.1128,-0.1128,1.65925,7,1.66308
2001-05-12,0,-1.7295,-0.20722,-0.20722,1.7295,7,1.74187
2001-05-13,0,-1.70255,-0.3096,-0.3096,1.70255,7,1.73047
2001-05-14,0,-1.56951,-0.48893,-0.48893,1.56951,7,1.6439
2001-05-15,0,-1.38427,-0.71721,-0.71721,1.38427,7,1.55904
2001-05-16,0,-1.20077,-1.01134,-1.01134,1.20077,7,1.56992
2001-05-17,0,-1.02546,-1.20874,-1.20874,1.02546,8,1.58513
2001-05-18,0,-0.81438,-1.1681,-1.1681,0.81438,8,1.42396
2001-05-19,0,-0.61281,-1.04745,-1.04745,0.61281,8,1.21355
2001-05-20,0,-0.41496,-0.93519,-0.93519,0.41496,8,1.02312
2001-05-21,0,-0.17752,-0.87347,-0.87347,0.17752,8,0.89132
2001-05-22,0,-0.00907,-0.80176,-0.80176,0.00907,8,0.80181
2001-05-23,0,0.10111,-0.64374,-0.64374,-0.10111,1,0.65163
2001-05-24,0,0.21282,-0.47702,-0.47702,-0.21282,1,0.52234
2001-05-25,0,0.35495,-0.32163,-0.32163,-0.35495,2,0.47899
2001-05-26,0,0.48586,-0.18019,-0.18019,-0.48586,2,0.5182
2001-05-27,0,0.60433,-0.10337,-0.10337,-0.60433,2,0.61311
2001-05-28,0,0.73869,-0.05571,-0.05571,-0.73869,2,0.74079
2001-05-29,0,0.8469,-0.04395,-0.04395,-0.8469,2,0.84804
2001-05-30,0,0.86827,0.00758,0.00758,-0.86827,3,0.8683
2001-05-31,0,0.8403,0.06639,0.06639,-0.8403,3,0.84292
2001-06-01,0,0.84881,0.06971,0.06971,-0.84881,3,0.85167
2001-06-02,0,0.92059,0.07748,0.07748,-0.92059,3,0.92384
2001-06-03,0,0.92405,0.13081,0.13081,-0.92405,3,0.93326
2001-06-04,0,0.90414,0.1865,0.1865,-0.90414,3,0.92318
2001-06-05,0,0.87922,0.19412,0.19412,-0.87922,3,0.90039
2001-06-06,0,0.82325,0.27909,0.27909,-0.82325,3,0.86927
2001-06-07,0,0.77638,0.36541,0.36541,-0.77638,3,0.85807
2001-06-08,0,0.64194,0.33202,0.33202,-0.64194,3,0.72272
2001-06-09,0,0.49315,0.30573,0.30573,-0.49315,3,0.58024
2001-06-10,0,0.23443,0.31851,0.31851,-0.23443,4,0.39548
2001-06-11,0,-0.03941,0.35878,0.35878,0.03941,5,0.36094
2001-06-12,0,-0.19241,0.36348,0.36348,0.19241,5,0.41127
2001-06-13,0,-0.38026,0.33752,0.33752,0.38026,6,0.50845
2001-06-14,0,-0.53144,0.35902,0.35902,0.53144,6,0.64135
2001-06-15,0,-0.67422,0.32118,0.32118,0.67422,6,0.74681
2001-06-16,0,-0.7963,0.25595,0.25595,0.7963,6,0.83643
2001-06-17,0,-0.9139,0.32362,0.32362,0.9139,6,0.96951
2001-06-18,0,-0.98468,0.40839,0.40839,0.98468,6,1.06601
2001-06-19,0,-0.96083,0.4016,0.4016,0.96083,6,1.04138
2001-06-20,0,-0.98418,0.37008,0.37008,0.98418,6,1.05146
2001-06-21,0,-1.02556,0.38986,0.38986,1.02556,6,1.09716
2001-06-22,0,-0.97958,0.42984,0.42984,0.97958,6,1.06973
2001-06-23,0,-0.97953,0.43846,0.43846,0.97953,6,1.07318
2001-06-24,0,-0.9432,0.42803,0.42803,0.9432,6,1.03578
2001-06-25,0,-0.97227,0.45957,0.45957,0.97227,6,1.07542
2001-06-26,0,-0.93641,0.43984,0.43984,0.93641,6,1.03456
2001-06-27,0,-1.00738,0.37561,0.37561,1.00738,6,1.07512
2001-06-28,0,-1.16604,0.32218,0.32218,1.16604,6,1.20973
2001-06-29,0,-1.24724,0.29727,0.29727,1.24724,6,1.28218
2001-06-30,0,-1.28094,0.19221,0.19221,1.28094,6,1.29528
2001-07-01,0,-1.28322,0.01169,0.01169,1.28322,6,1.28327
2001-07-02,0,-1.20387,-0.25049,-0.25049,1.20387,7,1.22966
2001-07-03,0,-1.18176,-0.47605,-0.47605,1.18176,7,1.27404
2001-07-04,0,-1.05688,-0.62387,-0.62387,1.05688,7,1.22728
2001-07-05,0,-0.8665,-0.76939,-0.76939,0.8665,7,1.15879
2001-07-06,0,-0.60499,-0.93539,-0.93539,0.60499,8,1.11399
2001-07-07,0,-0.32376,-1.0458,-1.0458,0.32376,8,1.09477
2001-07-08,0,-0.11967,-1.2304,-1.2304,0.11967,8,1.2362
2001-07-09,0,-0.00407,-1.33478,-1.33478,0.00407,8,1.33478
2001-07-10,0,0.13329,-1.35432,-1.35432,-0.13329,1,1.36086
2001-07-11,0,0.26507,-1.2669,-1.2669,-0.26507,1,1.29433
2001-07-12,0,0.41196,-1.19578,-1.19578,-0.41196,1,1.26475
2001-07-13,0,0.48892,-1.23528,-1.23528,-0.48892,1,1.32851
2001-07-14,0,0.49791,-1.28733,-1.28733,-0.49791,1,1.38027
2001-07-15,0,0.50563,-1.26829,-1.26829,-0.50563,1,1.36537
2001-07-16,0,0.55053,-1.26653,-1.26653,-0.55053,1,1.381
2001-07-17,0,0.60829,-1.2088,-1.2088,-0.60829,1,1.35322
2001-07-18,0,0.71309,-1.15084,-1.15084,-0.71309,1,1.35386
2001-07-19,0,0.84385,-1.10597,-1.10597,-0.84385,1,1.39113
2001-07-20,0,0.93529,-1.03301,-1.03301,-0.93529,1,1.39351
2001-07-21,0,1.07597,-0.97147,-0.97147,-1.07597,2,1.44964
2001-07-22,0,1.24602,-0.81924,-0.81924,-1.24602,2,1.49121
2001-07-23,0,1.42603,-0.61512,-0.61512,-1.42603,2,1.55304
2001-07-24,0,1.62554,-0.41476,-0.41476,-1.62554,2,1.67762
2001-07-25,0,1.73903,-0.19235,-0.19235,-1.73903,2,1.74963
2001-07-26,0,1.8745,-0.02958,-0.02958,-1.8745,2,1.87473
2001-07-27,0,1.94239,0.11763,0.11763,-1.94239,3,1.94595
2001-07-28,0,1.74032,0.31962,0.31962,-1.74032,3,1.76943
2001-07-29,0,1.46596,0.5643,0.5643,-1.46596,3,1.57082
2001-07-30,0,1.21888,0.78629,0.78629,-1.21888,3,1.45049
2001-07-31,0,0.95846,0.97227,0.97227,-0.95846,4,1.36527
2001-08-01,0,0.68768,1.09493,1.09493,-0.68768,4,1.29298
2001-08-02,0,0.39658,1.20861,1.20861,-0.39658,4,1.27202
2001-08-03,0,0.18268,1.2724,1.2724,-0.18268,4,1.28544
2001-08-04,0,-0.10991,1.32934,1.32934,0.10991,5,1.33388
2001-08-05,0,-0.45868,1.38965,1.38965,0.45868,5,1.46339
2001-08-06,0,-0.60147,1.43583,1.43583,0.60147,5,1.55672
2001-08-07,0,-0.71657,1.36762,1.36762,0.71657,5,1.54397
2001-08-08,0,-0.87719,1.26144,1.26144,0.87719,5,1.53646
2001-08-09,0,-1.06341,1.14557,1.14557,1.06341,5,1.56307
2001-08-10,0,-1.26193,1.05459,1.05459,1.26193,6,1.64457
2001-08-11,0,-1.4682,0.94416,0.94416,1.4682,6,1.74558
2001-08-12,0,-1.64612,0.85963,0.85963,1.64612,6,1.85706
2001-08-13,0,-1.76552,0.80389,0.80389,1.76552,6,1.93992
2001-08-14,0,-1.81213,0.68398,0.68398,1.81213,6,1.93692
2001-08-15,0,-1.82056,0.53518,0.53518,1.82056,6,1.89759
2001-08-16,0,-1.67431,0.39851,0.39851,1.67431,6,1.72109
2001-08-17,0,-1.47315,0.19288,0.19288,1.47315,6,1.48572
2001-08-18,0,-1.24507,-0.06471,-0.06471,1.24507,7,1.24675
2001-08-19,0,-1.02032,-0.29921,-0.29921,1.02032,7,1.06329
2001-08-20,0,-0.70798,-0.53714,-0.53714,0.70798,7,0.88869
2001-08-21,0,-0.40974,-0.74978,-0.74978,0.40974,8,0.85444
2001-08-22,0,-0.16874,-0.85282,-0.85282,0.16874,8,0.86935
2001-08-23,0,0.07537,-0.85442,-0.85442,-0.07537,1,0.85774
2001-08-24,0,0.28823,-0.85227,-0.85227,-0.28823,1,0.89969
2001-08-25,0,0.44032,-0.86067,-0.86067,-0.44032,1,0.96676
2001-08-26,0,0.52252,-0.84622,-0.84622,-0.52252,1,0.99454
2001-08-27,0,0.67229,-0.79608,-0.79608,-0.67229,1,1.04197
2001-08-28,0,0.77563,-0.76065,-0.76065,-0.77563,2,1.08637
2001-08-29,0,0.8001,-0.74401,-0.74401,-0.8001,2,1.09257
2001-08-30,0,0.86307,-0.69107,-0.69107,-0.86307,2,1.10565
2001-08-31,0,0.93781,-0.75475,-0.75475,-0.93781,2,1.2038
2001-09-01,0,0.97194,-0.88066,-0.88066,-0.97194,2,1.31158
2001-09-02,0,1.01433,-1.01454,-1.01454,-1.01433,1,1.43463
2001-09-03,0,1.02342,-1.03809,-1.03809,-1.02342,1,1.45774
2001-09-04,0,1.03027,-0.96977,-0.96977,-1.03027,2,1.41489
2001-09-05,0,0.88092,-0.84926,-0.84926,-0.88092,2,1.22363
2001-09-06,0,0.88844,-0.78563,-0.78563,-0.88844,2,1.18597
2001-09-07,0,0.96395,-0.69395,-0.69395,-0.96395,2,1.18776
2001-09-08,0,1.0084,-0.62822,-0.62822,-1.0084,2,1.18808
2001-09-09,0,1.04665,-0.54246,-0.54246,-1.04665,2,1.17887
2001-09-10,0,1.07334,-0.49312,-0.49312,-1.07334,2,1.1812
2001-09-11,0,1.11283,-0.35543,-0.35543,-1.11283,2,1.16821
2001-09-12,0,1.14847,-0.25599,-0.25599,-1.14847,2,1.17666
2001-09-13,0,1.20898,-0.14476,-0.14476,-1.20898,2,1.21761
2001-09-14,0,1.31002,-0.1301,-0.1301,-1.31002,2,1.31647
2001-09-15,0,1.26748,-0.0781,-0.0781,-1.26748,2,1.26988
2001-09-16,0,1.16567,0.00442,0.00442,-1.16567,3,1.16568
2001-09-17,0,1.05195,0.10342,0.10342,-1.05195,3,1.05702
2001-09-18,0,0.92663,0.19828,0.19828,-0.92663,3,0.94761
2001-09-19,0,0.80002,0.39881,0.39881,-0.80002,3,0.89391
2001-09-20,0,0.65344,0.55935,0.55935,-0.65344,3,0.86014
2001-09-21,0,0.51054,0.67488,0.67488,-0.51054,4,0.84624
2001-09-22,0,0.36959,0.78462,0.78462,-0.36959,4,0.86731
2001-09-23,0,0.30578,0.97766,0.97766,-0.30578,4,1.02436
2001-09-24,0,0.30285,1.22857,1.22857,-0.30285,4,1.26534
2001-09-25,0,0.28235,1.48292,1.48292,-0.28235,4,1.50956
2001-09-26,0,0.22552,1.67266,1.67266,-0.22552,4,1.68779
2001-09-27,0,0.22404,1.78164,1.78164,-0.22404,4,1.79568
2001-09-28,0,0.22039,1.79349,1.79349,-0.22039,4,1.80698
2001-09-29,0,0.13202,1.80489,1.80489,-0.13202,4,1.80971
2001-09-30,0,0.06114,1.80748,1.80748,-0.06114,4,1.80851
2001-10-01,0,-0.06086,1.79462,1.79462,0.06086,5,1.79566
2001-10-02,0,-0.24051,1.68711,1.68711,0.24051,5,1.70416
2001-10-03,0,-0.50891,1.54813,1.54813,0.50891,5,1.62963
2001-10-04,0,-0.8689,1.38657,1.38657,0.8689,5,1.63633
2001-10-05,0,-1.21841,1.16723,1.16723,1.21841,6,1.68729
2001-10-06,0,-1.52562,0.95521,0.95521,1.52562,6,1.79998
2001-10-07,0,-1.82351,0.75013,0.75013,1.82351,6,1.97177
2001-10-08,0,-2.03004,0.52168,0.52168,2.03004,6,2.096
2001-10-09,0,-2.17649,0.14939,0.14939,2.17649,6,2.18161
2001-10-10,0,-2.14975,-0.27329,-0.27329,2.14975,7,2.16705
2001-10-11,0,-2.03085,-0.55021,-0.55021,2.03085,7,2.10407
2001-10-12,0,-1.76379,-0.73797,-0.73797,1.76379,7,1.91195
2001-10-13,0,-1.37547,-0.79069,-0.79069,1.37547,7,1.58655
2001-10-14,0,-1.07668,-0.66473,-0.66473,1.07668,7,1.26535
2001-10-15,0,-0.90073,-0.53986,-0.53986,0.90073,7,1.05013
2001-10-16,0,-0.7362,-0.39161,-0.39161,0.7362,7,0.83387
2001-10-17,0,-0.51576,-0.29151,-0.29151,0.51576,7,0.59244
2001-10-18,0,-0.26823,-0.14485,-0.14485,0.26823,7,0.30484
2001-10-19,0,-0.03946,-0.01455,-0.01455,0.03946,7,0.04206
2001-10-20,0,0.11045,0.01351,0.01351,-0.11045,3,0.11127
2001-10-21,0,0.19447,0.03977,0.03977,-0.19447,3,0.19849
2001-10-22,0,0.34644,0.04413,0.04413,-0.34644,3,0.34924
2001-10-23,0,0.5236,-0.02087,-0.02087,-0.5236,2,0.52401
2001-10-24,0,0.71416,-0.05226,-0.05226,-0.71416,2,0.71607
2001-10-25,0,0.87206,-0.09592,-0.09592,-0.87206,2,0.87732
2001-10-26,0,0.89068,-0.12866,-0.12866,-0.89068,2,0.89993
2001-10-27,0,0.77392,-0.14979,-0.14979,-0.77392,2,0.78828
2001-10-28,0,0.63461,-0.16821,-0.16821,-0.63461,2,0.65653
2001-10-29,0,0.53163,-0.15883,-0.15883,-0.53163,2,0.55485
2001-10-30,0,0.45228,-0.11484,-0.11484,-0.45228,2,0.46663
2001-10-31,0,0.27164,-0.08857,-0.08857,-0.27164,2,0.28571
2001-11-01,0,0.15193,-0.03181,-0.03181,-0.15193,2,0.15522
2001-11-02,0,0.02845,-0.01532,-0.01532,-0.02845,2,0.03232
2001-11-03,0,-0.09152,-0.04775,-0.04775,0.09152,7,0.10322
2001-11-04,0,-0.11042,-0.06721,-0.06721,0.11042,7,0.12927
2001-11-05,0,0.00803,-0.03976,-0.03976,-0.00803,1,0.04056
2001-11-06,0,0.09174,0.02573,0.02573,-0.09174,3,0.09528
2001-11-07,0,0.15981,0.06072,0.06072,-0.15981,3,0.17096
2001-11-08,0,0.19114,0.00965,0.00965,-0.19114,3,0.19139
2001-11-09,0,0.21686,0.01612,0.01612,-0.21686,3,0.21746
2001-11-10,0,0.23572,-0.01657,-0.01657,-0.23572,2,0.2363
2001-11-11,0,0.25503,-0.03243,-0.03243,-0.25503,2,0.25708
2001-11-12,0,0.22453,0.00219,0.00219,-0.22453,3,0.22454
2001-11-13,0,0.14991,0.05201,0.05201,-0.14991,3,0.15868
2001-11-14,0,0.00364,0.13796,0.13796,-0.00364,4,0.13801
2001-11-15,0,-0.19171,0.19548,0.19548,0.19171,5,0.2738
2001-11-16,0,-0.34682,0.27517,0.27517,0.34682,6,0.44272
2001-11-17,0,-0.49626,0.37756,0.37756,0.49626,6,0.62356
2001-11-18,0,-0.61981,0.42043,0.42043,0.61981,6,0.74895
2001-11-19,0,-0.72236,0.47834,0.47834,0.72236,6,0.86638
2001-11-20,0,-0.77932,0.41625,0.41625,0.77932,6,0.88352
2001-11-21,0,-0.75191,0.26189,0.26189,0.75191,6,0.79621
2001-11-22,0,-0.6827,0.13848,0.13848,0.6827,6,0.6966
2001-11-23,0,-0.58474,0.00401,0.00401,0.58474,6,0.58475
2001-11-24,0,-0.47818,-0.10652,-0.10652,0.47818,7,0.48991
2001-11-25,0,-0.40495,-0.18644,-0.18644,0.40495,7,0.44581
2001-11-26,0,-0.34396,-0.23688,-0.23688,0.34396,7,0.41763
2001-11-27,0,-0.35549,-0.28834,-0.28834,0.35549,7,0.45772
2001-11-28,0,-0.46763,-0.42486,-0.42486,0.46763,7,0.63181
2001-11-29,0,-0.65554,-0.54735,-0.54735,0.65554,7,0.854
2001-11-30,0,-0.84948,-0.59822,-0.59822,0.84948,7,1.03898
2001-12-01,0,-1.09931,-0.61104,-0.61104,1.09931,7,1.25771
2001-12-02,0,-1.32746,-0.53782,-0.53782,1.32746,7,1.43227
2001-12-03,0,-1.51753,-0.43657,-0.43657,1.51753,7,1.57908
2001-12-04,0,-1.70556,-0.33792,-0.33792,1.70556,7,1.73871
2001-12-05,0,-1.87411,-0.24656,-0.24656,1.87411,7,1.89026
2001-12-06,0,-1.99487,-0.19664,-0.19664,1.99487,7,2.00454
2001-12-07,0,-1.99946,-0.20721,-0.20721,1.99946,7,2.01017
2001-12-08,0,-2.00169,-0.30278,-0.30278,2.00169,7,2.02446
2001-12-09,0,-1.98884,-0.48744,-0.48744,1.98884,7,2.0477
2001-12-10,0,-1.8608,-0.77634,-0.77634,1.8608,7,2.01625
2001-12-11,0,-1.80025,-1.09585,-1.09585,1.80025,7,2.10755
2001-12-12,0,-1.58134,-1.47075,-1.47075,1.58134,7,2.15957
2001-12-13,0,-1.31841,-1.83705,-1.83705,1.31841,8,2.26119
2001-12-14,0,-0.9822,-2.13337,-2.13337,0.9822,8,2.34862
2001-12-15,0,-0.65656,-2.45809,-2.45809,0.65656,8,2.54426
2001-12-16,0,-0.38514,-2.69701,-2.69701,0.38514,8,2.72437
2001-12-17,0,-0.09165,-2.8327,-2.8327,0.09165,8,2.83418
2001-12-18,0,0.16695,-2.80668,-2.80668,-0.16695,1,2.81164
2001-12-19,0,0.34468,-2.71049,-2.71049,-0.34468,1,2.73232
2001-12-20,0,0.57729,-2.59829,-2.59829,-0.57729,1,2.66165
2001-12-21,0,0.62904,-2.4051,-2.4051,-0.62904,1,2.486
2001-12-22,0,0.64192,-2.17226,-2.17226,-0.64192,1,2.26513
2001-12-23,0,0.5866,-2.00253,-2.00253,-0.5866,1,2.08668
2001-12-24,0,0.56982,-1.72661,-1.72661,-0.56982,1,1.8182
2001-12-25,0,0.58875,-1.44585,-1.44585,-0.58875,1,1.56112
2001-12-26,0,0.564,-1.1597,-1.1597,-0.564,1,1.28957
2001-12-27,0,0.4983,-0.94036,-0.94036,-0.4983,1,1.06423
2001-12-28,0,0.38394,-0.76103,-0.76103,-0.38394,1,0.85239
2001-12-29,0,0.29007,-0.6515,-0.6515,-0.29007,1,0.71315
2001-12-30,0,0.29652,-0.57171,-0.57171,-0.29652,1,0.64403
2001-12-31,0,0.36803,-0.48733,-0.48733,-0.36803,1,0.61068
2002-01-01,0,0.50428,-0.40834,-0.40834,-0.50428,2,0.64888
2002-01-02,0,0.64879,-0.40265,-0.40265,-0.64879,2,0.76358
2002-01-03,0,0.70911,-0.38964,-0.38964,-0.70911,2,0.80911
2002-01-04,0,0.76865,-0.40525,-0.40525,-0.76865,2,0.86894
2002-01-05,0,0.86831,-0.49324,-0.49324,-0.86831,2,0.99862
2002-01-06,0,1.06008,-0.54805,-0.54805,-1.06008,2,1.19337
2002-01-07,0,1.21656,-0.59409,-0.59409,-1.21656,2,1.35387
2002-01-08,0,1.42162,-0.60195,-0.60195,-1.42162,2,1.54381
2002-01-09,0,1.68734,-0.53063,-0.53063,-1.68734,2,1.76881
2002-01-10,0,1.88225,-0.38869,-0.38869,-1.88225,2,1.92197
2002-01-11,0,1.98506,-0.22505,-0.22505,-1.98506,2,1.99778
2002-01-12,0,2.14447,-0.01451,-0.01451,-2.14447,2,2.14452
2002-01-13,0,2.35344,0.2087,0.2087,-2.35344,3,2.36267
2002-01-14,0,2.56252,0.43895,0.43895,-2.56252,3,2.59984
2002-01-15,0,2.72329,0.60498,0.60498,-2.72329,3,2.78968
2002-01-16,0,2.91074,0.84252,0.84252,-2.91074,3,3.03023
2002-01-17,0,2.97203,1.05405,1.05405,-2.97203,3,3.15341
2002-01-18,0,2.89356,1.23965,1.23965,-2.89356,3,3.14792
2002-01-19,0,2.77644,1.36964,1.36964,-2.77644,3,3.0959
2002-01-20,0,2.67169,1.48895,1.48895,-2.67169,3,3.05858
2002-01-21,0,2.57766,1.47095,1.47095,-2.57766,3,2.96783
2002-01-22,0,2.44385,1.48254,1.48254,-2.44385,3,2.85837
2002-01-23,0,2.30882,1.52515,1.52515,-2.30882,3,2.76708
2002-01-24,0,2.15317,1.62964,1.62964,-2.15317,3,2.70035
2002-01-25,0,1.98075,1.73345,1.73345,-1.98075,3,2.63215
2002-01-26,0,1.77519,1.78774,1.78774,-1.77519,4,2.51939
2002-01-27,0,1.54336,1.74312,1.74312,-1.54336,4,2.32818
2002-01-28,0,1.26245,1.67942,1.67942,-1.26245,4,2.101
2002-01-29,0,0.94271,1.60998,1.60998,-0.94271,4,1.86567
2002-01-30,0,0.63001,1.63598,1.63598,-0.63001,4,1.7531
2002-01-31,0,0.31461,1.64654,1.64654,-0.31461,4,1.67632
2002-02-01,0,0.05664,1.64921,1.64921,-0.05664,4,1.65018
2002-02-02,0,-0.1772,1.59565,1.59565,0.1772,5,1.60546
2002-02-03,0,-0.47299,1.45955,1.45955,0.47299,5,1.53428
2002-02-04,0,-0.78917,1.31405,1.31405,0.78917,5,1.53281
2002-02-05,0,-1.05455,1.17413,1.17413,1.05455,5,1.57819
2002-02-06,0,-1.1299,1.04554,1.04554,1.1299,6,1.53943
2002-02-07,0,-1.15776,0.95203,0.95203,1.15776,6,1.49892
2002-02-08,0,-1.21657,0.82947,0.82947,1.21657,6,1.47244
2002-02-09,0,-1.26212,0.69012,0.69012,1.26212,6,1.43847
2002-02-10,0,-1.39893,0.51201,0.51201,1.39893,6,1.48969
2002-02-11,0,-1.53903,0.35594,0.35594,1.53903,6,1.57965
2002-02-12,0,-1.62105,0.25731,0.25731,1.62105,6,1.64134
2002-02-13,0,-1.66702,0.20555,0.20555,1.66702,6,1.67964
2002-02-14,0,-1.73371,0.18212,0.18212,1.73371,6,1.74325
2002-02-15,0,-1.90765,0.22987,0.22987,1.90765,6,1.92145
2002-02-16,0,-2.08235,0.32983,0.32983,2.08235,6,2.10831
2002-02-17,0,-2.21358,0.46627,0.46627,2.21358,6,2.26216
2002-02-18,0,-2.35673,0.5764,0.5764,2.35673,6,2.42619
2002-02-19,0,-2.53352,0.61179,0.61179,2.53352,6,2.60635
2002-02-20,0,-2.66235,0.59227,0.59227,2.66235,6,2.72744
2002-02-21,0,-2.74585,0.46615,0.46615,2.74585,6,2.78514
2002-02-22,0,-2.75315,0.18053,0.18053,2.75315,6,2.75906
2002-02-23,0,-2.61004,-0.24959,-0.24959,2.61004,7,2.62195
2002-02-24,0,-2.30094,-0.75601,-0.75601,2.30094,7,2.42195
2002-02-25,0,-1.89248,-1.15582,-1.15582,1.89248,7,2.21752
2002-02-26,0,-1.47957,-1.40494,-1.40494,1.47957,7,2.04034
2002-02-27,0,-1.06569,-1.52265,-1.52265,1.06569,8,1.85854
2002-02-28,0,-0.64786,-1.46272,-1.46272,0.64786,8,1.59977
2002-03-01,0,-0.40968,-1.30705,-1.30705,0.40968,8,1.36975
2002-03-02,0,-0.20871,-1.10471,-1.10471,0.20871,8,1.12425
2002-03-03,0,-0.04821,-0.89504,-0.89504,0.04821,8,0.89634
2002-03-04,0,0.05137,-0.70266,-0.70266,-0.05137,1,0.70454
2002-03-05,0,0.07497,-0.61658,-0.61658,-0.07497,1,0.62112
2002-03-06,0,0.06313,-0.52686,-0.52686,-0.06313,1,0.53063
2002-03-07,0,0.08601,-0.46554,-0.46554,-0.08601,1,0.47342
2002-03-08,0,0.05626,-0.38267,-0.38267,-0.05626,1,0.38678
2002-03-09,0,0.06372,-0.30513,-0.30513,-0.06372,1,0.31172
2002-03-10,0,0.1628,-0.29051,-0.29051,-0.1628,1,0.33301
2002-03-11,0,0.29109,-0.31968,-0.31968,-0.29109,1,0.43236
2002-03-12,0,0.44932,-0.41877,-0.41877,-0.44932,2,0.61421
2002-03-13,0,0.61687,-0.56094,-0.56094,-0.61687,2,0.83378
2002-03-14,0,0.84514,-0.55679,-0.55679,-0.84514,2,1.01207
2002-03-15,0,1.14328,-0.46139,-0.46139,-1.14328,2,1.23287
2002-03-16,0,1.34155,-0.24893,-0.24893,-1.34155,2,1.36445
2002-03-17,0,1.49993,-0.05827,-0.05827,-1.49993,2,1.50107
2002-03-18,0,1.59089,-0.02377,-0.02377,-1.59089,2,1.59107
2002-03-19,0,1.63029,-0.05577,-0.05577,-1.63029,2,1.63125
2002-03-20,0,1.64082,-0.19672,-0.19672,-1.64082,2,1.65257
2002-03-21,0,1.5496,-0.25292,-0.25292,-1.5496,2,1.5701
2002-03-22,0,1.42409,-0.24916,-0.24916,-1.42409,2,1.44572
2002-03-23,0,1.28106,-0.29834,-0.29834,-1.28106,2,1.31534
2002-03-24,0,1.10108,-0.34119,-0.34119,-1.10108,2,1.15273
2002-03-25,0,0.96221,-0.36508,-0.36508,-0.96221,2,1.02914
2002-03-26,0,0.82569,-0.28221,-0.28221,-0.82569,2,0.87259
2002-03-27,0,0.72861,-0.12325,-0.12325,-0.72861,2,0.73896
2002-03-28,0,0.70376,0.02633,0.02633,-0.70376,3,0.70425
2002-03-29,0,0.66528,0.19204,0.19204,-0.66528,3,0.69244
2002-03-30,0,0.63034,0.23497,0.23497,-0.63034,3,0.67271
2002-03-31,0,0.50907,0.21669,0.21669,-0.50907,3,0.55327
2002-04-01,0,0.42918,0.23907,0.23907,-0.42918,3,0.49127
2002-04-02,0,0.36197,0.26062,0.26062,-0.36197,3,0.44603
2002-04-03,0,0.27482,0.20374,0.20374,-0.27482,3,0.34211
2002-04-04,0,0.15086,-0.02179,-0.02179,-0.15086,2,0.15243
2002-04-05,0,-0.01216,-0.2495,-0.2495,0.01216,8,0.2498
2002-04-06,0,-0.21136,-0.4979,-0.4979,0.21136,8,0.5409
2002-04-07,0,-0.41039,-0.71373,-0.71373,0.41039,8,0.8233
2002-04-08,0,-0.53824,-0.81208,-0.81208,0.53824,8,0.97426
2002-04-09,0,-0.51261,-0.85551,-0.85551,0.51261,8,0.99733
2002-04-10,0,-0.43998,-0.89161,-0.89161,0.43998,8,0.99426
2002-04-11,0,-0.38591,-0.92094,-0.92094,0.38591,8,0.99853
2002-04-12,0,-0.35965,-0.8905,-0.8905,0.35965,8,0.96039
2002-04-13,0,-0.36204,-0.77869,-0.77869,0.36204,8,0.85874
2002-04-14,0,-0.26872,-0.69747,-0.69747,0.26872,8,0.74745
2002-04-15,0,-0.10959,-0.54679,-0.54679,0.10959,8,0.55767
2002-04-16,0,0.1215,-0.40557,-0.40557,-0.1215,1,0.42338
2002-04-17,0,0.33483,-0.3569,-0.3569,-0.33483,1,0.48938
2002-04-18,0,0.39451,-0.30404,-0.30404,-0.39451,2,0.49808
2002-04-19,0,0.4626,-0.2508,-0.2508,-0.4626,2,0.52621
2002-04-20,0,0.54748,-0.19947,-0.19947,-0.54748,2,0.58269
2002-04-21,0,0.66862,-0.16271,-0.16271,-0.66862,2,0.68813
2002-04-22,0,0.85859,-0.16679,-0.16679,-0.85859,2,0.87464
2002-04-23,0,1.01879,-0.13164,-0.13164,-1.01879,2,1.02726
2002-04-24,0,1.06605,-0.12457,-0.12457,-1.06605,2,1.0733
2002-04-25,0,1.1107,-0.10741,-0.10741,-1.1107,2,1.11588
2002-04-26,0,1.19098,-0.07506,-0.07506,-1.19098,2,1.19334
2002-04-27,0,1.35855,-0.09823,-0.09823,-1.35855,2,1.3621
2002-04-28,0,1.52044,-0.13781,-0.13781,-1.52044,2,1.52667
2002-04-29,0,1.70432,-0.10237,-0.10237,-1.70432,2,1.70739
2002-04-30,0,1.85881,-0.01019,-0.01019,-1.85881,2,1.85883
2002-05-01,0,1.98564,0.08282,0.08282,-1.98564,3,1.98736
2002-05-02,0,2.08671,0.19987,0.19987,-2.08671,3,2.09626
2002-05-03,0,2.1893,0.39823,0.39823,-2.1893,3,2.22522
2002-05-04,0,2.12109,0.68719,0.68719,-2.12109,3,2.22963
2002-05-05,0,1.89809,0.9897,0.9897,-1.89809,3,2.14062
2002-05-06,0,1.56684,1.38734,1.38734,-1.56684,3,2.09278
2002-05-07,0,1.15386,1.76025,1.76025,-1.15386,4,2.10473
2002-05-08,0,0.68304,1.98971,1.98971,-0.68304,4,2.10368
2002-05-09,0,0.13702,2.1264,2.1264,-0.13702,4,2.13081
2002-05-10,0,-0.45873,2.2183,2.2183,0.45873,5,2.26524
2002-05-11,0,-1.06786,2.21897,2.21897,1.06786,5,2.46255
2002-05-12,0,-1.65575,2.05389,2.05389,1.65575,5,2.63818
2002-05-13,0,-2.0865,1.74005,1.74005,2.0865,6,2.71684
2002-05-14,0,-2.41102,1.34353,1.34353,2.41102,6,2.76009
2002-05-15,0,-2.62668,0.81933,0.81933,2.62668,6,2.7515
2002-05-16,0,-2.73049,0.30212,0.30212,2.73049,6,2.74715
2002-05-17,0,-2.75525,-0.1914,-0.1914,2.75525,7,2.76189
2002-05-18,0,-2.69549,-0.61271,-0.61271,2.69549,7,2.76425
2002-05-19,0,-2.62081,-0.92636,-0.92636,2.62081,7,2.77971
2002-05-20,0,-2.49877,-1.09667,-1.09667,2.49877,7,2.72883
2002-05-21,0,-2.29769,-1.13882,-1.13882,2.29769,7,2.56443
2002-05-22,0,-2.13723,-1.11835,-1.11835,2.13723,7,2.41215
2002-05-23,0,-2.03576,-1.07497,-1.07497,2.03576,7,2.30215
2002-05-24,0,-1.93525,-0.95759,-0.95759,1.93525,7,2.1592
2002-05-25,0,-1.8208,-0.81535,-0.81535,1.8208,7,1.99502
2002-05-26,0,-1.66209,-0.70009,-0.70009,1.66209,7,1.80351
2002-05-27,0,-1.45302,-0.54804,-0.54804,1.45302,7,1.55293
2002-05-28,0,-1.19722,-0.42473,-0.42473,1.19722,7,1.27033
2002-05-29,0,-0.97662,-0.39544,-0.39544,0.97662,7,1.05364
2002-05-30,0,-0.76007,-0.45994,-0.45994,0.76007,7,0.88839
2002-05-31,0,-0.55113,-0.56414,-0.56414,0.55113,8,0.78867
2002-06-01,0,-0.24947,-0.6388,-0.6388,0.24947,8,0.68578
2002-06-02,0,0.11505,-0.68305,-0.68305,-0.11505,1,0.69267
2002-06-03,0,0.41036,-0.7449,-0.7449,-0.41036,1,0.85046
2002-06-04,0,0.68871,-0.73846,-0.73846,-0.68871,1,1.00977
2002-06-05,0,0.94177,-0.72812,-0.72812,-0.94177,2,1.19041
2002-06-06,0,1.18662,-0.63446,-0.63446,-1.18662,2,1.34559
2002-06-07,0,1.49273,-0.47339,-0.47339,-1.49273,2,1.566
2002-06-08,0,1.69619,-0.32827,-0.32827,-1.69619,2,1.72766
2002-06-09,0,1.89016,-0.0762,-0.0762,-1.89016,2,1.8917
2002-06-10,0,1.90672,0.16806,0.16806,-1.90672,3,1.91411
2002-06-11,0,1.82058,0.43456,0.43456,-1.82058,3,1.87172
2002-06-12,0,1.73276,0.74041,0.74041,-1.73276,3,1.88432
2002-06-13,0,1.56187,1.01368,1.01368,-1.56187,3,1.86198
2002-06-14,0,1.37553,1.27375,1.27375,-1.37553,3,1.8747
2002-06-15,0,1.17525,1.41125,1.41125,-1.17525,4,1.83653
2002-06-16,0,0.89872,1.53922,1.53922,-0.89872,4,1.78238
2002-06-17,0,0.59183,1.70879,1.70879,-0.59183,4,1.80838
2002-06-18,0,0.26941,1.76745,1.76745,-0.26941,4,1.78787
2002-06-19,0,0.08656,1.75122,1.75122,-0.08656,4,1.75335
2002-06-20,0,-0.11157,1.6698,1.6698,0.11157,5,1.67353
2002-06-21,0,-0.33434,1.55412,1.55412,0.33434,5,1.58968
2002-06-22,0,-0.54493,1.40065,1.40065,0.54493,5,1.50292
2002-06-23,0,-0.72992,1.18357,1.18357,0.72992,5,1.39055
2002-06-24,0,-0.93383,0.99803,0.99803,0.93383,5,1.36679
2002-06-25,0,-1.15134,0.77746,0.77746,1.15134,6,1.38925
2002-06-26,0,-1.27804,0.54017,0.54017,1.27804,6,1.3875
2002-06-27,0,-1.38318,0.32099,0.32099,1.38318,6,1.41994
2002-06-28,0,-1.53622,0.13362,0.13362,1.53622,6,1.54202
2002-06-29,0,-1.6318,-0.11769,-0.11769,1.6318,7,1.63604
2002-06-30,0,-1.63776,-0.39645,-0.39645,1.63776,7,1.68506
2002-07-01,0,-1.64831,-0.6219,-0.6219,1.64831,7,1.76172
2002-07-02,0,-1.64526,-0.80435,-0.80435,1.64526,7,1.83135
2002-07-03,0,-1.56528,-0.95087,-0.95087,1.56528,7,1.83146
2002-07-04,0,-1.41671,-1.07805,-1.07805,1.41671,7,1.78024
2002-07-05,0,-1.2425,-1.23854,-1.23854,1.2425,7,1.75436
2002-07-06,0,-1.02355,-1.38484,-1.38484,1.02355,8,1.72204
2002-07-07,0,-0.76398,-1.44081,-1.44081,0.76398,8,1.63083
2002-07-08,0,-0.54363,-1.43985,-1.43985,0.54363,8,1.53906
2002-07-09,0,-0.41143,-1.4261,-1.4261,0.41143,8,1.48426
2002-07-10,0,-0.2701,-1.34627,-1.34627,0.2701,8,1.37309
2002-07-11,0,-0.08867,-1.2303,-1.2303,0.08867,8,1.23349
2002-07-12,0,0.0643,-1.10764,-1.10764,-0.0643,1,1.10951
2002-07-13,0,0.2059,-1.02773,-1.02773,-0.2059,1,1.04815
2002-07-14,0,0.21414,-1.02327,-1.02327,-0.21414,1,1.04543
2002-07-15,0,0.11148,-1.0599,-1.0599,-0.11148,1,1.06574
2002-07-16,0,0.00797,-1.13631,-1.13631,-0.00797,1,1.13634
2002-07-17,0,-0.03559,-1.1619,-1.1619,0.03559,8,1.16244
2002-07-18,0,0.01392,-1.11937,-1.11937,-0.01392,1,1.11946
2002-07-19,0,0.05672,-1.13954,-1.13954,-0.05672,1,1.14095
2002-07-20,0,0.03067,-1.13591,-1.13591,-0.03067,1,1.13632
2002-07-21,0,0.0264,-1.14984,-1.14984,-0.0264,1,1.15014
2002-07-22,0,0.00679,-1.14149,-1.14149,-0.00679,1,1.14151
2002-07-23,0,0.09664,-0.97662,-0.97662,-0.09664,1,0.98139
2002-07-24,0,0.27904,-0.74028,-0.74028,-0.27904,1,0.79113
2002-07-25,0,0.4993,-0.52255,-0.52255,-0.4993,1,0.72275
2002-07-26,0,0.69038,-0.31181,-0.31181,-0.69038,2,0.75753
2002-07-27,0,0.83659,-0.11779,-0.11779,-0.83659,2,0.84484
2002-07-28,0,0.9248,0.07609,0.07609,-0.9248,3,0.92793
2002-07-29,0,0.96438,0.25638,0.25638,-0.96438,3,0.99788
2002-07-30,0,0.94598,0.44856,0.44856,-0.94598,3,1.04694
2002-07-31,0,0.82477,0.71969,0.71969,-0.82477,3,1.09463
2002-08-01,0,0.67919,0.93302,0.93302,-0.67919,4,1.15405
2002-08-02,0,0.58967,1.0949,1.0949,-0.58967,4,1.24359
2002-08-03,0,0.42605,1.25789,1.25789,-0.42605,4,1.32808
2002-08-04,0,0.19103,1.41567,1.41567,-0.19103,4,1.4285
2002-08-05,0,-0.08176,1.54809,1.54809,0.08176,5,1.55025
2002-08-06,0,-0.28302,1.68321,1.68321,0.28302,5,1.70684
2002-08-07,0,-0.47204,1.81818,1.81818,0.47204,5,1.87845
2002-08-08,0,-0.67882,1.93222,1.93222,0.67882,5,2.04799
2002-08-09,0,-0.76886,1.8974,1.8974,0.76886,5,2.04726
2002-08-10,0,-0.85989,1.77883,1.77883,0.85989,5,1.97577
2002-08-11,0,-1.07568,1.65096,1.65096,1.07568,5,1.97047
2002-08-12,0,-1.25654,1.53632,1.53632,1.25654,5,1.98474
2002-08-13,0,-1.35071,1.37521,1.37521,1.35071,5,1.9276
2002-08-14,0,-1.33567,1.17338,1.17338,1.33567,6,1.77788
2002-08-15,0,-1.30025,0.94065,0.94065,1.30025,6,1.60483
2002-08-16,0,-1.24929,0.65955,0.65955,1.24929,6,1.41271
2002-08-17,0,-1.09098,0.30425,0.30425,1.09098,6,1.13261
2002-08-18,0,-0.89381,0.0033,0.0033,0.89381,6,0.89382
2002-08-19,0,-0.61354,-0.22893,-0.22893,0.61354,7,0.65486
2002-08-20,0,-0.28665,-0.47223,-0.47223,0.28665,8,0.55242
2002-08-21,0,-0.06966,-0.70009,-0.70009,0.06966,8,0.70355
2002-08-22,0,0.20086,-0.89724,-0.89724,-0.20086,1,0.91945
2002-08-23,0,0.3501,-1.04795,-1.04795,-0.3501,1,1.10488
2002-08-24,0,0.43212,-1.12119,-1.12119,-0.43212,1,1.20158
2002-08-25,0,0.57992,-1.14028,-1.14028,-0.57992,1,1.27927
2002-08-26,0,0.67281,-1.04309,-1.04309,-0.67281,1,1.24125
2002-08-27,0,0.72764,-0.8706,-0.8706,-0.72764,1,1.13463
2002-08-28,0,0.74602,-0.68309,-0.68309,-0.74602,2,1.01151
2002-08-29,0,0.73047,-0.54094,-0.54094,-0.73047,2,0.90896
2002-08-30,0,0.70253,-0.43556,-0.43556,-0.70253,2,0.8266
2002-08-31,0,0.59748,-0.34552,-0.34552,-0.59748,2,0.69019
2002-09-01,0,0.46713,-0.25167,-0.25167,-0.46713,2,0.53061
2002-09-02,0,0.45821,-0.21095,-0.21095,-0.45821,2,0.50443
2002-09-03,0,0.42154,-0.18786,-0.18786,-0.42154,2,0.4615
2002-09-04,0,0.39586,-0.16184,-0.16184,-0.39586,2,0.42766
2002-09-05,0,0.31308,-0.1365,-0.1365,-0.31308,2,0.34154
2002-09-06,0,0.11194,-0.11865,-0.11865,-0.11194,1,0.16312
2002-09-07,0,-0.06098,-0.05209,-0.05209,0.06098,7,0.0802
2002-09-08,0,-0.1244,-0.00781,-0.00781,0.1244,7,0.12465
2002-09-09,0,-0.14831,0.00079,0.00079,0.14831,6,0.14831
2002-09-10,0,-0.14713,-0.02119,-0.02119,0.14713,7,0.14865
2002-09-11,0,-0.20936,-0.02061,-0.02061,0.20936,7,0.21038
2002-09-12,0,-0.30283,-0.05205,-0.05205,0.30283,7,0.30727
2002-09-13,0,-0.39835,-0.10408,-0.10408,0.39835,7,0.41172
2002-09-14,0,-0.454,-0.19287,-0.19287,0.454,7,0.49327
2002-09-15,0,-0.4014,-0.27537,-0.27537,0.4014,7,0.48677
2002-09-16,0,-0.32964,-0.32175,-0.32175,0.32964,7,0.46064
2002-09-17,0,-0.20643,-0.27614,-0.27614,0.20643,8,0.34477
2002-09-18,0,-0.10568,-0.21571,-0.21571,0.10568,8,0.24021
2002-09-19,0,0.03909,-0.11987,-0.11987,-0.03909,1,0.12608
2002-09-20,0,0.20658,-0.03688,-0.03688,-0.20658,2,0.20985
2002-09-21,0,0.40316,0.04238,0.04238,-0.40316,3,0.40538
2002-09-22,0,0.67093,0.13364,0.13364,-0.67093,3,0.68412
2002-09-23,0,0.93115,0.25375,0.25375,-0.93115,3,0.96511
2002-09-24,0,1.09589,0.37915,0.37915,-1.09589,3,1.15962
2002-09-25,0,1.18316,0.44498,0.44498,-1.18316,3,1.26407
2002-09-26,0,1.1856,0.43765,0.43765,-1.1856,3,1.2638
2002-09-27,0,1.12823,0.38404,0.38404,-1.12823,3,1.1918
2002-09-28,0,1.10354,0.3606,0.3606,-1.10354,3,1.16096
2002-09-29,0,1.09718,0.33293,0.33293,-1.09718,3,1.14658
2002-09-30,0,1.11847,0.33839,0.33839,-1.11847,3,1.16854
2002-10-01,0,1.05943,0.3265,0.3265,-1.05943,3,1.1086
2002-10-02,0,0.97056,0.28776,0.28776,-0.97056,3,1.01232
2002-10-03,0,0.94064,0.28209,0.28209,-0.94064,3,0.98203
2002-10-04,0,0.90012,0.3029,0.3029,-0.90012,3,0.94971
2002-10-05,0,0.79833,0.30848,0.30848,-0.79833,3,0.85586
2002-10-06,0,0.76232,0.38363,0.38363,-0.76232,3,0.85341
2002-10-07,0,0.73281,0.41565,0.41565,-0.73281,3,0.84248
2002-10-08,0,0.59188,0.46586,0.46586,-0.59188,3,0.75322
2002-10-09,0,0.38966,0.37837,0.37837,-0.38966,3,0.54314
2002-10-10,0,0.20483,0.23915,0.23915,-0.20483,4,0.31488
2002-10-11,0,0.04748,0.10282,0.10282,-0.04748,4,0.11325
2002-10-12,0,-0.00099,-0.03601,-0.03601,0.00099,8,0.03602
2002-10-13,0,0.02068,-0.13964,-0.13964,-0.02068,1,0.14116
2002-10-14,0,0.11171,-0.23463,-0.23463,-0.11171,1,0.25987
2002-10-15,0,0.21113,-0.35854,-0.35854,-0.21113,1,0.41608
2002-10-16,0,0.23633,-0.41418,-0.41418,-0.23633,1,0.47686
2002-10-17,0,0.2832,-0.42785,-0.42785,-0.2832,1,0.51309
2002-10-18,0,0.25895,-0.37509,-0.37509,-0.25895,1,0.45579
2002-10-19,0,0.22955,-0.34612,-0.34612,-0.22955,1,0.41532
2002-10-20,0,0.24334,-0.34531,-0.34531,-0.24334,1,0.42244
2002-10-21,0,0.24507,-0.37053,-0.37053,-0.24507,1,0.44424
2002-10-22,0,0.22227,-0.34593,-0.34593,-0.22227,1,0.41118
2002-10-23,0,0.24816,-0.29362,-0.29362,-0.24816,1,0.38444
2002-10-24,0,0.26276,-0.23723,-0.23723,-0.26276,2,0.354
2002-10-25,0,0.28238,-0.24411,-0.24411,-0.28238,2,0.37327
2002-10-26,0,0.26813,-0.33944,-0.33944,-0.26813,1,0.43257
2002-10-27,0,0.34366,-0.36381,-0.36381,-0.34366,1,0.50046
2002-10-28,0,0.48478,-0.27633,-0.27633,-0.48478,2,0.55801
2002-10-29,0,0.58054,-0.16554,-0.16554,-0.58054,2,0.60368
2002-10-30,0,0.60829,-0.03197,-0.03197,-0.60829,2,0.60913
2002-10-31,0,0.62717,0.04859,0.04859,-0.62717,3,0.62905
2002-11-01,0,0.60264,0.19614,0.19614,-0.60264,3,0.63376
2002-11-02,0,0.60673,0.37133,0.37133,-0.60673,3,0.71134
2002-11-03,0,0.62691,0.56611,0.56611,-0.62691,3,0.84469
2002-11-04,0,0.72665,0.80785,0.80785,-0.72665,4,1.08657
2002-11-05,0,0.77936,0.99324,0.99324,-0.77936,4,1.26251
2002-11-06,0,0.75305,1.08522,1.08522,-0.75305,4,1.3209
2002-11-07,0,0.78299,1.14875,1.14875,-0.78299,4,1.39021
2002-11-08,0,0.84844,1.1887,1.1887,-0.84844,4,1.46043
2002-11-09,0,0.9594,1.20328,1.20328,-0.9594,4,1.53894
2002-11-10,0,1.02141,1.16336,1.16336,-1.02141,4,1.54813
2002-11-11,0,1.08848,1.03726,1.03726,-1.08848,3,1.50356
2002-11-12,0,1.06925,0.94758,0.94758,-1.06925,3,1.42871
2002-11-13,0,0.96996,0.86844,0.86844,-0.96996,3,1.30193
2002-11-14,0,0.86356,0.83274,0.83274,-0.86356,3,1.19966
2002-11-15,0,0.73763,0.83497,0.83497,-0.73763,4,1.11412
2002-11-16,0,0.53024,0.93006,0.93006,-0.53024,4,1.07059
2002-11-17,0,0.29456,1.10062,1.10062,-0.29456,4,1.13935
2002-11-18,0,-0.0228,1.22669,1.22669,0.0228,5,1.2269
2002-11-19,0,-0.41501,1.24914,1.24914,0.41501,5,1.31628
2002-11-20,0,-0.88685,1.14151,1.14151,0.88685,5,1.44553
2002-11-21,0,-1.34418,0.82516,0.82516,1.34418,6,1.57725
2002-11-22,0,-1.69888,0.48206,0.48206,1.69888,6,1.76595
2002-11-23,0,-1.97617,0.18403,0.18403,1.97617,6,1.98472
2002-11-24,0,-2.16229,-0.13318,-0.13318,2.16229,7,2.16639
2002-11-25,0,-2.23487,-0.49953,-0.49953,2.23487,7,2.29001
2002-11-26,0,-2.22368,-0.89036,-0.89036,2.22368,7,2.39531
2002-11-27,0,-2.20073,-1.17285,-1.17285,2.20073,7,2.49375
2002-11-28,0,-2.12148,-1.40856,-1.40856,2.12148,7,2.54651
2002-11-29,0,-2.01421,-1.59176,-1.59176,2.01421,7,2.56725
2002-11-30,0,-1.73178,-1.68927,-1.68927,1.73178,7,2.41924
2002-12-01,0,-1.37118,-1.80897,-1.80897,1.37118,8,2.26991
2002-12-02,0,-1.0362,-1.96484,-1.96484,1.0362,8,2.22133
2002-12-03,0,-0.69404,-2.1503,-2.1503,0.69404,8,2.25953
2002-12-04,0,-0.30779,-2.24618,-2.24618,0.30779,8,2.26717
2002-12-05,0,0.07724,-2.2618,-2.2618,-0.07724,1,2.26312
2002-12-06,0,0.37651,-2.21851,-2.21851,-0.37651,1,2.25023
2002-12-07,0,0.54275,-2.09221,-2.09221,-0.54275,1,2.16146
2002-12-08,0,0.7109,-1.99881,-1.99881,-0.7109,1,2.12147
2002-12-09,0,0.77875,-1.94674,-1.94674,-0.77875,1,2.09672
2002-12-10,0,0.85234,-1.86323,-1.86323,-0.85234,1,2.04893
2002-12-11,0,0.96331,-1.76724,-1.76724,-0.96331,1,2.01273
2002-12-12,0,1.09811,-1.61358,-1.61358,-1.09811,1,1.9518
2002-12-13,0,1.20938,-1.48657,-1.48657,-1.20938,1,1.91638
2002-12-14,0,1.37798,-1.38178,-1.38178,-1.37798,1,1.95145
2002-12-15,0,1.63905,-1.24033,-1.24033,-1.63905,2,2.05546
2002-12-16,0,1.95598,-1.08145,-1.08145,-1.95598,2,2.23504
2002-12-17,0,2.20917,-0.83613,-0.83613,-2.20917,2,2.3621
2002-12-18,0,2.39782,-0.52197,-0.52197,-2.39782,2,2.45397
2002-12-19,0,2.45489,-0.20613,-0.20613,-2.45489,2,2.46352
2002-12-20,0,2.49278,0.14218,0.14218,-2.49278,3,2.49683
2002-12-21,0,2.49639,0.56874,0.56874,-2.49639,3,2.56036
2002-12-22,0,2.40771,1.00532,1.00532,-2.40771,3,2.60917
2002-12-23,0,2.15275,1.40794,1.40794,-2.15275,3,2.57228
2002-12-24,0,1.77021,1.75669,1.75669,-1.77021,3,2.49391
2002-12-25,0,1.40142,2.0871,2.0871,-1.40142,4,2.51396
2002-12-26,0,1.05958,2.28719,2.28719,-1.05958,4,2.5207
2002-12-27,0,0.72227,2.31739,2.31739,-0.72227,4,2.42734
2002-12-28,0,0.40089,2.33126,2.33126,-0.40089,4,2.36547
2002-12-29,0,0.13384,2.29873,2.29873,-0.13384,4,2.30262
2002-12-30,0,-0.18752,2.17925,2.17925,0.18752,5,2.18731
2002-12-31,0,-0.47788,2.03521,2.03521,0.47788,5,2.09057
2003-01-01,0,-0.76923,1.88855,1.88855,0.76923,5,2.0392
2003-01-02,0,-0.96235,1.64569,1.64569,0.96235,5,1.90642
2003-01-03,0,-1.193,1.36407,1.36407,1.193,5,1.81216
2003-01-04,0,-1.36893,1.04332,1.04332,1.36893,6,1.72119
2003-01-05,0,-1.51505,0.84082,0.84082,1.51505,6,1.73272
2003-01-06,0,-1.60021,0.62348,0.62348,1.60021,6,1.71738
2003-01-07,0,-1.77978,0.44396,0.44396,1.77978,6,1.83432
2003-01-08,0,-1.90551,0.28359,0.28359,1.90551,6,1.9265
2003-01-09,0,-1.91711,0.15607,0.15607,1.91711,6,1.92345
2003-01-10,0,-1.86041,0.02617,0.02617,1.86041,6,1.8606
2003-01-11,0,-1.78831,-0.09065,-0.09065,1.78831,7,1.79061
2003-01-12,0,-1.70123,-0.2194,-0.2194,1.70123,7,1.71532
2003-01-13,0,-1.58682,-0.29421,-0.29421,1.58682,7,1.61387
2003-01-14,0,-1.41284,-0.3684,-0.3684,1.41284,7,1.46008
2003-01-15,0,-1.28464,-0.44745,-0.44745,1.28464,7,1.36033
2003-01-16,0,-1.16726,-0.50927,-0.50927,1.16726,7,1.27351
2003-01-17,0,-1.06241,-0.55853,-0.55853,1.06241,7,1.20028
2003-01-18,0,-0.97717,-0.58767,-0.58767,0.97717,7,1.14027
2003-01-19,0,-0.95338,-0.64725,-0.64725,0.95338,7,1.15232
2003-01-20,0,-0.95284,-0.63314,-0.63314,0.95284,7,1.14401
2003-01-21,0,-0.92909,-0.57636,-0.57636,0.92909,7,1.09334
2003-01-22,0,-0.97291,-0.45192,-0.45192,0.97291,7,1.07275
2003-01-23,0,-0.96365,-0.30786,-0.30786,0.96365,7,1.01163
2003-01-24,0,-0.88389,-0.15151,-0.15151,0.88389,7,0.89678
2003-01-25,0,-0.73149,-0.10911,-0.10911,0.73149,7,0.73958
2003-01-26,0,-0.51007,-0.09798,-0.09798,0.51007,7,0.5194
2003-01-27,0,-0.26231,-0.09058,-0.09058,0.26231,7,0.27751
2003-01-28,0,-0.04137,-0.04717,-0.04717,0.04137,8,0.06274
2003-01-29,0,0.19999,-0.01249,-0.01249,-0.19999,2,0.20037
2003-01-30,0,0.48819,-0.09224,-0.09224,-0.48819,2,0.49683
2003-01-31,0,0.76717,-0.159,-0.159,-0.76717,2,0.78347
2003-02-01,0,0.9206,-0.17313,-0.17313,-0.9206,2,0.93674
2003-02-02,0,1.00926,-0.14502,-0.14502,-1.00926,2,1.01963
2003-02-03,0,1.11674,-0.09472,-0.09472,-1.11674,2,1.12075
2003-02-04,0,1.15289,-0.11086,-0.11086,-1.15289,2,1.1582
2003-02-05,0,1.11966,-0.15029,-0.15029,-1.11966,2,1.1297
2003-02-06,0,1.13364,-0.27954,-0.27954,-1.13364,2,1.1676
2003-02-07,0,1.12123,-0.40062,-0.40062,-1.12123,2,1.19065
2003-02-08,0,1.0896,-0.4227,-0.4227,-1.0896,2,1.16872
2003-02-09,0,1.07177,-0.44929,-0.44929,-1.07177,2,1.16214
2003-02-10,0,1.06136,-0.5406,-0.5406,-1.06136,2,1.1911
2003-02-11,0,1.09464,-0.60891,-0.60891,-1.09464,2,1.2526
2003-02-12,0,1.04212,-0.5804,-0.5804,-1.04212,2,1.19284
2003-02-13,0,0.90409,-0.40339,-0.40339,-0.90409,2,0.99
2003-02-14,0,0.75736,-0.11079,-0.11079,-0.75736,2,0.76542
2003-02-15,0,0.58044,0.28447,0.28447,-0.58044,3,0.6464
2003-02-16,0,0.45004,0.62547,0.62547,-0.45004,4,0.77055
2003-02-17,0,0.30818,0.95226,0.95226,-0.30818,4,1.00089
2003-02-18,0,0.15018,1.21237,1.21237,-0.15018,4,1.22164
2003-02-19,0,-0.01367,1.4791,1.4791,0.01367,5,1.47916
2003-02-20,0,-0.17038,1.70533,1.70533,0.17038,5,1.71382
2003-02-21,0,-0.28664,1.88653,1.88653,0.28664,5,1.90818
2003-02-22,0,-0.3625,2.00601,2.00601,0.3625,5,2.03851
2003-02-23,0,-0.4329,1.95358,1.95358,0.4329,5,2.00097
2003-02-24,0,-0.465,1.83591,1.83591,0.465,5,1.89388
2003-02-25,0,-0.44685,1.74605,1.74605,0.44685,5,1.80232
2003-02-26,0,-0.4516,1.59449,1.59449,0.4516,5,1.65721
2003-02-27,0,-0.4352,1.49065,1.49065,0.4352,5,1.55288
2003-02-28,0,-0.37618,1.37726,1.37726,0.37618,5,1.42771
2003-03-01,0,-0.29608,1.21827,1.21827,0.29608,5,1.25373
2003-03-02,0,-0.37073,1.00235,1.00235,0.37073,5,1.06871
2003-03-03,0,-0.52223,0.78911,0.78911,0.52223,5,0.94627
2003-03-04,0,-0.77397,0.66567,0.66567,0.77397,6,1.02085
2003-03-05,0,-1.04985,0.59952,0.59952,1.04985,6,1.20897
2003-03-06,0,-1.32016,0.57625,0.57625,1.32016,6,1.44044
2003-03-07,0,-1.46589,0.63663,0.63663,1.46589,6,1.59816
2003-03-08,0,-1.54069,0.61521,0.61521,1.54069,6,1.65898
2003-03-09,0,-1.58701,0.53889,0.53889,1.58701,6,1.676
2003-03-10,0,-1.53914,0.42194,0.42194,1.53914,6,1.59593
2003-03-11,0,-1.41583,0.23818,0.23818,1.41583,6,1.43572
2003-03-12,0,-1.21596,-0.02594,-0.02594,1.21596,7,1.21624
2003-03-13,0,-0.99468,-0.32493,-0.32493,0.99468,7,1.04641
2003-03-14,0,-0.75,-0.63244,-0.63244,0.75,7,0.98106
2003-03-15,0,-0.41481,-0.92992,-0.92992,0.41481,8,1.01825
2003-03-16,0,-0.06362,-1.19771,-1.19771,0.06362,8,1.1994
2003-03-17,0,0.20822,-1.30781,-1.30781,-0.20822,1,1.32428
2003-03-18,0,0.48982,-1.28147,-1.28147,-0.48982,1,1.37189
2003-03-19,0,0.67133,-1.21818,-1.21818,-0.67133,1,1.39092
2003-03-20,0,0.77314,-1.11889,-1.11889,-0.77314,1,1.36002
2003-03-21,0,0.75989,-1.02048,-1.02048,-0.75989,1,1.27232
2003-03-22,0,0.76574,-0.9385,-0.9385,-0.76574,1,1.21125
2003-03-23,0,0.78628,-0.75649,-0.75649,-0.78628,2,1.0911
2003-03-24,0,0.72558,-0.54422,-0.54422,-0.72558,2,0.90699
2003-03-25,0,0.68034,-0.31208,-0.31208,-0.68034,2,0.7485
2003-03-26,0,0.61109,-0.11152,-0.11152,-0.61109,2,0.62118
2003-03-27,0,0.50034,0.20025,0.20025,-0.50034,3,0.53892
2003-03-28,0,0.38576,0.51805,0.51805,-0.38576,4,0.6459
2003-03-29,0,0.2595,0.7613,0.7613,-0.2595,4,0.80431
2003-03-30,0,0.15425,0.91154,0.91154,-0.15425,4,0.9245
2003-03-31,0,0.00586,1.01541,1.01541,-0.00586,4,1.01543
2003-04-01,0,-0.16011,1.01464,1.01464,0.16011,5,1.0272
2003-04-02,0,-0.32537,0.90138,0.90138,0.32537,5,0.9583
2003-04-03,0,-0.50296,0.76669,0.76669,0.50296,5,0.91694
2003-04-04,0,-0.53694,0.58979,0.58979,0.53694,5,0.7976
2003-04-05,0,-0.56591,0.28091,0.28091,0.56591,6,0.63179
2003-04-06,0,-0.54684,-0.07073,-0.07073,0.54684,7,0.5514
2003-04-07,0,-0.45708,-0.42917,-0.42917,0.45708,7,0.62698
2003-04-08,0,-0.29068,-0.76879,-0.76879,0.29068,8,0.82191
2003-04-09,0,-0.0815,-1.02691,-1.02691,0.0815,8,1.03014
2003-04-10,0,0.09973,-1.19857,-1.19857,-0.09973,1,1.20272
2003-04-11,0,0.28008,-1.23868,-1.23868,-0.28008,1,1.26995
2003-04-12,0,0.44127,-1.25363,-1.25363,-0.44127,1,1.32903
2003-04-13,0,0.52646,-1.25835,-1.25835,-0.52646,1,1.36404
2003-04-14,0,0.6585,-1.25181,-1.25181,-0.6585,1,1.41444
2003-04-15,0,0.7455,-1.19103,-1.19103,-0.7455,1,1.4051
2003-04-16,0,0.77032,-1.12778,-1.12778,-0.77032,1,1.36575
2003-04-17,0,0.76095,-0.95656,-0.95656,-0.76095,1,1.22232
2003-04-18,0,0.75849,-0.71937,-0.71937,-0.75849,2,1.04537
2003-04-19,0,0.85964,-0.49481,-0.49481,-0.85964,2,0.99188
2003-04-20,0,0.95748,-0.39337,-0.39337,-0.95748,2,1.03514
2003-04-21,0,1.14517,-0.35564,-0.35564,-1.14517,2,1.19913
2003-04-22,0,1.26528,-0.33561,-0.33561,-1.26528,2,1.30903
2003-04-23,0,1.25915,-0.29998,-0.29998,-1.25915,2,1.29439
2003-04-24,0,1.27406,-0.24419,-0.24419,-1.27406,2,1.29725
2003-04-25,0,1.37446,-0.03133,-0.03133,-1.37446,2,1.37482
2003-04-26,0,1.51389,0.13231,0.13231,-1.51389,3,1.51966
2003-04-27,0,1.58051,0.16762,0.16762,-1.58051,3,1.58937
2003-04-28,0,1.51409,0.15714,0.15714,-1.51409,3,1.52222
2003-04-29,0,1.44938,0.15632,0.15632,-1.44938,3,1.45779
2003-04-30,0,1.34583,0.22082,0.22082,-1.34583,3,1.36383
2003-05-01,0,1.41893,0.27322,0.27322,-1.41893,3,1.44499
2003-05-02,0,1.52217,0.39219,0.39219,-1.52217,3,1.57188
2003-05-03,0,1.56525,0.5748,0.5748,-1.56525,3,1.66746
2003-05-04,0,1.48512,0.68245,0.68245,-1.48512,3,1.63442
2003-05-05,0,1.30926,0.84139,0.84139,-1.30926,3,1.55631
2003-05-06,0,1.19636,1.09779,1.09779,-1.19636,3,1.6237
2003-05-07,0,1.11099,1.35092,1.35092,-1.11099,4,1.74908
2003-05-08,0,1.02905,1.63048,1.63048,-1.02905,4,1.92806
2003-05-09,0,0.8562,1.91624,1.91624,-0.8562,4,2.09882
2003-05-10,0,0.5467,2.21385,2.21385,-0.5467,4,2.28036
2003-05-11,0,0.13521,2.40312,2.40312,-0.13521,4,2.40692
2003-05-12,0,-0.20655,2.46058,2.46058,0.20655,5,2.46923
2003-05-13,0,-0.46128,2.40443,2.40443,0.46128,5,2.44827
2003-05-14,0,-0.78977,2.26092,2.26092,0.78977,5,2.39489
2003-05-15,0,-1.24476,1.95731,1.95731,1.24476,5,2.31959
2003-05-16,0,-1.66871,1.58368,1.58368,1.66871,6,2.30057
2003-05-17,0,-2.04365,1.14856,1.14856,2.04365,6,2.34429
2003-05-18,0,-2.2826,0.68513,0.68513,2.2826,6,2.38321
2003-05-19,0,-2.48269,0.27954,0.27954,2.48269,6,2.49838
2003-05-20,0,-2.54424,-0.09104,-0.09104,2.54424,7,2.54587
2003-05-21,0,-2.63874,-0.50393,-0.50393,2.63874,7,2.68643
2003-05-22,0,-2.71022,-0.88999,-0.88999,2.71022,7,2.85261
2003-05-23,0,-2.65619,-1.27246,-1.27246,2.65619,7,2.94524
2003-05-24,0,-2.4297,-1.5337,-1.5337,2.4297,7,2.87327
2003-05-25,0,-2.17988,-1.70915,-1.70915,2.17988,7,2.77003
2003-05-26,0,-1.93047,-1.79232,-1.79232,1.93047,7,2.63422
2003-05-27,0,-1.72529,-1.84204,-1.84204,1.72529,8,2.52383
2003-05-28,0,-1.48499,-2.00818,-2.00818,1.48499,8,2.4976
2003-05-29,0,-1.23223,-2.18466,-2.18466,1.23223,8,2.50821
2003-05-30,0,-0.91253,-2.27752,-2.27752,0.91253,8,2.45352
2003-05-31,0,-0.59329,-2.27971,-2.27971,0.59329,8,2.35565
2003-06-01,0,-0.31435,-2.25582,-2.25582,0.31435,8,2.27762
2003-06-02,0,-0.10654,-2.23818,-2.23818,0.10654,8,2.24071
2003-06-03,0,0.08138,-2.23334,-2.23334,-0.08138,1,2.23483
2003-06-04,0,0.23854,-2.23079,-2.23079,-0.23854,1,2.24351
2003-06-05,0,0.47769,-2.23343,-2.23343,-0.47769,1,2.28395
2003-06-06,0,0.62672,-2.16725,-2.16725,-0.62672,1,2.25605
2003-06-07,0,0.69914,-2.01754,-2.01754,-0.69914,1,2.13524
2003-06-08,0,0.69511,-1.88383,-1.88383,-0.69511,1,2.00798
2003-06-09,0,0.6474,-1.7646,-1.7646,-0.6474,1,1.87961
2003-06-10,0,0.61676,-1.62035,-1.62035,-0.61676,1,1.73376
2003-06-11,0,0.57396,-1.48586,-1.48586,-0.57396,1,1.59286
2003-06-12,0,0.49667,-1.30146,-1.30146,-0.49667,1,1.39302
2003-06-13,0,0.50961,-1.05903,-1.05903,-0.50961,1,1.17527
2003-06-14,0,0.53768,-0.80279,-0.80279,-0.53768,1,0.96622
2003-06-15,0,0.60947,-0.58156,-0.58156,-0.60947,2,0.84242
2003-06-16,0,0.69552,-0.45922,-0.45922,-0.69552,2,0.83345
2003-06-17,0,0.84265,-0.38926,-0.38926,-0.84265,2,0.92822
2003-06-18,0,1.01194,-0.30482,-0.30482,-1.01194,2,1.05685
2003-06-19,0,1.19165,-0.1697,-0.1697,-1.19165,2,1.20367
2003-06-20,0,1.46328,-0.05485,-0.05485,-1.46328,2,1.46431
2003-06-21,0,1.77712,0.00285,0.00285,-1.77712,3,1.77712
2003-06-22,0,1.92858,-0.00238,-0.00238,-1.92858,2,1.92858
2003-06-23,0,1.90988,0.02428,0.02428,-1.90988,3,1.91003
2003-06-24,0,1.89152,0.18259,0.18259,-1.89152,3,1.90031
2003-06-25,0,1.95541,0.40026,0.40026,-1.95541,3,1.99595
2003-06-26,0,1.95685,0.65116,0.65116,-1.95685,3,2.06235
2003-06-27,0,1.92085,0.88156,0.88156,-1.92085,3,2.11348
2003-06-28,0,1.82441,1.04059,1.04059,-1.82441,3,2.10031
2003-06-29,0,1.62607,1.20233,1.20233,-1.62607,3,2.0223
2003-06-30,0,1.35125,1.37639,1.37639,-1.35125,4,1.92882
2003-07-01,0,1.09839,1.54379,1.54379,-1.09839,4,1.89467
2003-07-02,0,0.93358,1.63474,1.63474,-0.93358,4,1.88253
2003-07-03,0,0.78726,1.58489,1.58489,-0.78726,4,1.76965
2003-07-04,0,0.5828,1.47177,1.47177,-0.5828,4,1.58296
2003-07-05,0,0.43934,1.33481,1.33481,-0.43934,4,1.40525
2003-07-06,0,0.35226,1.24265,1.24265,-0.35226,4,1.29161
2003-07-07,0,0.28087,1.19142,1.19142,-0.28087,4,1.22408
2003-07-08,0,0.22813,1.15805,1.15805,-0.22813,4,1.1803
2003-07-09,0,0.19106,1.12936,1.12936,-0.19106,4,1.14541
2003-07-10,0,0.15931,1.13524,1.13524,-0.15931,4,1.14636
2003-07-11,0,0.13289,1.11864,1.11864,-0.13289,4,1.12651
2003-07-12,0,0.09622,1.10656,1.10656,-0.09622,4,1.11074
2003-07-13,0,0.04137,1.07312,1.07312,-0.04137,4,1.07391
2003-07-14,0,-0.04593,1.09189,1.09189,0.04593,5,1.09285
2003-07-15,0,-0.22246,1.03135,1.03135,0.22246,5,1.05507
2003-07-16,0,-0.41758,0.92792,0.92792,0.41758,5,1.01755
2003-07-17,0,-0.62289,0.83792,0.83792,0.62289,5,1.04408
2003-07-18,0,-0.79479,0.78934,0.78934,0.79479,6,1.12015
2003-07-19,0,-0.94751,0.71993,0.71993,0.94751,6,1.18999
2003-07-20,0,-1.02239,0.65858,0.65858,1.02239,6,1.21615
2003-07-21,0,-0.98767,0.5703,0.5703,0.98767,6,1.14049
2003-07-22,0,-1.06328,0.4995,0.4995,1.06328,6,1.17476
2003-07-23,0,-1.12738,0.35601,0.35601,1.12738,6,1.18225
2003-07-24,0,-1.1126,0.24665,0.24665,1.1126,6,1.13961
2003-07-25,0,-1.09525,0.17434,0.17434,1.09525,6,1.10904
2003-07-26,0,-1.08114,0.0757,0.0757,1.08114,6,1.08378
2003-07-27,0,-1.02074,-0.10134,-0.10134,1.02074,7,1.02576
2003-07-28,0,-0.92561,-0.23502,-0.23502,0.92561,7,0.95498
2003-07-29,0,-0.95794,-0.33042,-0.33042,0.95794,7,1.01333
2003-07-30,0,-1.04855,-0.44983,-0.44983,1.04855,7,1.14097
2003-07-31,0,-0.93179,-0.51612,-0.51612,0.93179,7,1.06518
2003-08-01,0,-0.80375,-0.53688,-0.53688,0.80375,7,0.96657
2003-08-02,0,-0.7233,-0.57745,-0.57745,0.7233,7,0.92554
2003-08-03,0,-0.57971,-0.67742,-0.67742,0.57971,8,0.89161
2003-08-04,0,-0.377,-0.79975,-0.79975,0.377,8,0.88416
2003-08-05,0,-0.25738,-0.98301,-0.98301,0.25738,8,1.01615
2003-08-06,0,-0.217,-1.15308,-1.15308,0.217,8,1.17333
2003-08-07,0,-0.05036,-1.20205,-1.20205,0.05036,8,1.20311
2003-08-08,0,0.12079,-1.12981,-1.12981,-0.12079,1,1.13624
2003-08-09,0,0.21285,-1.09356,-1.09356,-0.21285,1,1.11409
2003-08-10,0,0.31962,-1.06094,-1.06094,-0.31962,1,1.10804
2003-08-11,0,0.43759,-1.01092,-1.01092,-0.43759,1,1.10156
2003-08-12,0,0.47167,-0.82745,-0.82745,-0.47167,1,0.95245
2003-08-13,0,0.43792,-0.56873,-0.56873,-0.43792,1,0.71779
2003-08-14,0,0.36537,-0.20445,-0.20445,-0.36537,2,0.41869
2003-08-15,0,0.44816,0.13083,0.13083,-0.44816,3,0.46687
2003-08-16,0,0.48907,0.26339,0.26339,-0.48907,3,0.55549
2003-08-17,0,0.44976,0.3071,0.3071,-0.44976,3,0.54461
2003-08-18,0,0.33658,0.42029,0.42029,-0.33658,4,0.53845
2003-08-19,0,0.16923,0.51657,0.51657,-0.16923,4,0.54358
2003-08-20,0,-0.00746,0.54942,0.54942,0.00746,5,0.54947
2003-08-21,0,-0.14496,0.57084,0.57084,0.14496,5,0.58896
2003-08-22,0,-0.18352,0.48305,0.48305,0.18352,5,0.51674
2003-08-23,0,-0.14118,0.35193,0.35193,0.14118,5,0.37919
2003-08-24,0,-0.15045,0.18217,0.18217,0.15045,5,0.23626
2003-08-25,0,-0.17929,0.08846,0.08846,0.17929,6,0.19993
2003-08-26,0,-0.22241,0.0543,0.0543,0.22241,6,0.22895
2003-08-27,0,-0.23294,0.00706,0.00706,0.23294,6,0.23305
2003-08-28,0,-0.28801,-0.03489,-0.03489,0.28801,7,0.29011
2003-08-29,0,-0.30435,-0.01638,-0.01638,0.30435,7,0.30479
2003-08-30,0,-0.28169,-0.05629,-0.05629,0.28169,7,0.28726
2003-08-31,0,-0.3285,0.00099,0.00099,0.3285,6,0.3285
2003-09-01,0,-0.41786,0.09579,0.09579,0.41786,6,0.4287
2003-09-02,0,-0.49068,0.21398,0.21398,0.49068,6,0.53531
2003-09-03,0,-0.52325,0.35015,0.35015,0.52325,6,0.6296
2003-09-04,0,-0.53054,0.42424,0.42424,0.53054,6,0.67931
2003-09-05,0,-0.54192,0.49597,0.49597,0.54192,6,0.73462
2003-09-06,0,-0.47806,0.54027,0.54027,0.47806,5,0.72141
2003-09-07,0,-0.44371,0.58691,0.58691,0.44371,5,0.73576
2003-09-08,0,-0.44364,0.58772,0.58772,0.44364,5,0.73637
2003-09-09,0,-0.45165,0.58881,0.58881,0.45165,5,0.74207
2003-09-10,0,-0.39643,0.58243,0.58243,0.39643,5,0.70455
2003-09-11,0,-0.35989,0.56357,0.56357,0.35989,5,0.66868
2003-09-12,0,-0.45345,0.45182,0.45182,0.45345,6,0.64013
2003-09-13,0,-0.53062,0.36601,0.36601,0.53062,6,0.64461
2003-09-14,0,-0.47149,0.27952,0.27952,0.47149,6,0.54812
2003-09-15,0,-0.3136,0.28502,0.28502,0.3136,6,0.42377
2003-09-16,0,-0.15545,0.23524,0.23524,0.15545,5,0.28196
2003-09-17,0,-0.04886,0.22559,0.22559,0.04886,5,0.23082
2003-09-18,0,0.05744,0.16621,0.16621,-0.05744,4,0.17586
2003-09-19,0,0.16376,0.112,0.112,-0.16376,3,0.19839
2003-09-20,0,0.23723,-0.01312,-0.01312,-0.23723,2,0.23759
2003-09-21,0,0.36576,-0.13417,-0.13417,-0.36576,2,0.38959
2003-09-22,0,0.53708,-0.17924,-0.17924,-0.53708,2,0.56619
2003-09-23,0,0.68409,-0.18809,-0.18809,-0.68409,2,0.70948
2003-09-24,0,0.6842,-0.3103,-0.3103,-0.6842,2,0.75128
2003-09-25,0,0.64026,-0.3191,-0.3191,-0.64026,2,0.71537
2003-09-26,0,0.7702,-0.29332,-0.29332,-0.7702,2,0.82416
2003-09-27,0,0.92615,-0.25009,-0.25009,-0.92615,2,0.95932
2003-09-28,0,0.98358,-0.20856,-0.20856,-0.98358,2,1.00544
2003-09-29,0,1.05801,-0.0705,-0.0705,-1.05801,2,1.06035
2003-09-30,0,1.1755,0.15978,0.15978,-1.1755,3,1.18631
2003-10-01,0,1.24108,0.29234,0.29234,-1.24108,3,1.27505
2003-10-02,0,1.20284,0.42339,0.42339,-1.20284,3,1.27518
2003-10-03,0,1.17192,0.55518,0.55518,-1.17192,3,1.29678
2003-10-04,0,1.14126,0.52793,0.52793,-1.14126,3,1.25745
2003-10-05,0,0.96201,0.46487,0.46487,-0.96201,3,1.06845
2003-10-06,0,0.76643,0.4262,0.4262,-0.76643,3,0.87696
2003-10-07,0,0.56731,0.42958,0.42958,-0.56731,3,0.7116
2003-10-08,0,0.36178,0.4026,0.4026,-0.36178,4,0.54127
2003-10-09,0,0.05407,0.34918,0.34918,-0.05407,4,0.35334
2003-10-10,0,-0.28569,0.29646,0.29646,0.28569,5,0.41171
2003-10-11,0,-0.55577,0.12851,0.12851,0.55577,6,0.57043
2003-10-12,0,-0.78146,-0.04456,-0.04456,0.78146,7,0.78273
2003-10-13,0,-0.97709,-0.13285,-0.13285,0.97709,7,0.98608
2003-10-14,0,-1.14012,-0.18898,-0.18898,1.14012,7,1.15567
2003-10-15,0,-1.27153,-0.18028,-0.18028,1.27153,7,1.28425
2003-10-16,0,-1.29467,-0.17373,-0.17373,1.29467,7,1.30627
2003-10-17,0,-1.27729,-0.20601,-0.20601,1.27729,7,1.29379
2003-10-18,0,-1.2345,-0.31,-0.31,1.2345,7,1.27283
2003-10-19,0,-1.1262,-0.44777,-0.44777,1.1262,7,1.21195
2003-10-20,0,-0.98338,-0.5023,-0.5023,0.98338,7,1.10424
2003-10-21,0,-0.77295,-0.62303,-0.62303,0.77295,7,0.99279
2003-10-22,0,-0.52132,-0.76332,-0.76332,0.52132,8,0.92436
2003-10-23,0,-0.21184,-0.91151,-0.91151,0.21184,8,0.9358
2003-10-24,0,0.01642,-1.07685,-1.07685,-0.01642,1,1.07697
2003-10-25,0,0.15312,-1.12523,-1.12523,-0.15312,1,1.1356
2003-10-26,0,0.26703,-1.13901,-1.13901,-0.26703,1,1.1699
2003-10-27,0,0.44594,-1.12942,-1.12942,-0.44594,1,1.21427
2003-10-28,0,0.5871,-1.0762,-1.0762,-0.5871,1,1.22593
2003-10-29,0,0.67303,-1.0153,-1.0153,-0.67303,1,1.21811
2003-10-30,0,0.76898,-0.88771,-0.88771,-0.76898,1,1.17446
2003-10-31,0,0.84612,-0.75901,-0.75901,-0.84612,2,1.13667
2003-11-01,0,0.78959,-0.61143,-0.61143,-0.78959,2,0.99865
2003-11-02,0,0.78195,-0.51005,-0.51005,-0.78195,2,0.93359
2003-11-03,0,0.89392,-0.50899,-0.50899,-0.89392,2,1.02867
2003-11-04,0,1.06954,-0.4799,-0.4799,-1.06954,2,1.17227
2003-11-05,0,1.16998,-0.43236,-0.43236,-1.16998,2,1.24731
2003-11-06,0,1.17341,-0.43827,-0.43827,-1.17341,2,1.25259
2003-11-07,0,1.1381,-0.44476,-0.44476,-1.1381,2,1.22191
2003-11-08,0,1.04658,-0.40853,-0.40853,-1.04658,2,1.12349
2003-11-09,0,0.94016,-0.35058,-0.35058,-0.94016,2,1.0034
2003-11-10,0,0.84989,-0.21045,-0.21045,-0.84989,2,0.87555
2003-11-11,0,0.71419,-0.04491,-0.04491,-0.71419,2,0.7156
2003-11-12,0,0.56416,0.10061,0.10061,-0.56416,3,0.57306
2003-11-13,0,0.4293,0.2061,0.2061,-0.4293,3,0.47621
2003-11-14,0,0.3355,0.27783,0.27783,-0.3355,3,0.4356
2003-11-15,0,0.3541,0.34356,0.34356,-0.3541,3,0.49337
2003-11-16,0,0.40922,0.34313,0.34313,-0.40922,3,0.53404
2003-11-17,0,0.38804,0.29629,0.29629,-0.38804,3,0.48822
2003-11-18,0,0.29247,0.29974,0.29974,-0.29247,4,0.41879
2003-11-19,0,0.19738,0.24907,0.24907,-0.19738,4,0.3178
2003-11-20,0,0.08295,0.11207,0.11207,-0.08295,4,0.13943
2003-11-21,0,0.0168,0.0086,0.0086,-0.0168,3,0.01888
2003-11-22,0,-0.02859,-0.06295,-0.06295,0.02859,8,0.06914
2003-11-23,0,-0.03783,-0.05991,-0.05991,0.03783,8,0.07085
2003-11-24,0,-0.05945,0.01074,0.01074,0.05945,6,0.06041
2003-11-25,0,-0.08311,0.12682,0.12682,0.08311,5,0.15163
2003-11-26,0,-0.05558,0.22096,0.22096,0.05558,5,0.22785
2003-11-27,0,-0.00084,0.30777,0.30777,0.00084,5,0.30777
2003-11-28,0,0.0455,0.37837,0.37837,-0.0455,4,0.3811
2003-11-29,0,0.13165,0.42616,0.42616,-0.13165,4,0.44603
2003-11-30,0,0.22159,0.43185,0.43185,-0.22159,4,0.48538
2003-12-01,0,0.27429,0.42685,0.42685,-0.27429,4,0.50739
2003-12-02,0,0.30333,0.44716,0.44716,-0.30333,4,0.54033
2003-12-03,0,0.37339,0.46581,0.46581,-0.37339,4,0.59699
2003-12-04,0,0.40711,0.52783,0.52783,-0.40711,4,0.66659
2003-12-05,0,0.41097,0.62594,0.62594,-0.41097,4,0.7488
2003-12-06,0,0.42142,0.74471,0.74471,-0.42142,4,0.85568
2003-12-07,0,0.43194,0.87308,0.87308,-0.43194,4,0.97408
2003-12-08,0,0.42725,1.01413,1.01413,-0.42725,4,1.10046
2003-12-09,0,0.33188,1.14076,1.14076,-0.33188,4,1.18806
2003-12-10,0,0.16991,1.27013,1.27013,-0.16991,4,1.28144
2003-12-11,0,-0.05416,1.32798,1.32798,0.05416,5,1.32909
2003-12-12,0,-0.38369,1.40408,1.40408,0.38369,5,1.45556
2003-12-13,0,-0.68646,1.3093,1.3093,0.68646,5,1.47834
2003-12-14,0,-0.91966,1.24995,1.24995,0.91966,5,1.55182
2003-12-15,0,-1.20609,1.22478,1.22478,1.20609,5,1.71894
2003-12-16,0,-1.50332,1.17101,1.17101,1.50332,6,1.90558
2003-12-17,0,-1.7528,1.07255,1.07255,1.7528,6,2.05491
2003-12-18,0,-1.90205,0.94641,0.94641,1.90205,6,2.1245
2003-12-19,0,-1.98458,0.73027,0.73027,1.98458,6,2.11468
2003-12-20,0,-1.99451,0.5486,0.5486,1.99451,6,2.06858
2003-12-21,0,-1.92505,0.25256,0.25256,1.92505,6,1.94155
2003-12-22,0,-1.86659,0.02598,0.02598,1.86659,6,1.86677
2003-12-23,0,-1.8234,-0.23729,-0.23729,1.8234,7,1.83877
2003-12-24,0,-1.76876,-0.59639,-0.59639,1.76876,7,1.8666
2003-12-25,0,-1.68722,-1.02182,-1.02182,1.68722,7,1.97252
2003-12-26,0,-1.61176,-1.37151,-1.37151,1.61176,7,2.11632
2003-12-27,0,-1.52456,-1.6701,-1.6701,1.52456,8,2.26131
2003-12-28,0,-1.40632,-1.86085,-1.86085,1.40632,8,2.33249
2003-12-29,0,-1.27996,-2.01258,-2.01258,1.27996,8,2.38511
2003-12-30,0,-1.13906,-2.07579,-2.07579,1.13906,8,2.36778
2003-12-31,0,-1.06502,-2.12335,-2.12335,1.06502,8,2.37548
2004-01-01,0,-0.97916,-2.25799,-2.25799,0.97916,8,2.46115
2004-01-02,0,-0.80525,-2.40305,-2.40305,0.80525,8,2.53438
2004-01-03,0,-0.60363,-2.53002,-2.53002,0.60363,8,2.60104
2004-01-04,0,-0.40487,-2.6729,-2.6729,0.40487,8,2.70339
2004-01-05,0,-0.19573,-2.76236,-2.76236,0.19573,8,2.76928
2004-01-06,0,6e-05,-2.80436,-2.80436,-6e-05,1,2.80436
2004-01-07,0,0.23514,-2.79427,-2.79427,-0.23514,1,2.80415
2004-01-08,0,0.41331,-2.80632,-2.80632,-0.41331,1,2.83659
2004-01-09,0,0.62617,-2.81548,-2.81548,-0.62617,1,2.88427
2004-01-10,0,0.9157,-2.75561,-2.75561,-0.9157,1,2.90377
2004-01-11,0,1.16613,-2.61125,-2.61125,-1.16613,1,2.8598
2004-01-12,0,1.35514,-2.41436,-2.41436,-1.35514,1,2.76867
2004-01-13,0,1.48196,-2.22324,-2.22324,-1.48196,1,2.67189
2004-01-14,0,1.59118,-1.9925,-1.9925,-1.59118,1,2.54988
2004-01-15,0,1.69276,-1.76705,-1.76705,-1.69276,1,2.44702
2004-01-16,0,1.74483,-1.6013,-1.6013,-1.74483,2,2.36825
2004-01-17,0,1.82342,-1.47986,-1.47986,-1.82342,2,2.34837
2004-01-18,0,1.85711,-1.34901,-1.34901,-1.85711,2,2.29536
2004-01-19,0,1.9155,-1.19278,-1.19278,-1.9155,2,2.25652
2004-01-20,0,1.99059,-1.00985,-1.00985,-1.99059,2,2.23209
2004-01-21,0,2.09252,-0.81545,-0.81545,-2.09252,2,2.2458
2004-01-22,0,2.26859,-0.61595,-0.61595,-2.26859,2,2.35073
2004-01-23,0,2.4551,-0.40996,-0.40996,-2.4551,2,2.4891
2004-01-24,0,2.53439,-0.10962,-0.10962,-2.53439,2,2.53676
2004-01-25,0,2.50663,0.18562,0.18562,-2.50663,3,2.51349
2004-01-26,0,2.43559,0.50333,0.50333,-2.43559,3,2.48706
2004-01-27,0,2.45431,0.88192,0.88192,-2.45431,3,2.60796
2004-01-28,0,2.44288,1.25313,1.25313,-2.44288,3,2.74554
2004-01-29,0,2.32583,1.54853,1.54853,-2.32583,3,2.79418
2004-01-30,0,2.1359,1.90231,1.90231,-2.1359,3,2.86021
2004-01-31,0,1.86461,2.28805,2.28805,-1.86461,4,2.9516
2004-02-01,0,1.51857,2.67739,2.67739,-1.51857,4,3.07806
2004-02-02,0,1.10372,2.969,2.969,-1.10372,4,3.16752
2004-02-03,0,0.65225,3.29468,3.29468,-0.65225,4,3.35862
2004-02-04,0,0.19581,3.5982,3.5982,-0.19581,4,3.60353
2004-02-05,0,-0.38455,3.70837,3.70837,0.38455,5,3.72825
2004-02-06,0,-1.02712,3.55599,3.55599,1.02712,5,3.70135
2004-02-07,0,-1.5029,3.34569,3.34569,1.5029,5,3.66774
2004-02-08,0,-1.77484,3.08582,3.08582,1.77484,5,3.55983
2004-02-09,0,-1.91897,2.90671,2.90671,1.91897,5,3.48301
2004-02-10,0,-1.9438,2.61096,2.61096,1.9438,5,3.25507
2004-02-11,0,-1.81124,2.25281,2.25281,1.81124,5,2.89063
2004-02-12,0,-1.57518,1.90063,1.90063,1.57518,5,2.46852
2004-02-13,0,-1.3556,1.51796,1.51796,1.3556,5,2.03516
2004-02-14,0,-1.1076,1.14627,1.14627,1.1076,5,1.59396
2004-02-15,0,-0.8851,0.89001,0.89001,0.8851,5,1.2552
2004-02-16,0,-0.72995,0.64075,0.64075,0.72995,6,0.97127
2004-02-17,0,-0.61056,0.39287,0.39287,0.61056,6,0.72604
2004-02-18,0,-0.51448,0.04073,0.04073,0.51448,6,0.51609
2004-02-19,0,-0.5151,-0.18506,-0.18506,0.5151,7,0.54733
2004-02-20,0,-0.577,-0.25932,-0.25932,0.577,7,0.63259
2004-02-21,0,-0.61827,-0.32446,-0.32446,0.61827,7,0.69823
2004-02-22,0,-0.63249,-0.37352,-0.37352,0.63249,7,0.73455
2004-02-23,0,-0.62254,-0.33918,-0.33918,0.62254,7,0.70895
2004-02-24,0,-0.54263,-0.3212,-0.3212,0.54263,7,0.63057
2004-02-25,0,-0.42627,-0.2094,-0.2094,0.42627,7,0.47493
2004-02-26,0,-0.39314,-0.08476,-0.08476,0.39314,7,0.40217
2004-02-27,0,-0.37847,0.06534,0.06534,0.37847,6,0.38407
2004-02-28,0,-0.27434,0.26102,0.26102,0.27434,6,0.37867
2004-02-29,0,-0.02702,0.35814,0.35814,0.02702,5,0.35916
2004-03-01,0,0.1408,0.30783,0.30783,-0.1408,4,0.3385
2004-03-02,0,0.19527,0.23891,0.23891,-0.19527,4,0.30856
2004-03-03,0,0.23077,0.15436,0.15436,-0.23077,3,0.27764
2004-03-04,0,0.25675,0.12635,0.12635,-0.25675,3,0.28615
2004-03-05,0,0.25918,0.03117,0.03117,-0.25918,3,0.26105
2004-03-06,0,0.26527,-0.03767,-0.03767,-0.26527,2,0.26793
2004-03-07,0,0.25502,-0.01667,-0.01667,-0.25502,2,0.25557
2004-03-08,0,0.14714,0.01907,0.01907,-0.14714,3,0.14837
2004-03-09,0,0.01046,0.22644,0.22644,-0.01046,4,0.22668
2004-03-10,0,0.00984,0.52544,0.52544,-0.00984,4,0.52553
2004-03-11,0,0.01785,0.78252,0.78252,-0.01785,4,0.78272
2004-03-12,0,-0.00052,1.00998,1.00998,0.00052,5,1.00998
2004-03-13,0,-0.13334,1.19433,1.19433,0.13334,5,1.20175
2004-03-14,0,-0.33138,1.43831,1.43831,0.33138,5,1.47599
2004-03-15,0,-0.63716,1.58512,1.58512,0.63716,5,1.70838
2004-03-16,0,-0.98713,1.51066,1.51066,0.98713,5,1.80458
2004-03-17,0,-1.17336,1.33071,1.33071,1.17336,5,1.77414
2004-03-18,0,-1.22248,1.07282,1.07282,1.22248,6,1.62647
2004-03-19,0,-1.26594,0.73683,0.73683,1.26594,6,1.46476
2004-03-20,0,-1.25216,0.40388,0.40388,1.25216,6,1.31569
2004-03-21,0,-1.22369,-0.01168,-0.01168,1.22369,7,1.22375
2004-03-22,0,-1.14957,-0.40558,-0.40558,1.14957,7,1.21901
2004-03-23,0,-1.13833,-0.88888,-0.88888,1.13833,7,1.44427
2004-03-24,0,-1.13187,-1.33049,-1.33049,1.13187,8,1.74681
2004-03-25,0,-1.08725,-1.72063,-1.72063,1.08725,8,2.03536
2004-03-26,0,-1.08664,-2.01022,-2.01022,1.08664,8,2.28512
2004-03-27,0,-1.14594,-2.31233,-2.31233,1.14594,8,2.58071
2004-03-28,0,-1.14098,-2.54677,-2.54677,1.14098,8,2.79067
2004-03-29,0,-1.01978,-2.69947,-2.69947,1.01978,8,2.88567
2004-03-30,0,-0.86303,-2.70799,-2.70799,0.86303,8,2.84219
2004-03-31,0,-0.75183,-2.63325,-2.63325,0.75183,8,2.73848
2004-04-01,0,-0.61565,-2.5042,-2.5042,0.61565,8,2.57877
2004-04-02,0,-0.4696,-2.38067,-2.38067,0.4696,8,2.42654
2004-04-03,0,-0.33274,-2.167,-2.167,0.33274,8,2.1924
2004-04-04,0,-0.14365,-1.93346,-1.93346,0.14365,8,1.93879
2004-04-05,0,0.03949,-1.72901,-1.72901,-0.03949,1,1.72946
2004-04-06,0,0.05683,-1.49675,-1.49675,-0.05683,1,1.49783
2004-04-07,0,-0.09454,-1.28303,-1.28303,0.09454,8,1.28651
2004-04-08,0,-0.19268,-1.16905,-1.16905,0.19268,8,1.18482
2004-04-09,0,-0.18241,-1.13987,-1.13987,0.18241,8,1.15437
2004-04-10,0,-0.1431,-1.17917,-1.17917,0.1431,8,1.18782
2004-04-11,0,-0.09914,-1.21994,-1.21994,0.09914,8,1.22396
2004-04-12,0,-0.04365,-1.32902,-1.32902,0.04365,8,1.32974
2004-04-13,0,-0.06985,-1.50517,-1.50517,0.06985,8,1.50679
2004-04-14,0,-0.04936,-1.54585,-1.54585,0.04936,8,1.54664
2004-04-15,0,0.14303,-1.54093,-1.54093,-0.14303,1,1.54755
2004-04-16,0,0.42492,-1.49452,-1.49452,-0.42492,1,1.55376
2004-04-17,0,0.67557,-1.42545,-1.42545,-0.67557,1,1.57743
2004-04-18,0,0.86571,-1.36502,-1.36502,-0.86571,1,1.6164
2004-04-19,0,0.97718,-1.1958,-1.1958,-0.97718,1,1.54429
2004-04-20,0,1.07555,-0.96587,-0.96587,-1.07555,2,1.44558
2004-04-21,0,1.08113,-0.67268,-0.67268,-1.08113,2,1.27332
2004-04-22,0,1.23177,-0.38336,-0.38336,-1.23177,2,1.29004
2004-04-23,0,1.31937,-0.12856,-0.12856,-1.31937,2,1.32562
2004-04-24,0,1.33898,0.13408,0.13408,-1.33898,3,1.34567
2004-04-25,0,1.41545,0.31226,0.31226,-1.41545,3,1.44948
2004-04-26,0,1.48237,0.54837,0.54837,-1.48237,3,1.58054
2004-04-27,0,1.55794,0.84625,0.84625,-1.55794,3,1.77294
2004-04-28,0,1.78561,1.09943,1.09943,-1.78561,3,2.09693
2004-04-29,0,2.02236,1.31552,1.31552,-2.02236,3,2.41257
2004-04-30,0,2.22845,1.55272,1.55272,-2.22845,3,2.71605
2004-05-01,0,2.30672,1.80355,1.80355,-2.30672,3,2.92809
2004-05-02,0,2.35557,2.00805,2.00805,-2.35557,3,3.09532
2004-05-03,0,2.33533,2.22601,2.22601,-2.33533,3,3.22628
2004-05-04,0,2.11603,2.41777,2.41777,-2.11603,4,3.21297
2004-05-05,0,1.79323,2.54063,2.54063,-1.79323,4,3.10974
2004-05-06,0,1.44557,2.68203,2.68203,-1.44557,4,3.0468
2004-05-07,0,0.99787,2.78899,2.78899,-0.99787,4,2.96213
2004-05-08,0,0.56037,2.82745,2.82745,-0.56037,4,2.88244
2004-05-09,0,0.19955,2.76012,2.76012,-0.19955,4,2.76732
2004-05-10,0,-0.17734,2.63303,2.63303,0.17734,5,2.63899
2004-05-11,0,-0.54386,2.51958,2.51958,0.54386,5,2.5776
2004-05-12,0,-0.81913,2.30066,2.30066,0.81913,5,2.44214
2004-05-13,0,-0.98461,2.03421,2.03421,0.98461,5,2.25997
2004-05-14,0,-1.12591,1.67166,1.67166,1.12591,5,2.01547
2004-05-15,0,-1.25572,1.19741,1.19741,1.25572,6,1.73512
2004-05-16,0,-1.33779,0.66714,0.66714,1.33779,6,1.49492
2004-05-17,0,-1.41918,0.22709,0.22709,1.41918,6,1.43723
2004-05-18,0,-1.45158,-0.13344,-0.13344,1.45158,7,1.4577
2004-05-19,0,-1.33476,-0.37707,-0.37707,1.33476,7,1.387
2004-05-20,0,-1.19105,-0.48893,-0.48893,1.19105,7,1.2875
2004-05-21,0,-1.05422,-0.56602,-0.56602,1.05422,7,1.19656
2004-05-22,0,-0.92743,-0.55926,-0.55926,0.92743,7,1.08301
2004-05-23,0,-0.74036,-0.45975,-0.45975,0.74036,7,0.8715
2004-05-24,0,-0.59258,-0.34654,-0.34654,0.59258,7,0.68647
2004-05-25,0,-0.46725,-0.16725,-0.16725,0.46725,7,0.49628
2004-05-26,0,-0.34186,-0.04608,-0.04608,0.34186,7,0.34495
2004-05-27,0,-0.24417,0.10426,0.10426,0.24417,6,0.2655
2004-05-28,0,-0.3036,0.18233,0.18233,0.3036,6,0.35415
2004-05-29,0,-0.29061,0.12958,0.12958,0.29061,6,0.3182
2004-05-30,0,-0.25934,0.0742,0.0742,0.25934,6,0.26975
2004-05-31,0,-0.23672,0.03808,0.03808,0.23672,6,0.23976
2004-06-01,0,-0.2368,0.01856,0.01856,0.2368,6,0.23753
2004-06-02,0,-0.25404,0.03942,0.03942,0.25404,6,0.25708
2004-06-03,0,-0.2387,0.03643,0.03643,0.2387,6,0.24147
2004-06-04,0,-0.22767,0.05515,0.05515,0.22767,6,0.23425
2004-06-05,0,-0.11997,0.03301,0.03301,0.11997,6,0.12443
2004-06-06,0,-0.01626,0.1239,0.1239,0.01626,5,0.12497
2004-06-07,0,-0.07163,0.23933,0.23933,0.07163,5,0.24982
2004-06-08,0,-0.19151,0.28755,0.28755,0.19151,5,0.34549
2004-06-09,0,-0.26609,0.28123,0.28123,0.26609,5,0.38716
2004-06-10,0,-0.36635,0.24942,0.24942,0.36635,6,0.4432
2004-06-11,0,-0.41332,0.17548,0.17548,0.41332,6,0.44902
2004-06-12,0,-0.45017,0.04638,0.04638,0.45017,6,0.45255
2004-06-13,0,-0.50362,-0.15011,-0.15011,0.50362,7,0.52552
2004-06-14,0,-0.65099,-0.36461,-0.36461,0.65099,7,0.74614
2004-06-15,0,-0.78865,-0.64494,-0.64494,0.78865,7,1.01878
2004-06-16,0,-0.85149,-0.89568,-0.89568,0.85149,8,1.23583
2004-06-17,0,-0.88254,-1.09532,-1.09532,0.88254,8,1.40663
2004-06-18,0,-0.95559,-1.23372,-1.23372,0.95559,8,1.56052
2004-06-19,0,-0.99043,-1.31417,-1.31417,0.99043,8,1.6456
2004-06-20,0,-0.99436,-1.4164,-1.4164,0.99436,8,1.73059
2004-06-21,0,-0.95666,-1.43707,-1.43707,0.95666,8,1.72637
2004-06-22,0,-0.89877,-1.41533,-1.41533,0.89877,8,1.67659
2004-06-23,0,-0.77052,-1.34669,-1.34669,0.77052,8,1.55154
2004-06-24,0,-0.61413,-1.28292,-1.28292,0.61413,8,1.42233
2004-06-25,0,-0.48471,-1.32564,-1.32564,0.48471,8,1.41148
2004-06-26,0,-0.35911,-1.36113,-1.36113,0.35911,8,1.4077
2004-06-27,0,-0.11938,-1.32902,-1.32902,0.11938,8,1.33438
2004-06-28,0,0.1303,-1.32583,-1.32583,-0.1303,1,1.33222
2004-06-29,0,0.42952,-1.29376,-1.29376,-0.42952,1,1.3632
2004-06-30,0,0.73606,-1.27777,-1.27777,-0.73606,1,1.47461
2004-07-01,0,1.04245,-1.25591,-1.25591,-1.04245,1,1.63218
2004-07-02,0,1.29832,-1.23624,-1.23624,-1.29832,2,1.79274
2004-07-03,0,1.51051,-1.1176,-1.1176,-1.51051,2,1.87901
2004-07-04,0,1.684,-0.93405,-0.93405,-1.684,2,1.92569
2004-07-05,0,1.81145,-0.74664,-0.74664,-1.81145,2,1.9593
2004-07-06,0,1.85787,-0.62134,-0.62134,-1.85787,2,1.95902
2004-07-07,0,1.82229,-0.53626,-0.53626,-1.82229,2,1.89955
2004-07-08,0,1.70798,-0.41452,-0.41452,-1.70798,2,1.75756
2004-07-09,0,1.50398,-0.30591,-0.30591,-1.50398,2,1.53478
2004-07-10,0,1.31275,-0.19799,-0.19799,-1.31275,2,1.32759
2004-07-11,0,1.15622,-0.13466,-0.13466,-1.15622,2,1.16404
2004-07-12,0,1.07365,-0.13989,-0.13989,-1.07365,2,1.08272
2004-07-13,0,0.9754,-0.07496,-0.07496,-0.9754,2,0.97828
2004-07-14,0,0.83381,-0.03863,-0.03863,-0.83381,2,0.8347
2004-07-15,0,0.70828,0.00066,0.00066,-0.70828,3,0.70829
2004-07-16,0,0.56654,0.05585,0.05585,-0.56654,3,0.56929
2004-07-17,0,0.45201,0.14371,0.14371,-0.45201,3,0.47431
2004-07-18,0,0.46332,0.28244,0.28244,-0.46332,3,0.54262
2004-07-19,0,0.46188,0.41395,0.41395,-0.46188,3,0.62024
2004-07-20,0,0.37939,0.53936,0.53936,-0.37939,4,0.65943
2004-07-21,0,0.23277,0.71308,0.71308,-0.23277,4,0.75011
2004-07-22,0,0.14275,0.85694,0.85694,-0.14275,4,0.86875
2004-07-23,0,0.09492,0.98638,0.98638,-0.09492,4,0.99094
2004-07-24,0,0.02525,1.13611,1.13611,-0.02525,4,1.13639
2004-07-25,0,-0.0064,1.33703,1.33703,0.0064,5,1.33705
2004-07-26,0,-0.02542,1.52041,1.52041,0.02542,5,1.52063
2004-07-27,0,-0.15001,1.57833,1.57833,0.15001,5,1.58544
2004-07-28,0,-0.34216,1.63992,1.63992,0.34216,5,1.67523
2004-07-29,0,-0.55458,1.72693,1.72693,0.55458,5,1.8138
2004-07-30,0,-0.76827,1.73776,1.73776,0.76827,5,1.90002
2004-07-31,0,-0.9675,1.62589,1.62589,0.9675,5,1.89197
2004-08-01,0,-1.13931,1.51889,1.51889,1.13931,5,1.8987
2004-08-02,0,-1.29545,1.37469,1.37469,1.29545,5,1.8889
2004-08-03,0,-1.4209,1.2013,1.2013,1.4209,6,1.86067
2004-08-04,0,-1.48747,1.00664,1.00664,1.48747,6,1.79608
2004-08-05,0,-1.49731,0.80078,0.80078,1.49731,6,1.698
2004-08-06,0,-1.49257,0.58544,0.58544,1.49257,6,1.60328
2004-08-07,0,-1.46002,0.38843,0.38843,1.46002,6,1.51081
2004-08-08,0,-1.34313,0.17658,0.17658,1.34313,6,1.35469
2004-08-09,0,-1.24758,0.11258,0.11258,1.24758,6,1.25265
2004-08-10,0,-1.16218,0.08401,0.08401,1.16218,6,1.16521
2004-08-11,0,-1.10917,-0.03519,-0.03519,1.10917,7,1.10973
2004-08-12,0,-1.04646,-0.19125,-0.19125,1.04646,7,1.06379
2004-08-13,0,-0.99574,-0.35934,-0.35934,0.99574,7,1.0586
2004-08-14,0,-0.97088,-0.41431,-0.41431,0.97088,7,1.05558
2004-08-15,0,-0.92158,-0.46341,-0.46341,0.92158,7,1.03154
2004-08-16,0,-0.80445,-0.58947,-0.58947,0.80445,7,0.9973
2004-08-17,0,-0.71876,-0.70544,-0.70544,0.71876,7,1.00711
2004-08-18,0,-0.60078,-0.92164,-0.92164,0.60078,8,1.10016
2004-08-19,0,-0.40817,-1.17312,-1.17312,0.40817,8,1.2421
2004-08-20,0,-0.13058,-1.33247,-1.33247,0.13058,8,1.33886
2004-08-21,0,0.16568,-1.45297,-1.45297,-0.16568,1,1.46238
2004-08-22,0,0.40128,-1.56722,-1.56722,-0.40128,1,1.61778
2004-08-23,0,0.65288,-1.63081,-1.63081,-0.65288,1,1.75664
2004-08-24,0,0.95743,-1.64031,-1.64031,-0.95743,1,1.89929
2004-08-25,0,1.25744,-1.58857,-1.58857,-1.25744,1,2.02601
2004-08-26,0,1.49738,-1.51444,-1.51444,-1.49738,1,2.12971
2004-08-27,0,1.68814,-1.40314,-1.40314,-1.68814,2,2.19514
2004-08-28,0,1.8237,-1.31299,-1.31299,-1.8237,2,2.24718
2004-08-29,0,1.89786,-1.17708,-1.17708,-1.89786,2,2.23325
2004-08-30,0,1.94451,-0.98963,-0.98963,-1.94451,2,2.18185
2004-08-31,0,1.97838,-0.78488,-0.78488,-1.97838,2,2.12839
2004-09-01,0,1.99068,-0.62183,-0.62183,-1.99068,2,2.08554
2004-09-02,0,1.87959,-0.40541,-0.40541,-1.87959,2,1.92282
2004-09-03,0,1.66785,-0.16436,-0.16436,-1.66785,2,1.67593
2004-09-04,0,1.47663,0.04565,0.04565,-1.47663,3,1.47733
2004-09-05,0,1.28931,0.22808,0.22808,-1.28931,3,1.30933
2004-09-06,0,1.1472,0.48769,0.48769,-1.1472,3,1.24656
2004-09-07,0,1.00091,0.58694,0.58694,-1.00091,3,1.16031
2004-09-08,0,0.78108,0.60802,0.60802,-0.78108,3,0.98984
2004-09-09,0,0.61959,0.68775,0.68775,-0.61959,4,0.92568
2004-09-10,0,0.49079,0.72345,0.72345,-0.49079,4,0.87421
2004-09-11,0,0.434,0.67334,0.67334,-0.434,4,0.80109
2004-09-12,0,0.42208,0.57669,0.57669,-0.42208,4,0.71465
2004-09-13,0,0.44433,0.57228,0.57228,-0.44433,4,0.72452
2004-09-14,0,0.50768,0.60869,0.60869,-0.50768,4,0.79262
2004-09-15,0,0.56882,0.57825,0.57825,-0.56882,4,0.81113
2004-09-16,0,0.65194,0.62262,0.62262,-0.65194,3,0.90148
2004-09-17,0,0.85309,0.63159,0.63159,-0.85309,3,1.06145
2004-09-18,0,0.99014,0.55443,0.55443,-0.99014,3,1.1348
2004-09-19,0,1.05718,0.49528,0.49528,-1.05718,3,1.16745
2004-09-20,0,1.11826,0.47775,0.47775,-1.11826,3,1.21604
2004-09-21,0,1.22209,0.52665,0.52665,-1.22209,3,1.33074
2004-09-22,0,1.31762,0.5156,0.5156,-1.31762,3,1.41491
2004-09-23,0,1.28737,0.48248,0.48248,-1.28737,3,1.37481
2004-09-24,0,1.1156,0.49476,0.49476,-1.1156,3,1.22039
2004-09-25,0,0.91424,0.55483,0.55483,-0.91424,3,1.06943
2004-09-26,0,0.6077,0.64981,0.64981,-0.6077,4,0.88969
2004-09-27,0,0.2155,0.72491,0.72491,-0.2155,4,0.75627
2004-09-28,0,-0.15339,0.76748,0.76748,0.15339,5,0.78266
2004-09-29,0,-0.44117,0.77699,0.77699,0.44117,5,0.8935
2004-09-30,0,-0.84512,0.74246,0.74246,0.84512,6,1.12493
2004-10-01,0,-1.31893,0.66522,0.66522,1.31893,6,1.47719
2004-10-02,0,-1.66772,0.55674,0.55674,1.66772,6,1.75819
2004-10-03,0,-1.84653,0.40234,0.40234,1.84653,6,1.88986
2004-10-04,0,-1.96039,0.21932,0.21932,1.96039,6,1.97262
2004-10-05,0,-2.03347,0.0321,0.0321,2.03347,6,2.03373
2004-10-06,0,-2.01048,-0.18884,-0.18884,2.01048,7,2.01933
2004-10-07,0,-1.93905,-0.39926,-0.39926,1.93905,7,1.97973
2004-10-08,0,-1.88808,-0.65509,-0.65509,1.88808,7,1.99849
2004-10-09,0,-1.70588,-0.94163,-0.94163,1.70588,7,1.94851
2004-10-10,0,-1.3985,-1.19846,-1.19846,1.3985,7,1.84177
2004-10-11,0,-1.08052,-1.38896,-1.38896,1.08052,8,1.75975
2004-10-12,0,-0.81215,-1.60763,-1.60763,0.81215,8,1.80113
2004-10-13,0,-0.57241,-1.79547,-1.79547,0.57241,8,1.88451
2004-10-14,0,-0.29939,-1.90326,-1.90326,0.29939,8,1.92666
2004-10-15,0,0.02542,-1.93372,-1.93372,-0.02542,1,1.93388
2004-10-16,0,0.36857,-1.96855,-1.96855,-0.36857,1,2.00276
2004-10-17,0,0.7023,-1.95826,-1.95826,-0.7023,1,2.08039
2004-10-18,0,0.95717,-1.89886,-1.89886,-0.95717,1,2.12646
2004-10-19,0,1.15016,-1.73976,-1.73976,-1.15016,1,2.08558
2004-10-20,0,1.30629,-1.63596,-1.63596,-1.30629,1,2.09351
2004-10-21,0,1.58578,-1.36319,-1.36319,-1.58578,2,2.09116
2004-10-22,0,1.81894,-1.03163,-1.03163,-1.81894,2,2.09113
2004-10-23,0,1.98707,-0.69882,-0.69882,-1.98707,2,2.10637
2004-10-24,0,2.09272,-0.39323,-0.39323,-2.09272,2,2.12935
2004-10-25,0,2.09758,-0.08317,-0.08317,-2.09758,2,2.09922
2004-10-26,0,2.02464,0.21809,0.21809,-2.02464,3,2.03635
2004-10-27,0,1.99079,0.44103,0.44103,-1.99079,3,2.03906
2004-10-28,0,1.95016,0.57426,0.57426,-1.95016,3,2.03295
2004-10-29,0,1.89247,0.76718,0.76718,-1.89247,3,2.04205
2004-10-30,0,1.79443,0.89113,0.89113,-1.79443,3,2.00352
2004-10-31,0,1.72857,0.94024,0.94024,-1.72857,3,1.96774
2004-11-01,0,1.59424,0.92368,0.92368,-1.59424,3,1.84249
2004-11-02,0,1.40588,0.91249,0.91249,-1.40588,3,1.67605
2004-11-03,0,1.19314,0.79826,0.79826,-1.19314,3,1.43555
2004-11-04,0,1.02489,0.59785,0.59785,-1.02489,3,1.18651
2004-11-05,0,0.84898,0.42442,0.42442,-0.84898,3,0.94916
2004-11-06,0,0.67131,0.23389,0.23389,-0.67131,3,0.71089
2004-11-07,0,0.49848,0.07478,0.07478,-0.49848,3,0.50406
2004-11-08,0,0.37983,-0.00593,-0.00593,-0.37983,2,0.37988
2004-11-09,0,0.24224,-0.02912,-0.02912,-0.24224,2,0.24398
2004-11-10,0,0.16318,0.00326,0.00326,-0.16318,3,0.16321
2004-11-11,0,0.1152,0.00517,0.00517,-0.1152,3,0.11532
2004-11-12,0,0.14429,0.09618,0.09618,-0.14429,3,0.17341
2004-11-13,0,0.18546,0.16519,0.16519,-0.18546,3,0.24836
2004-11-14,0,0.22454,0.19431,0.19431,-0.22454,3,0.29694
2004-11-15,0,0.27351,0.26315,0.26315,-0.27351,3,0.37955
2004-11-16,0,0.31445,0.36424,0.36424,-0.31445,4,0.48119
2004-11-17,0,0.27136,0.47968,0.47968,-0.27136,4,0.55112
2004-11-18,0,0.15266,0.51837,0.51837,-0.15266,4,0.54038
2004-11-19,0,-0.04274,0.48772,0.48772,0.04274,5,0.48959
2004-11-20,0,-0.29783,0.3887,0.3887,0.29783,5,0.48968
2004-11-21,0,-0.56389,0.17796,0.17796,0.56389,6,0.59131
2004-11-22,0,-0.7824,0.01651,0.01651,0.7824,6,0.78258
2004-11-23,0,-1.02903,-0.03043,-0.03043,1.02903,7,1.02948
2004-11-24,0,-1.22089,-0.07688,-0.07688,1.22089,7,1.2233
2004-11-25,0,-1.36362,-0.13714,-0.13714,1.36362,7,1.3705
2004-11-26,0,-1.49626,-0.18263,-0.18263,1.49626,7,1.50737
2004-11-27,0,-1.62985,-0.17425,-0.17425,1.62985,7,1.63914
2004-11-28,0,-1.74079,-0.02557,-0.02557,1.74079,7,1.74098
2004-11-29,0,-1.70158,0.15543,0.15543,1.70158,6,1.70867
2004-11-30,0,-1.55368,0.28773,0.28773,1.55368,6,1.5801
2004-12-01,0,-1.4672,0.42415,0.42415,1.4672,6,1.52727
2004-12-02,0,-1.4333,0.4748,0.4748,1.4333,6,1.5099
2004-12-03,0,-1.36852,0.47574,0.47574,1.36852,6,1.44885
2004-12-04,0,-1.28171,0.41669,0.41669,1.28171,6,1.34774
2004-12-05,0,-1.16412,0.27556,0.27556,1.16412,6,1.19629
2004-12-06,0,-1.02165,0.12808,0.12808,1.02165,6,1.02965
2004-12-07,0,-0.86488,-0.09383,-0.09383,0.86488,7,0.86995
2004-12-08,0,-0.77959,-0.27845,-0.27845,0.77959,7,0.82783
2004-12-09,0,-0.7339,-0.37456,-0.37456,0.7339,7,0.82395
2004-12-10,0,-0.62239,-0.55661,-0.55661,0.62239,7,0.83497
2004-12-11,0,-0.40661,-0.73492,-0.73492,0.40661,8,0.8399
2004-12-12,0,-0.18222,-0.86725,-0.86725,0.18222,8,0.88619
2004-12-13,0,0.00459,-0.91402,-0.91402,-0.00459,1,0.91403
2004-12-14,0,0.24309,-0.88194,-0.88194,-0.24309,1,0.91483
2004-12-15,0,0.45883,-0.83623,-0.83623,-0.45883,1,0.95384
2004-12-16,0,0.55965,-0.70552,-0.70552,-0.55965,1,0.90054
2004-12-17,0,0.65211,-0.46486,-0.46486,-0.65211,2,0.80084
2004-12-18,0,0.80432,-0.19048,-0.19048,-0.80432,2,0.82657
2004-12-19,0,0.97253,0.07476,0.07476,-0.97253,3,0.9754
2004-12-20,0,1.05725,0.31893,0.31893,-1.05725,3,1.10431
2004-12-21,0,1.04182,0.6286,0.6286,-1.04182,3,1.21677
2004-12-22,0,1.06437,0.90315,0.90315,-1.06437,3,1.39591
2004-12-23,0,0.96454,1.10732,1.10732,-0.96454,4,1.4685
2004-12-24,0,0.86842,1.31956,1.31956,-0.86842,4,1.57968
2004-12-25,0,0.78239,1.43703,1.43703,-0.78239,4,1.63621
2004-12-26,0,0.6844,1.39657,1.39657,-0.6844,4,1.55525
2004-12-27,0,0.55537,1.34236,1.34236,-0.55537,4,1.45271
2004-12-28,0,0.3627,1.32617,1.32617,-0.3627,4,1.37487
2004-12-29,0,0.22915,1.27545,1.27545,-0.22915,4,1.29587
2004-12-30,0,0.10084,1.17751,1.17751,-0.10084,4,1.18182
2004-12-31,0,-0.01788,1.16479,1.16479,0.01788,5,1.16492
2005-01-01,0,-0.05999,1.17129,1.17129,0.05999,5,1.17282
2005-01-02,0,-0.10156,1.12192,1.12192,0.10156,5,1.1265
2005-01-03,0,-0.16461,1.05075,1.05075,0.16461,5,1.06356
2005-01-04,0,-0.29649,0.99237,0.99237,0.29649,5,1.03571
2005-01-05,0,-0.47486,0.91929,0.91929,0.47486,5,1.03469
2005-01-06,0,-0.62879,0.80322,0.80322,0.62879,5,1.02007
2005-01-07,0,-0.81589,0.6417,0.6417,0.81589,6,1.038
2005-01-08,0,-0.91206,0.4455,0.4455,0.91206,6,1.01505
2005-01-09,0,-0.94185,0.17122,0.17122,0.94185,6,0.95729
2005-01-10,0,-0.95669,-0.1092,-0.1092,0.95669,7,0.9629
2005-01-11,0,-0.93944,-0.30376,-0.30376,0.93944,7,0.98733
2005-01-12,0,-0.96247,-0.44841,-0.44841,0.96247,7,1.0618
2005-01-13,0,-0.96481,-0.52519,-0.52519,0.96481,7,1.09849
2005-01-14,0,-0.95583,-0.55333,-0.55333,0.95583,7,1.10444
2005-01-15,0,-0.93693,-0.49853,-0.49853,0.93693,7,1.0613
2005-01-16,0,-0.89023,-0.42931,-0.42931,0.89023,7,0.98834
2005-01-17,0,-0.84898,-0.41011,-0.41011,0.84898,7,0.94285
2005-01-18,0,-0.82954,-0.42469,-0.42469,0.82954,7,0.93193
2005-01-19,0,-0.85258,-0.47231,-0.47231,0.85258,7,0.97466
2005-01-20,0,-0.91628,-0.57391,-0.57391,0.91628,7,1.08118
2005-01-21,0,-0.835,-0.72131,-0.72131,0.835,7,1.10341
2005-01-22,0,-0.60294,-0.92337,-0.92337,0.60294,8,1.10279
2005-01-23,0,-0.39382,-1.18194,-1.18194,0.39382,8,1.24582
2005-01-24,0,-0.29101,-1.42657,-1.42657,0.29101,8,1.45595
2005-01-25,0,-0.22272,-1.62962,-1.62962,0.22272,8,1.64477
2005-01-26,0,-0.18474,-1.63896,-1.63896,0.18474,8,1.64933
2005-01-27,0,-0.21262,-1.58085,-1.58085,0.21262,8,1.59508
2005-01-28,0,-0.29053,-1.41875,-1.41875,0.29053,8,1.44819
2005-01-29,0,-0.36623,-1.21052,-1.21052,0.36623,8,1.26471
2005-01-30,0,-0.42631,-0.9519,-0.9519,0.42631,8,1.043
2005-01-31,0,-0.54871,-0.69519,-0.69519,0.54871,8,0.88565
2005-02-01,0,-0.62932,-0.49793,-0.49793,0.62932,7,0.80249
2005-02-02,0,-0.65392,-0.38304,-0.38304,0.65392,7,0.75784
2005-02-03,0,-0.64584,-0.29028,-0.29028,0.64584,7,0.70808
2005-02-04,0,-0.59463,-0.36959,-0.36959,0.59463,7,0.70013
2005-02-05,0,-0.45815,-0.5016,-0.5016,0.45815,8,0.67935
2005-02-06,0,-0.19616,-0.6588,-0.6588,0.19616,8,0.68738
2005-02-07,0,0.0996,-0.81256,-0.81256,-0.0996,1,0.81864
2005-02-08,0,0.31666,-1.01517,-1.01517,-0.31666,1,1.06341
2005-02-09,0,0.44627,-1.21375,-1.21375,-0.44627,1,1.2932
2005-02-10,0,0.47964,-1.40217,-1.40217,-0.47964,1,1.48194
2005-02-11,0,0.56161,-1.57887,-1.57887,-0.56161,1,1.67578
2005-02-12,0,0.65645,-1.76011,-1.76011,-0.65645,1,1.87854
2005-02-13,0,0.72853,-1.87733,-1.87733,-0.72853,1,2.01373
2005-02-14,0,0.71121,-1.86314,-1.86314,-0.71121,1,1.99427
2005-02-15,0,0.57596,-1.80875,-1.80875,-0.57596,1,1.89824
2005-02-16,0,0.43424,-1.74888,-1.74888,-0.43424,1,1.80198
2005-02-17,0,0.39119,-1.63016,-1.63016,-0.39119,1,1.67644
2005-02-18,0,0.42161,-1.52147,-1.52147,-0.42161,1,1.57881
2005-02-19,0,0.4529,-1.41859,-1.41859,-0.4529,1,1.48913
2005-02-20,0,0.43715,-1.29234,-1.29234,-0.43715,1,1.36427
2005-02-21,0,0.43946,-1.15518,-1.15518,-0.43946,1,1.23595
2005-02-22,0,0.45125,-0.97912,-0.97912,-0.45125,1,1.0781
2005-02-23,0,0.47442,-0.79337,-0.79337,-0.47442,1,0.9244
2005-02-24,0,0.497,-0.64425,-0.64425,-0.497,1,0.81368
2005-02-25,0,0.44266,-0.51123,-0.51123,-0.44266,1,0.67624
2005-02-26,0,0.27621,-0.40991,-0.40991,-0.27621,1,0.49428
2005-02-27,0,0.02438,-0.32235,-0.32235,-0.02438,1,0.32327
2005-02-28,0,-0.19704,-0.21733,-0.21733,0.19704,8,0.29336
2005-03-01,0,-0.43539,-0.05917,-0.05917,0.43539,7,0.43939
2005-03-02,0,-0.63762,0.16958,0.16958,0.63762,6,0.65978
2005-03-03,0,-0.82195,0.41554,0.41554,0.82195,6,0.92102
2005-03-04,0,-0.91924,0.55786,0.55786,0.91924,6,1.07527
2005-03-05,0,-0.85843,0.69976,0.69976,0.85843,6,1.10751
2005-03-06,0,-0.69222,0.85073,0.85073,0.69222,5,1.09677
2005-03-07,0,-0.55436,0.90817,0.90817,0.55436,5,1.064
2005-03-08,0,-0.37841,0.91735,0.91735,0.37841,5,0.99233
2005-03-09,0,-0.14304,0.93805,0.93805,0.14304,5,0.94889
2005-03-10,0,0.15909,0.88986,0.88986,-0.15909,4,0.90397
2005-03-11,0,0.37975,0.80701,0.80701,-0.37975,4,0.89189
2005-03-12,0,0.5203,0.69588,0.69588,-0.5203,4,0.86888
2005-03-13,0,0.64956,0.66977,0.66977,-0.64956,4,0.93302
2005-03-14,0,0.70333,0.71481,0.71481,-0.70333,4,1.00281
2005-03-15,0,0.74267,0.8312,0.8312,-0.74267,4,1.11465
2005-03-16,0,0.77906,0.99636,0.99636,-0.77906,4,1.26478
2005-03-17,0,0.79173,1.25454,1.25454,-0.79173,4,1.48348
2005-03-18,0,0.8224,1.40716,1.40716,-0.8224,4,1.62986
2005-03-19,0,0.84475,1.53593,1.53593,-0.84475,4,1.75291
2005-03-20,0,0.91544,1.65666,1.65666,-0.91544,4,1.89277
2005-03-21,0,1.01427,1.8509,1.8509,-1.01427,4,2.11059
2005-03-22,0,1.19502,2.00698,2.00698,-1.19502,4,2.33582
2005-03-23,0,1.39851,2.15438,2.15438,-1.39851,4,2.56849
2005-03-24,0,1.57633,2.26698,2.26698,-1.57633,4,2.76116
2005-03-25,0,1.73784,2.40154,2.40154,-1.73784,4,2.96437
2005-03-26,0,1.95459,2.40327,2.40327,-1.95459,4,3.09776
2005-03-27,0,2.20421,2.43355,2.43355,-2.20421,4,3.2834
2005-03-28,0,2.391,2.40978,2.40978,-2.391,4,3.39469
2005-03-29,0,2.46885,2.40219,2.40219,-2.46885,3,3.44467
2005-03-30,0,2.53049,2.33942,2.33942,-2.53049,3,3.4462
2005-03-31,0,2.51501,2.24781,2.24781,-2.51501,3,3.37312
2005-04-01,0,2.30501,2.17802,2.17802,-2.30501,3,3.17126
2005-04-02,0,1.98786,2.12106,2.12106,-1.98786,4,2.90697
2005-04-03,0,1.62755,2.09353,2.09353,-1.62755,4,2.65175
2005-04-04,0,1.1936,2.11737,2.11737,-1.1936,4,2.43063
2005-04-05,0,0.60671,2.13838,2.13838,-0.60671,4,2.22278
2005-04-06,0,-0.01297,2.14802,2.14802,0.01297,5,2.14806
2005-04-07,0,-0.55923,2.05663,2.05663,0.55923,5,2.13131
2005-04-08,0,-1.09,1.89344,1.89344,1.09,5,2.18476
2005-04-09,0,-1.55355,1.71972,1.71972,1.55355,5,2.31753
2005-04-10,0,-1.86597,1.50584,1.50584,1.86597,6,2.39779
2005-04-11,0,-2.15035,1.25854,1.25854,2.15035,6,2.49157
2005-04-12,0,-2.34967,0.91918,0.91918,2.34967,6,2.52306
2005-04-13,0,-2.53948,0.5122,0.5122,2.53948,6,2.59062
2005-04-14,0,-2.6092,0.08453,0.08453,2.6092,6,2.61057
2005-04-15,0,-2.54571,-0.37375,-0.37375,2.54571,7,2.573
2005-04-16,0,-2.38508,-0.73662,-0.73662,2.38508,7,2.49624
2005-04-17,0,-2.16777,-1.14216,-1.14216,2.16777,7,2.45025
2005-04-18,0,-1.93862,-1.53795,-1.53795,1.93862,7,2.47458
2005-04-19,0,-1.74676,-1.88428,-1.88428,1.74676,8,2.56937
2005-04-20,0,-1.53622,-2.15943,-2.15943,1.53622,8,2.65012
2005-04-21,0,-1.26677,-2.37568,-2.37568,1.26677,8,2.69232
2005-04-22,0,-0.92378,-2.4846,-2.4846,0.92378,8,2.65078
2005-04-23,0,-0.55186,-2.51028,-2.51028,0.55186,8,2.57022
2005-04-24,0,-0.2391,-2.48403,-2.48403,0.2391,8,2.49551
2005-04-25,0,0.08133,-2.57001,-2.57001,-0.08133,1,2.5713
2005-04-26,0,0.40331,-2.62285,-2.62285,-0.40331,1,2.65367
2005-04-27,0,0.71217,-2.53855,-2.53855,-0.71217,1,2.63656
2005-04-28,0,1.07806,-2.45758,-2.45758,-1.07806,1,2.68364
2005-04-29,0,1.45507,-2.34306,-2.34306,-1.45507,1,2.7581
2005-04-30,0,1.85194,-2.08059,-2.08059,-1.85194,1,2.78542
2005-05-01,0,2.08517,-1.7871,-1.7871,-2.08517,2,2.74621
2005-05-02,0,2.14828,-1.42772,-1.42772,-2.14828,2,2.57943
2005-05-03,0,2.17729,-1.03472,-1.03472,-2.17729,2,2.41065
2005-05-04,0,2.10798,-0.58337,-0.58337,-2.10798,2,2.18722
2005-05-05,0,1.94583,-0.09704,-0.09704,-1.94583,2,1.94825
2005-05-06,0,1.66413,0.27784,0.27784,-1.66413,3,1.68716
2005-05-07,0,1.31025,0.63419,0.63419,-1.31025,3,1.45566
2005-05-08,0,0.95119,0.90758,0.90758,-0.95119,3,1.31471
2005-05-09,0,0.51351,0.99425,0.99425,-0.51351,4,1.11903
2005-05-10,0,0.17752,1.00374,1.00374,-0.17752,4,1.01932
2005-05-11,0,-0.09811,0.89379,0.89379,0.09811,5,0.89916
2005-05-12,0,-0.41519,0.6238,0.6238,0.41519,5,0.74934
2005-05-13,0,-0.72008,0.27913,0.27913,0.72008,6,0.77229
2005-05-14,0,-0.97889,-0.0644,-0.0644,0.97889,7,0.981
2005-05-15,0,-1.14182,-0.37824,-0.37824,1.14182,7,1.20283
2005-05-16,0,-1.25417,-0.6954,-0.6954,1.25417,7,1.43406
2005-05-17,0,-1.24774,-0.98358,-0.98358,1.24774,7,1.5888
2005-05-18,0,-1.13858,-1.19381,-1.19381,1.13858,8,1.64971
2005-05-19,0,-1.03494,-1.31568,-1.31568,1.03494,8,1.67395
2005-05-20,0,-0.88427,-1.26313,-1.26313,0.88427,8,1.54189
2005-05-21,0,-0.74017,-1.0401,-1.0401,0.74017,8,1.27658
2005-05-22,0,-0.60925,-0.77298,-0.77298,0.60925,8,0.98421
2005-05-23,0,-0.4672,-0.55065,-0.55065,0.4672,8,0.72214
2005-05-24,0,-0.38216,-0.33769,-0.33769,0.38216,7,0.50998
2005-05-25,0,-0.31174,-0.07726,-0.07726,0.31174,7,0.32117
2005-05-26,0,-0.31033,0.07874,0.07874,0.31033,6,0.32017
2005-05-27,0,-0.31261,0.19584,0.19584,0.31261,6,0.36889
2005-05-28,0,-0.30925,0.30907,0.30907,0.30925,6,0.43722
2005-05-29,0,-0.34385,0.27967,0.27967,0.34385,6,0.44323
2005-05-30,0,-0.41268,0.27039,0.27039,0.41268,6,0.49337
2005-05-31,0,-0.4598,0.26099,0.26099,0.4598,6,0.52871
2005-06-01,0,-0.4667,0.21573,0.21573,0.4667,6,0.51415
2005-06-02,0,-0.44735,0.17538,0.17538,0.44735,6,0.4805
2005-06-03,0,-0.39957,0.14853,0.14853,0.39957,6,0.42628
2005-06-04,0,-0.33405,0.20038,0.20038,0.33405,6,0.38954
2005-06-05,0,-0.27963,0.34663,0.34663,0.27963,5,0.44536
2005-06-06,0,-0.11922,0.38117,0.38117,0.11922,5,0.39938
2005-06-07,0,0.09705,0.37759,0.37759,-0.09705,4,0.38986
2005-06-08,0,0.31551,0.40693,0.40693,-0.31551,4,0.51491
2005-06-09,0,0.43538,0.52453,0.52453,-0.43538,4,0.68168
2005-06-10,0,0.51516,0.69748,0.69748,-0.51516,4,0.86711
2005-06-11,0,0.67999,0.8168,0.8168,-0.67999,4,1.06281
2005-06-12,0,0.81321,0.89064,0.89064,-0.81321,4,1.20605
2005-06-13,0,0.9616,0.93242,0.93242,-0.9616,3,1.33943
2005-06-14,0,1.05336,0.85451,0.85451,-1.05336,3,1.35637
2005-06-15,0,1.04377,0.84212,0.84212,-1.04377,3,1.34112
2005-06-16,0,1.00593,0.95896,0.95896,-1.00593,3,1.38978
2005-06-17,0,0.97745,0.9892,0.9892,-0.97745,4,1.39066
2005-06-18,0,0.94874,0.85734,0.85734,-0.94874,3,1.27873
2005-06-19,0,0.85149,0.65792,0.65792,-0.85149,3,1.07606
2005-06-20,0,0.64379,0.53629,0.53629,-0.64379,3,0.8379
2005-06-21,0,0.50649,0.43952,0.43952,-0.50649,3,0.6706
2005-06-22,0,0.29814,0.33879,0.33879,-0.29814,4,0.45129
2005-06-23,0,0.08224,0.27612,0.27612,-0.08224,4,0.28811
2005-06-24,0,-0.11429,0.21576,0.21576,0.11429,5,0.24416
2005-06-25,0,-0.33153,0.11633,0.11633,0.33153,6,0.35134
2005-06-26,0,-0.50166,-0.00356,-0.00356,0.50166,7,0.50167
2005-06-27,0,-0.59425,-0.06252,-0.06252,0.59425,7,0.59753
2005-06-28,0,-0.61069,-0.10781,-0.10781,0.61069,7,0.62013
2005-06-29,0,-0.4827,-0.13431,-0.13431,0.4827,7,0.50104
2005-06-30,0,-0.37971,-0.08676,-0.08676,0.37971,7,0.3895
2005-07-01,0,-0.23087,-0.04068,-0.04068,0.23087,7,0.23443
2005-07-02,0,-0.08183,0.01447,0.01447,0.08183,6,0.0831
2005-07-03,0,0.06468,0.0649,0.0649,-0.06468,4,0.09163
2005-07-04,0,0.24629,0.1134,0.1134,-0.24629,3,0.27114
2005-07-05,0,0.44934,0.17192,0.17192,-0.44934,3,0.4811
2005-07-06,0,0.70694,0.13479,0.13479,-0.70694,3,0.71968
2005-07-07,0,0.90152,0.07056,0.07056,-0.90152,3,0.90428
2005-07-08,0,0.98478,0.0162,0.0162,-0.98478,3,0.98492
2005-07-09,0,1.05499,-0.11239,-0.11239,-1.05499,2,1.06096
2005-07-10,0,1.10243,-0.27217,-0.27217,-1.10243,2,1.13553
2005-07-11,0,1.07344,-0.37416,-0.37416,-1.07344,2,1.13678
2005-07-12,0,1.05014,-0.46493,-0.46493,-1.05014,2,1.14846
2005-07-13,0,1.01819,-0.56066,-0.56066,-1.01819,2,1.16235
2005-07-14,0,0.90525,-0.71394,-0.71394,-0.90525,2,1.1529
2005-07-15,0,0.64759,-0.6843,-0.6843,-0.64759,1,0.94215
2005-07-16,0,0.41977,-0.50267,-0.50267,-0.41977,1,0.65489
2005-07-17,0,0.16394,-0.37669,-0.37669,-0.16394,1,0.41081
2005-07-18,0,-0.03996,-0.21828,-0.21828,0.03996,8,0.22191
2005-07-19,0,-0.21975,0.03629,0.03629,0.21975,6,0.22272
2005-07-20,0,-0.35018,0.24956,0.24956,0.35018,6,0.43001
2005-07-21,0,-0.48544,0.50013,0.50013,0.48544,5,0.69698
2005-07-22,0,-0.72118,0.76362,0.76362,0.72118,5,1.05034
2005-07-23,0,-1.00815,1.03107,1.03107,1.00815,5,1.44204
2005-07-24,0,-1.20061,1.14871,1.14871,1.20061,6,1.66163
2005-07-25,0,-1.3405,1.11487,1.11487,1.3405,6,1.74352
2005-07-26,0,-1.38229,1.05669,1.05669,1.38229,6,1.73992
2005-07-27,0,-1.466,0.93049,0.93049,1.466,6,1.73637
2005-07-28,0,-1.55885,0.7338,0.7338,1.55885,6,1.72292
2005-07-29,0,-1.62399,0.48995,0.48995,1.62399,6,1.69629
2005-07-30,0,-1.68928,0.2165,0.2165,1.68928,6,1.7031
2005-07-31,0,-1.61645,-0.03759,-0.03759,1.61645,7,1.61689
2005-08-01,0,-1.40263,-0.21954,-0.21954,1.40263,7,1.4197
2005-08-02,0,-1.28562,-0.42666,-0.42666,1.28562,7,1.35457
2005-08-03,0,-1.33061,-0.59157,-0.59157,1.33061,7,1.45619
2005-08-04,0,-1.32107,-0.7146,-0.7146,1.32107,7,1.50196
2005-08-05,0,-1.2629,-0.83998,-0.83998,1.2629,7,1.51674
2005-08-06,0,-1.19572,-0.95914,-0.95914,1.19572,7,1.53288
2005-08-07,0,-1.11609,-1.00839,-1.00839,1.11609,7,1.50416
2005-08-08,0,-0.98459,-1.01141,-1.01141,0.98459,8,1.41151
2005-08-09,0,-0.81333,-0.98677,-0.98677,0.81333,8,1.27875
2005-08-10,0,-0.70993,-0.95755,-0.95755,0.70993,8,1.19201
2005-08-11,0,-0.5624,-0.90496,-0.90496,0.5624,8,1.06548
2005-08-12,0,-0.26648,-0.84938,-0.84938,0.26648,8,0.8902
2005-08-13,0,0.02977,-0.81299,-0.81299,-0.02977,1,0.81353
2005-08-14,0,0.24349,-0.74253,-0.74253,-0.24349,1,0.78144
2005-08-15,0,0.4872,-0.59115,-0.59115,-0.4872,1,0.76604
2005-08-16,0,0.74658,-0.49427,-0.49427,-0.74658,2,0.89537
2005-08-17,0,0.91958,-0.49013,-0.49013,-0.91958,2,1.04205
2005-08-18,0,0.94209,-0.42569,-0.42569,-0.94209,2,1.0338
2005-08-19,0,0.97768,-0.31576,-0.31576,-0.97768,2,1.02741
2005-08-20,0,1.08229,-0.19651,-0.19651,-1.08229,2,1.09998
2005-08-21,0,1.11747,-0.09451,-0.09451,-1.11747,2,1.12146
2005-08-22,0,1.03032,-0.00277,-0.00277,-1.03032,2,1.03032
2005-08-23,0,0.99021,0.10916,0.10916,-0.99021,3,0.99621
2005-08-24,0,0.9555,0.13264,0.13264,-0.9555,3,0.96466
2005-08-25,0,0.92011,0.11303,0.11303,-0.92011,3,0.92703
2005-08-26,0,0.884,0.10249,0.10249,-0.884,3,0.88993
2005-08-27,0,0.94597,0.04575,0.04575,-0.94597,3,0.94708
2005-08-28,0,1.0768,-0.04279,-0.04279,-1.0768,2,1.07765
2005-08-29,0,1.06692,-0.00654,-0.00654,-1.06692,2,1.06694
2005-08-30,0,1.0579,0.05054,0.05054,-1.0579,3,1.05911
2005-08-31,0,1.09223,0.10859,0.10859,-1.09223,3,1.09761
2005-09-01,0,1.11876,0.16902,0.16902,-1.11876,3,1.13146
2005-09-02,0,0.99769,0.2316,0.2316,-0.99769,3,1.02422
2005-09-03,0,0.72061,0.42269,0.42269,-0.72061,3,0.83544
2005-09-04,0,0.40468,0.67724,0.67724,-0.40468,4,0.78894
2005-09-05,0,0.06262,0.88377,0.88377,-0.06262,4,0.88599
2005-09-06,0,-0.29828,1.05306,1.05306,0.29828,5,1.09449
2005-09-07,0,-0.61541,1.14154,1.14154,0.61541,5,1.29686
2005-09-08,0,-0.95921,1.15309,1.15309,0.95921,5,1.4999
2005-09-09,0,-1.33484,1.10284,1.10284,1.33484,6,1.73149
2005-09-10,0,-1.6673,0.99847,0.99847,1.6673,6,1.94341
2005-09-11,0,-1.87459,0.90022,0.90022,1.87459,6,2.07954
2005-09-12,0,-1.95318,0.70618,0.70618,1.95318,6,2.07692
2005-09-13,0,-2.0009,0.44017,0.44017,2.0009,6,2.04875
2005-09-14,0,-2.0072,0.1744,0.1744,2.0072,6,2.01476
2005-09-15,0,-1.97494,-0.05281,-0.05281,1.97494,7,1.97564
2005-09-16,0,-1.85849,-0.28243,-0.28243,1.85849,7,1.87983
2005-09-17,0,-1.6963,-0.51511,-0.51511,1.6963,7,1.77279
2005-09-18,0,-1.51453,-0.71984,-0.71984,1.51453,7,1.67689
2005-09-19,0,-1.31381,-0.85432,-0.85432,1.31381,7,1.56715
2005-09-20,0,-1.06459,-0.98968,-0.98968,1.06459,7,1.45356
2005-09-21,0,-0.85214,-0.99237,-0.99237,0.85214,8,1.30803
2005-09-22,0,-0.60551,-0.89089,-0.89089,0.60551,8,1.07718
2005-09-23,0,-0.38865,-0.79759,-0.79759,0.38865,8,0.88724
2005-09-24,0,-0.18518,-0.7311,-0.7311,0.18518,8,0.75419
2005-09-25,0,0.01931,-0.6738,-0.6738,-0.01931,1,0.67407
2005-09-26,0,0.18002,-0.55962,-0.55962,-0.18002,1,0.58786
2005-09-27,0,0.34888,-0.4073,-0.4073,-0.34888,1,0.53629
2005-09-28,0,0.47036,-0.35346,-0.35346,-0.47036,2,0.58837
2005-09-29,0,0.58808,-0.24467,-0.24467,-0.58808,2,0.63695
2005-09-30,0,0.70934,-0.22382,-0.22382,-0.70934,2,0.74381
2005-10-01,0,0.82498,-0.26075,-0.26075,-0.82498,2,0.86521
2005-10-02,0,0.96633,-0.33023,-0.33023,-0.96633,2,1.0212
2005-10-03,0,1.02988,-0.34692,-0.34692,-1.02988,2,1.08674
2005-10-04,0,1.05804,-0.30164,-0.30164,-1.05804,2,1.1002
2005-10-05,0,1.15698,-0.26131,-0.26131,-1.15698,2,1.18612
2005-10-06,0,1.33235,-0.21892,-0.21892,-1.33235,2,1.35021
2005-10-07,0,1.48516,-0.07591,-0.07591,-1.48516,2,1.4871
2005-10-08,0,1.53455,0.13958,0.13958,-1.53455,3,1.54088
2005-10-09,0,1.60256,0.41605,0.41605,-1.60256,3,1.65568
2005-10-10,0,1.63143,0.7051,0.7051,-1.63143,3,1.77728
2005-10-11,0,1.51335,0.9428,0.9428,-1.51335,3,1.78301
2005-10-12,0,1.41634,1.1552,1.1552,-1.41634,3,1.82771
2005-10-13,0,1.26325,1.26087,1.26087,-1.26325,3,1.78482
2005-10-14,0,1.09416,1.35088,1.35088,-1.09416,4,1.73841
2005-10-15,0,0.92514,1.40728,1.40728,-0.92514,4,1.68414
2005-10-16,0,0.80409,1.44191,1.44191,-0.80409,4,1.65096
2005-10-17,0,0.72665,1.41753,1.41753,-0.72665,4,1.59292
2005-10-18,0,0.68035,1.33537,1.33537,-0.68035,4,1.49869
2005-10-19,0,0.61049,1.24344,1.24344,-0.61049,4,1.38522
2005-10-20,0,0.58625,1.19641,1.19641,-0.58625,4,1.33232
2005-10-21,0,0.40755,1.1749,1.1749,-0.40755,4,1.24358
2005-10-22,0,0.2404,1.13991,1.13991,-0.2404,4,1.16499
2005-10-23,0,0.0404,1.06495,1.06495,-0.0404,4,1.06572
2005-10-24,0,-0.13732,0.95821,0.95821,0.13732,5,0.968
2005-10-25,0,-0.2731,0.7808,0.7808,0.2731,5,0.82718
2005-10-26,0,-0.385,0.67111,0.67111,0.385,5,0.7737
2005-10-27,0,-0.49189,0.68994,0.68994,0.49189,5,0.84733
2005-10-28,0,-0.61022,0.76547,0.76547,0.61022,5,0.97893
2005-10-29,0,-0.63483,0.86144,0.86144,0.63483,5,1.07009
2005-10-30,0,-0.60902,0.89634,0.89634,0.60902,5,1.08367
2005-10-31,0,-0.61573,0.91446,0.91446,0.61573,5,1.10244
2005-11-01,0,-0.6383,0.86389,0.86389,0.6383,5,1.07411
2005-11-02,0,-0.65468,0.76421,0.76421,0.65468,5,1.00629
2005-11-03,0,-0.71268,0.68672,0.68672,0.71268,6,0.98969
2005-11-04,0,-0.82715,0.54062,0.54062,0.82715,6,0.98815
2005-11-05,0,-0.98477,0.23719,0.23719,0.98477,6,1.01293
2005-11-06,0,-1.08203,-0.0116,-0.0116,1.08203,7,1.08209
2005-11-07,0,-1.26959,-0.27357,-0.27357,1.26959,7,1.29873
2005-11-08,0,-1.46791,-0.501,-0.501,1.46791,7,1.55105
2005-11-09,0,-1.54317,-0.71425,-0.71425,1.54317,7,1.70045
2005-11-10,0,-1.49344,-0.785,-0.785,1.49344,7,1.68718
2005-11-11,0,-1.47923,-0.71054,-0.71054,1.47923,7,1.64103
2005-11-12,0,-1.46296,-0.63477,-0.63477,1.46296,7,1.59474
2005-11-13,0,-1.40577,-0.54342,-0.54342,1.40577,7,1.50715
2005-11-14,0,-1.23483,-0.44171,-0.44171,1.23483,7,1.31146
2005-11-15,0,-1.08436,-0.4237,-0.4237,1.08436,7,1.16419
2005-11-16,0,-0.91521,-0.38096,-0.38096,0.91521,7,0.99133
2005-11-17,0,-0.7548,-0.37421,-0.37421,0.7548,7,0.84247
2005-11-18,0,-0.61862,-0.40298,-0.40298,0.61862,7,0.7383
2005-11-19,0,-0.54495,-0.49188,-0.49188,0.54495,7,0.73411
2005-11-20,0,-0.49562,-0.62326,-0.62326,0.49562,8,0.7963
2005-11-21,0,-0.36372,-0.70675,-0.70675,0.36372,8,0.79485
2005-11-22,0,-0.21074,-0.76127,-0.76127,0.21074,8,0.7899
2005-11-23,0,-0.20744,-0.74439,-0.74439,0.20744,8,0.77276
2005-11-24,0,-0.22682,-0.69145,-0.69145,0.22682,8,0.7277
2005-11-25,0,-0.20289,-0.71156,-0.71156,0.20289,8,0.73992
2005-11-26,0,-0.11371,-0.7087,-0.7087,0.11371,8,0.71776
2005-11-27,0,-0.02063,-0.65791,-0.65791,0.02063,8,0.65823
2005-11-28,0,0.0525,-0.55484,-0.55484,-0.0525,1,0.55732
2005-11-29,0,0.17682,-0.45619,-0.45619,-0.17682,1,0.48926
2005-11-30,0,0.21633,-0.32634,-0.32634,-0.21633,1,0.39153
2005-12-01,0,0.23515,-0.16753,-0.16753,-0.23515,2,0.28872
2005-12-02,0,0.2497,-0.07081,-0.07081,-0.2497,2,0.25955
2005-12-03,0,0.2438,0.02842,0.02842,-0.2438,3,0.24545
2005-12-04,0,0.25549,0.10256,0.10256,-0.25549,3,0.27531
2005-12-05,0,0.23233,0.22396,0.22396,-0.23233,3,0.3227
2005-12-06,0,0.24528,0.39974,0.39974,-0.24528,4,0.46899
2005-12-07,0,0.36172,0.51091,0.51091,-0.36172,4,0.626
2005-12-08,0,0.47659,0.64847,0.64847,-0.47659,4,0.80477
2005-12-09,0,0.53536,0.75976,0.75976,-0.53536,4,0.92944
2005-12-10,0,0.52907,0.83272,0.83272,-0.52907,4,0.98658
2005-12-11,0,0.54801,0.84505,0.84505,-0.54801,4,1.00719
2005-12-12,0,0.52311,0.8023,0.8023,-0.52311,4,0.95777
2005-12-13,0,0.45715,0.88289,0.88289,-0.45715,4,0.99423
2005-12-14,0,0.37676,0.93926,0.93926,-0.37676,4,1.01201
2005-12-15,0,0.25796,0.96143,0.96143,-0.25796,4,0.99544
2005-12-16,0,0.1004,0.92693,0.92693,-0.1004,4,0.93235
2005-12-17,0,-0.09788,0.87165,0.87165,0.09788,5,0.87713
2005-12-18,0,-0.25669,0.78781,0.78781,0.25669,5,0.82857
2005-12-19,0,-0.31236,0.68262,0.68262,0.31236,5,0.75069
2005-12-20,0,-0.38623,0.58542,0.58542,0.38623,5,0.70135
2005-12-21,0,-0.44859,0.49844,0.49844,0.44859,5,0.67058
2005-12-22,0,-0.45921,0.32571,0.32571,0.45921,6,0.56299
2005-12-23,0,-0.45861,0.19788,0.19788,0.45861,6,0.49948
2005-12-24,0,-0.46496,0.04652,0.04652,0.46496,6,0.46728
2005-12-25,0,-0.54456,-0.07918,-0.07918,0.54456,7,0.55029
2005-12-26,0,-0.56046,-0.19122,-0.19122,0.56046,7,0.59219
2005-12-27,0,-0.47148,-0.29817,-0.29817,0.47148,7,0.55786
2005-12-28,0,-0.43929,-0.35631,-0.35631,0.43929,7,0.56563
2005-12-29,0,-0.39284,-0.30968,-0.30968,0.39284,7,0.50023
2005-12-30,0,-0.27523,-0.30025,-0.30025,0.27523,8,0.4073
2005-12-31,0,-0.12516,-0.35863,-0.35863,0.12516,8,0.37984
2006-01-01,0,-0.03636,-0.46865,-0.46865,0.03636,8,0.47006
2006-01-02,0,0.08114,-0.50963,-0.50963,-0.08114,1,0.51605
2006-01-03,0,0.28816,-0.56216,-0.56216,-0.28816,1,0.63171
2006-01-04,0,0.56759,-0.63102,-0.63102,-0.56759,1,0.84873
2006-01-05,0,0.73427,-0.72394,-0.72394,-0.73427,2,1.03113
2006-01-06,0,0.85689,-0.84264,-0.84264,-0.85689,2,1.20179
2006-01-07,0,0.97133,-1.02223,-1.02223,-0.97133,1,1.41012
2006-01-08,0,1.0344,-1.13764,-1.13764,-1.0344,1,1.5376
2006-01-09,0,1.01664,-1.08946,-1.08946,-1.01664,1,1.49012
2006-01-10,0,1.01957,-0.97254,-0.97254,-1.01957,2,1.40902
2006-01-11,0,0.85886,-0.8243,-0.8243,-0.85886,2,1.19043
2006-01-12,0,0.6522,-0.59543,-0.59543,-0.6522,2,0.88312
2006-01-13,0,0.32925,-0.29107,-0.29107,-0.32925,2,0.43946
2006-01-14,0,0.03381,0.02759,0.02759,-0.03381,3,0.04364
2006-01-15,0,-0.21368,0.37186,0.37186,0.21368,5,0.42888
2006-01-16,0,-0.46228,0.76846,0.76846,0.46228,5,0.89679
2006-01-17,0,-0.6592,1.0911,1.0911,0.6592,5,1.27477
2006-01-18,0,-0.81817,1.27234,1.27234,0.81817,5,1.51269
2006-01-19,0,-0.91267,1.40442,1.40442,0.91267,5,1.67492
2006-01-20,0,-0.92193,1.42268,1.42268,0.92193,5,1.69528
2006-01-21,0,-0.9,1.35126,1.35126,0.9,5,1.62355
2006-01-22,0,-0.94784,1.23989,1.23989,0.94784,5,1.56068
2006-01-23,0,-1.09389,1.08441,1.08441,1.09389,6,1.5403
2006-01-24,0,-1.27645,0.89925,0.89925,1.27645,6,1.5614
2006-01-25,0,-1.46231,0.64757,0.64757,1.46231,6,1.59928
2006-01-26,0,-1.63374,0.45324,0.45324,1.63374,6,1.69544
2006-01-27,0,-1.77743,0.3018,0.3018,1.77743,6,1.80287
2006-01-28,0,-2.00677,0.09863,0.09863,2.00677,6,2.0092
2006-01-29,0,-2.20076,-0.17605,-0.17605,2.20076,7,2.20779
2006-01-30,0,-2.35537,-0.44605,-0.44605,2.35537,7,2.39723
2006-01-31,0,-2.36793,-0.74358,-0.74358,2.36793,7,2.48194
2006-02-01,0,-2.2684,-1.03215,-1.03215,2.2684,7,2.49218
2006-02-02,0,-2.07894,-1.34756,-1.34756,2.07894,7,2.47748
2006-02-03,0,-1.77498,-1.68585,-1.68585,1.77498,7,2.44799
2006-02-04,0,-1.43289,-2.01209,-2.01209,1.43289,8,2.47016
2006-02-05,0,-1.07997,-2.29635,-2.29635,1.07997,8,2.53763
2006-02-06,0,-0.66076,-2.46734,-2.46734,0.66076,8,2.55429
2006-02-07,0,-0.18221,-2.51322,-2.51322,0.18221,8,2.51982
2006-02-08,0,0.13897,-2.51688,-2.51688,-0.13897,1,2.52071
2006-02-09,0,0.36288,-2.42346,-2.42346,-0.36288,1,2.45048
2006-02-10,0,0.56644,-2.26561,-2.26561,-0.56644,1,2.33535
2006-02-11,0,0.7284,-2.0515,-2.0515,-0.7284,1,2.17697
2006-02-12,0,0.7662,-1.8286,-1.8286,-0.7662,1,1.98263
2006-02-13,0,0.76143,-1.59543,-1.59543,-0.76143,1,1.76781
2006-02-14,0,0.86595,-1.35385,-1.35385,-0.86595,1,1.6071
2006-02-15,0,1.03808,-1.14826,-1.14826,-1.03808,1,1.54794
2006-02-16,0,1.10281,-0.96362,-0.96362,-1.10281,2,1.4645
2006-02-17,0,1.22297,-0.80023,-0.80023,-1.22297,2,1.46152
2006-02-18,0,1.39103,-0.70595,-0.70595,-1.39103,2,1.55991
2006-02-19,0,1.56754,-0.62777,-0.62777,-1.56754,2,1.68857
2006-02-20,0,1.79425,-0.56837,-0.56837,-1.79425,2,1.88212
2006-02-21,0,2.11647,-0.42874,-0.42874,-2.11647,2,2.15946
2006-02-22,0,2.40683,-0.25096,-0.25096,-2.40683,2,2.41988
2006-02-23,0,2.54276,0.0642,0.0642,-2.54276,3,2.54357
2006-02-24,0,2.52931,0.44278,0.44278,-2.52931,3,2.56777
2006-02-25,0,2.4355,0.84603,0.84603,-2.4355,3,2.57826
2006-02-26,0,2.26915,1.16902,1.16902,-2.26915,3,2.55258
2006-02-27,0,2.08553,1.27912,1.27912,-2.08553,3,2.44655
2006-02-28,0,1.94756,1.2717,1.2717,-1.94756,3,2.32598
2006-03-01,0,1.71194,1.17192,1.17192,-1.71194,3,2.07464
2006-03-02,0,1.39386,1.12114,1.12114,-1.39386,3,1.7888
2006-03-03,0,1.09516,1.04541,1.04541,-1.09516,3,1.51402
2006-03-04,0,0.86112,0.91599,0.91599,-0.86112,4,1.25721
2006-03-05,0,0.5795,0.8242,0.8242,-0.5795,4,1.00753
2006-03-06,0,0.28325,0.77491,0.77491,-0.28325,4,0.82506
2006-03-07,0,0.03444,0.74789,0.74789,-0.03444,4,0.74868
2006-03-08,0,-0.07295,0.82034,0.82034,0.07295,5,0.82358
2006-03-09,0,-0.13472,0.85463,0.85463,0.13472,5,0.86518
2006-03-10,0,-0.10649,0.84374,0.84374,0.10649,5,0.85043
2006-03-11,0,-0.03031,0.83805,0.83805,0.03031,5,0.8386
2006-03-12,0,0.08105,0.87913,0.87913,-0.08105,4,0.88286
2006-03-13,0,0.16321,0.98496,0.98496,-0.16321,4,0.99839
2006-03-14,0,0.25866,1.07082,1.07082,-0.25866,4,1.10162
2006-03-15,0,0.34827,1.10545,1.10545,-0.34827,4,1.15901
2006-03-16,0,0.42268,1.21404,1.21404,-0.42268,4,1.28551
2006-03-17,0,0.50936,1.27991,1.27991,-0.50936,4,1.37754
2006-03-18,0,0.59462,1.33846,1.33846,-0.59462,4,1.4646
2006-03-19,0,0.66784,1.35742,1.35742,-0.66784,4,1.51281
2006-03-20,0,0.68197,1.27569,1.27569,-0.68197,4,1.44654
2006-03-21,0,0.63855,1.17539,1.17539,-0.63855,4,1.33765
2006-03-22,0,0.63562,1.1536,1.1536,-0.63562,4,1.31712
2006-03-23,0,0.60556,1.13037,1.13037,-0.60556,4,1.28236
2006-03-24,0,0.51428,1.1447,1.1447,-0.51428,4,1.25492
2006-03-25,0,0.42332,1.14909,1.14909,-0.42332,4,1.22458
2006-03-26,0,0.20283,1.17588,1.17588,-0.20283,4,1.19325
2006-03-27,0,0.04256,1.29248,1.29248,-0.04256,4,1.29319
2006-03-28,0,-0.05817,1.39078,1.39078,0.05817,5,1.392
2006-03-29,0,-0.17133,1.49959,1.49959,0.17133,5,1.50935
2006-03-30,0,-0.27355,1.53908,1.53908,0.27355,5,1.5632
2006-03-31,0,-0.43824,1.50349,1.50349,0.43824,5,1.56606
2006-04-01,0,-0.55293,1.36328,1.36328,0.55293,5,1.47115
2006-04-02,0,-0.65094,1.12926,1.12926,0.65094,5,1.30344
2006-04-03,0,-0.72286,0.87953,0.87953,0.72286,5,1.13846
2006-04-04,0,-0.7144,0.661,0.661,0.7144,6,0.97329
2006-04-05,0,-0.76523,0.38271,0.38271,0.76523,6,0.85559
2006-04-06,0,-0.83841,0.06507,0.06507,0.83841,6,0.84093
2006-04-07,0,-0.78609,-0.28781,-0.28781,0.78609,7,0.83713
2006-04-08,0,-0.65113,-0.5687,-0.5687,0.65113,7,0.86452
2006-04-09,0,-0.52352,-0.77281,-0.77281,0.52352,8,0.93344
2006-04-10,0,-0.4271,-0.82444,-0.82444,0.4271,8,0.9285
2006-04-11,0,-0.3023,-0.80207,-0.80207,0.3023,8,0.85714
2006-04-12,0,-0.19977,-0.77525,-0.77525,0.19977,8,0.80058
2006-04-13,0,-0.15985,-0.77011,-0.77011,0.15985,8,0.78653
2006-04-14,0,-0.10773,-0.66395,-0.66395,0.10773,8,0.67264
2006-04-15,0,0.00177,-0.48269,-0.48269,-0.00177,1,0.4827
2006-04-16,0,0.15831,-0.23911,-0.23911,-0.15831,1,0.28676
2006-04-17,0,0.31121,-0.02801,-0.02801,-0.31121,2,0.31246
2006-04-18,0,0.44939,0.1371,0.1371,-0.44939,3,0.46984
2006-04-19,0,0.55362,0.26802,0.26802,-0.55362,3,0.61508
2006-04-20,0,0.59078,0.41692,0.41692,-0.59078,3,0.72308
2006-04-21,0,0.59451,0.53833,0.53833,-0.59451,3,0.80202
2006-04-22,0,0.53178,0.57677,0.57677,-0.53178,4,0.78451
2006-04-23,0,0.38345,0.54016,0.54016,-0.38345,4,0.66242
2006-04-24,0,0.14414,0.44333,0.44333,-0.14414,4,0.46618
2006-04-25,0,-0.13989,0.31426,0.31426,0.13989,5,0.34399
2006-04-26,0,-0.43379,0.22781,0.22781,0.43379,6,0.48997
2006-04-27,0,-0.69204,0.13607,0.13607,0.69204,6,0.70529
2006-04-28,0,-0.93379,-0.01049,-0.01049,0.93379,7,0.93385
2006-04-29,0,-1.14071,-0.17054,-0.17054,1.14071,7,1.15338
2006-04-30,0,-1.3309,-0.34695,-0.34695,1.3309,7,1.37538
2006-05-01,0,-1.44056,-0.42969,-0.42969,1.44056,7,1.50328
2006-05-02,0,-1.43536,-0.51061,-0.51061,1.43536,7,1.52348
2006-05-03,0,-1.38768,-0.63992,-0.63992,1.38768,7,1.52812
2006-05-04,0,-1.40633,-0.77975,-0.77975,1.40633,7,1.60803
2006-05-05,0,-1.40336,-0.94718,-0.94718,1.40336,7,1.69309
2006-05-06,0,-1.38816,-1.11614,-1.11614,1.38816,7,1.78122
2006-05-07,0,-1.34799,-1.28186,-1.28186,1.34799,7,1.86017
2006-05-08,0,-1.30096,-1.42678,-1.42678,1.30096,8,1.93085
2006-05-09,0,-1.2228,-1.57113,-1.57113,1.2228,8,1.9909
2006-05-10,0,-1.05091,-1.70694,-1.70694,1.05091,8,2.00451
2006-05-11,0,-0.86088,-1.80127,-1.80127,0.86088,8,1.99642
2006-05-12,0,-0.6112,-1.71688,-1.71688,0.6112,8,1.82243
2006-05-13,0,-0.21838,-1.58275,-1.58275,0.21838,8,1.59775
2006-05-14,0,0.13873,-1.40229,-1.40229,-0.13873,1,1.40914
2006-05-15,0,0.47018,-1.17072,-1.17072,-0.47018,1,1.2616
2006-05-16,0,0.69192,-0.8931,-0.8931,-0.69192,1,1.12977
2006-05-17,0,0.83443,-0.59729,-0.59729,-0.83443,2,1.02617
2006-05-18,0,0.97244,-0.29971,-0.29971,-0.97244,2,1.01758
2006-05-19,0,1.0584,-0.03258,-0.03258,-1.0584,2,1.05891
2006-05-20,0,1.07799,0.15865,0.15865,-1.07799,3,1.0896
2006-05-21,0,1.08354,0.21334,0.21334,-1.08354,3,1.10435
2006-05-22,0,1.01514,0.25265,0.25265,-1.01514,3,1.04611
2006-05-23,0,0.92839,0.22841,0.22841,-0.92839,3,0.95607
2006-05-24,0,0.87007,0.13618,0.13618,-0.87007,3,0.88066
2006-05-25,0,0.86737,-0.0182,-0.0182,-0.86737,2,0.86756
2006-05-26,0,0.88345,-0.18371,-0.18371,-0.88345,2,0.90235
2006-05-27,0,0.8055,-0.38543,-0.38543,-0.8055,2,0.89297
2006-05-28,0,0.67313,-0.62254,-0.62254,-0.67313,2,0.91687
2006-05-29,0,0.53949,-0.75612,-0.75612,-0.53949,1,0.92885
2006-05-30,0,0.39831,-0.80149,-0.80149,-0.39831,1,0.89501
2006-05-31,0,0.28369,-0.84635,-0.84635,-0.28369,1,0.89263
2006-06-01,0,0.29529,-0.83173,-0.83173,-0.29529,1,0.88259
2006-06-02,0,0.24777,-0.83282,-0.83282,-0.24777,1,0.86889
2006-06-03,0,0.19402,-0.81233,-0.81233,-0.19402,1,0.83518
2006-06-04,0,0.21157,-0.76183,-0.76183,-0.21157,1,0.79066
2006-06-05,0,0.30771,-0.64692,-0.64692,-0.30771,1,0.71637
2006-06-06,0,0.36653,-0.50893,-0.50893,-0.36653,1,0.62718
2006-06-07,0,0.41847,-0.48057,-0.48057,-0.41847,1,0.63723
2006-06-08,0,0.43586,-0.47349,-0.47349,-0.43586,1,0.64356
2006-06-09,0,0.44845,-0.52366,-0.52366,-0.44845,1,0.68944
2006-06-10,0,0.37813,-0.55857,-0.55857,-0.37813,1,0.67453
2006-06-11,0,0.42066,-0.48892,-0.48892,-0.42066,1,0.64498
2006-06-12,0,0.50661,-0.27577,-0.27577,-0.50661,2,0.57681
2006-06-13,0,0.56918,-0.08078,-0.08078,-0.56918,2,0.57489
2006-06-14,0,0.55613,0.07306,0.07306,-0.55613,3,0.56091
2006-06-15,0,0.65731,0.20544,0.20544,-0.65731,3,0.68867
2006-06-16,0,0.79374,0.37685,0.37685,-0.79374,3,0.87866
2006-06-17,0,0.93585,0.49274,0.49274,-0.93585,3,1.05764
2006-06-18,0,1.07946,0.61963,0.61963,-1.07946,3,1.24466
2006-06-19,0,1.15042,0.73692,0.73692,-1.15042,3,1.3662
2006-06-20,0,1.04222,0.90814,0.90814,-1.04222,3,1.38237
2006-06-21,0,0.86775,1.00254,1.00254,-0.86775,4,1.32592
2006-06-22,0,0.63873,1.11972,1.11972,-0.63873,4,1.28909
2006-06-23,0,0.3904,1.20185,1.20185,-0.3904,4,1.26367
2006-06-24,0,0.03243,1.2841,1.2841,-0.03243,4,1.28451
2006-06-25,0,-0.31559,1.36907,1.36907,0.31559,5,1.40497
2006-06-26,0,-0.67431,1.38954,1.38954,0.67431,5,1.54451
2006-06-27,0,-1.11399,1.40004,1.40004,1.11399,5,1.78916
2006-06-28,0,-1.48627,1.36448,1.36448,1.48627,6,2.01762
2006-06-29,0,-1.75937,1.13679,1.13679,1.75937,6,2.09468
2006-06-30,0,-1.90647,0.79049,0.79049,1.90647,6,2.06385
2006-07-01,0,-1.98644,0.38512,0.38512,1.98644,6,2.02342
2006-07-02,0,-1.97691,-0.03607,-0.03607,1.97691,7,1.97724
2006-07-03,0,-1.88521,-0.44336,-0.44336,1.88521,7,1.93664
2006-07-04,0,-1.74411,-0.80315,-0.80315,1.74411,7,1.92015
2006-07-05,0,-1.53058,-1.0418,-1.0418,1.53058,7,1.85149
2006-07-06,0,-1.28918,-1.20995,-1.20995,1.28918,7,1.76804
2006-07-07,0,-1.04866,-1.31974,-1.31974,1.04866,8,1.68564
2006-07-08,0,-0.83424,-1.30175,-1.30175,0.83424,8,1.54613
2006-07-09,0,-0.74238,-1.17622,-1.17622,0.74238,8,1.3909
2006-07-10,0,-0.6231,-1.06201,-1.06201,0.6231,8,1.23131
2006-07-11,0,-0.51177,-0.89975,-0.89975,0.51177,8,1.03511
2006-07-12,0,-0.3956,-0.72533,-0.72533,0.3956,8,0.8262
2006-07-13,0,-0.25859,-0.61217,-0.61217,0.25859,8,0.66454
2006-07-14,0,-0.12532,-0.60957,-0.60957,0.12532,8,0.62232
2006-07-15,0,-0.07902,-0.61152,-0.61152,0.07902,8,0.6166
2006-07-16,0,-0.15737,-0.57827,-0.57827,0.15737,8,0.5993
2006-07-17,0,-0.23562,-0.51566,-0.51566,0.23562,8,0.56694
2006-07-18,0,-0.14425,-0.52817,-0.52817,0.14425,8,0.54752
2006-07-19,0,-0.0697,-0.59158,-0.59158,0.0697,8,0.59567
2006-07-20,0,-0.00399,-0.65444,-0.65444,0.00399,8,0.65445
2006-07-21,0,-0.01144,-0.69274,-0.69274,0.01144,8,0.69283
2006-07-22,0,-0.03073,-0.65105,-0.65105,0.03073,8,0.65177
2006-07-23,0,-0.02729,-0.48161,-0.48161,0.02729,8,0.48238
2006-07-24,0,-0.00131,-0.32862,-0.32862,0.00131,8,0.32862
2006-07-25,0,0.12927,-0.22926,-0.22926,-0.12927,1,0.2632
2006-07-26,0,0.2989,-0.15196,-0.15196,-0.2989,2,0.33531
2006-07-27,0,0.29439,-0.06077,-0.06077,-0.29439,2,0.30059
2006-07-28,0,0.22148,0.12447,0.12447,-0.22148,3,0.25406
2006-07-29,0,0.1883,0.34094,0.34094,-0.1883,4,0.38949
2006-07-30,0,0.23145,0.54225,0.54225,-0.23145,4,0.58958
2006-07-31,0,0.17857,0.68975,0.68975,-0.17857,4,0.71249
2006-08-01,0,0.04834,0.74499,0.74499,-0.04834,4,0.74656
2006-08-02,0,-0.01383,0.77346,0.77346,0.01383,5,0.77358
2006-08-03,0,-0.09036,0.81726,0.81726,0.09036,5,0.82224
2006-08-04,0,-0.32199,0.81911,0.81911,0.32199,5,0.88013
2006-08-05,0,-0.51202,0.80058,0.80058,0.51202,5,0.95031
2006-08-06,0,-0.66406,0.77992,0.77992,0.66406,5,1.02433
2006-08-07,0,-0.84665,0.70778,0.70778,0.84665,6,1.10353
2006-08-08,0,-0.97153,0.58177,0.58177,0.97153,6,1.1324
2006-08-09,0,-0.96876,0.4712,0.4712,0.96876,6,1.07728
2006-08-10,0,-0.87188,0.36227,0.36227,0.87188,6,0.94414
2006-08-11,0,-0.80084,0.27457,0.27457,0.80084,6,0.8466
2006-08-12,0,-0.68874,0.09495,0.09495,0.68874,6,0.69525
2006-08-13,0,-0.43137,-0.13353,-0.13353,0.43137,7,0.45156
2006-08-14,0,-0.16676,-0.28703,-0.28703,0.16676,8,0.33196
2006-08-15,0,0.02838,-0.4717,-0.4717,-0.02838,1,0.47256
2006-08-16,0,0.1714,-0.6091,-0.6091,-0.1714,1,0.63275
2006-08-17,0,0.32343,-0.68294,-0.68294,-0.32343,1,0.75566
2006-08-18,0,0.45992,-0.72934,-0.72934,-0.45992,1,0.86224
2006-08-19,0,0.61132,-0.81319,-0.81319,-0.61132,1,1.01734
2006-08-20,0,0.7237,-0.88427,-0.88427,-0.7237,1,1.14266
2006-08-21,0,0.79541,-0.83941,-0.83941,-0.79541,1,1.15641
2006-08-22,0,0.79552,-0.67792,-0.67792,-0.79552,2,1.04519
2006-08-23,0,0.77399,-0.57587,-0.57587,-0.77399,2,0.96473
2006-08-24,0,0.82393,-0.4048,-0.4048,-0.82393,2,0.918
2006-08-25,0,0.96243,-0.25043,-0.25043,-0.96243,2,0.99448
2006-08-26,0,1.05887,-0.12111,-0.12111,-1.05887,2,1.06578
2006-08-27,0,1.11741,-0.07351,-0.07351,-1.11741,2,1.11982
2006-08-28,0,1.08837,0.04086,0.04086,-1.08837,3,1.08914
2006-08-29,0,1.08129,0.15847,0.15847,-1.08129,3,1.09284
2006-08-30,0,1.0635,0.15524,0.15524,-1.0635,3,1.07477
2006-08-31,0,1.13196,0.07762,0.07762,-1.13196,3,1.13462
2006-09-01,0,1.26375,0.02602,0.02602,-1.26375,3,1.26402
2006-09-02,0,1.4165,-0.11378,-0.11378,-1.4165,2,1.42106
2006-09-03,0,1.531,-0.24931,-0.24931,-1.531,2,1.55116
2006-09-04,0,1.56369,-0.34565,-0.34565,-1.56369,2,1.60144
2006-09-05,0,1.51512,-0.3606,-0.3606,-1.51512,2,1.55744
2006-09-06,0,1.47521,-0.3468,-0.3468,-1.47521,2,1.51542
2006-09-07,0,1.52623,-0.3307,-0.3307,-1.52623,2,1.56165
2006-09-08,0,1.52747,-0.23424,-0.23424,-1.52747,2,1.54533
2006-09-09,0,1.43364,-0.05511,-0.05511,-1.43364,2,1.4347
2006-09-10,0,1.23595,0.11628,0.11628,-1.23595,3,1.24141
2006-09-11,0,0.97578,0.30989,0.30989,-0.97578,3,1.0238
2006-09-12,0,0.74734,0.49717,0.49717,-0.74734,3,0.8976
2006-09-13,0,0.48135,0.68233,0.68233,-0.48135,4,0.83503
2006-09-14,0,0.21583,0.84018,0.84018,-0.21583,4,0.86746
2006-09-15,0,-0.04549,0.99013,0.99013,0.04549,5,0.99118
2006-09-16,0,-0.32646,1.12814,1.12814,0.32646,5,1.17443
2006-09-17,0,-0.56284,1.20067,1.20067,0.56284,5,1.32605
2006-09-18,0,-0.90023,1.15489,1.15489,0.90023,5,1.4643
2006-09-19,0,-1.18561,1.07002,1.07002,1.18561,6,1.59707
2006-09-20,0,-1.39993,1.04552,1.04552,1.39993,6,1.74726
2006-09-21,0,-1.64302,0.97197,0.97197,1.64302,6,1.90899
2006-09-22,0,-1.75661,0.86653,0.86653,1.75661,6,1.95872
2006-09-23,0,-1.8136,0.7896,0.7896,1.8136,6,1.97803
2006-09-24,0,-1.82856,0.66339,0.66339,1.82856,6,1.94518
2006-09-25,0,-1.89831,0.52941,0.52941,1.89831,6,1.97075
2006-09-26,0,-1.97207,0.37599,0.37599,1.97207,6,2.00759
2006-09-27,0,-1.95244,0.21583,0.21583,1.95244,6,1.96433
2006-09-28,0,-1.98254,0.07979,0.07979,1.98254,6,1.98414
2006-09-29,0,-2.07942,-0.11272,-0.11272,2.07942,7,2.08247
2006-09-30,0,-2.13709,-0.24308,-0.24308,2.13709,7,2.15087
2006-10-01,0,-2.17702,-0.35618,-0.35618,2.17702,7,2.20597
2006-10-02,0,-2.20125,-0.49275,-0.49275,2.20125,7,2.25572
2006-10-03,0,-2.24488,-0.56136,-0.56136,2.24488,7,2.314
2006-10-04,0,-2.26127,-0.70132,-0.70132,2.26127,7,2.36753
2006-10-05,0,-2.17215,-0.8522,-0.8522,2.17215,7,2.33334
2006-10-06,0,-2.00266,-0.98423,-0.98423,2.00266,7,2.23145
2006-10-07,0,-1.7769,-1.17785,-1.17785,1.7769,7,2.13183
2006-10-08,0,-1.44327,-1.41615,-1.41615,1.44327,7,2.02201
2006-10-09,0,-1.05749,-1.67462,-1.67462,1.05749,8,1.98056
2006-10-10,0,-0.62558,-1.88685,-1.88685,0.62558,8,1.98785
2006-10-11,0,-0.12483,-2.02599,-2.02599,0.12483,8,2.02983
2006-10-12,0,0.36402,-2.09942,-2.09942,-0.36402,1,2.13075
2006-10-13,0,0.7704,-2.04341,-2.04341,-0.7704,1,2.18381
2006-10-14,0,1.12263,-1.98513,-1.98513,-1.12263,1,2.28058
2006-10-15,0,1.43152,-1.90426,-1.90426,-1.43152,1,2.38232
2006-10-16,0,1.66735,-1.74706,-1.74706,-1.66735,1,2.41501
2006-10-17,0,1.81241,-1.61218,-1.61218,-1.81241,2,2.42569
2006-10-18,0,1.92502,-1.51527,-1.51527,-1.92502,2,2.44985
2006-10-19,0,2.01127,-1.38044,-1.38044,-2.01127,2,2.43943
2006-10-20,0,2.04156,-1.22338,-1.22338,-2.04156,2,2.38005
2006-10-21,0,2.07714,-0.96125,-0.96125,-2.07714,2,2.28878
2006-10-22,0,2.02973,-0.71831,-0.71831,-2.02973,2,2.15309
2006-10-23,0,1.87956,-0.45635,-0.45635,-1.87956,2,1.93417
2006-10-24,0,1.70801,-0.25573,-0.25573,-1.70801,2,1.72705
2006-10-25,0,1.53783,-0.1294,-0.1294,-1.53783,2,1.54326
2006-10-26,0,1.38162,0.04868,0.04868,-1.38162,3,1.38248
2006-10-27,0,1.2873,0.18348,0.18348,-1.2873,3,1.30031
2006-10-28,0,1.11583,0.23314,0.23314,-1.11583,3,1.13993
2006-10-29,0,0.97227,0.23653,0.23653,-0.97227,3,1.00063
2006-10-30,0,0.82272,0.24863,0.24863,-0.82272,3,0.85947
2006-10-31,0,0.71689,0.20695,0.20695,-0.71689,3,0.74617
2006-11-01,0,0.6323,0.12911,0.12911,-0.6323,3,0.64535
2006-11-02,0,0.59352,0.13712,0.13712,-0.59352,3,0.60916
2006-11-03,0,0.62027,0.15538,0.15538,-0.62027,3,0.63944
2006-11-04,0,0.72601,0.10275,0.10275,-0.72601,3,0.73324
2006-11-05,0,0.76702,0.07311,0.07311,-0.76702,3,0.7705
2006-11-06,0,0.83195,0.09357,0.09357,-0.83195,3,0.83719
2006-11-07,0,0.89826,0.14807,0.14807,-0.89826,3,0.91039
2006-11-08,0,1.00655,0.18303,0.18303,-1.00655,3,1.02305
2006-11-09,0,1.10331,0.25112,0.25112,-1.10331,3,1.13153
2006-11-10,0,1.23168,0.39235,0.39235,-1.23168,3,1.29267
2006-11-11,0,1.38688,0.41765,0.41765,-1.38688,3,1.4484
2006-11-12,0,1.51039,0.31781,0.31781,-1.51039,3,1.54346
2006-11-13,0,1.58143,0.19528,0.19528,-1.58143,3,1.59344
2006-11-14,0,1.65854,0.15219,0.15219,-1.65854,3,1.66551
2006-11-15,0,1.78764,0.10337,0.10337,-1.78764,3,1.79063
2006-11-16,0,1.8742,-0.01115,-0.01115,-1.8742,2,1.87423
2006-11-17,0,1.87914,-0.06721,-0.06721,-1.87914,2,1.88034
2006-11-18,0,1.85984,-0.05052,-0.05052,-1.85984,2,1.86053
2006-11-19,0,1.77388,0.05133,0.05133,-1.77388,3,1.77462
2006-11-20,0,1.65036,0.23482,0.23482,-1.65036,3,1.66699
2006-11-21,0,1.46924,0.44214,0.44214,-1.46924,3,1.53432
2006-11-22,0,1.2275,0.54786,0.54786,-1.2275,3,1.34421
2006-11-23,0,1.00795,0.51563,0.51563,-1.00795,3,1.13218
2006-11-24,0,0.78656,0.36919,0.36919,-0.78656,3,0.86889
2006-11-25,0,0.50084,0.33176,0.33176,-0.50084,3,0.60075
2006-11-26,0,0.31702,0.35826,0.35826,-0.31702,4,0.47839
2006-11-27,0,0.21521,0.40244,0.40244,-0.21521,4,0.45637
2006-11-28,0,0.17071,0.47931,0.47931,-0.17071,4,0.5088
2006-11-29,0,0.08765,0.47845,0.47845,-0.08765,4,0.48642
2006-11-30,0,-0.03318,0.50807,0.50807,0.03318,5,0.50916
2006-12-01,0,-0.07297,0.4865,0.4865,0.07297,5,0.49194
2006-12-02,0,-0.13462,0.46245,0.46245,0.13462,5,0.48165
2006-12-03,0,-0.13185,0.48453,0.48453,0.13185,5,0.50215
2006-12-04,0,-0.14737,0.43734,0.43734,0.14737,5,0.4615
2006-12-05,0,-0.15612,0.3956,0.3956,0.15612,5,0.42529
2006-12-06,0,-0.20444,0.32002,0.32002,0.20444,5,0.37975
2006-12-07,0,-0.24629,0.25558,0.25558,0.24629,5,0.35493
2006-12-08,0,-0.24965,0.21114,0.21114,0.24965,6,0.32696
2006-12-09,0,-0.21321,0.18716,0.18716,0.21321,6,0.28371
2006-12-10,0,-0.20008,0.20333,0.20333,0.20008,5,0.28526
2006-12-11,0,-0.16583,0.15975,0.15975,0.16583,6,0.23026
2006-12-12,0,-0.16265,0.2047,0.2047,0.16265,5,0.26145
2006-12-13,0,-0.07269,0.3254,0.3254,0.07269,5,0.33342
2006-12-14,0,-0.04851,0.34598,0.34598,0.04851,5,0.34937
2006-12-15,0,0.00151,0.38179,0.38179,-0.00151,4,0.38179
2006-12-16,0,0.11648,0.41225,0.41225,-0.11648,4,0.42839
2006-12-17,0,0.26939,0.5094,0.5094,-0.26939,4,0.57625
2006-12-18,0,0.46554,0.61208,0.61208,-0.46554,4,0.769
2006-12-19,0,0.66856,0.78946,0.78946,-0.66856,4,1.03451
2006-12-20,0,0.86444,1.02385,1.02385,-0.86444,4,1.33997
2006-12-21,0,0.98199,1.13773,1.13773,-0.98199,4,1.5029
2006-12-22,0,1.02756,1.16583,1.16583,-1.02756,4,1.55404
2006-12-23,0,1.08764,1.33323,1.33323,-1.08764,4,1.7206
2006-12-24,0,0.9903,1.59541,1.59541,-0.9903,4,1.87777
2006-12-25,0,0.75429,1.87044,1.87044,-0.75429,4,2.01681
2006-12-26,0,0.44865,2.12931,2.12931,-0.44865,4,2.17606
2006-12-27,0,0.1019,2.35885,2.35885,-0.1019,4,2.36105
2006-12-28,0,-0.22773,2.56425,2.56425,0.22773,5,2.57434
2006-12-29,0,-0.58828,2.69355,2.69355,0.58828,5,2.75705
2006-12-30,0,-0.86213,2.77935,2.77935,0.86213,5,2.91
2006-12-31,0,-1.06532,2.8495,2.8495,1.06532,5,3.04213
2007-01-01,0,-1.37055,2.76511,2.76511,1.37055,5,3.08613
2007-01-02,0,-1.61919,2.48655,2.48655,1.61919,5,2.96727
2007-01-03,0,-1.77843,2.17643,2.17643,1.77843,5,2.81063
2007-01-04,0,-1.83928,1.78773,1.78773,1.83928,6,2.56494
2007-01-05,0,-1.85222,1.35241,1.35241,1.85222,6,2.29342
2007-01-06,0,-1.86666,0.83375,0.83375,1.86666,6,2.0444
2007-01-07,0,-1.85382,0.39234,0.39234,1.85382,6,1.89488
2007-01-08,0,-1.84439,0.0385,0.0385,1.84439,6,1.84479
2007-01-09,0,-1.76033,-0.28532,-0.28532,1.76033,7,1.7833
2007-01-10,0,-1.64698,-0.53764,-0.53764,1.64698,7,1.73252
2007-01-11,0,-1.46881,-0.69126,-0.69126,1.46881,7,1.62334
2007-01-12,0,-1.32655,-0.89644,-0.89644,1.32655,7,1.60105
2007-01-13,0,-1.20805,-1.0403,-1.0403,1.20805,7,1.59425
2007-01-14,0,-1.09322,-1.13871,-1.13871,1.09322,8,1.57854
2007-01-15,0,-1.05892,-1.16352,-1.16352,1.05892,8,1.57324
2007-01-16,0,-0.9873,-1.21582,-1.21582,0.9873,8,1.5662
2007-01-17,0,-0.87173,-1.27947,-1.27947,0.87173,8,1.54821
2007-01-18,0,-0.73378,-1.30603,-1.30603,0.73378,8,1.49805
2007-01-19,0,-0.58838,-1.30308,-1.30308,0.58838,8,1.42976
2007-01-20,0,-0.47751,-1.28382,-1.28382,0.47751,8,1.36975
2007-01-21,0,-0.44329,-1.29542,-1.29542,0.44329,8,1.36916
2007-01-22,0,-0.51634,-1.27661,-1.27661,0.51634,8,1.37708
2007-01-23,0,-0.60582,-1.15694,-1.15694,0.60582,8,1.30596
2007-01-24,0,-0.59375,-1.06637,-1.06637,0.59375,8,1.22053
2007-01-25,0,-0.57307,-1.00832,-1.00832,0.57307,8,1.15979
2007-01-26,0,-0.58012,-0.90801,-0.90801,0.58012,8,1.07751
2007-01-27,0,-0.66922,-0.82073,-0.82073,0.66922,8,1.05898
2007-01-28,0,-0.83026,-0.78956,-0.78956,0.83026,7,1.14575
2007-01-29,0,-1.02278,-0.77749,-0.77749,1.02278,7,1.28475
2007-01-30,0,-1.07038,-0.68306,-0.68306,1.07038,7,1.26976
2007-01-31,0,-0.98538,-0.59743,-0.59743,0.98538,7,1.15234
2007-02-01,0,-0.85956,-0.55681,-0.55681,0.85956,7,1.02415
2007-02-02,0,-0.81654,-0.48215,-0.48215,0.81654,7,0.94826
2007-02-03,0,-0.82971,-0.44182,-0.44182,0.82971,7,0.94001
2007-02-04,0,-0.79183,-0.49932,-0.49932,0.79183,7,0.93612
2007-02-05,0,-0.66233,-0.55658,-0.55658,0.66233,7,0.86513
2007-02-06,0,-0.50601,-0.56661,-0.56661,0.50601,8,0.75967
2007-02-07,0,-0.28611,-0.54468,-0.54468,0.28611,8,0.61525
2007-02-08,0,-0.06352,-0.52355,-0.52355,0.06352,8,0.52739
2007-02-09,0,0.07559,-0.58183,-0.58183,-0.07559,1,0.58672
2007-02-10,0,0.14996,-0.67937,-0.67937,-0.14996,1,0.69572
2007-02-11,0,0.33299,-0.72318,-0.72318,-0.33299,1,0.79616
2007-02-12,0,0.62159,-0.66629,-0.66629,-0.62159,1,0.91122
2007-02-13,0,0.88313,-0.50269,-0.50269,-0.88313,2,1.01618
2007-02-14,0,1.09113,-0.32392,-0.32392,-1.09113,2,1.13819
2007-02-15,0,1.22195,-0.18233,-0.18233,-1.22195,2,1.23547
2007-02-16,0,1.283,-0.04014,-0.04014,-1.283,2,1.28362
2007-02-17,0,1.36484,0.09106,0.09106,-1.36484,3,1.36788
2007-02-18,0,1.46631,0.30547,0.30547,-1.46631,3,1.49779
2007-02-19,0,1.54453,0.47553,0.47553,-1.54453,3,1.61608
2007-02-20,0,1.55153,0.65096,0.65096,-1.55153,3,1.68256
2007-02-21,0,1.42319,0.90383,0.90383,-1.42319,3,1.68594
2007-02-22,0,1.19405,1.15775,1.15775,-1.19405,3,1.66317
2007-02-23,0,0.89441,1.41778,1.41778,-0.89441,4,1.67633
2007-02-24,0,0.5523,1.6982,1.6982,-0.5523,4,1.78575
2007-02-25,0,0.24879,1.91841,1.91841,-0.24879,4,1.93447
2007-02-26,0,-0.02804,2.10575,2.10575,0.02804,5,2.10593
2007-02-27,0,-0.18869,2.18241,2.18241,0.18869,5,2.19055
2007-02-28,0,-0.25629,2.24427,2.24427,0.25629,5,2.25886
2007-03-01,0,-0.1784,2.22622,2.22622,0.1784,5,2.23335
2007-03-02,0,-0.05703,2.1638,2.1638,0.05703,5,2.16455
2007-03-03,0,0.12341,2.0478,2.0478,-0.12341,4,2.05152
2007-03-04,0,0.28807,1.80837,1.80837,-0.28807,4,1.83117
2007-03-05,0,0.40119,1.5582,1.5582,-0.40119,4,1.60902
2007-03-06,0,0.50673,1.27672,1.27672,-0.50673,4,1.37361
2007-03-07,0,0.56424,1.02978,1.02978,-0.56424,4,1.17423
2007-03-08,0,0.57625,0.82709,0.82709,-0.57625,4,1.00804
2007-03-09,0,0.57555,0.66151,0.66151,-0.57555,4,0.87684
2007-03-10,0,0.5322,0.49533,0.49533,-0.5322,3,0.72704
2007-03-11,0,0.37824,0.34867,0.34867,-0.37824,3,0.51443
2007-03-12,0,0.18522,0.19336,0.19336,-0.18522,4,0.26776
2007-03-13,0,0.02782,0.16159,0.16159,-0.02782,4,0.16397
2007-03-14,0,-0.07669,0.08708,0.08708,0.07669,5,0.11604
2007-03-15,0,-0.17726,0.02125,0.02125,0.17726,6,0.17853
2007-03-16,0,-0.34693,0.02793,0.02793,0.34693,6,0.34805
2007-03-17,0,-0.50482,0.06902,0.06902,0.50482,6,0.50952
2007-03-18,0,-0.68833,0.11058,0.11058,0.68833,6,0.69716
2007-03-19,0,-0.86557,0.18373,0.18373,0.86557,6,0.88485
2007-03-20,0,-0.99129,0.24142,0.24142,0.99129,6,1.02026
2007-03-21,0,-1.16333,0.39337,0.39337,1.16333,6,1.22804
2007-03-22,0,-1.29672,0.47167,0.47167,1.29672,6,1.37984
2007-03-23,0,-1.41255,0.52523,0.52523,1.41255,6,1.50704
2007-03-24,0,-1.49389,0.6015,0.6015,1.49389,6,1.61043
2007-03-25,0,-1.43377,0.53158,0.53158,1.43377,6,1.52914
2007-03-26,0,-1.35767,0.38799,0.38799,1.35767,6,1.41202
2007-03-27,0,-1.25481,0.25328,0.25328,1.25481,6,1.28012
2007-03-28,0,-1.09497,0.05174,0.05174,1.09497,6,1.09619
2007-03-29,0,-0.96549,-0.1406,-0.1406,0.96549,7,0.97567
2007-03-30,0,-0.85753,-0.38274,-0.38274,0.85753,7,0.93907
2007-03-31,0,-0.73051,-0.57081,-0.57081,0.73051,7,0.92707
2007-04-01,0,-0.55404,-0.65235,-0.65235,0.55404,8,0.85587
2007-04-02,0,-0.33556,-0.79566,-0.79566,0.33556,8,0.86352
2007-04-03,0,-0.16538,-0.93758,-0.93758,0.16538,8,0.95205
2007-04-04,0,-0.04044,-1.07511,-1.07511,0.04044,8,1.07587
2007-04-05,0,0.04896,-1.09666,-1.09666,-0.04896,1,1.09775
2007-04-06,0,0.15259,-0.96144,-0.96144,-0.15259,1,0.97348
2007-04-07,0,0.29562,-0.74912,-0.74912,-0.29562,1,0.80534
2007-04-08,0,0.41182,-0.52384,-0.52384,-0.41182,1,0.66633
2007-04-09,0,0.42961,-0.36046,-0.36046,-0.42961,2,0.5608
2007-04-10,0,0.39126,-0.31285,-0.31285,-0.39126,2,0.50096
2007-04-11,0,0.22761,-0.2628,-0.2628,-0.22761,1,0.34766
2007-04-12,0,0.0821,-0.24275,-0.24275,-0.0821,1,0.25625
2007-04-13,0,0.03626,-0.19261,-0.19261,-0.03626,1,0.19599
2007-04-14,0,0.04206,-0.20726,-0.20726,-0.04206,1,0.21148
2007-04-15,0,-0.02887,-0.23692,-0.23692,0.02887,8,0.23867
2007-04-16,0,-0.18231,-0.3296,-0.3296,0.18231,8,0.37666
2007-04-17,0,-0.30337,-0.42061,-0.42061,0.30337,8,0.5186
2007-04-18,0,-0.30278,-0.47263,-0.47263,0.30278,8,0.5613
2007-04-19,0,-0.24626,-0.51739,-0.51739,0.24626,8,0.57301
2007-04-20,0,-0.13909,-0.52056,-0.52056,0.13909,8,0.53882
2007-04-21,0,-0.08876,-0.48204,-0.48204,0.08876,8,0.49014
2007-04-22,0,-0.03725,-0.412,-0.412,0.03725,8,0.41368
2007-04-23,0,0.05671,-0.35701,-0.35701,-0.05671,1,0.36149
2007-04-24,0,0.23126,-0.29974,-0.29974,-0.23126,1,0.37858
2007-04-25,0,0.47489,-0.22705,-0.22705,-0.47489,2,0.52638
2007-04-26,0,0.67752,-0.15606,-0.15606,-0.67752,2,0.69526
2007-04-27,0,0.76123,-0.04629,-0.04629,-0.76123,2,0.76264
2007-04-28,0,0.75146,0.1309,0.1309,-0.75146,3,0.76278
2007-04-29,0,0.77841,0.34772,0.34772,-0.77841,3,0.85255
2007-04-30,0,0.7874,0.51269,0.51269,-0.7874,3,0.9396
2007-05-01,0,0.69088,0.58848,0.58848,-0.69088,3,0.90754
2007-05-02,0,0.52311,0.59544,0.59544,-0.52311,4,0.79259
2007-05-03,0,0.26461,0.58772,0.58772,-0.26461,4,0.64454
2007-05-04,0,0.03715,0.67088,0.67088,-0.03715,4,0.67191
2007-05-05,0,-0.0876,0.76244,0.76244,0.0876,5,0.76746
2007-05-06,0,-0.16155,0.79016,0.79016,0.16155,5,0.8065
2007-05-07,0,-0.19353,0.7045,0.7045,0.19353,5,0.7306
2007-05-08,0,-0.30751,0.56565,0.56565,0.30751,5,0.64383
2007-05-09,0,-0.3797,0.44654,0.44654,0.3797,5,0.58615
2007-05-10,0,-0.38876,0.35085,0.35085,0.38876,6,0.52367
2007-05-11,0,-0.35311,0.29549,0.29549,0.35311,6,0.46044
2007-05-12,0,-0.29906,0.18451,0.18451,0.29906,6,0.3514
2007-05-13,0,-0.29074,0.01743,0.01743,0.29074,6,0.29126
2007-05-14,0,-0.33918,-0.18511,-0.18511,0.33918,7,0.38641
2007-05-15,0,-0.4457,-0.36802,-0.36802,0.4457,7,0.578
2007-05-16,0,-0.56474,-0.5402,-0.5402,0.56474,7,0.78151
2007-05-17,0,-0.62136,-0.72847,-0.72847,0.62136,8,0.95748
2007-05-18,0,-0.63371,-0.90428,-0.90428,0.63371,8,1.10423
2007-05-19,0,-0.63367,-1.07237,-1.07237,0.63367,8,1.2456
2007-05-20,0,-0.66015,-1.21689,-1.21689,0.66015,8,1.38442
2007-05-21,0,-0.5917,-1.34988,-1.34988,0.5917,8,1.47387
2007-05-22,0,-0.45553,-1.44975,-1.44975,0.45553,8,1.51964
2007-05-23,0,-0.29445,-1.46422,-1.46422,0.29445,8,1.49353
2007-05-24,0,-0.06464,-1.40036,-1.40036,0.06464,8,1.40185
2007-05-25,0,0.18655,-1.2654,-1.2654,-0.18655,1,1.27908
2007-05-26,0,0.36352,-1.14034,-1.14034,-0.36352,1,1.19688
2007-05-27,0,0.48733,-1.01117,-1.01117,-0.48733,1,1.12248
2007-05-28,0,0.63115,-0.88855,-0.88855,-0.63115,1,1.08989
2007-05-29,0,0.84686,-0.83759,-0.83759,-0.84686,2,1.19111
2007-05-30,0,0.9525,-0.77056,-0.77056,-0.9525,2,1.22516
2007-05-31,0,0.96049,-0.70867,-0.70867,-0.96049,2,1.19363
2007-06-01,0,0.93193,-0.69302,-0.69302,-0.93193,2,1.16136
2007-06-02,0,0.98928,-0.7368,-0.7368,-0.98928,2,1.23351
2007-06-03,0,1.04403,-0.70895,-0.70895,-1.04403,2,1.26198
2007-06-04,0,1.1861,-0.64173,-0.64173,-1.1861,2,1.34857
2007-06-05,0,1.36766,-0.62158,-0.62158,-1.36766,2,1.50229
2007-06-06,0,1.48606,-0.59788,-0.59788,-1.48606,2,1.60183
2007-06-07,0,1.54028,-0.45643,-0.45643,-1.54028,2,1.60648
2007-06-08,0,1.609,-0.25019,-0.25019,-1.609,2,1.62833
2007-06-09,0,1.7689,-0.07523,-0.07523,-1.7689,2,1.7705
2007-06-10,0,1.93474,0.08971,0.08971,-1.93474,3,1.93682
2007-06-11,0,2.0255,0.29765,0.29765,-2.0255,3,2.04725
2007-06-12,0,2.05109,0.45748,0.45748,-2.05109,3,2.10149
2007-06-13,0,2.05163,0.6154,0.6154,-2.05163,3,2.14194
2007-06-14,0,2.01505,0.88271,0.88271,-2.01505,3,2.19991
2007-06-15,0,1.94812,1.17392,1.17392,-1.94812,3,2.27447
2007-06-16,0,1.88523,1.3747,1.3747,-1.88523,3,2.33322
2007-06-17,0,1.73764,1.50716,1.50716,-1.73764,3,2.3002
2007-06-18,0,1.44455,1.63289,1.63289,-1.44455,4,2.18015
2007-06-19,0,1.02717,1.73466,1.73466,-1.02717,4,2.01596
2007-06-20,0,0.54333,1.78267,1.78267,-0.54333,4,1.86363
2007-06-21,0,0.16792,1.82303,1.82303,-0.16792,4,1.83074
2007-06-22,0,-0.14601,1.83074,1.83074,0.14601,5,1.83656
2007-06-23,0,-0.42145,1.72494,1.72494,0.42145,5,1.77568
2007-06-24,0,-0.59923,1.60197,1.60197,0.59923,5,1.71037
2007-06-25,0,-0.84044,1.56122,1.56122,0.84044,5,1.77306
2007-06-26,0,-1.0816,1.50187,1.50187,1.0816,5,1.8508
2007-06-27,0,-1.23233,1.36727,1.36727,1.23233,5,1.84067
2007-06-28,0,-1.23986,1.24447,1.24447,1.23986,5,1.75668
2007-06-29,0,-1.19163,1.12345,1.12345,1.19163,6,1.63772
2007-06-30,0,-1.17679,0.97009,0.97009,1.17679,6,1.52509
2007-07-01,0,-1.16656,0.75822,0.75822,1.16656,6,1.39132
2007-07-02,0,-1.19442,0.63837,0.63837,1.19442,6,1.35431
2007-07-03,0,-1.2366,0.53468,0.53468,1.2366,6,1.34724
2007-07-04,0,-1.17558,0.29236,0.29236,1.17558,6,1.21139
2007-07-05,0,-1.13661,0.09721,0.09721,1.13661,6,1.14076
2007-07-06,0,-1.18658,-0.01324,-0.01324,1.18658,7,1.18666
2007-07-07,0,-1.2143,-0.16079,-0.16079,1.2143,7,1.2249
2007-07-08,0,-1.18643,-0.24152,-0.24152,1.18643,7,1.21077
2007-07-09,0,-1.0505,-0.29588,-0.29588,1.0505,7,1.09137
2007-07-10,0,-0.96256,-0.34074,-0.34074,0.96256,7,1.02109
2007-07-11,0,-0.75709,-0.42926,-0.42926,0.75709,7,0.87032
2007-07-12,0,-0.46531,-0.57245,-0.57245,0.46531,8,0.73771
2007-07-13,0,-0.14917,-0.66747,-0.66747,0.14917,8,0.68394
2007-07-14,0,0.28243,-0.86197,-0.86197,-0.28243,1,0.90706
2007-07-15,0,0.74734,-1.06511,-1.06511,-0.74734,1,1.30115
2007-07-16,0,1.18611,-1.13999,-1.13999,-1.18611,2,1.64513
2007-07-17,0,1.59591,-1.22155,-1.22155,-1.59591,2,2.00975
2007-07-18,0,1.91579,-1.27925,-1.27925,-1.91579,2,2.30364
2007-07-19,0,2.16589,-1.23789,-1.23789,-2.16589,2,2.49469
2007-07-20,0,2.29607,-1.11745,-1.11745,-2.29607,2,2.55355
2007-07-21,0,2.29056,-0.92105,-0.92105,-2.29056,2,2.4688
2007-07-22,0,2.16067,-0.62008,-0.62008,-2.16067,2,2.24789
2007-07-23,0,1.93185,-0.21537,-0.21537,-1.93185,2,1.94382
2007-07-24,0,1.69692,0.12852,0.12852,-1.69692,3,1.70178
2007-07-25,0,1.44129,0.37196,0.37196,-1.44129,3,1.48851
2007-07-26,0,1.08423,0.58585,0.58585,-1.08423,3,1.23239
2007-07-27,0,0.62996,0.77427,0.77427,-0.62996,4,0.99817
2007-07-28,0,0.22037,0.95415,0.95415,-0.22037,4,0.97927
2007-07-29,0,-0.14731,1.05093,1.05093,0.14731,5,1.06121
2007-07-30,0,-0.51998,1.01793,1.01793,0.51998,5,1.14305
2007-07-31,0,-0.82751,0.89701,0.89701,0.82751,5,1.22041
2007-08-01,0,-1.06853,0.77052,0.77052,1.06853,6,1.31736
2007-08-02,0,-1.29298,0.54929,0.54929,1.29298,6,1.40482
2007-08-03,0,-1.50609,0.29963,0.29963,1.50609,6,1.53561
2007-08-04,0,-1.58524,0.00717,0.00717,1.58524,6,1.58525
2007-08-05,0,-1.50762,-0.21868,-0.21868,1.50762,7,1.5234
2007-08-06,0,-1.31743,-0.49574,-0.49574,1.31743,7,1.40762
2007-08-07,0,-1.13181,-0.77032,-0.77032,1.13181,7,1.36909
2007-08-08,0,-0.85255,-0.91073,-0.91073,0.85255,8,1.24751
2007-08-09,0,-0.59436,-1.0666,-1.0666,0.59436,8,1.22103
2007-08-10,0,-0.42497,-1.22264,-1.22264,0.42497,8,1.29439
2007-08-11,0,-0.2834,-1.23991,-1.23991,0.2834,8,1.27189
2007-08-12,0,-0.15864,-1.17927,-1.17927,0.15864,8,1.1899
2007-08-13,0,-0.04036,-1.08152,-1.08152,0.04036,8,1.08227
2007-08-14,0,0.02814,-1.00274,-1.00274,-0.02814,1,1.00313
2007-08-15,0,0.07935,-0.88583,-0.88583,-0.07935,1,0.88937
2007-08-16,0,0.19245,-0.66528,-0.66528,-0.19245,1,0.69255
2007-08-17,0,0.15545,-0.44215,-0.44215,-0.15545,1,0.46868
2007-08-18,0,0.12054,-0.23281,-0.23281,-0.12054,1,0.26217
2007-08-19,0,0.2189,-0.04687,-0.04687,-0.2189,2,0.22387
2007-08-20,0,0.31645,0.09012,0.09012,-0.31645,3,0.32903
2007-08-21,0,0.39627,0.15479,0.15479,-0.39627,3,0.42543
2007-08-22,0,0.39674,0.20835,0.20835,-0.39674,3,0.44812
2007-08-23,0,0.4118,0.2283,0.2283,-0.4118,3,0.47085
2007-08-24,0,0.40419,0.2331,0.2331,-0.40419,3,0.46659
2007-08-25,0,0.33466,0.17708,0.17708,-0.33466,3,0.37862
2007-08-26,0,0.40822,0.12022,0.12022,-0.40822,3,0.42556
2007-08-27,0,0.57066,0.09479,0.09479,-0.57066,3,0.57848
2007-08-28,0,0.72896,0.03072,0.03072,-0.72896,3,0.72961
2007-08-29,0,0.85637,0.01009,0.01009,-0.85637,3,0.85643
2007-08-30,0,0.97645,-0.02817,-0.02817,-0.97645,2,0.97686
2007-08-31,0,1.15567,-0.03632,-0.03632,-1.15567,2,1.15624
2007-09-01,0,1.23167,-0.03787,-0.03787,-1.23167,2,1.23225
2007-09-02,0,1.22463,-0.01172,-0.01172,-1.22463,2,1.22469
2007-09-03,0,1.24844,-0.01037,-0.01037,-1.24844,2,1.24848
2007-09-04,0,1.18411,0.01875,0.01875,-1.18411,3,1.18426
2007-09-05,0,0.95542,0.06874,0.06874,-0.95542,3,0.95789
2007-09-06,0,0.64918,0.12605,0.12605,-0.64918,3,0.6613
2007-09-07,0,0.35636,0.15455,0.15455,-0.35636,3,0.38843
2007-09-08,0,0.10143,0.25564,0.25564,-0.10143,4,0.27503
2007-09-09,0,-0.10711,0.33065,0.33065,0.10711,5,0.34757
2007-09-10,0,-0.29034,0.44832,0.44832,0.29034,5,0.53413
2007-09-11,0,-0.48626,0.52265,0.52265,0.48626,5,0.71387
2007-09-12,0,-0.78729,0.60519,0.60519,0.78729,6,0.99301
2007-09-13,0,-1.05042,0.65726,0.65726,1.05042,6,1.23911
2007-09-14,0,-1.16716,0.72268,0.72268,1.16716,6,1.37278
2007-09-15,0,-1.29864,0.73941,0.73941,1.29864,6,1.49438
2007-09-16,0,-1.36595,0.74338,0.74338,1.36595,6,1.55513
2007-09-17,0,-1.44943,0.69305,0.69305,1.44943,6,1.6066
2007-09-18,0,-1.60681,0.61557,0.61557,1.60681,6,1.72069
2007-09-19,0,-1.67354,0.477,0.477,1.67354,6,1.74019
2007-09-20,0,-1.64984,0.32198,0.32198,1.64984,6,1.68096
2007-09-21,0,-1.60327,0.25968,0.25968,1.60327,6,1.62416
2007-09-22,0,-1.61645,0.1945,0.1945,1.61645,6,1.62811
2007-09-23,0,-1.69527,0.09145,0.09145,1.69527,6,1.69773
2007-09-24,0,-1.66401,0.00553,0.00553,1.66401,6,1.66402
2007-09-25,0,-1.62607,-0.07009,-0.07009,1.62607,7,1.62758
2007-09-26,0,-1.56252,-0.13782,-0.13782,1.56252,7,1.56858
2007-09-27,0,-1.52735,-0.17918,-0.17918,1.52735,7,1.53783
2007-09-28,0,-1.50855,-0.26839,-0.26839,1.50855,7,1.53224
2007-09-29,0,-1.38085,-0.3378,-0.3378,1.38085,7,1.42157
2007-09-30,0,-1.11269,-0.49695,-0.49695,1.11269,7,1.21862
2007-10-01,0,-0.84741,-0.6319,-0.6319,0.84741,7,1.05707
2007-10-02,0,-0.54242,-0.66944,-0.66944,0.54242,8,0.86161
2007-10-03,0,-0.24884,-0.62442,-0.62442,0.24884,8,0.67218
2007-10-04,0,0.05697,-0.6226,-0.6226,-0.05697,1,0.6252
2007-10-05,0,0.24474,-0.68115,-0.68115,-0.24474,1,0.72378
2007-10-06,0,0.39472,-0.7413,-0.7413,-0.39472,1,0.83984
2007-10-07,0,0.55055,-0.71177,-0.71177,-0.55055,1,0.89985
2007-10-08,0,0.59786,-0.60017,-0.60017,-0.59786,1,0.84714
2007-10-09,0,0.55337,-0.45099,-0.45099,-0.55337,2,0.71386
2007-10-10,0,0.54824,-0.3115,-0.3115,-0.54824,2,0.63056
2007-10-11,0,0.57993,-0.29092,-0.29092,-0.57993,2,0.64881
2007-10-12,0,0.62802,-0.32857,-0.32857,-0.62802,2,0.70878
2007-10-13,0,0.64567,-0.35328,-0.35328,-0.64567,2,0.736
2007-10-14,0,0.67033,-0.29897,-0.29897,-0.67033,2,0.73398
2007-10-15,0,0.77033,-0.12637,-0.12637,-0.77033,2,0.78063
2007-10-16,0,0.80337,0.06033,0.06033,-0.80337,3,0.80563
2007-10-17,0,0.81183,0.18977,0.18977,-0.81183,3,0.83372
2007-10-18,0,0.81227,0.31683,0.31683,-0.81227,3,0.87187
2007-10-19,0,0.78712,0.39629,0.39629,-0.78712,3,0.88126
2007-10-20,0,0.71573,0.51809,0.51809,-0.71573,3,0.88357
2007-10-21,0,0.62127,0.66203,0.66203,-0.62127,4,0.90789
2007-10-22,0,0.52644,0.81377,0.81377,-0.52644,4,0.96921
2007-10-23,0,0.47465,0.94677,0.94677,-0.47465,4,1.05909
2007-10-24,0,0.37988,1.0467,1.0467,-0.37988,4,1.1135
2007-10-25,0,0.3969,1.06283,1.06283,-0.3969,4,1.13452
2007-10-26,0,0.41504,1.04122,1.04122,-0.41504,4,1.12089
2007-10-27,0,0.41585,0.97581,0.97581,-0.41585,4,1.06072
2007-10-28,0,0.36999,0.91386,0.91386,-0.36999,4,0.98591
2007-10-29,0,0.27925,0.80169,0.80169,-0.27925,4,0.84893
2007-10-30,0,0.11469,0.68204,0.68204,-0.11469,4,0.69162
2007-10-31,0,-0.08863,0.50044,0.50044,0.08863,5,0.50823
2007-11-01,0,-0.2867,0.36657,0.36657,0.2867,5,0.46537
2007-11-02,0,-0.38136,0.27456,0.27456,0.38136,6,0.46991
2007-11-03,0,-0.47662,0.22237,0.22237,0.47662,6,0.52594
2007-11-04,0,-0.51728,0.18874,0.18874,0.51728,6,0.55064
2007-11-05,0,-0.60852,0.17451,0.17451,0.60852,6,0.63305
2007-11-06,0,-0.67831,0.16699,0.16699,0.67831,6,0.69856
2007-11-07,0,-0.79174,0.17582,0.17582,0.79174,6,0.81103
2007-11-08,0,-0.931,0.18324,0.18324,0.931,6,0.94886
2007-11-09,0,-1.04484,0.19231,0.19231,1.04484,6,1.06239
2007-11-10,0,-1.13749,0.15862,0.15862,1.13749,6,1.1485
2007-11-11,0,-1.34303,0.11807,0.11807,1.34303,6,1.34821
2007-11-12,0,-1.57196,0.14396,0.14396,1.57196,6,1.57854
2007-11-13,0,-1.74885,0.21497,0.21497,1.74885,6,1.76201
2007-11-14,0,-1.83125,0.24875,0.24875,1.83125,6,1.84807
2007-11-15,0,-1.88746,0.30783,0.30783,1.88746,6,1.9124
2007-11-16,0,-1.87369,0.2996,0.2996,1.87369,6,1.89749
2007-11-17,0,-1.85808,0.20844,0.20844,1.85808,6,1.86973
2007-11-18,0,-1.87382,0.11465,0.11465,1.87382,6,1.87732
2007-11-19,0,-1.87817,-0.14051,-0.14051,1.87817,7,1.88342
2007-11-20,0,-1.7619,-0.54454,-0.54454,1.7619,7,1.84413
2007-11-21,0,-1.50719,-0.9963,-0.9963,1.50719,7,1.80672
2007-11-22,0,-1.27983,-1.28272,-1.28272,1.27983,8,1.812
2007-11-23,0,-1.08148,-1.49502,-1.49502,1.08148,8,1.84518
2007-11-24,0,-0.88131,-1.6749,-1.6749,0.88131,8,1.89262
2007-11-25,0,-0.65253,-1.84943,-1.84943,0.65253,8,1.96117
2007-11-26,0,-0.41505,-1.92662,-1.92662,0.41505,8,1.97082
2007-11-27,0,-0.11624,-1.99361,-1.99361,0.11624,8,1.997
2007-11-28,0,0.17398,-2.05567,-2.05567,-0.17398,1,2.06302
2007-11-29,0,0.43937,-2.07632,-2.07632,-0.43937,1,2.1223
2007-11-30,0,0.65948,-2.03476,-2.03476,-0.65948,1,2.13896
2007-12-01,0,0.86232,-2.04942,-2.04942,-0.86232,1,2.22345
2007-12-02,0,1.04737,-1.98778,-1.98778,-1.04737,1,2.24683
2007-12-03,0,1.26155,-1.91003,-1.91003,-1.26155,1,2.28904
2007-12-04,0,1.52546,-1.72114,-1.72114,-1.52546,1,2.29986
2007-12-05,0,1.83518,-1.48417,-1.48417,-1.83518,2,2.36022
2007-12-06,0,2.13533,-1.26525,-1.26525,-2.13533,2,2.48203
2007-12-07,0,2.38312,-0.99321,-0.99321,-2.38312,2,2.5818
2007-12-08,0,2.63683,-0.75695,-0.75695,-2.63683,2,2.74333
2007-12-09,0,2.80821,-0.54009,-0.54009,-2.80821,2,2.85968
2007-12-10,0,3.00404,-0.28409,-0.28409,-3.00404,2,3.01744
2007-12-11,0,3.16926,0.02928,0.02928,-3.16926,3,3.16939
2007-12-12,0,3.16807,0.33577,0.33577,-3.16807,3,3.18582
2007-12-13,0,3.01751,0.62446,0.62446,-3.01751,3,3.08145
2007-12-14,0,2.7569,0.83048,0.83048,-2.7569,3,2.87927
2007-12-15,0,2.31115,1.02514,1.02514,-2.31115,3,2.5283
2007-12-16,0,1.88171,1.20979,1.20979,-1.88171,3,2.23706
2007-12-17,0,1.38422,1.42951,1.42951,-1.38422,4,1.98987
2007-12-18,0,0.96939,1.64118,1.64118,-0.96939,4,1.90609
2007-12-19,0,0.55049,1.78881,1.78881,-0.55049,4,1.8716
2007-12-20,0,0.20205,1.89608,1.89608,-0.20205,4,1.90681
2007-12-21,0,-0.01749,1.9958,1.9958,0.01749,5,1.99588
2007-12-22,0,-0.23272,2.08423,2.08423,0.23272,5,2.09718
2007-12-23,0,-0.41005,2.17022,2.17022,0.41005,5,2.20862
2007-12-24,0,-0.46129,2.23494,2.23494,0.46129,5,2.28204
2007-12-25,0,-0.51016,2.26243,2.26243,0.51016,5,2.31923
2007-12-26,0,-0.53589,2.2067,2.2067,0.53589,5,2.27084
2007-12-27,0,-0.66488,2.11891,2.11891,0.66488,5,2.22078
2007-12-28,0,-0.83622,2.06389,2.06389,0.83622,5,2.22686
2007-12-29,0,-1.10666,1.99235,1.99235,1.10666,5,2.27907
2007-12-30,0,-1.43864,1.94624,1.94624,1.43864,5,2.42024
2007-12-31,0,-1.66524,1.84624,1.84624,1.66524,5,2.48629
2008-01-01,0,-1.94368,1.57625,1.57625,1.94368,6,2.50249
2008-01-02,0,-2.17657,1.24316,1.24316,2.17657,6,2.50657
2008-01-03,0,-2.40847,0.90258,0.90258,2.40847,6,2.57204
2008-01-04,0,-2.61875,0.59099,0.59099,2.61875,6,2.68461
2008-01-05,0,-2.73294,0.22187,0.22187,2.73294,6,2.74193
2008-01-06,0,-2.78775,-0.24864,-0.24864,2.78775,7,2.79882
2008-01-07,0,-2.71986,-0.79311,-0.79311,2.71986,7,2.83314
2008-01-08,0,-2.62804,-1.28806,-1.28806,2.62804,7,2.92672
2008-01-09,0,-2.49708,-1.63271,-1.63271,2.49708,7,2.98348
2008-01-10,0,-2.33932,-1.80901,-1.80901,2.33932,7,2.95718
2008-01-11,0,-2.2489,-1.87061,-1.87061,2.2489,7,2.92519
2008-01-12,0,-2.12878,-1.93129,-1.93129,2.12878,7,2.8743
2008-01-13,0,-1.99768,-2.03828,-2.03828,1.99768,8,2.854
2008-01-14,0,-1.83225,-2.11356,-2.11356,1.83225,8,2.79719
2008-01-15,0,-1.71317,-2.14556,-2.14556,1.71317,8,2.74561
2008-01-16,0,-1.60271,-2.20434,-2.20434,1.60271,8,2.7254
2008-01-17,0,-1.40604,-2.29011,-2.29011,1.40604,8,2.68729
2008-01-18,0,-1.11509,-2.36604,-2.36604,1.11509,8,2.61564
2008-01-19,0,-0.80546,-2.42972,-2.42972,0.80546,8,2.55974
2008-01-20,0,-0.42358,-2.50621,-2.50621,0.42358,8,2.54175
2008-01-21,0,-0.02643,-2.57977,-2.57977,0.02643,8,2.5799
2008-01-22,0,0.42565,-2.6181,-2.6181,-0.42565,1,2.65247
2008-01-23,0,0.86485,-2.52591,-2.52591,-0.86485,1,2.66987
2008-01-24,0,1.34815,-2.33989,-2.33989,-1.34815,1,2.70048
2008-01-25,0,1.85562,-2.08722,-2.08722,-1.85562,1,2.79282
2008-01-26,0,2.31448,-1.86095,-1.86095,-2.31448,2,2.96984
2008-01-27,0,2.62363,-1.60645,-1.60645,-2.62363,2,3.07638
2008-01-28,0,2.86062,-1.34695,-1.34695,-2.86062,2,3.16187
2008-01-29,0,3.02917,-1.02642,-1.02642,-3.02917,2,3.19834
2008-01-30,0,3.12522,-0.70819,-0.70819,-3.12522,2,3.20446
2008-01-31,0,3.1558,-0.35765,-0.35765,-3.1558,2,3.176
2008-02-01,0,3.08678,-0.00679,-0.00679,-3.08678,2,3.08679
2008-02-02,0,3.02096,0.38407,0.38407,-3.02096,3,3.04528
2008-02-03,0,2.88297,0.86417,0.86417,-2.88297,3,3.0097
2008-02-04,0,2.67548,1.38225,1.38225,-2.67548,3,3.01144
2008-02-05,0,2.38397,1.88672,1.88672,-2.38397,3,3.04023
2008-02-06,0,2.13721,2.29148,2.29148,-2.13721,4,3.13345
2008-02-07,0,1.96092,2.55926,2.55926,-1.96092,4,3.22413
2008-02-08,0,1.80033,2.78566,2.78566,-1.80033,4,3.31679
2008-02-09,0,1.61708,2.94447,2.94447,-1.61708,4,3.3593
2008-02-10,0,1.50535,3.05191,3.05191,-1.50535,4,3.40297
2008-02-11,0,1.36185,3.0564,3.0564,-1.36185,4,3.34607
2008-02-12,0,1.19755,2.97097,2.97097,-1.19755,4,3.20325
2008-02-13,0,1.00391,2.86729,2.86729,-1.00391,4,3.03796
2008-02-14,0,0.84496,2.67757,2.67757,-0.84496,4,2.80773
2008-02-15,0,0.63894,2.53374,2.53374,-0.63894,4,2.61306
2008-02-16,0,0.4239,2.4363,2.4363,-0.4239,4,2.47291
2008-02-17,0,0.24313,2.34482,2.34482,-0.24313,4,2.35739
2008-02-18,0,0.10353,2.20981,2.20981,-0.10353,4,2.21223
2008-02-19,0,-0.07422,2.04583,2.04583,0.07422,5,2.04718
2008-02-20,0,-0.19832,1.84675,1.84675,0.19832,5,1.85737
2008-02-21,0,-0.22751,1.65646,1.65646,0.22751,5,1.67201
2008-02-22,0,-0.18871,1.44586,1.44586,0.18871,5,1.45812
2008-02-23,0,-0.20237,1.27238,1.27238,0.20237,5,1.28838
2008-02-24,0,-0.28906,1.05208,1.05208,0.28906,5,1.09107
2008-02-25,0,-0.34656,0.82687,0.82687,0.34656,5,0.89656
2008-02-26,0,-0.33472,0.6549,0.6549,0.33472,5,0.73548
2008-02-27,0,-0.22221,0.50737,0.50737,0.22221,5,0.5539
2008-02-28,0,-0.05459,0.32198,0.32198,0.05459,5,0.32658
2008-02-29,0,0.03022,0.14785,0.14785,-0.03022,4,0.1509
2008-03-01,0,0.02242,-0.02425,-0.02425,-0.02242,1,0.03303
2008-03-02,0,-0.06114,-0.20125,-0.20125,0.06114,8,0.21033
2008-03-03,0,-0.12068,-0.4336,-0.4336,0.12068,8,0.45008
2008-03-04,0,-0.1657,-0.65863,-0.65863,0.1657,8,0.67916
2008-03-05,0,-0.19861,-0.94545,-0.94545,0.19861,8,0.96609
2008-03-06,0,-0.23544,-1.28414,-1.28414,0.23544,8,1.30554
2008-03-07,0,-0.33111,-1.50872,-1.50872,0.33111,8,1.54462
2008-03-08,0,-0.4297,-1.66448,-1.66448,0.4297,8,1.71905
2008-03-09,0,-0.52291,-1.74557,-1.74557,0.52291,8,1.82221
2008-03-10,0,-0.55307,-1.87748,-1.87748,0.55307,8,1.95724
2008-03-11,0,-0.5287,-2.00444,-2.00444,0.5287,8,2.07299
2008-03-12,0,-0.42033,-2.06969,-2.06969,0.42033,8,2.11194
2008-03-13,0,-0.13038,-2.10163,-2.10163,0.13038,8,2.10567
2008-03-14,0,0.2342,-1.9726,-1.9726,-0.2342,1,1.98645
2008-03-15,0,0.57902,-1.70517,-1.70517,-0.57902,1,1.80079
2008-03-16,0,0.83104,-1.41791,-1.41791,-0.83104,1,1.6435
2008-03-17,0,0.86158,-1.04186,-1.04186,-0.86158,1,1.35196
2008-03-18,0,0.81707,-0.70975,-0.70975,-0.81707,2,1.08228
2008-03-19,0,0.65569,-0.45888,-0.45888,-0.65569,2,0.80031
2008-03-20,0,0.46684,-0.22169,-0.22169,-0.46684,2,0.51681
2008-03-21,0,0.28969,-0.0031,-0.0031,-0.28969,2,0.28971
2008-03-22,0,0.01971,0.19619,0.19619,-0.01971,4,0.19717
2008-03-23,0,-0.26906,0.35695,0.35695,0.26906,5,0.447
2008-03-24,0,-0.53791,0.50229,0.50229,0.53791,6,0.73597
2008-03-25,0,-0.72454,0.66579,0.66579,0.72454,6,0.98399
2008-03-26,0,-0.75271,0.75564,0.75564,0.75271,5,1.06657
2008-03-27,0,-0.79243,0.71236,0.71236,0.79243,6,1.06555
2008-03-28,0,-0.87278,0.67089,0.67089,0.87278,6,1.10084
2008-03-29,0,-1.05764,0.57544,0.57544,1.05764,6,1.20405
2008-03-30,0,-1.31179,0.48098,0.48098,1.31179,6,1.39719
2008-03-31,0,-1.55641,0.32681,0.32681,1.55641,6,1.59035
2008-04-01,0,-1.73292,0.11925,0.11925,1.73292,6,1.73702
2008-04-02,0,-1.78394,-0.1344,-0.1344,1.78394,7,1.78899
2008-04-03,0,-1.78051,-0.39971,-0.39971,1.78051,7,1.82482
2008-04-04,0,-1.79148,-0.6821,-0.6821,1.79148,7,1.91694
2008-04-05,0,-1.67915,-0.91118,-0.91118,1.67915,7,1.91044
2008-04-06,0,-1.46051,-1.0194,-1.0194,1.46051,7,1.78108
2008-04-07,0,-1.17839,-1.03445,-1.03445,1.17839,7,1.56802
2008-04-08,0,-0.87648,-0.96714,-0.96714,0.87648,8,1.30521
2008-04-09,0,-0.65106,-0.81753,-0.81753,0.65106,8,1.0451
2008-04-10,0,-0.39773,-0.61639,-0.61639,0.39773,8,0.73357
2008-04-11,0,-0.21418,-0.4106,-0.4106,0.21418,8,0.4631
2008-04-12,0,-0.07458,-0.21179,-0.21179,0.07458,8,0.22454
2008-04-13,0,0.09008,-0.05202,-0.05202,-0.09008,2,0.10403
2008-04-14,0,0.27725,0.08591,0.08591,-0.27725,3,0.29025
2008-04-15,0,0.47336,0.16186,0.16186,-0.47336,3,0.50027
2008-04-16,0,0.56183,0.24538,0.24538,-0.56183,3,0.61308
2008-04-17,0,0.65403,0.35265,0.35265,-0.65403,3,0.74304
2008-04-18,0,0.80729,0.42763,0.42763,-0.80729,3,0.91356
2008-04-19,0,0.89456,0.52938,0.52938,-0.89456,3,1.03946
2008-04-20,0,0.91128,0.62747,0.62747,-0.91128,3,1.10641
2008-04-21,0,0.75813,0.63474,0.63474,-0.75813,3,0.98877
2008-04-22,0,0.50681,0.62048,0.62048,-0.50681,4,0.80116
2008-04-23,0,0.24555,0.5873,0.5873,-0.24555,4,0.63657
2008-04-24,0,0.04812,0.52607,0.52607,-0.04812,4,0.52827
2008-04-25,0,-0.07232,0.42148,0.42148,0.07232,5,0.42764
2008-04-26,0,-0.23382,0.30615,0.30615,0.23382,5,0.38522
2008-04-27,0,-0.4075,0.20314,0.20314,0.4075,6,0.45532
2008-04-28,0,-0.58346,0.06889,0.06889,0.58346,6,0.58751
2008-04-29,0,-0.75636,-0.06539,-0.06539,0.75636,7,0.75918
2008-04-30,0,-0.86133,-0.14254,-0.14254,0.86133,7,0.87305
2008-05-01,0,-0.87976,-0.16055,-0.16055,0.87976,7,0.89429
2008-05-02,0,-0.92086,-0.13048,-0.13048,0.92086,7,0.93006
2008-05-03,0,-0.98766,-0.10053,-0.10053,0.98766,7,0.99277
2008-05-04,0,-0.98684,-0.0541,-0.0541,0.98684,7,0.98833
2008-05-05,0,-0.98726,0.00526,0.00526,0.98726,6,0.98728
2008-05-06,0,-1.02674,0.12516,0.12516,1.02674,6,1.03434
2008-05-07,0,-1.07869,0.24203,0.24203,1.07869,6,1.10551
2008-05-08,0,-1.11277,0.3802,0.3802,1.11277,6,1.17593
2008-05-09,0,-1.09135,0.48287,0.48287,1.09135,6,1.1934
2008-05-10,0,-1.1166,0.51294,0.51294,1.1166,6,1.22878
2008-05-11,0,-1.15344,0.45013,0.45013,1.15344,6,1.23816
2008-05-12,0,-1.27333,0.30047,0.30047,1.27333,6,1.30831
2008-05-13,0,-1.47818,0.06089,0.06089,1.47818,6,1.47943
2008-05-14,0,-1.57405,-0.2827,-0.2827,1.57405,7,1.59924
2008-05-15,0,-1.55487,-0.69197,-0.69197,1.55487,7,1.7019
2008-05-16,0,-1.50514,-1.05521,-1.05521,1.50514,7,1.83818
2008-05-17,0,-1.41755,-1.45473,-1.45473,1.41755,8,2.03118
2008-05-18,0,-1.24072,-1.81851,-1.81851,1.24072,8,2.20144
2008-05-19,0,-0.99851,-2.03447,-2.03447,0.99851,8,2.2663
2008-05-20,0,-0.78797,-2.17629,-2.17629,0.78797,8,2.31455
2008-05-21,0,-0.51509,-2.24184,-2.24184,0.51509,8,2.30026
2008-05-22,0,-0.1974,-2.23062,-2.23062,0.1974,8,2.23934
2008-05-23,0,0.10743,-2.19318,-2.19318,-0.10743,1,2.19581
2008-05-24,0,0.37544,-2.16185,-2.16185,-0.37544,1,2.19421
2008-05-25,0,0.70566,-2.14286,-2.14286,-0.70566,1,2.25606
2008-05-26,0,1.0066,-2.06879,-2.06879,-1.0066,1,2.30068
2008-05-27,0,1.22423,-1.93313,-1.93313,-1.22423,1,2.28818
2008-05-28,0,1.40111,-1.7646,-1.7646,-1.40111,1,2.2532
2008-05-29,0,1.56588,-1.6235,-1.6235,-1.56588,1,2.2556
2008-05-30,0,1.73145,-1.41661,-1.41661,-1.73145,2,2.23712
2008-05-31,0,1.88687,-1.19327,-1.19327,-1.88687,2,2.23252
2008-06-01,0,1.9757,-0.82349,-0.82349,-1.9757,2,2.14045
2008-06-02,0,1.99207,-0.3741,-0.3741,-1.99207,2,2.02689
2008-06-03,0,1.97683,0.04529,0.04529,-1.97683,3,1.97734
2008-06-04,0,1.92881,0.37396,0.37396,-1.92881,3,1.96473
2008-06-05,0,1.87459,0.60806,0.60806,-1.87459,3,1.97074
2008-06-06,0,1.75691,0.74938,0.74938,-1.75691,3,1.91005
2008-06-07,0,1.6157,0.95952,0.95952,-1.6157,3,1.87914
2008-06-08,0,1.42393,1.11916,1.11916,-1.42393,3,1.81111
2008-06-09,0,1.2331,1.24674,1.24674,-1.2331,4,1.75354
2008-06-10,0,1.03968,1.24349,1.24349,-1.03968,4,1.62087
2008-06-11,0,0.92296,1.11989,1.11989,-0.92296,4,1.45121
2008-06-12,0,0.67667,0.94525,0.94525,-0.67667,4,1.16249
2008-06-13,0,0.44338,0.80477,0.80477,-0.44338,4,0.91883
2008-06-14,0,0.28334,0.706,0.706,-0.28334,4,0.76074
2008-06-15,0,0.1155,0.54662,0.54662,-0.1155,4,0.55868
2008-06-16,0,-0.09326,0.36955,0.36955,0.09326,5,0.38114
2008-06-17,0,-0.28831,0.2469,0.2469,0.28831,6,0.37958
2008-06-18,0,-0.41604,0.14195,0.14195,0.41604,6,0.43959
2008-06-19,0,-0.53399,0.07582,0.07582,0.53399,6,0.53935
2008-06-20,0,-0.61221,0.03206,0.03206,0.61221,6,0.61305
2008-06-21,0,-0.6742,0.08452,0.08452,0.6742,6,0.67948
2008-06-22,0,-0.74366,0.07605,0.07605,0.74366,6,0.74754
2008-06-23,0,-0.8922,0.02798,0.02798,0.8922,6,0.89263
2008-06-24,0,-0.96872,0.07554,0.07554,0.96872,6,0.97166
2008-06-25,0,-0.89148,0.07928,0.07928,0.89148,6,0.895
2008-06-26,0,-0.80397,0.00305,0.00305,0.80397,6,0.80397
2008-06-27,0,-0.80655,-0.08968,-0.08968,0.80655,7,0.81152
2008-06-28,0,-0.77905,-0.20228,-0.20228,0.77905,7,0.80489
2008-06-29,0,-0.71663,-0.24775,-0.24775,0.71663,7,0.75825
2008-06-30,0,-0.61502,-0.35676,-0.35676,0.61502,7,0.71101
2008-07-01,0,-0.53863,-0.42543,-0.42543,0.53863,7,0.68638
2008-07-02,0,-0.48603,-0.45515,-0.45515,0.48603,7,0.66587
2008-07-03,0,-0.38478,-0.58655,-0.58655,0.38478,8,0.70149
2008-07-04,0,-0.29142,-0.7228,-0.7228,0.29142,8,0.77934
2008-07-05,0,-0.1151,-0.84864,-0.84864,0.1151,8,0.85641
2008-07-06,0,0.09839,-0.95452,-0.95452,-0.09839,1,0.95958
2008-07-07,0,0.28125,-1.07881,-1.07881,-0.28125,1,1.11487
2008-07-08,0,0.32191,-1.23351,-1.23351,-0.32191,1,1.27482
2008-07-09,0,0.43008,-1.34717,-1.34717,-0.43008,1,1.41416
2008-07-10,0,0.60231,-1.35455,-1.35455,-0.60231,1,1.48242
2008-07-11,0,0.75086,-1.30677,-1.30677,-0.75086,1,1.50713
2008-07-12,0,0.90123,-1.20231,-1.20231,-0.90123,1,1.50258
2008-07-13,0,1.0591,-1.09081,-1.09081,-1.0591,1,1.52038
2008-07-14,0,1.13354,-0.90391,-0.90391,-1.13354,2,1.44981
2008-07-15,0,1.19001,-0.62545,-0.62545,-1.19001,2,1.34437
2008-07-16,0,1.27685,-0.38812,-0.38812,-1.27685,2,1.33453
2008-07-17,0,1.43831,-0.20793,-0.20793,-1.43831,2,1.45327
2008-07-18,0,1.40896,-0.03488,-0.03488,-1.40896,2,1.40939
2008-07-19,0,1.3331,0.13401,0.13401,-1.3331,3,1.33982
2008-07-20,0,1.29079,0.28621,0.28621,-1.29079,3,1.32213
2008-07-21,0,1.16245,0.4393,0.4393,-1.16245,3,1.24269
2008-07-22,0,0.87139,0.60386,0.60386,-0.87139,3,1.06017
2008-07-23,0,0.53793,0.73788,0.73788,-0.53793,4,0.91315
2008-07-24,0,0.2319,0.80021,0.80021,-0.2319,4,0.83314
2008-07-25,0,-0.08008,0.87599,0.87599,0.08008,5,0.87964
2008-07-26,0,-0.46986,0.94927,0.94927,0.46986,5,1.05919
2008-07-27,0,-0.72307,1.00397,1.00397,0.72307,5,1.23725
2008-07-28,0,-0.90654,1.00142,1.00142,0.90654,5,1.35079
2008-07-29,0,-1.0724,0.94659,0.94659,1.0724,6,1.43041
2008-07-30,0,-1.1705,0.85407,0.85407,1.1705,6,1.44897
2008-07-31,0,-1.21903,0.67547,0.67547,1.21903,6,1.39367
2008-08-01,0,-1.20655,0.43917,0.43917,1.20655,6,1.28399
2008-08-02,0,-1.20447,0.2851,0.2851,1.20447,6,1.23775
2008-08-03,0,-1.21983,0.16395,0.16395,1.21983,6,1.2308
2008-08-04,0,-1.11078,0.11481,0.11481,1.11078,6,1.11669
2008-08-05,0,-1.00221,0.06402,0.06402,1.00221,6,1.00425
2008-08-06,0,-0.97343,0.00442,0.00442,0.97343,6,0.97344
2008-08-07,0,-0.92935,0.01904,0.01904,0.92935,6,0.92954
2008-08-08,0,-0.84696,0.08486,0.08486,0.84696,6,0.8512
2008-08-09,0,-0.71078,0.1634,0.1634,0.71078,6,0.72932
2008-08-10,0,-0.57753,0.23173,0.23173,0.57753,6,0.62229
2008-08-11,0,-0.48469,0.22484,0.22484,0.48469,6,0.5343
2008-08-12,0,-0.41955,0.23182,0.23182,0.41955,6,0.47934
2008-08-13,0,-0.42377,0.17105,0.17105,0.42377,6,0.45699
2008-08-14,0,-0.39259,0.09193,0.09193,0.39259,6,0.40321
2008-08-15,0,-0.29667,0.03816,0.03816,0.29667,6,0.29911
2008-08-16,0,-0.14239,-0.05996,-0.05996,0.14239,7,0.1545
2008-08-17,0,-0.01665,-0.17,-0.17,0.01665,8,0.17082
2008-08-18,0,0.15609,-0.22809,-0.22809,-0.15609,1,0.27638
2008-08-19,0,0.3771,-0.19081,-0.19081,-0.3771,2,0.42262
2008-08-20,0,0.58754,-0.15365,-0.15365,-0.58754,2,0.6073
2008-08-21,0,0.79885,-0.10796,-0.10796,-0.79885,2,0.80611
2008-08-22,0,1.02432,-0.01058,-0.01058,-1.02432,2,1.02438
2008-08-23,0,1.24335,0.11909,0.11909,-1.24335,3,1.24904
2008-08-24,0,1.43278,0.23831,0.23831,-1.43278,3,1.45246
2008-08-25,0,1.55972,0.34996,0.34996,-1.55972,3,1.5985
2008-08-26,0,1.63772,0.43088,0.43088,-1.63772,3,1.69346
2008-08-27,0,1.65336,0.54441,0.54441,-1.65336,3,1.74069
2008-08-28,0,1.58804,0.58662,0.58662,-1.58804,3,1.69293
2008-08-29,0,1.5586,0.60871,0.60871,-1.5586,3,1.67325
2008-08-30,0,1.53602,0.64719,0.64719,-1.53602,3,1.6668
2008-08-31,0,1.42953,0.69208,0.69208,-1.42953,3,1.58825
2008-09-01,0,1.1832,0.72896,0.72896,-1.1832,3,1.38973
2008-09-02,0,0.89325,0.8049,0.8049,-0.89325,3,1.2024
2008-09-03,0,0.56334,0.92216,0.92216,-0.56334,4,1.08061
2008-09-04,0,0.2704,1.04732,1.04732,-0.2704,4,1.08166
2008-09-05,0,-0.03888,1.13313,1.13313,0.03888,5,1.13379
2008-09-06,0,-0.28155,1.24522,1.24522,0.28155,5,1.27666
2008-09-07,0,-0.52823,1.38256,1.38256,0.52823,5,1.48004
2008-09-08,0,-0.76617,1.49005,1.49005,0.76617,5,1.67549
2008-09-09,0,-0.87882,1.49447,1.49447,0.87882,5,1.73372
2008-09-10,0,-0.8636,1.41372,1.41372,0.8636,5,1.65663
2008-09-11,0,-0.85361,1.25216,1.25216,0.85361,5,1.51544
2008-09-12,0,-0.86769,1.02149,1.02149,0.86769,5,1.34027
2008-09-13,0,-0.89732,0.76786,0.76786,0.89732,6,1.18102
2008-09-14,0,-0.94883,0.52846,0.52846,0.94883,6,1.08607
2008-09-15,0,-1.0721,0.23918,0.23918,1.0721,6,1.09845
2008-09-16,0,-1.20122,-0.05458,-0.05458,1.20122,7,1.20246
2008-09-17,0,-1.29478,-0.37335,-0.37335,1.29478,7,1.34754
2008-09-18,0,-1.41893,-0.69703,-0.69703,1.41893,7,1.58089
2008-09-19,0,-1.55186,-0.96497,-0.96497,1.55186,7,1.82741
2008-09-20,0,-1.64059,-1.14093,-1.14093,1.64059,7,1.99831
2008-09-21,0,-1.62382,-1.24102,-1.24102,1.62382,7,2.04375
2008-09-22,0,-1.54787,-1.35405,-1.35405,1.54787,7,2.05654
2008-09-23,0,-1.46874,-1.46054,-1.46054,1.46874,7,2.07132
2008-09-24,0,-1.30647,-1.48571,-1.48571,1.30647,8,1.97843
2008-09-25,0,-1.08467,-1.53119,-1.53119,1.08467,8,1.87645
2008-09-26,0,-0.88516,-1.58852,-1.58852,0.88516,8,1.81849
2008-09-27,0,-0.65899,-1.58487,-1.58487,0.65899,8,1.71642
2008-09-28,0,-0.45658,-1.53766,-1.53766,0.45658,8,1.60402
2008-09-29,0,-0.27111,-1.52868,-1.52868,0.27111,8,1.55254
2008-09-30,0,-0.10833,-1.50496,-1.50496,0.10833,8,1.50885
2008-10-01,0,0.00252,-1.42337,-1.42337,-0.00252,1,1.42337
2008-10-02,0,0.14329,-1.36526,-1.36526,-0.14329,1,1.37276
2008-10-03,0,0.27083,-1.36032,-1.36032,-0.27083,1,1.38702
2008-10-04,0,0.39383,-1.31141,-1.31141,-0.39383,1,1.36927
2008-10-05,0,0.54705,-1.21691,-1.21691,-0.54705,1,1.33421
2008-10-06,0,0.66023,-1.04375,-1.04375,-0.66023,1,1.23504
2008-10-07,0,0.84664,-0.85437,-0.85437,-0.84664,1,1.2028
2008-10-08,0,1.13262,-0.60547,-0.60547,-1.13262,2,1.28429
2008-10-09,0,1.35886,-0.41371,-0.41371,-1.35886,2,1.42044
2008-10-10,0,1.57137,-0.21304,-0.21304,-1.57137,2,1.58574
2008-10-11,0,1.70282,0.04795,0.04795,-1.70282,3,1.7035
2008-10-12,0,1.78584,0.29447,0.29447,-1.78584,3,1.80996
2008-10-13,0,1.81976,0.50335,0.50335,-1.81976,3,1.88809
2008-10-14,0,1.79606,0.67385,0.67385,-1.79606,3,1.91831
2008-10-15,0,1.74318,0.80888,0.80888,-1.74318,3,1.92171
2008-10-16,0,1.63285,0.9275,0.9275,-1.63285,3,1.87789
2008-10-17,0,1.47087,0.98302,0.98302,-1.47087,3,1.76912
2008-10-18,0,1.2381,1.10809,1.10809,-1.2381,3,1.66155
2008-10-19,0,0.9232,1.30997,1.30997,-0.9232,4,1.6026
2008-10-20,0,0.60953,1.53995,1.53995,-0.60953,4,1.6562
2008-10-21,0,0.17702,1.76848,1.76848,-0.17702,4,1.77731
2008-10-22,0,-0.18765,1.94745,1.94745,0.18765,5,1.95647
2008-10-23,0,-0.47518,2.07433,2.07433,0.47518,5,2.12806
2008-10-24,0,-0.69999,2.02215,2.02215,0.69999,5,2.13988
2008-10-25,0,-0.92693,1.85919,1.85919,0.92693,5,2.07744
2008-10-26,0,-1.17272,1.66069,1.66069,1.17272,5,2.03302
2008-10-27,0,-1.27444,1.41043,1.41043,1.27444,5,1.90093
2008-10-28,0,-1.20706,1.07054,1.07054,1.20706,6,1.61339
2008-10-29,0,-1.12168,0.65376,0.65376,1.12168,6,1.29829
2008-10-30,0,-1.07114,0.2729,0.2729,1.07114,6,1.10536
2008-10-31,0,-1.04187,-0.08816,-0.08816,1.04187,7,1.04559
2008-11-01,0,-1.00975,-0.40817,-0.40817,1.00975,7,1.08912
2008-11-02,0,-1.00737,-0.57829,-0.57829,1.00737,7,1.16156
2008-11-03,0,-0.97695,-0.61363,-0.61363,0.97695,7,1.15368
2008-11-04,0,-0.91396,-0.54083,-0.54083,0.91396,7,1.06199
2008-11-05,0,-0.86242,-0.42553,-0.42553,0.86242,7,0.96168
2008-11-06,0,-0.80636,-0.25816,-0.25816,0.80636,7,0.84668
2008-11-07,0,-0.65571,-0.05146,-0.05146,0.65571,7,0.65772
2008-11-08,0,-0.43303,0.17094,0.17094,0.43303,6,0.46555
2008-11-09,0,-0.21155,0.37221,0.37221,0.21155,5,0.42812
2008-11-10,0,-0.03634,0.564,0.564,0.03634,5,0.56517
2008-11-11,0,0.2359,0.70115,0.70115,-0.2359,4,0.73977
2008-11-12,0,0.46463,0.70313,0.70313,-0.46463,4,0.84278
2008-11-13,0,0.70494,0.60286,0.60286,-0.70494,3,0.92757
2008-11-14,0,0.831,0.42012,0.42012,-0.831,3,0.93116
2008-11-15,0,0.79487,0.33457,0.33457,-0.79487,3,0.86241
2008-11-16,0,0.75006,0.30115,0.30115,-0.75006,3,0.80826
2008-11-17,0,0.68073,0.30407,0.30407,-0.68073,3,0.74555
2008-11-18,0,0.54555,0.38588,0.38588,-0.54555,3,0.66823
2008-11-19,0,0.3933,0.53705,0.53705,-0.3933,4,0.66566
2008-11-20,0,0.14525,0.67996,0.67996,-0.14525,4,0.69531
2008-11-21,0,-0.08873,0.75892,0.75892,0.08873,5,0.76409
2008-11-22,0,-0.31218,0.75483,0.75483,0.31218,5,0.81684
2008-11-23,0,-0.4053,0.70288,0.70288,0.4053,5,0.81137
2008-11-24,0,-0.43527,0.59855,0.59855,0.43527,5,0.74008
2008-11-25,0,-0.52129,0.45206,0.45206,0.52129,6,0.69
2008-11-26,0,-0.60573,0.2775,0.2775,0.60573,6,0.66627
2008-11-27,0,-0.64463,0.11289,0.11289,0.64463,6,0.65444
2008-11-28,0,-0.64067,-0.08543,-0.08543,0.64067,7,0.64634
2008-11-29,0,-0.63672,-0.28825,-0.28825,0.63672,7,0.69893
2008-11-30,0,-0.6546,-0.41181,-0.41181,0.6546,7,0.77336
2008-12-01,0,-0.66027,-0.43911,-0.43911,0.66027,7,0.79295
2008-12-02,0,-0.6362,-0.37399,-0.37399,0.6362,7,0.73799
2008-12-03,0,-0.54469,-0.34688,-0.34688,0.54469,7,0.64577
2008-12-04,0,-0.37877,-0.26226,-0.26226,0.37877,7,0.46071
2008-12-05,0,-0.27165,-0.16133,-0.16133,0.27165,7,0.31595
2008-12-06,0,-0.18347,-0.041,-0.041,0.18347,7,0.18799
2008-12-07,0,-0.09046,0.06358,0.06358,0.09046,6,0.11057
2008-12-08,0,0.06172,0.14755,0.14755,-0.06172,4,0.15994
2008-12-09,0,0.13382,0.19054,0.19054,-0.13382,4,0.23284
2008-12-10,0,0.11513,0.15856,0.15856,-0.11513,4,0.19595
2008-12-11,0,0.10244,0.09513,0.09513,-0.10244,3,0.1398
2008-12-12,0,0.10497,0.06411,0.06411,-0.10497,3,0.123
2008-12-13,0,0.02676,-0.01423,-0.01423,-0.02676,2,0.03031
2008-12-14,0,-0.0928,-0.10902,-0.10902,0.0928,8,0.14317
2008-12-15,0,-0.19952,-0.30139,-0.30139,0.19952,8,0.36145
2008-12-16,0,-0.29538,-0.47574,-0.47574,0.29538,8,0.55998
2008-12-17,0,-0.39437,-0.61074,-0.61074,0.39437,8,0.727
2008-12-18,0,-0.40361,-0.69844,-0.69844,0.40361,8,0.80667
2008-12-19,0,-0.32195,-0.71592,-0.71592,0.32195,8,0.78498
2008-12-20,0,-0.33477,-0.64354,-0.64354,0.33477,8,0.72541
2008-12-21,0,-0.38801,-0.54258,-0.54258,0.38801,8,0.66704
2008-12-22,0,-0.45487,-0.45301,-0.45301,0.45487,7,0.64197
2008-12-23,0,-0.47193,-0.32517,-0.32517,0.47193,7,0.57311
2008-12-24,0,-0.49294,-0.08172,-0.08172,0.49294,7,0.49966
2008-12-25,0,-0.54911,0.13864,0.13864,0.54911,6,0.56634
2008-12-26,0,-0.66832,0.31179,0.31179,0.66832,6,0.73747
2008-12-27,0,-0.77541,0.46555,0.46555,0.77541,6,0.90444
2008-12-28,0,-0.88091,0.5601,0.5601,0.88091,6,1.0439
2008-12-29,0,-0.94414,0.58248,0.58248,0.94414,6,1.10936
2008-12-30,0,-0.99228,0.47279,0.47279,0.99228,6,1.09916
2008-12-31,0,-0.96099,0.38922,0.38922,0.96099,6,1.03682
2009-01-01,0,-0.92316,0.26664,0.26664,0.92316,6,0.9609
2009-01-02,0,-0.88059,0.09518,0.09518,0.88059,6,0.88571
2009-01-03,0,-0.87255,-0.06963,-0.06963,0.87255,7,0.87532
2009-01-04,0,-0.85404,-0.12812,-0.12812,0.85404,7,0.86359
2009-01-05,0,-0.88374,-0.18578,-0.18578,0.88374,7,0.90305
2009-01-06,0,-0.94694,-0.20828,-0.20828,0.94694,7,0.96958
2009-01-07,0,-1.04069,-0.30128,-0.30128,1.04069,7,1.08342
2009-01-08,0,-1.12729,-0.31307,-0.31307,1.12729,7,1.16996
2009-01-09,0,-1.32749,-0.27448,-0.27448,1.32749,7,1.35557
2009-01-10,0,-1.5263,-0.22574,-0.22574,1.5263,7,1.54291
2009-01-11,0,-1.57833,-0.22924,-0.22924,1.57833,7,1.59489
2009-01-12,0,-1.47061,-0.3421,-0.3421,1.47061,7,1.50988
2009-01-13,0,-1.38126,-0.61623,-0.61623,1.38126,7,1.51249
2009-01-14,0,-1.26637,-0.88392,-0.88392,1.26637,7,1.54435
2009-01-15,0,-1.05173,-1.15298,-1.15298,1.05173,8,1.56061
2009-01-16,0,-0.74213,-1.28082,-1.28082,0.74213,8,1.48029
2009-01-17,0,-0.39363,-1.40288,-1.40288,0.39363,8,1.45706
2009-01-18,0,0.10045,-1.53067,-1.53067,-0.10045,1,1.53396
2009-01-19,0,0.62837,-1.70173,-1.70173,-0.62837,1,1.81404
2009-01-20,0,1.01273,-1.81102,-1.81102,-1.01273,1,2.07495
2009-01-21,0,1.27136,-1.76876,-1.76876,-1.27136,1,2.17827
2009-01-22,0,1.5192,-1.61331,-1.61331,-1.5192,1,2.21601
2009-01-23,0,1.82474,-1.41188,-1.41188,-1.82474,2,2.30718
2009-01-24,0,1.99928,-1.17069,-1.17069,-1.99928,2,2.31682
2009-01-25,0,1.99936,-0.92665,-0.92665,-1.99936,2,2.20367
2009-01-26,0,1.91413,-0.64005,-0.64005,-1.91413,2,2.0183
2009-01-27,0,1.70859,-0.37041,-0.37041,-1.70859,2,1.74828
2009-01-28,0,1.4265,-0.10524,-0.10524,-1.4265,2,1.43037
2009-01-29,0,1.17171,0.16723,0.16723,-1.17171,3,1.18359
2009-01-30,0,0.9516,0.483,0.483,-0.9516,3,1.06716
2009-01-31,0,0.81372,0.82512,0.82512,-0.81372,4,1.15886
2009-02-01,0,0.589,1.1467,1.1467,-0.589,4,1.28912
2009-02-02,0,0.39182,1.43198,1.43198,-0.39182,4,1.48462
2009-02-03,0,0.20161,1.584,1.584,-0.20161,4,1.59677
2009-02-04,0,0.00948,1.66272,1.66272,-0.00948,4,1.66275
2009-02-05,0,-0.16886,1.65456,1.65456,0.16886,5,1.66315
2009-02-06,0,-0.2474,1.6938,1.6938,0.2474,5,1.71177
2009-02-07,0,-0.27307,1.7232,1.7232,0.27307,5,1.7447
2009-02-08,0,-0.27171,1.64977,1.64977,0.27171,5,1.67199
2009-02-09,0,-0.25562,1.45144,1.45144,0.25562,5,1.47378
2009-02-10,0,-0.26168,1.18104,1.18104,0.26168,5,1.20969
2009-02-11,0,-0.25465,0.92447,0.92447,0.25465,5,0.9589
2009-02-12,0,-0.18188,0.69256,0.69256,0.18188,5,0.71604
2009-02-13,0,-0.09046,0.46247,0.46247,0.09046,5,0.47123
2009-02-14,0,0.0252,0.23337,0.23337,-0.0252,4,0.23473
2009-02-15,0,0.06274,-0.04718,-0.04718,-0.06274,2,0.0785
2009-02-16,0,0.03678,-0.3036,-0.3036,-0.03678,1,0.30582
2009-02-17,0,0.0264,-0.52116,-0.52116,-0.0264,1,0.52183
2009-02-18,0,0.04275,-0.63804,-0.63804,-0.04275,1,0.63947
2009-02-19,0,0.15536,-0.67261,-0.67261,-0.15536,1,0.69032
2009-02-20,0,0.22153,-0.64288,-0.64288,-0.22153,1,0.67998
2009-02-21,0,0.28866,-0.5973,-0.5973,-0.28866,1,0.6634
2009-02-22,0,0.3827,-0.45788,-0.45788,-0.3827,1,0.59675
2009-02-23,0,0.48368,-0.16642,-0.16642,-0.48368,2,0.51151
2009-02-24,0,0.52763,0.16546,0.16546,-0.52763,3,0.55296
2009-02-25,0,0.50587,0.40413,0.40413,-0.50587,3,0.64747
2009-02-26,0,0.46639,0.54093,0.54093,-0.46639,4,0.71423
2009-02-27,0,0.36288,0.60607,0.60607,-0.36288,4,0.70641
2009-02-28,0,0.24946,0.65074,0.65074,-0.24946,4,0.69692
2009-03-01,0,0.21068,0.60796,0.60796,-0.21068,4,0.64343
2009-03-02,0,0.15132,0.59494,0.59494,-0.15132,4,0.61388
2009-03-03,0,0.12628,0.44658,0.44658,-0.12628,4,0.4641
2009-03-04,0,0.06057,0.22098,0.22098,-0.06057,4,0.22913
2009-03-05,0,0.00478,-0.00825,-0.00825,-0.00478,1,0.00953
2009-03-06,0,-0.02582,-0.24384,-0.24384,0.02582,8,0.2452
2009-03-07,0,-0.08224,-0.441,-0.441,0.08224,8,0.44861
2009-03-08,0,-0.13119,-0.6317,-0.6317,0.13119,8,0.64518
2009-03-09,0,-0.26385,-0.82381,-0.82381,0.26385,8,0.86503
2009-03-10,0,-0.35063,-0.9642,-0.9642,0.35063,8,1.02598
2009-03-11,0,-0.42493,-1.04752,-1.04752,0.42493,8,1.13043
2009-03-12,0,-0.45882,-1.02107,-1.02107,0.45882,8,1.11942
2009-03-13,0,-0.47548,-0.93121,-0.93121,0.47548,8,1.04558
2009-03-14,0,-0.49495,-0.90504,-0.90504,0.49495,8,1.03154
2009-03-15,0,-0.40587,-0.88763,-0.88763,0.40587,8,0.97602
2009-03-16,0,-0.32523,-0.83188,-0.83188,0.32523,8,0.8932
2009-03-17,0,-0.31213,-0.73561,-0.73561,0.31213,8,0.79909
2009-03-18,0,-0.29863,-0.6996,-0.6996,0.29863,8,0.76067
2009-03-19,0,-0.38606,-0.71909,-0.71909,0.38606,8,0.81617
2009-03-20,0,-0.52375,-0.7194,-0.7194,0.52375,8,0.88986
2009-03-21,0,-0.62574,-0.71343,-0.71343,0.62574,8,0.94896
2009-03-22,0,-0.58875,-0.82107,-0.82107,0.58875,8,1.01034
2009-03-23,0,-0.57369,-0.89301,-0.89301,0.57369,8,1.06141
2009-03-24,0,-0.66136,-0.95071,-0.95071,0.66136,8,1.15812
2009-03-25,0,-0.71302,-1.0692,-1.0692,0.71302,8,1.28514
2009-03-26,0,-0.71624,-1.22553,-1.22553,0.71624,8,1.41948
2009-03-27,0,-0.72576,-1.35888,-1.35888,0.72576,8,1.54055
2009-03-28,0,-0.60553,-1.56591,-1.56591,0.60553,8,1.67891
2009-03-29,0,-0.35209,-1.82468,-1.82468,0.35209,8,1.85833
2009-03-30,0,-0.15259,-2.02497,-2.02497,0.15259,8,2.03072
2009-03-31,0,0.07645,-2.08698,-2.08698,-0.07645,1,2.08838
2009-04-01,0,0.35304,-2.11673,-2.11673,-0.35304,1,2.14597
2009-04-02,0,0.61119,-2.09612,-2.09612,-0.61119,1,2.18341
2009-04-03,0,0.83802,-2.0329,-2.0329,-0.83802,1,2.19885
2009-04-04,0,1.10226,-1.89381,-1.89381,-1.10226,1,2.19123
2009-04-05,0,1.44172,-1.63955,-1.63955,-1.44172,1,2.18328
2009-04-06,0,1.71549,-1.25443,-1.25443,-1.71549,2,2.12521
2009-04-07,0,1.86375,-0.81913,-0.81913,-1.86375,2,2.03581
2009-04-08,0,2.02029,-0.36011,-0.36011,-2.02029,2,2.05214
2009-04-09,0,2.09593,-0.00999,-0.00999,-2.09593,2,2.09595
2009-04-10,0,2.0977,0.28708,0.28708,-2.0977,3,2.11725
2009-04-11,0,2.04754,0.50371,0.50371,-2.04754,3,2.10859
2009-04-12,0,1.88036,0.71566,0.71566,-1.88036,3,2.01194
2009-04-13,0,1.57815,0.84027,0.84027,-1.57815,3,1.78791
2009-04-14,0,1.21605,0.94353,0.94353,-1.21605,3,1.53916
2009-04-15,0,0.83026,1.03064,1.03064,-0.83026,4,1.32346
2009-04-16,0,0.46388,1.12048,1.12048,-0.46388,4,1.21271
2009-04-17,0,0.0273,1.11888,1.11888,-0.0273,4,1.11922
2009-04-18,0,-0.45694,1.11293,1.11293,0.45694,5,1.20308
2009-04-19,0,-0.90984,1.09087,1.09087,0.90984,5,1.4205
2009-04-20,0,-1.31443,1.03565,1.03565,1.31443,6,1.67341
2009-04-21,0,-1.59528,0.96431,0.96431,1.59528,6,1.86409
2009-04-22,0,-1.73065,0.8775,0.8775,1.73065,6,1.9404
2009-04-23,0,-1.82848,0.6601,0.6601,1.82848,6,1.94398
2009-04-24,0,-1.8755,0.3682,0.3682,1.8755,6,1.9113
2009-04-25,0,-1.94505,0.03969,0.03969,1.94505,6,1.94545
2009-04-26,0,-1.95328,-0.23383,-0.23383,1.95328,7,1.96722
2009-04-27,0,-1.94156,-0.415,-0.415,1.94156,7,1.98542
2009-04-28,0,-1.8101,-0.55167,-0.55167,1.8101,7,1.8923
2009-04-29,0,-1.64451,-0.62602,-0.62602,1.64451,7,1.75964
2009-04-30,0,-1.46592,-0.65655,-0.65655,1.46592,7,1.60623
2009-05-01,0,-1.34532,-0.72882,-0.72882,1.34532,7,1.53005
2009-05-02,0,-1.22124,-0.70477,-0.70477,1.22124,7,1.41001
2009-05-03,0,-1.1478,-0.63821,-0.63821,1.1478,7,1.3133
2009-05-04,0,-1.09643,-0.56544,-0.56544,1.09643,7,1.23364
2009-05-05,0,-1.01768,-0.50227,-0.50227,1.01768,7,1.13488
2009-05-06,0,-0.86973,-0.50188,-0.50188,0.86973,7,1.00415
2009-05-07,0,-0.76594,-0.44084,-0.44084,0.76594,7,0.88375
2009-05-08,0,-0.56654,-0.32567,-0.32567,0.56654,7,0.65348
2009-05-09,0,-0.32934,-0.24808,-0.24808,0.32934,7,0.41232
2009-05-10,0,-0.11128,-0.18957,-0.18957,0.11128,8,0.21982
2009-05-11,0,0.11641,-0.11008,-0.11008,-0.11641,2,0.16021
2009-05-12,0,0.29619,0.1188,0.1188,-0.29619,3,0.31913
2009-05-13,0,0.4506,0.40203,0.40203,-0.4506,3,0.60387
2009-05-14,0,0.57045,0.61704,0.61704,-0.57045,4,0.84033
2009-05-15,0,0.64523,0.72948,0.72948,-0.64523,4,0.97389
2009-05-16,0,0.72596,0.79749,0.79749,-0.72596,4,1.07843
2009-05-17,0,0.7416,0.82953,0.82953,-0.7416,4,1.11269
2009-05-18,0,0.64326,0.81607,0.81607,-0.64326,4,1.03911
2009-05-19,0,0.6193,0.85291,0.85291,-0.6193,4,1.05403
2009-05-20,0,0.62559,0.79487,0.79487,-0.62559,4,1.01153
2009-05-21,0,0.73949,0.64088,0.64088,-0.73949,3,0.97855
2009-05-22,0,0.89231,0.42599,0.42599,-0.89231,3,0.98878
2009-05-23,0,0.88877,0.21861,0.21861,-0.88877,3,0.91526
2009-05-24,0,0.79316,0.15383,0.15383,-0.79316,3,0.80794
2009-05-25,0,0.64555,0.12762,0.12762,-0.64555,3,0.65805
2009-05-26,0,0.45656,0.16731,0.16731,-0.45656,3,0.48625
2009-05-27,0,0.3607,0.2656,0.2656,-0.3607,3,0.44793
2009-05-28,0,0.23576,0.33679,0.33679,-0.23576,4,0.41111
2009-05-29,0,0.04728,0.46517,0.46517,-0.04728,4,0.46756
2009-05-30,0,-0.1917,0.5876,0.5876,0.1917,5,0.61808
2009-05-31,0,-0.4207,0.68376,0.68376,0.4207,5,0.80282
2009-06-01,0,-0.52195,0.79254,0.79254,0.52195,5,0.94897
2009-06-02,0,-0.6272,0.86517,0.86517,0.6272,5,1.0686
2009-06-03,0,-0.70285,0.8428,0.8428,0.70285,5,1.09741
2009-06-04,0,-0.75573,0.72283,0.72283,0.75573,6,1.04576
2009-06-05,0,-0.81789,0.58818,0.58818,0.81789,6,1.00742
2009-06-06,0,-0.87686,0.47083,0.47083,0.87686,6,0.99527
2009-06-07,0,-0.8213,0.34995,0.34995,0.8213,6,0.89275
2009-06-08,0,-0.73136,0.19037,0.19037,0.73136,6,0.75573
2009-06-09,0,-0.62493,-0.01742,-0.01742,0.62493,7,0.62517
2009-06-10,0,-0.57009,-0.24876,-0.24876,0.57009,7,0.622
2009-06-11,0,-0.49211,-0.40485,-0.40485,0.49211,7,0.63724
2009-06-12,0,-0.4828,-0.48187,-0.48187,0.4828,7,0.68213
2009-06-13,0,-0.4625,-0.57024,-0.57024,0.4625,8,0.73422
2009-06-14,0,-0.33509,-0.68209,-0.68209,0.33509,8,0.75995
2009-06-15,0,-0.18217,-0.76973,-0.76973,0.18217,8,0.791
2009-06-16,0,-0.13884,-0.82493,-0.82493,0.13884,8,0.83653
2009-06-17,0,-0.09034,-0.80551,-0.80551,0.09034,8,0.81056
2009-06-18,0,-0.0033,-0.70382,-0.70382,0.0033,8,0.70383
2009-06-19,0,0.07541,-0.54554,-0.54554,-0.07541,1,0.55072
2009-06-20,0,0.2423,-0.46688,-0.46688,-0.2423,1,0.52601
2009-06-21,0,0.46095,-0.47303,-0.47303,-0.46095,1,0.66048
2009-06-22,0,0.74313,-0.442,-0.442,-0.74313,2,0.86464
2009-06-23,0,0.9254,-0.44451,-0.44451,-0.9254,2,1.02662
2009-06-24,0,1.00306,-0.38065,-0.38065,-1.00306,2,1.07286
2009-06-25,0,1.14256,-0.29535,-0.29535,-1.14256,2,1.18011
2009-06-26,0,1.24326,-0.23824,-0.23824,-1.24326,2,1.26588
2009-06-27,0,1.30026,-0.15963,-0.15963,-1.30026,2,1.31002
2009-06-28,0,1.42952,-0.15155,-0.15155,-1.42952,2,1.43753
2009-06-29,0,1.41597,-0.14645,-0.14645,-1.41597,2,1.42352
2009-06-30,0,1.32734,-0.08376,-0.08376,-1.32734,2,1.32998
2009-07-01,0,1.1844,-0.02283,-0.02283,-1.1844,2,1.18462
2009-07-02,0,1.0181,0.10867,0.10867,-1.0181,3,1.02388
2009-07-03,0,0.87717,0.14463,0.14463,-0.87717,3,0.88901
2009-07-04,0,0.72798,0.1047,0.1047,-0.72798,3,0.73547
2009-07-05,0,0.61274,0.06397,0.06397,-0.61274,3,0.61607
2009-07-06,0,0.48903,-0.03641,-0.03641,-0.48903,2,0.49038
2009-07-07,0,0.2326,-0.00432,-0.00432,-0.2326,2,0.23264
2009-07-08,0,-0.0055,0.13211,0.13211,0.0055,5,0.13222
2009-07-09,0,-0.18389,0.27682,0.27682,0.18389,5,0.33233
2009-07-10,0,-0.30588,0.4056,0.4056,0.30588,5,0.50801
2009-07-11,0,-0.47676,0.48173,0.48173,0.47676,5,0.67776
2009-07-12,0,-0.6867,0.63004,0.63004,0.6867,6,0.93194
2009-07-13,0,-0.79304,0.80231,0.80231,0.79304,5,1.1281
2009-07-14,0,-0.87645,0.89341,0.89341,0.87645,5,1.25154
2009-07-15,0,-0.96677,0.98811,0.98811,0.96677,5,1.38239
2009-07-16,0,-1.03672,1.00651,1.00651,1.03672,6,1.44494
2009-07-17,0,-0.98578,0.93338,0.93338,0.98578,6,1.35756
2009-07-18,0,-0.92119,0.89079,0.89079,0.92119,6,1.28145
2009-07-19,0,-0.89804,0.82371,0.82371,0.89804,6,1.21859
2009-07-20,0,-0.82573,0.72177,0.72177,0.82573,6,1.09671
2009-07-21,0,-0.67601,0.58777,0.58777,0.67601,6,0.89581
2009-07-22,0,-0.66695,0.44401,0.44401,0.66695,6,0.80122
2009-07-23,0,-0.77292,0.34209,0.34209,0.77292,6,0.84525
2009-07-24,0,-0.89155,0.27019,0.27019,0.89155,6,0.9316
2009-07-25,0,-0.97525,0.17953,0.17953,0.97525,6,0.99163
2009-07-26,0,-1.18947,0.0871,0.0871,1.18947,6,1.19265
2009-07-27,0,-1.36771,-0.08134,-0.08134,1.36771,7,1.37013
2009-07-28,0,-1.46084,-0.29538,-0.29538,1.46084,7,1.49041
2009-07-29,0,-1.56967,-0.52709,-0.52709,1.56967,7,1.6558
2009-07-30,0,-1.60652,-0.84029,-0.84029,1.60652,7,1.81301
2009-07-31,0,-1.58077,-1.13635,-1.13635,1.58077,7,1.94682
2009-08-01,0,-1.41595,-1.36703,-1.36703,1.41595,7,1.96816
2009-08-02,0,-1.22043,-1.56307,-1.56307,1.22043,8,1.98309
2009-08-03,0,-0.92841,-1.68833,-1.68833,0.92841,8,1.92676
2009-08-04,0,-0.58325,-1.76478,-1.76478,0.58325,8,1.85866
2009-08-05,0,-0.24891,-1.80824,-1.80824,0.24891,8,1.82529
2009-08-06,0,0.02748,-1.77142,-1.77142,-0.02748,1,1.77163
2009-08-07,0,0.38451,-1.67143,-1.67143,-0.38451,1,1.71508
2009-08-08,0,0.72101,-1.46647,-1.46647,-0.72101,1,1.63413
2009-08-09,0,1.0305,-1.29819,-1.29819,-1.0305,1,1.65748
2009-08-10,0,1.29672,-1.04367,-1.04367,-1.29672,2,1.66455
2009-08-11,0,1.55872,-0.8497,-0.8497,-1.55872,2,1.77527
2009-08-12,0,1.79674,-0.74227,-0.74227,-1.79674,2,1.94402
2009-08-13,0,2.023,-0.63374,-0.63374,-2.023,2,2.11994
2009-08-14,0,2.24519,-0.55107,-0.55107,-2.24519,2,2.31183
2009-08-15,0,2.34113,-0.44579,-0.44579,-2.34113,2,2.38319
2009-08-16,0,2.30469,-0.31631,-0.31631,-2.30469,2,2.32629
2009-08-17,0,2.18442,-0.22297,-0.22297,-2.18442,2,2.19577
2009-08-18,0,2.01241,-0.07647,-0.07647,-2.01241,2,2.01386
2009-08-19,0,1.73063,0.01052,0.01052,-1.73063,3,1.73066
2009-08-20,0,1.40413,0.1158,0.1158,-1.40413,3,1.40889
2009-08-21,0,1.15546,0.22968,0.22968,-1.15546,3,1.17807
2009-08-22,0,0.97648,0.27346,0.27346,-0.97648,3,1.01405
2009-08-23,0,0.71029,0.31571,0.31571,-0.71029,3,0.77729
2009-08-24,0,0.48641,0.38892,0.38892,-0.48641,3,0.62278
2009-08-25,0,0.36219,0.45749,0.45749,-0.36219,4,0.58351
2009-08-26,0,0.26867,0.54007,0.54007,-0.26867,4,0.60321
2009-08-27,0,0.20781,0.64848,0.64848,-0.20781,4,0.68096
2009-08-28,0,0.15551,0.7675,0.7675,-0.15551,4,0.78309
2009-08-29,0,0.05936,0.84933,0.84933,-0.05936,4,0.8514
2009-08-30,0,-0.10711,0.91038,0.91038,0.10711,5,0.91666
2009-08-31,0,-0.26859,1.006,1.006,0.26859,5,1.04124
2009-09-01,0,-0.39518,1.11948,1.11948,0.39518,5,1.18719
2009-09-02,0,-0.50957,1.1146,1.1146,0.50957,5,1.22555
2009-09-03,0,-0.62616,1.1153,1.1153,0.62616,5,1.27905
2009-09-04,0,-0.68108,1.07377,1.07377,0.68108,5,1.27156
2009-09-05,0,-0.75063,0.90093,0.90093,0.75063,5,1.17265
2009-09-06,0,-0.76761,0.68156,0.68156,0.76761,6,1.02652
2009-09-07,0,-0.63217,0.44148,0.44148,0.63217,6,0.77106
2009-09-08,0,-0.52343,0.18064,0.18064,0.52343,6,0.55373
2009-09-09,0,-0.45856,-0.00255,-0.00255,0.45856,7,0.45857
2009-09-10,0,-0.32913,-0.18098,-0.18098,0.32913,7,0.37561
2009-09-11,0,-0.15741,-0.2875,-0.2875,0.15741,8,0.32777
2009-09-12,0,-0.0432,-0.37556,-0.37556,0.0432,8,0.37804
2009-09-13,0,0.03318,-0.41083,-0.41083,-0.03318,1,0.41217
2009-09-14,0,0.08537,-0.3427,-0.3427,-0.08537,1,0.35317
2009-09-15,0,0.05906,-0.29082,-0.29082,-0.05906,1,0.29675
2009-09-16,0,-0.09561,-0.21118,-0.21118,0.09561,8,0.23181
2009-09-17,0,-0.33087,-0.08877,-0.08877,0.33087,7,0.34257
2009-09-18,0,-0.60292,-0.03321,-0.03321,0.60292,7,0.60384
2009-09-19,0,-0.92058,-0.01593,-0.01593,0.92058,7,0.92071
2009-09-20,0,-1.21977,0.00095,0.00095,1.21977,6,1.21977
2009-09-21,0,-1.48273,0.02352,0.02352,1.48273,6,1.48291
2009-09-22,0,-1.77766,0.00789,0.00789,1.77766,6,1.77768
2009-09-23,0,-1.97643,-0.05815,-0.05815,1.97643,7,1.97729
2009-09-24,0,-2.00308,-0.02921,-0.02921,2.00308,7,2.00329
2009-09-25,0,-1.98048,0.03657,0.03657,1.98048,6,1.98082
2009-09-26,0,-1.85699,0.07162,0.07162,1.85699,6,1.85837
2009-09-27,0,-1.61884,0.08279,0.08279,1.61884,6,1.62096
2009-09-28,0,-1.35106,0.15388,0.15388,1.35106,6,1.3598
2009-09-29,0,-1.10766,0.24006,0.24006,1.10766,6,1.13337
2009-09-30,0,-0.85011,0.26841,0.26841,0.85011,6,0.89148
2009-10-01,0,-0.54861,0.2865,0.2865,0.54861,6,0.61891
2009-10-02,0,-0.33578,0.33843,0.33843,0.33578,5,0.47674
2009-10-03,0,-0.19479,0.29179,0.29179,0.19479,5,0.35083
2009-10-04,0,-0.04114,0.13802,0.13802,0.04114,5,0.14402
2009-10-05,0,0.06715,0.04985,0.04985,-0.06715,3,0.08363
2009-10-06,0,0.14993,0.04121,0.04121,-0.14993,3,0.15549
2009-10-07,0,0.19369,0.00542,0.00542,-0.19369,3,0.19376
2009-10-08,0,0.20285,-0.00903,-0.00903,-0.20285,2,0.20305
2009-10-09,0,0.13011,-0.02587,-0.02587,-0.13011,2,0.13266
2009-10-10,0,0.00071,-0.11546,-0.11546,-0.00071,1,0.11546
2009-10-11,0,0.01144,-0.27312,-0.27312,-0.01144,1,0.27336
2009-10-12,0,0.05961,-0.40192,-0.40192,-0.05961,1,0.40632
2009-10-13,0,0.10765,-0.45422,-0.45422,-0.10765,1,0.4668
2009-10-14,0,0.18148,-0.53572,-0.53572,-0.18148,1,0.56562
2009-10-15,0,0.24998,-0.66372,-0.66372,-0.24998,1,0.70923
2009-10-16,0,0.36777,-0.74326,-0.74326,-0.36777,1,0.82927
2009-10-17,0,0.46402,-0.90017,-0.90017,-0.46402,1,1.01273
2009-10-18,0,0.53654,-0.9745,-0.9745,-0.53654,1,1.11244
2009-10-19,0,0.61638,-1.01624,-1.01624,-0.61638,1,1.18856
2009-10-20,0,0.64067,-0.9604,-0.9604,-0.64067,1,1.15448
2009-10-21,0,0.68611,-0.86809,-0.86809,-0.68611,1,1.1065
2009-10-22,0,0.7303,-0.82785,-0.82785,-0.7303,1,1.10394
2009-10-23,0,0.79735,-0.79067,-0.79067,-0.79735,2,1.12291
2009-10-24,0,0.89321,-0.79113,-0.79113,-0.89321,2,1.19319
2009-10-25,0,0.952,-0.81381,-0.81381,-0.952,2,1.25243
2009-10-26,0,1.12494,-0.82762,-0.82762,-1.12494,2,1.39658
2009-10-27,0,1.41969,-0.87725,-0.87725,-1.41969,2,1.66885
2009-10-28,0,1.67258,-0.91876,-0.91876,-1.67258,2,1.90831
2009-10-29,0,1.90434,-0.9487,-0.9487,-1.90434,2,2.12757
2009-10-30,0,2.12754,-0.92207,-0.92207,-2.12754,2,2.31876
2009-10-31,0,2.31282,-0.70873,-0.70873,-2.31282,2,2.41897
2009-11-01,0,2.49708,-0.45915,-0.45915,-2.49708,2,2.53895
2009-11-02,0,2.55278,-0.13549,-0.13549,-2.55278,2,2.55637
2009-11-03,0,2.55699,0.13101,0.13101,-2.55699,3,2.56034
2009-11-04,0,2.48266,0.39077,0.39077,-2.48266,3,2.51323
2009-11-05,0,2.34792,0.63959,0.63959,-2.34792,3,2.43348
2009-11-06,0,2.27092,0.91167,0.91167,-2.27092,3,2.44708
2009-11-07,0,2.17216,1.11765,1.11765,-2.17216,3,2.44283
2009-11-08,0,2.01139,1.27395,1.27395,-2.01139,3,2.38089
2009-11-09,0,1.73856,1.36068,1.36068,-1.73856,3,2.20772
2009-11-10,0,1.39162,1.39187,1.39187,-1.39162,4,1.96822
2009-11-11,0,1.15732,1.29831,1.29831,-1.15732,4,1.73925
2009-11-12,0,0.88893,1.25507,1.25507,-0.88893,4,1.53799
2009-11-13,0,0.60762,1.23966,1.23966,-0.60762,4,1.38056
2009-11-14,0,0.33911,1.27084,1.27084,-0.33911,4,1.31531
2009-11-15,0,0.04243,1.28311,1.28311,-0.04243,4,1.28381
2009-11-16,0,-0.25895,1.37634,1.37634,0.25895,5,1.40049
2009-11-17,0,-0.52432,1.49856,1.49856,0.52432,5,1.58764
2009-11-18,0,-0.8104,1.46882,1.46882,0.8104,5,1.67755
2009-11-19,0,-1.149,1.21581,1.21581,1.149,5,1.67284
2009-11-20,0,-1.43694,0.75581,0.75581,1.43694,6,1.62359
2009-11-21,0,-1.57214,0.26775,0.26775,1.57214,6,1.59478
2009-11-22,0,-1.57962,-0.1304,-0.1304,1.57962,7,1.58499
2009-11-23,0,-1.5602,-0.46891,-0.46891,1.5602,7,1.62914
2009-11-24,0,-1.58111,-0.68035,-0.68035,1.58111,7,1.72127
2009-11-25,0,-1.61112,-0.86039,-0.86039,1.61112,7,1.82646
2009-11-26,0,-1.60838,-1.06358,-1.06358,1.60838,7,1.92823
2009-11-27,0,-1.54588,-1.19909,-1.19909,1.54588,7,1.95641
2009-11-28,0,-1.46649,-1.19467,-1.19467,1.46649,7,1.89151
2009-11-29,0,-1.35895,-1.17237,-1.17237,1.35895,7,1.79477
2009-11-30,0,-1.20469,-1.16966,-1.16966,1.20469,7,1.6791
2009-12-01,0,-1.03021,-1.12895,-1.12895,1.03021,8,1.52835
2009-12-02,0,-0.91031,-1.07698,-1.07698,0.91031,8,1.41016
2009-12-03,0,-0.81315,-1.09318,-1.09318,0.81315,8,1.36244
2009-12-04,0,-0.69808,-1.19394,-1.19394,0.69808,8,1.38305
2009-12-05,0,-0.56664,-1.2541,-1.2541,0.56664,8,1.37618
2009-12-06,0,-0.48979,-1.29151,-1.29151,0.48979,8,1.38127
2009-12-07,0,-0.42145,-1.32203,-1.32203,0.42145,8,1.38758
2009-12-08,0,-0.34892,-1.27474,-1.27474,0.34892,8,1.32163
2009-12-09,0,-0.22279,-1.20091,-1.20091,0.22279,8,1.2214
2009-12-10,0,-0.10569,-1.11038,-1.11038,0.10569,8,1.1154
2009-12-11,0,0.10617,-0.9993,-0.9993,-0.10617,1,1.00492
2009-12-12,0,0.24563,-0.82233,-0.82233,-0.24563,1,0.85823
2009-12-13,0,0.34681,-0.48039,-0.48039,-0.34681,1,0.59249
2009-12-14,0,0.39146,-0.21259,-0.21259,-0.39146,2,0.44546
2009-12-15,0,0.39824,0.04909,0.04909,-0.39824,3,0.40125
2009-12-16,0,0.41922,0.2291,0.2291,-0.41922,3,0.47774
2009-12-17,0,0.50767,0.26954,0.26954,-0.50767,3,0.57479
2009-12-18,0,0.61576,0.26565,0.26565,-0.61576,3,0.67062
2009-12-19,0,0.79,0.22004,0.22004,-0.79,3,0.82007
2009-12-20,0,0.89102,0.21432,0.21432,-0.89102,3,0.91643
2009-12-21,0,1.03816,0.24761,0.24761,-1.03816,3,1.06729
2009-12-22,0,1.25996,0.16444,0.16444,-1.25996,3,1.27065
2009-12-23,0,1.52307,0.2272,0.2272,-1.52307,3,1.53993
2009-12-24,0,1.78417,0.32232,0.32232,-1.78417,3,1.81305
2009-12-25,0,1.92828,0.50027,0.50027,-1.92828,3,1.99212
2009-12-26,0,1.97851,0.75607,0.75607,-1.97851,3,2.11805
2009-12-27,0,1.93389,0.99228,0.99228,-1.93389,3,2.17361
2009-12-28,0,1.81506,1.23442,1.23442,-1.81506,3,2.19505
2009-12-29,0,1.68057,1.38828,1.38828,-1.68057,3,2.17983
2009-12-30,0,1.49558,1.48217,1.48217,-1.49558,3,2.10561
2009-12-31,0,1.26337,1.55804,1.55804,-1.26337,4,2.00589
2010-01-01,0,0.94317,1.57758,1.57758,-0.94317,4,1.83803
2010-01-02,0,0.71012,1.53488,1.53488,-0.71012,4,1.69119
2010-01-03,0,0.46932,1.42157,1.42157,-0.46932,4,1.49704
2010-01-04,0,0.17544,1.351,1.351,-0.17544,4,1.36234
2010-01-05,0,-0.10591,1.33267,1.33267,0.10591,5,1.33687
2010-01-06,0,-0.43669,1.24698,1.24698,0.43669,5,1.32124
2010-01-07,0,-0.7536,1.09034,1.09034,0.7536,5,1.32543
2010-01-08,0,-0.93337,0.9742,0.9742,0.93337,5,1.34917
2010-01-09,0,-1.00766,0.90968,0.90968,1.00766,6,1.35753
2010-01-10,0,-1.16028,0.7948,0.7948,1.16028,6,1.4064
2010-01-11,0,-1.41056,0.67264,0.67264,1.41056,6,1.56273
2010-01-12,0,-1.58001,0.61416,0.61416,1.58001,6,1.69517
2010-01-13,0,-1.63014,0.6039,0.6039,1.63014,6,1.73841
2010-01-14,0,-1.66307,0.55981,0.55981,1.66307,6,1.75476
2010-01-15,0,-1.64604,0.49666,0.49666,1.64604,6,1.71934
2010-01-16,0,-1.58895,0.4352,0.4352,1.58895,6,1.64748
2010-01-17,0,-1.54139,0.32607,0.32607,1.54139,6,1.5755
2010-01-18,0,-1.51224,0.12,0.12,1.51224,6,1.517
2010-01-19,0,-1.40343,-0.05873,-0.05873,1.40343,7,1.40466
2010-01-20,0,-1.28899,-0.29257,-0.29257,1.28899,7,1.32177
2010-01-21,0,-1.20253,-0.54623,-0.54623,1.20253,7,1.32077
2010-01-22,0,-1.19251,-0.83663,-0.83663,1.19251,7,1.45672
2010-01-23,0,-1.17214,-1.11398,-1.11398,1.17214,7,1.61705
2010-01-24,0,-1.11529,-1.37418,-1.37418,1.11529,8,1.76981
2010-01-25,0,-1.02418,-1.60164,-1.60164,1.02418,8,1.90111
2010-01-26,0,-0.99528,-1.80823,-1.80823,0.99528,8,2.06404
2010-01-27,0,-0.97228,-1.95497,-1.95497,0.97228,8,2.1834
2010-01-28,0,-0.94707,-2.06229,-2.06229,0.94707,8,2.26936
2010-01-29,0,-0.89657,-2.13712,-2.13712,0.89657,8,2.31757
2010-01-30,0,-0.8421,-2.17096,-2.17096,0.8421,8,2.32856
2010-01-31,0,-0.71597,-2.24321,-2.24321,0.71597,8,2.3547
2010-02-01,0,-0.50297,-2.31967,-2.31967,0.50297,8,2.37357
2010-02-02,0,-0.2689,-2.36038,-2.36038,0.2689,8,2.37565
2010-02-03,0,-0.10034,-2.39551,-2.39551,0.10034,8,2.39761
2010-02-04,0,0.14541,-2.44479,-2.44479,-0.14541,1,2.44911
2010-02-05,0,0.4397,-2.46108,-2.46108,-0.4397,1,2.50005
2010-02-06,0,0.75438,-2.46642,-2.46642,-0.75438,1,2.57921
2010-02-07,0,1.07639,-2.38987,-2.38987,-1.07639,1,2.62109
2010-02-08,0,1.39425,-2.28119,-2.28119,-1.39425,1,2.67353
2010-02-09,0,1.62804,-2.1497,-2.1497,-1.62804,1,2.69662
2010-02-10,0,1.75589,-2.06778,-2.06778,-1.75589,1,2.71272
2010-02-11,0,1.80599,-2.01044,-2.01044,-1.80599,1,2.70249
2010-02-12,0,1.87152,-1.92116,-1.92116,-1.87152,1,2.68206
2010-02-13,0,1.93235,-1.78292,-1.78292,-1.93235,2,2.62921
2010-02-14,0,1.98423,-1.62221,-1.62221,-1.98423,2,2.56296
2010-02-15,0,2.01436,-1.43985,-1.43985,-2.01436,2,2.47605
2010-02-16,0,1.96112,-1.19455,-1.19455,-1.96112,2,2.29629
2010-02-17,0,1.7681,-0.87487,-0.87487,-1.7681,2,1.97271
2010-02-18,0,1.57285,-0.61594,-0.61594,-1.57285,2,1.68915
2010-02-19,0,1.37305,-0.40126,-0.40126,-1.37305,2,1.43048
2010-02-20,0,1.17955,-0.17401,-0.17401,-1.17955,2,1.19232
2010-02-21,0,0.9391,0.11832,0.11832,-0.9391,3,0.94652
2010-02-22,0,0.61755,0.41498,0.41498,-0.61755,3,0.74403
2010-02-23,0,0.26972,0.62653,0.62653,-0.26972,4,0.68212
2010-02-24,0,-0.04327,0.688,0.688,0.04327,5,0.68936
2010-02-25,0,-0.2966,0.61682,0.61682,0.2966,5,0.68442
2010-02-26,0,-0.39353,0.47348,0.47348,0.39353,5,0.61567
2010-02-27,0,-0.44497,0.44494,0.44494,0.44497,6,0.62926
2010-02-28,0,-0.51237,0.45611,0.45611,0.51237,6,0.68597
2010-03-01,0,-0.47373,0.49668,0.49668,0.47373,5,0.68637
2010-03-02,0,-0.35627,0.5125,0.5125,0.35627,5,0.62417
2010-03-03,0,-0.22428,0.57249,0.57249,0.22428,5,0.61485
2010-03-04,0,-0.10935,0.6365,0.6365,0.10935,5,0.64582
2010-03-05,0,-0.07835,0.71514,0.71514,0.07835,5,0.71942
2010-03-06,0,-0.10051,0.75361,0.75361,0.10051,5,0.76029
2010-03-07,0,-0.14887,0.73632,0.73632,0.14887,5,0.75122
2010-03-08,0,-0.25711,0.65735,0.65735,0.25711,5,0.70585
2010-03-09,0,-0.3288,0.66808,0.66808,0.3288,5,0.74461
2010-03-10,0,-0.40709,0.72817,0.72817,0.40709,5,0.83424
2010-03-11,0,-0.4337,0.73455,0.73455,0.4337,5,0.85303
2010-03-12,0,-0.37833,0.66734,0.66734,0.37833,5,0.76712
2010-03-13,0,-0.31184,0.63892,0.63892,0.31184,5,0.71096
2010-03-14,0,-0.27549,0.69497,0.69497,0.27549,5,0.74758
2010-03-15,0,-0.20595,0.77848,0.77848,0.20595,5,0.80526
2010-03-16,0,-0.11916,0.91843,0.91843,0.11916,5,0.92613
2010-03-17,0,-0.0061,1.08282,1.08282,0.0061,5,1.08284
2010-03-18,0,0.14886,1.22737,1.22737,-0.14886,4,1.23636
2010-03-19,0,0.28867,1.37984,1.37984,-0.28867,4,1.40971
2010-03-20,0,0.3424,1.47179,1.47179,-0.3424,4,1.51109
2010-03-21,0,0.36208,1.52867,1.52867,-0.36208,4,1.57097
2010-03-22,0,0.31631,1.53116,1.53116,-0.31631,4,1.56349
2010-03-23,0,0.30702,1.52956,1.52956,-0.30702,4,1.56007
2010-03-24,0,0.28571,1.60036,1.60036,-0.28571,4,1.62566
2010-03-25,0,0.21561,1.77223,1.77223,-0.21561,4,1.78529
2010-03-26,0,0.17406,1.94445,1.94445,-0.17406,4,1.95222
2010-03-27,0,0.15731,2.08259,2.08259,-0.15731,4,2.08852
2010-03-28,0,0.19045,2.12585,2.12585,-0.19045,4,2.13437
2010-03-29,0,0.19569,2.14584,2.14584,-0.19569,4,2.15474
2010-03-30,0,0.14777,2.13751,2.13751,-0.14777,4,2.14261
2010-03-31,0,0.07552,2.00498,2.00498,-0.07552,4,2.0064
2010-04-01,0,-0.02432,1.83001,1.83001,0.02432,5,1.83018
2010-04-02,0,-0.12078,1.55125,1.55125,0.12078,5,1.55595
2010-04-03,0,-0.17219,1.25703,1.25703,0.17219,5,1.26877
2010-04-04,0,-0.19733,0.99712,0.99712,0.19733,5,1.01646
2010-04-05,0,-0.23537,0.77366,0.77366,0.23537,5,0.80867
2010-04-06,0,-0.31674,0.55769,0.55769,0.31674,5,0.64136
2010-04-07,0,-0.28662,0.37803,0.37803,0.28662,5,0.4744
2010-04-08,0,-0.25667,0.19825,0.19825,0.25667,6,0.32432
2010-04-09,0,-0.17649,0.15069,0.15069,0.17649,6,0.23207
2010-04-10,0,-0.12521,0.12282,0.12282,0.12521,6,0.17539
2010-04-11,0,-0.09003,0.14303,0.14303,0.09003,5,0.16901
2010-04-12,0,-0.11094,0.12911,0.12911,0.11094,5,0.17022
2010-04-13,0,-0.1904,0.15349,0.15349,0.1904,6,0.24456
2010-04-14,0,-0.25209,0.18841,0.18841,0.25209,6,0.31472
2010-04-15,0,-0.24118,0.31161,0.31161,0.24118,5,0.39405
2010-04-16,0,-0.18355,0.40441,0.40441,0.18355,5,0.44411
2010-04-17,0,-0.12768,0.4319,0.4319,0.12768,5,0.45038
2010-04-18,0,-0.11387,0.45447,0.45447,0.11387,5,0.46852
2010-04-19,0,-0.09291,0.43218,0.43218,0.09291,5,0.44205
2010-04-20,0,-0.03642,0.35896,0.35896,0.03642,5,0.3608
2010-04-21,0,0.06175,0.22341,0.22341,-0.06175,4,0.23179
2010-04-22,0,0.14641,0.07737,0.07737,-0.14641,3,0.1656
2010-04-23,0,0.16548,-0.08059,-0.08059,-0.16548,2,0.18406
2010-04-24,0,0.08747,-0.34363,-0.34363,-0.08747,1,0.35459
2010-04-25,0,-0.03199,-0.57479,-0.57479,0.03199,8,0.57568
2010-04-26,0,-0.06861,-0.7036,-0.7036,0.06861,8,0.70694
2010-04-27,0,-0.03136,-0.84558,-0.84558,0.03136,8,0.84616
2010-04-28,0,0.10033,-1.01718,-1.01718,-0.10033,1,1.02211
2010-04-29,0,0.14863,-1.09693,-1.09693,-0.14863,1,1.10696
2010-04-30,0,0.19392,-1.1441,-1.1441,-0.19392,1,1.16041
2010-05-01,0,0.26068,-1.2095,-1.2095,-0.26068,1,1.23727
2010-05-02,0,0.40016,-1.23493,-1.23493,-0.40016,1,1.29814
2010-05-03,0,0.65584,-1.17632,-1.17632,-0.65584,1,1.34679
2010-05-04,0,0.91554,-1.03079,-1.03079,-0.91554,1,1.37867
2010-05-05,0,1.18676,-0.88304,-0.88304,-1.18676,2,1.47924
2010-05-06,0,1.3084,-0.72145,-0.72145,-1.3084,2,1.49412
2010-05-07,0,1.38782,-0.38194,-0.38194,-1.38782,2,1.43941
2010-05-08,0,1.50419,-0.07625,-0.07625,-1.50419,2,1.50613
2010-05-09,0,1.62668,0.17684,0.17684,-1.62668,3,1.63626
2010-05-10,0,1.71624,0.42168,0.42168,-1.71624,3,1.76728
2010-05-11,0,1.67171,0.67259,0.67259,-1.67171,3,1.80194
2010-05-12,0,1.52279,0.92641,0.92641,-1.52279,3,1.78245
2010-05-13,0,1.288,1.16775,1.16775,-1.288,3,1.73856
2010-05-14,0,0.88762,1.30225,1.30225,-0.88762,4,1.57598
2010-05-15,0,0.56199,1.33304,1.33304,-0.56199,4,1.44666
2010-05-16,0,0.22596,1.15615,1.15615,-0.22596,4,1.17802
2010-05-17,0,-0.06794,0.98327,0.98327,0.06794,5,0.98561
2010-05-18,0,-0.28316,0.82617,0.82617,0.28316,5,0.87335
2010-05-19,0,-0.53477,0.66592,0.66592,0.53477,5,0.85407
2010-05-20,0,-0.70061,0.52206,0.52206,0.70061,6,0.87373
2010-05-21,0,-0.78895,0.34062,0.34062,0.78895,6,0.85933
2010-05-22,0,-0.83405,0.11378,0.11378,0.83405,6,0.84178
2010-05-23,0,-0.78167,-0.05695,-0.05695,0.78167,7,0.78374
2010-05-24,0,-0.73766,-0.18604,-0.18604,0.73766,7,0.76076
2010-05-25,0,-0.6757,-0.23135,-0.23135,0.6757,7,0.7142
2010-05-26,0,-0.59446,-0.33158,-0.33158,0.59446,7,0.68069
2010-05-27,0,-0.61579,-0.44687,-0.44687,0.61579,7,0.76085
2010-05-28,0,-0.60524,-0.59331,-0.59331,0.60524,7,0.84755
2010-05-29,0,-0.54888,-0.72657,-0.72657,0.54888,8,0.91059
2010-05-30,0,-0.489,-0.68665,-0.68665,0.489,8,0.84298
2010-05-31,0,-0.34642,-0.56651,-0.56651,0.34642,8,0.66404
2010-06-01,0,-0.19215,-0.43594,-0.43594,0.19215,8,0.47641
2010-06-02,0,-0.06811,-0.23243,-0.23243,0.06811,8,0.2422
2010-06-03,0,-0.02346,-0.00737,-0.00737,0.02346,7,0.02459
2010-06-04,0,0.00595,0.20701,0.20701,-0.00595,4,0.2071
2010-06-05,0,0.04369,0.40656,0.40656,-0.04369,4,0.40891
2010-06-06,0,0.14677,0.61756,0.61756,-0.14677,4,0.63476
2010-06-07,0,0.20848,0.71145,0.71145,-0.20848,4,0.74137
2010-06-08,0,0.28762,0.61464,0.61464,-0.28762,4,0.6786
2010-06-09,0,0.2906,0.46205,0.46205,-0.2906,4,0.54584
2010-06-10,0,0.18276,0.34557,0.34557,-0.18276,4,0.39092
2010-06-11,0,0.05672,0.27258,0.27258,-0.05672,4,0.27842
2010-06-12,0,0.02252,0.14605,0.14605,-0.02252,4,0.14777
2010-06-13,0,-0.03394,-0.0085,-0.0085,0.03394,7,0.03499
2010-06-14,0,-0.12798,-0.11391,-0.11391,0.12798,7,0.17134
2010-06-15,0,-0.30192,-0.21928,-0.21928,0.30192,7,0.37315
2010-06-16,0,-0.38168,-0.27508,-0.27508,0.38168,7,0.47047
2010-06-17,0,-0.45635,-0.15078,-0.15078,0.45635,7,0.48062
2010-06-18,0,-0.48224,-0.0077,-0.0077,0.48224,7,0.4823
2010-06-19,0,-0.31623,0.03392,0.03392,0.31623,6,0.31805
2010-06-20,0,-0.09603,-0.07591,-0.07591,0.09603,7,0.12241
2010-06-21,0,-0.00044,-0.16922,-0.16922,0.00044,8,0.16922
2010-06-22,0,0.00706,-0.18592,-0.18592,-0.00706,1,0.18605
2010-06-23,0,0.1778,-0.15613,-0.15613,-0.1778,2,0.23663
2010-06-24,0,0.39576,-0.14292,-0.14292,-0.39576,2,0.42078
2010-06-25,0,0.53256,-0.13425,-0.13425,-0.53256,2,0.54922
2010-06-26,0,0.61207,-0.15582,-0.15582,-0.61207,2,0.6316
2010-06-27,0,0.72665,-0.2164,-0.2164,-0.72665,2,0.75819
2010-06-28,0,0.7583,-0.25803,-0.25803,-0.7583,2,0.801
2010-06-29,0,0.74265,-0.19558,-0.19558,-0.74265,2,0.76797
2010-06-30,0,0.74317,-0.00299,-0.00299,-0.74317,2,0.74318
2010-07-01,0,0.7895,0.17171,0.17171,-0.7895,3,0.80795
2010-07-02,0,0.69336,0.26685,0.26685,-0.69336,3,0.74294
2010-07-03,0,0.62477,0.29428,0.29428,-0.62477,3,0.69061
2010-07-04,0,0.59561,0.28478,0.28478,-0.59561,3,0.66019
2010-07-05,0,0.58488,0.19857,0.19857,-0.58488,3,0.61767
2010-07-06,0,0.52892,0.08665,0.08665,-0.52892,3,0.53597
2010-07-07,0,0.46687,0.00302,0.00302,-0.46687,3,0.46688
2010-07-08,0,0.42048,-0.06449,-0.06449,-0.42048,2,0.4254
2010-07-09,0,0.38951,-0.20508,-0.20508,-0.38951,2,0.4402
2010-07-10,0,0.41665,-0.34121,-0.34121,-0.41665,2,0.53853
2010-07-11,0,0.46618,-0.42568,-0.42568,-0.46618,2,0.63129
2010-07-12,0,0.49684,-0.4171,-0.4171,-0.49684,2,0.64871
2010-07-13,0,0.5316,-0.25387,-0.25387,-0.5316,2,0.58911
2010-07-14,0,0.62059,-0.06771,-0.06771,-0.62059,2,0.62428
2010-07-15,0,0.66294,0.1774,0.1774,-0.66294,3,0.68626
2010-07-16,0,0.60335,0.41175,0.41175,-0.60335,3,0.73046
2010-07-17,0,0.5177,0.57732,0.57732,-0.5177,4,0.77544
2010-07-18,0,0.45748,0.70588,0.70588,-0.45748,4,0.84116
2010-07-19,0,0.2895,0.87271,0.87271,-0.2895,4,0.91947
2010-07-20,0,0.09002,1.02758,1.02758,-0.09002,4,1.03151
2010-07-21,0,-0.04839,1.10324,1.10324,0.04839,5,1.10431
2010-07-22,0,-0.18652,1.06636,1.06636,0.18652,5,1.08255
2010-07-23,0,-0.28269,1.02784,1.02784,0.28269,5,1.066
2010-07-24,0,-0.30186,0.95031,0.95031,0.30186,5,0.9971
2010-07-25,0,-0.32436,0.88112,0.88112,0.32436,5,0.93892
2010-07-26,0,-0.37332,0.81664,0.81664,0.37332,5,0.89792
2010-07-27,0,-0.48164,0.72689,0.72689,0.48164,5,0.87198
2010-07-28,0,-0.51914,0.62356,0.62356,0.51914,5,0.81138
2010-07-29,0,-0.54699,0.51795,0.51795,0.54699,6,0.75331
2010-07-30,0,-0.64931,0.45479,0.45479,0.64931,6,0.79274
2010-07-31,0,-0.76733,0.3581,0.3581,0.76733,6,0.84678
2010-08-01,0,-0.93759,0.21099,0.21099,0.93759,6,0.96104
2010-08-02,0,-1.09607,0.1123,0.1123,1.09607,6,1.10181
2010-08-03,0,-1.07105,0.05612,0.05612,1.07105,6,1.07252
2010-08-04,0,-0.96985,-0.01489,-0.01489,0.96985,7,0.96996
2010-08-05,0,-0.84709,-0.03052,-0.03052,0.84709,7,0.84764
2010-08-06,0,-0.68768,-0.04261,-0.04261,0.68768,7,0.689
2010-08-07,0,-0.45807,-0.12685,-0.12685,0.45807,7,0.47531
2010-08-08,0,-0.18162,-0.20163,-0.20163,0.18162,8,0.27137
2010-08-09,0,0.13333,-0.19922,-0.19922,-0.13333,1,0.23972
2010-08-10,0,0.45923,-0.23817,-0.23817,-0.45923,2,0.51732
2010-08-11,0,0.6923,-0.30395,-0.30395,-0.6923,2,0.75609
2010-08-12,0,0.82129,-0.3826,-0.3826,-0.82129,2,0.90603
2010-08-13,0,0.96774,-0.42263,-0.42263,-0.96774,2,1.05599
2010-08-14,0,1.0412,-0.45406,-0.45406,-1.0412,2,1.1359
2010-08-15,0,1.01693,-0.43211,-0.43211,-1.01693,2,1.10493
2010-08-16,0,0.9169,-0.30281,-0.30281,-0.9169,2,0.96561
2010-08-17,0,0.79309,-0.17594,-0.17594,-0.79309,2,0.81237
2010-08-18,0,0.57636,-0.1457,-0.1457,-0.57636,2,0.59449
2010-08-19,0,0.31705,-0.12483,-0.12483,-0.31705,2,0.34074
2010-08-20,0,0.13397,-0.1248,-0.1248,-0.13397,2,0.1831
2010-08-21,0,0.00184,-0.13841,-0.13841,-0.00184,1,0.13843
2010-08-22,0,-0.24063,-0.20094,-0.20094,0.24063,7,0.3135
2010-08-23,0,-0.42873,-0.26805,-0.26805,0.42873,7,0.50563
2010-08-24,0,-0.54802,-0.31439,-0.31439,0.54802,7,0.6318
2010-08-25,0,-0.51692,-0.38725,-0.38725,0.51692,7,0.64589
2010-08-26,0,-0.49438,-0.52897,-0.52897,0.49438,8,0.72403
2010-08-27,0,-0.43202,-0.71071,-0.71071,0.43202,8,0.83171
2010-08-28,0,-0.33038,-0.79877,-0.79877,0.33038,8,0.86439
2010-08-29,0,-0.26433,-0.78371,-0.78371,0.26433,8,0.82709
2010-08-30,0,-0.23092,-0.67303,-0.67303,0.23092,8,0.71155
2010-08-31,0,-0.1454,-0.52857,-0.52857,0.1454,8,0.54821
2010-09-01,0,-6e-05,-0.3689,-0.3689,6e-05,8,0.3689
2010-09-02,0,0.13152,-0.24536,-0.24536,-0.13152,1,0.27839
2010-09-03,0,0.1693,-0.11611,-0.11611,-0.1693,2,0.20528
2010-09-04,0,0.16842,0.07258,0.07258,-0.16842,3,0.18339
2010-09-05,0,0.09668,0.33881,0.33881,-0.09668,4,0.35233
2010-09-06,0,0.0246,0.60085,0.60085,-0.0246,4,0.60136
2010-09-07,0,-0.08269,0.66839,0.66839,0.08269,5,0.67348
2010-09-08,0,-0.19041,0.58647,0.58647,0.19041,5,0.61661
2010-09-09,0,-0.28207,0.53633,0.53633,0.28207,5,0.60598
2010-09-10,0,-0.37427,0.47639,0.47639,0.37427,5,0.60583
2010-09-11,0,-0.37465,0.3215,0.3215,0.37465,6,0.49369
2010-09-12,0,-0.39778,0.13985,0.13985,0.39778,6,0.42165
2010-09-13,0,-0.39701,0.01763,0.01763,0.39701,6,0.3974
2010-09-14,0,-0.21937,-0.13055,-0.13055,0.21937,7,0.25528
2010-09-15,0,-0.00412,-0.37335,-0.37335,0.00412,8,0.37337
2010-09-16,0,0.17072,-0.51258,-0.51258,-0.17072,1,0.54026
2010-09-17,0,0.36881,-0.52408,-0.52408,-0.36881,1,0.64085
2010-09-18,0,0.54422,-0.56442,-0.56442,-0.54422,1,0.78406
2010-09-19,0,0.74663,-0.58606,-0.58606,-0.74663,2,0.94917
2010-09-20,0,0.86878,-0.4928,-0.4928,-0.86878,2,0.99882
2010-09-21,0,0.96137,-0.412,-0.412,-0.96137,2,1.04593
2010-09-22,0,1.06201,-0.35668,-0.35668,-1.06201,2,1.12031
2010-09-23,0,1.04485,-0.23274,-0.23274,-1.04485,2,1.07045
2010-09-24,0,0.95426,0.00784,0.00784,-0.95426,3,0.95429
2010-09-25,0,0.89041,0.18472,0.18472,-0.89041,3,0.90937
2010-09-26,0,0.80275,0.29097,0.29097,-0.80275,3,0.85385
2010-09-27,0,0.78457,0.44674,0.44674,-0.78457,3,0.90284
2010-09-28,0,0.69113,0.63416,0.63416,-0.69113,3,0.93798
2010-09-29,0,0.67444,0.81955,0.81955,-0.67444,4,1.06138
2010-09-30,0,0.65942,0.99282,0.99282,-0.65942,4,1.19185
2010-10-01,0,0.55586,1.11514,1.11514,-0.55586,4,1.246
2010-10-02,0,0.39678,1.21605,1.21605,-0.39678,4,1.27915
2010-10-03,0,0.18714,1.21722,1.21722,-0.18714,4,1.23152
2010-10-04,0,-0.05291,1.22162,1.22162,0.05291,5,1.22276
2010-10-05,0,-0.35466,1.2808,1.2808,0.35466,5,1.329
2010-10-06,0,-0.69896,1.27147,1.27147,0.69896,5,1.45093
2010-10-07,0,-1.04042,1.11486,1.11486,1.04042,5,1.52492
2010-10-08,0,-1.46703,0.85379,0.85379,1.46703,6,1.69739
2010-10-09,0,-1.85771,0.49854,0.49854,1.85771,6,1.92345
2010-10-10,0,-2.12588,0.08681,0.08681,2.12588,6,2.12765
2010-10-11,0,-2.27186,-0.36916,-0.36916,2.27186,7,2.30166
2010-10-12,0,-2.27715,-0.72892,-0.72892,2.27715,7,2.39097
2010-10-13,0,-2.19292,-0.96595,-0.96595,2.19292,7,2.39624
2010-10-14,0,-2.06235,-1.14292,-1.14292,2.06235,7,2.35787
2010-10-15,0,-1.95386,-1.25279,-1.25279,1.95386,7,2.321
2010-10-16,0,-1.83203,-1.23358,-1.23358,1.83203,7,2.20863
2010-10-17,0,-1.6529,-1.1516,-1.1516,1.6529,7,2.01451
2010-10-18,0,-1.49944,-1.055,-1.055,1.49944,7,1.8334
2010-10-19,0,-1.31909,-0.96017,-0.96017,1.31909,7,1.63154
2010-10-20,0,-1.0985,-0.79386,-0.79386,1.0985,7,1.35533
2010-10-21,0,-0.86354,-0.6637,-0.6637,0.86354,7,1.08913
2010-10-22,0,-0.70544,-0.45937,-0.45937,0.70544,7,0.84182
2010-10-23,0,-0.52441,-0.1859,-0.1859,0.52441,7,0.55639
2010-10-24,0,-0.35996,0.08345,0.08345,0.35996,6,0.3695
2010-10-25,0,-0.31786,0.26342,0.26342,0.31786,6,0.41282
2010-10-26,0,-0.30552,0.32886,0.32886,0.30552,5,0.44888
2010-10-27,0,-0.24207,0.4476,0.4476,0.24207,5,0.50886
2010-10-28,0,-0.1792,0.59717,0.59717,0.1792,5,0.62348
2010-10-29,0,-0.19884,0.67172,0.67172,0.19884,5,0.70053
2010-10-30,0,-0.26984,0.72708,0.72708,0.26984,5,0.77554
2010-10-31,0,-0.30524,0.74079,0.74079,0.30524,5,0.80121
2010-11-01,0,-0.3166,0.59055,0.59055,0.3166,5,0.67007
2010-11-02,0,-0.27347,0.4294,0.4294,0.27347,5,0.50908
2010-11-03,0,-0.08534,0.28287,0.28287,0.08534,5,0.29546
2010-11-04,0,0.03799,0.14854,0.14854,-0.03799,4,0.15332
2010-11-05,0,0.07962,0.02322,0.02322,-0.07962,3,0.08294
2010-11-06,0,0.08762,-0.1541,-0.1541,-0.08762,1,0.17727
2010-11-07,0,0.20868,-0.31515,-0.31515,-0.20868,1,0.37797
2010-11-08,0,0.38785,-0.50019,-0.50019,-0.38785,1,0.63294
2010-11-09,0,0.53666,-0.73111,-0.73111,-0.53666,1,0.90693
2010-11-10,0,0.63928,-0.82167,-0.82167,-0.63928,1,1.04107
2010-11-11,0,0.61762,-0.88501,-0.88501,-0.61762,1,1.07921
2010-11-12,0,0.50546,-0.88032,-0.88032,-0.50546,1,1.01511
2010-11-13,0,0.46837,-0.8422,-0.8422,-0.46837,1,0.96368
2010-11-14,0,0.52271,-0.88049,-0.88049,-0.52271,1,1.02396
2010-11-15,0,0.58784,-0.80368,-0.80368,-0.58784,1,0.99572
2010-11-16,0,0.68239,-0.75106,-0.75106,-0.68239,1,1.01476
2010-11-17,0,0.74748,-0.6946,-0.6946,-0.74748,2,1.0204
2010-11-18,0,0.87502,-0.53369,-0.53369,-0.87502,2,1.02493
2010-11-19,0,0.95944,-0.3412,-0.3412,-0.95944,2,1.0183
2010-11-20,0,1.02321,-0.08893,-0.08893,-1.02321,2,1.02707
2010-11-21,0,1.07258,0.14432,0.14432,-1.07258,3,1.08225
2010-11-22,0,1.0689,0.32031,0.32031,-1.0689,3,1.11586
2010-11-23,0,0.97938,0.4476,0.4476,-0.97938,3,1.07681
2010-11-24,0,0.96999,0.5016,0.5016,-0.96999,3,1.09201
2010-11-25,0,0.87369,0.58224,0.58224,-0.87369,3,1.04992
2010-11-26,0,0.89213,0.70438,0.70438,-0.89213,3,1.13668
2010-11-27,0,0.87193,0.77495,0.77495,-0.87193,3,1.16653
2010-11-28,0,0.8302,0.82345,0.82345,-0.8302,3,1.16932
2010-11-29,0,0.75339,0.78554,0.78554,-0.75339,4,1.08843
2010-11-30,0,0.71706,0.79548,0.79548,-0.71706,4,1.07097
2010-12-01,0,0.69029,0.8138,0.8138,-0.69029,4,1.06713
2010-12-02,0,0.65133,0.819,0.819,-0.65133,4,1.04641
2010-12-03,0,0.52011,0.83071,0.83071,-0.52011,4,0.9801
2010-12-04,0,0.33051,0.80225,0.80225,-0.33051,4,0.86766
2010-12-05,0,0.05013,0.83749,0.83749,-0.05013,4,0.83899
2010-12-06,0,-0.14914,0.8859,0.8859,0.14914,5,0.89837
2010-12-07,0,-0.27572,0.91346,0.91346,0.27572,5,0.95417
2010-12-08,0,-0.37145,0.88425,0.88425,0.37145,5,0.9591
2010-12-09,0,-0.5645,0.81376,0.81376,0.5645,5,0.99038
2010-12-10,0,-0.69796,0.75722,0.75722,0.69796,5,1.02982
2010-12-11,0,-0.7623,0.63416,0.63416,0.7623,6,0.9916
2010-12-12,0,-0.75816,0.44576,0.44576,0.75816,6,0.87949
2010-12-13,0,-0.63708,0.2924,0.2924,0.63708,6,0.70097
2010-12-14,0,-0.49536,0.12084,0.12084,0.49536,6,0.50988
2010-12-15,0,-0.41189,-0.03769,-0.03769,0.41189,7,0.41361
2010-12-16,0,-0.32533,-0.15518,-0.15518,0.32533,7,0.36044
2010-12-17,0,-0.29582,-0.20404,-0.20404,0.29582,7,0.35936
2010-12-18,0,-0.23372,-0.15285,-0.15285,0.23372,7,0.27926
2010-12-19,0,-0.219,-0.09872,-0.09872,0.219,7,0.24022
2010-12-20,0,-0.23595,0.03856,0.03856,0.23595,6,0.23908
2010-12-21,0,-0.2512,0.21812,0.21812,0.2512,6,0.33268
2010-12-22,0,-0.28868,0.35642,0.35642,0.28868,5,0.45866
2010-12-23,0,-0.23922,0.504,0.504,0.23922,5,0.55789
2010-12-24,0,-0.21163,0.58767,0.58767,0.21163,5,0.62462
2010-12-25,0,-0.22435,0.61592,0.61592,0.22435,5,0.65551
2010-12-26,0,-0.13623,0.6372,0.6372,0.13623,5,0.6516
2010-12-27,0,-0.00716,0.62214,0.62214,0.00716,5,0.62219
2010-12-28,0,0.15682,0.58161,0.58161,-0.15682,4,0.60238
2010-12-29,0,0.29021,0.50537,0.50537,-0.29021,4,0.58277
2010-12-30,0,0.37357,0.33807,0.33807,-0.37357,3,0.50383
2010-12-31,0,0.41114,0.14496,0.14496,-0.41114,3,0.43595
2011-01-01,0,0.32249,-0.03224,-0.03224,-0.32249,2,0.3241
2011-01-02,0,0.25422,-0.18508,-0.18508,-0.25422,2,0.31445
2011-01-03,0,0.24835,-0.24373,-0.24373,-0.24835,2,0.34797
2011-01-04,0,0.22615,-0.27095,-0.27095,-0.22615,1,0.35292
2011-01-05,0,0.1547,-0.25416,-0.25416,-0.1547,1,0.29754
2011-01-06,0,0.07907,-0.21997,-0.21997,-0.07907,1,0.23375
2011-01-07,0,0.03746,-0.18462,-0.18462,-0.03746,1,0.18838
2011-01-08,0,-0.04524,-0.06163,-0.06163,0.04524,8,0.07645
2011-01-09,0,-0.1515,0.09442,0.09442,0.1515,6,0.17851
2011-01-10,0,-0.25044,0.2348,0.2348,0.25044,6,0.3433
2011-01-11,0,-0.32069,0.38584,0.38584,0.32069,5,0.50171
2011-01-12,0,-0.3047,0.52542,0.52542,0.3047,5,0.60738
2011-01-13,0,-0.2628,0.60743,0.60743,0.2628,5,0.66185
2011-01-14,0,-0.29117,0.44719,0.44719,0.29117,5,0.53363
2011-01-15,0,-0.44964,0.20094,0.20094,0.44964,6,0.4925
2011-01-16,0,-0.60604,-0.04742,-0.04742,0.60604,7,0.60789
2011-01-17,0,-0.68623,-0.32716,-0.32716,0.68623,7,0.76023
2011-01-18,0,-0.66768,-0.59839,-0.59839,0.66768,7,0.89658
2011-01-19,0,-0.67645,-0.85329,-0.85329,0.67645,8,1.08889
2011-01-20,0,-0.65912,-1.07941,-1.07941,0.65912,8,1.26474
2011-01-21,0,-0.68137,-1.33736,-1.33736,0.68137,8,1.50093
2011-01-22,0,-0.69186,-1.5246,-1.5246,0.69186,8,1.67423
2011-01-23,0,-0.61359,-1.53664,-1.53664,0.61359,8,1.65462
2011-01-24,0,-0.43575,-1.41643,-1.41643,0.43575,8,1.48194
2011-01-25,0,-0.24629,-1.27204,-1.27204,0.24629,8,1.29566
2011-01-26,0,-0.10652,-1.13503,-1.13503,0.10652,8,1.14002
2011-01-27,0,-0.04752,-1.0088,-1.0088,0.04752,8,1.00992
2011-01-28,0,0.0497,-0.80432,-0.80432,-0.0497,1,0.80586
2011-01-29,0,0.0918,-0.61842,-0.61842,-0.0918,1,0.6252
2011-01-30,0,0.09883,-0.39167,-0.39167,-0.09883,1,0.40395
2011-01-31,0,0.12559,-0.16658,-0.16658,-0.12559,1,0.20861
2011-02-01,0,0.18348,0.01193,0.01193,-0.18348,3,0.18386
2011-02-02,0,0.18919,0.10579,0.10579,-0.18919,3,0.21676
2011-02-03,0,0.13459,0.18272,0.18272,-0.13459,4,0.22694
2011-02-04,0,0.09892,0.23072,0.23072,-0.09892,4,0.25103
2011-02-05,0,0.08634,0.22328,0.22328,-0.08634,4,0.23939
2011-02-06,0,0.18421,0.0411,0.0411,-0.18421,3,0.18874
2011-02-07,0,0.29404,-0.06578,-0.06578,-0.29404,2,0.30131
2011-02-08,0,0.31782,-0.17195,-0.17195,-0.31782,2,0.36135
2011-02-09,0,0.33246,-0.33881,-0.33881,-0.33246,1,0.47468
2011-02-10,0,0.31858,-0.44205,-0.44205,-0.31858,1,0.54489
2011-02-11,0,0.30527,-0.53752,-0.53752,-0.30527,1,0.61816
2011-02-12,0,0.21634,-0.62731,-0.62731,-0.21634,1,0.66357
2011-02-13,0,0.10345,-0.63876,-0.63876,-0.10345,1,0.64708
2011-02-14,0,0.01771,-0.58076,-0.58076,-0.01771,1,0.58103
2011-02-15,0,-0.1384,-0.42499,-0.42499,0.1384,8,0.44696
2011-02-16,0,-0.2405,-0.2912,-0.2912,0.2405,8,0.37767
2011-02-17,0,-0.21859,-0.21926,-0.21926,0.21859,8,0.30961
2011-02-18,0,-0.21473,-0.0688,-0.0688,0.21473,7,0.22548
2011-02-19,0,-0.22416,0.12525,0.12525,0.22416,6,0.25678
2011-02-20,0,-0.19162,0.31698,0.31698,0.19162,5,0.3704
2011-02-21,0,-0.07889,0.42102,0.42102,0.07889,5,0.42835
2011-02-22,0,-0.03924,0.54282,0.54282,0.03924,5,0.54424
2011-02-23,0,-0.05436,0.65087,0.65087,0.05436,5,0.65313
2011-02-24,0,-0.08085,0.72916,0.72916,0.08085,5,0.73363
2011-02-25,0,-0.15667,0.74848,0.74848,0.15667,5,0.7647
2011-02-26,0,-0.34255,0.7312,0.7312,0.34255,5,0.80747
2011-02-27,0,-0.42155,0.67943,0.67943,0.42155,5,0.79958
2011-02-28,0,-0.43549,0.57176,0.57176,0.43549,5,0.71872
2011-03-01,0,-0.39822,0.51123,0.51123,0.39822,5,0.64803
2011-03-02,0,-0.39625,0.47325,0.47325,0.39625,5,0.61723
2011-03-03,0,-0.34443,0.42167,0.42167,0.34443,5,0.54446
2011-03-04,0,-0.27823,0.36863,0.36863,0.27823,5,0.46184
2011-03-05,0,-0.23841,0.33558,0.33558,0.23841,5,0.41165
2011-03-06,0,-0.15375,0.31604,0.31604,0.15375,5,0.35146
2011-03-07,0,-0.00963,0.31718,0.31718,0.00963,5,0.31732
2011-03-08,0,0.03911,0.30664,0.30664,-0.03911,4,0.30912
2011-03-09,0,0.09578,0.26174,0.26174,-0.09578,4,0.27871
2011-03-10,0,0.12625,0.20221,0.20221,-0.12625,4,0.23839
2011-03-11,0,0.11364,0.16112,0.16112,-0.11364,4,0.19717
2011-03-12,0,0.07946,0.09339,0.09339,-0.07946,4,0.12262
2011-03-13,0,0.04225,0.01537,0.01537,-0.04225,3,0.04496
2011-03-14,0,0.02802,-0.02386,-0.02386,-0.02802,2,0.0368
2011-03-15,0,0.00385,-0.09188,-0.09188,-0.00385,1,0.09196
2011-03-16,0,0.04132,-0.17239,-0.17239,-0.04132,1,0.17727
2011-03-17,0,0.07884,-0.13462,-0.13462,-0.07884,1,0.15601
2011-03-18,0,0.0812,-0.02705,-0.02705,-0.0812,2,0.08559
2011-03-19,0,0.05063,0.09818,0.09818,-0.05063,4,0.11047
2011-03-20,0,0.09494,0.25818,0.25818,-0.09494,4,0.27508
2011-03-21,0,0.16285,0.43383,0.43383,-0.16285,4,0.46339
2011-03-22,0,0.13624,0.63829,0.63829,-0.13624,4,0.65267
2011-03-23,0,0.12906,0.82829,0.82829,-0.12906,4,0.83828
2011-03-24,0,0.14276,1.05267,1.05267,-0.14276,4,1.0623
2011-03-25,0,0.11488,1.22722,1.22722,-0.11488,4,1.23259
2011-03-26,0,0.07173,1.26837,1.26837,-0.07173,4,1.2704
2011-03-27,0,-0.04039,1.26072,1.26072,0.04039,5,1.26137
2011-03-28,0,-0.19545,1.19838,1.19838,0.19545,5,1.21421
2011-03-29,0,-0.43745,1.08223,1.08223,0.43745,5,1.1673
2011-03-30,0,-0.68322,0.91613,0.91613,0.68322,5,1.14284
2011-03-31,0,-0.8504,0.6875,0.6875,0.8504,6,1.09354
2011-04-01,0,-1.05958,0.48706,0.48706,1.05958,6,1.16617
2011-04-02,0,-1.25875,0.28333,0.28333,1.25875,6,1.29025
2011-04-03,0,-1.3409,0.11395,0.11395,1.3409,6,1.34573
2011-04-04,0,-1.33322,-0.01595,-0.01595,1.33322,7,1.33331
2011-04-05,0,-1.25091,-0.15845,-0.15845,1.25091,7,1.26091
2011-04-06,0,-1.14945,-0.28583,-0.28583,1.14945,7,1.18446
2011-04-07,0,-1.04074,-0.37143,-0.37143,1.04074,7,1.10504
2011-04-08,0,-0.95216,-0.42967,-0.42967,0.95216,7,1.04461
2011-04-09,0,-0.87155,-0.41641,-0.41641,0.87155,7,0.96592
2011-04-10,0,-0.72931,-0.40559,-0.40559,0.72931,7,0.8345
2011-04-11,0,-0.55042,-0.41923,-0.41923,0.55042,7,0.69189
2011-04-12,0,-0.48114,-0.50806,-0.50806,0.48114,8,0.69973
2011-04-13,0,-0.44894,-0.61025,-0.61025,0.44894,8,0.7576
2011-04-14,0,-0.3365,-0.74935,-0.74935,0.3365,8,0.82143
2011-04-15,0,-0.2386,-0.89165,-0.89165,0.2386,8,0.92302
2011-04-16,0,-0.13563,-0.94017,-0.94017,0.13563,8,0.9499
2011-04-17,0,-0.10123,-0.95714,-0.95714,0.10123,8,0.96248
2011-04-18,0,-0.04479,-1.04968,-1.04968,0.04479,8,1.05064
2011-04-19,0,0.04924,-1.15649,-1.15649,-0.04924,1,1.15754
2011-04-20,0,0.08585,-1.21052,-1.21052,-0.08585,1,1.21356
2011-04-21,0,0.20823,-1.21746,-1.21746,-0.20823,1,1.23514
2011-04-22,0,0.30571,-1.17589,-1.17589,-0.30571,1,1.21499
2011-04-23,0,0.34877,-1.06529,-1.06529,-0.34877,1,1.12093
2011-04-24,0,0.43908,-0.90513,-0.90513,-0.43908,1,1.00601
2011-04-25,0,0.53011,-0.77698,-0.77698,-0.53011,1,0.94059
2011-04-26,0,0.69379,-0.58582,-0.58582,-0.69379,2,0.90804
2011-04-27,0,0.79855,-0.31966,-0.31966,-0.79855,2,0.86015
2011-04-28,0,0.85095,-0.04897,-0.04897,-0.85095,2,0.85236
2011-04-29,0,0.88975,0.14489,0.14489,-0.88975,3,0.90147
2011-04-30,0,0.80199,0.30958,0.30958,-0.80199,3,0.85967
2011-05-01,0,0.6867,0.47995,0.47995,-0.6867,3,0.8378
2011-05-02,0,0.45294,0.64544,0.64544,-0.45294,4,0.78851
2011-05-03,0,0.14149,0.71652,0.71652,-0.14149,4,0.73036
2011-05-04,0,-0.15025,0.7289,0.7289,0.15025,5,0.74423
2011-05-05,0,-0.45196,0.63715,0.63715,0.45196,5,0.78117
2011-05-06,0,-0.69654,0.48253,0.48253,0.69654,6,0.84735
2011-05-07,0,-0.98866,0.21507,0.21507,0.98866,6,1.01178
2011-05-08,0,-1.163,-0.01017,-0.01017,1.163,7,1.16305
2011-05-09,0,-1.23171,-0.24349,-0.24349,1.23171,7,1.25554
2011-05-10,0,-1.21446,-0.45128,-0.45128,1.21446,7,1.2956
2011-05-11,0,-1.17681,-0.69344,-0.69344,1.17681,7,1.36592
2011-05-12,0,-1.13063,-0.92452,-0.92452,1.13063,7,1.4605
2011-05-13,0,-1.00918,-1.15154,-1.15154,1.00918,8,1.53117
2011-05-14,0,-0.79932,-1.35289,-1.35289,0.79932,8,1.57138
2011-05-15,0,-0.62546,-1.47209,-1.47209,0.62546,8,1.59945
2011-05-16,0,-0.43993,-1.43743,-1.43743,0.43993,8,1.50325
2011-05-17,0,-0.312,-1.41324,-1.41324,0.312,8,1.44727
2011-05-18,0,-0.1847,-1.30905,-1.30905,0.1847,8,1.32201
2011-05-19,0,-0.0867,-1.22905,-1.22905,0.0867,8,1.2321
2011-05-20,0,7e-05,-1.02335,-1.02335,-7e-05,1,1.02335
2011-05-21,0,0.16636,-0.71791,-0.71791,-0.16636,1,0.73694
2011-05-22,0,0.28061,-0.46559,-0.46559,-0.28061,1,0.54361
2011-05-23,0,0.3827,-0.13551,-0.13551,-0.3827,2,0.40598
2011-05-24,0,0.48902,0.20472,0.20472,-0.48902,3,0.53014
2011-05-25,0,0.57537,0.46203,0.46203,-0.57537,3,0.73792
2011-05-26,0,0.60071,0.69946,0.69946,-0.60071,4,0.922
2011-05-27,0,0.60701,0.85458,0.85458,-0.60701,4,1.04822
2011-05-28,0,0.63494,0.92757,0.92757,-0.63494,4,1.12407
2011-05-29,0,0.68923,0.90283,0.90283,-0.68923,4,1.13585
2011-05-30,0,0.65976,0.76083,0.76083,-0.65976,4,1.00705
2011-05-31,0,0.60659,0.67705,0.67705,-0.60659,4,0.90904
2011-06-01,0,0.49878,0.54866,0.54866,-0.49878,4,0.74149
2011-06-02,0,0.38917,0.42831,0.42831,-0.38917,4,0.5787
2011-06-03,0,0.30686,0.3685,0.3685,-0.30686,4,0.47954
2011-06-04,0,0.20256,0.31921,0.31921,-0.20256,4,0.37806
2011-06-05,0,0.06825,0.32757,0.32757,-0.06825,4,0.3346
2011-06-06,0,-0.05231,0.3686,0.3686,0.05231,5,0.3723
2011-06-07,0,-0.1436,0.45644,0.45644,0.1436,5,0.47849
2011-06-08,0,-0.21338,0.60902,0.60902,0.21338,5,0.64532
2011-06-09,0,-0.28601,0.77414,0.77414,0.28601,5,0.82528
2011-06-10,0,-0.34229,0.93063,0.93063,0.34229,5,0.99158
2011-06-11,0,-0.35287,0.97718,0.97718,0.35287,5,1.03894
2011-06-12,0,-0.38134,0.93527,0.93527,0.38134,5,1.01003
2011-06-13,0,-0.46145,0.90501,0.90501,0.46145,5,1.01586
2011-06-14,0,-0.52328,0.83126,0.83126,0.52328,5,0.98225
2011-06-15,0,-0.61439,0.66219,0.66219,0.61439,5,0.90331
2011-06-16,0,-0.69363,0.43977,0.43977,0.69363,6,0.82129
2011-06-17,0,-0.73613,0.17329,0.17329,0.73613,6,0.75626
2011-06-18,0,-0.81212,-0.06928,-0.06928,0.81212,7,0.81507
2011-06-19,0,-0.89689,-0.33215,-0.33215,0.89689,7,0.95642
2011-06-20,0,-0.92546,-0.58029,-0.58029,0.92546,7,1.09234
2011-06-21,0,-0.83939,-0.67368,-0.67368,0.83939,7,1.0763
2011-06-22,0,-0.58831,-0.8077,-0.8077,0.58831,8,0.99924
2011-06-23,0,-0.26439,-0.98893,-0.98893,0.26439,8,1.02366
2011-06-24,0,0.08929,-1.08634,-1.08634,-0.08929,1,1.09
2011-06-25,0,0.31643,-1.15554,-1.15554,-0.31643,1,1.19808
2011-06-26,0,0.48657,-1.08076,-1.08076,-0.48657,1,1.18524
2011-06-27,0,0.68318,-0.9554,-0.9554,-0.68318,1,1.17453
2011-06-28,0,0.83512,-0.77991,-0.77991,-0.83512,2,1.14266
2011-06-29,0,0.88823,-0.5581,-0.5581,-0.88823,2,1.04901
2011-06-30,0,0.81483,-0.40892,-0.40892,-0.81483,2,0.91168
2011-07-01,0,0.69962,-0.28261,-0.28261,-0.69962,2,0.75454
2011-07-02,0,0.4608,-0.18267,-0.18267,-0.4608,2,0.49568
2011-07-03,0,0.24916,-0.17913,-0.17913,-0.24916,2,0.30687
2011-07-04,0,0.11168,-0.16042,-0.16042,-0.11168,1,0.19546
2011-07-05,0,0.00456,-0.26354,-0.26354,-0.00456,1,0.26358
2011-07-06,0,-0.01486,-0.43716,-0.43716,0.01486,8,0.43741
2011-07-07,0,0.10306,-0.61183,-0.61183,-0.10306,1,0.62045
2011-07-08,0,0.19819,-0.80999,-0.80999,-0.19819,1,0.83388
2011-07-09,0,0.31963,-0.99143,-0.99143,-0.31963,1,1.04168
2011-07-10,0,0.41853,-1.14543,-1.14543,-0.41853,1,1.2195
2011-07-11,0,0.52568,-1.16747,-1.16747,-0.52568,1,1.28036
2011-07-12,0,0.61396,-1.07529,-1.07529,-0.61396,1,1.23823
2011-07-13,0,0.71706,-0.99057,-0.99057,-0.71706,1,1.22287
2011-07-14,0,0.77493,-0.83346,-0.83346,-0.77493,1,1.13805
2011-07-15,0,0.73768,-0.63408,-0.63408,-0.73768,2,0.97274
2011-07-16,0,0.59228,-0.36109,-0.36109,-0.59228,2,0.69367
2011-07-17,0,0.50625,0.01037,0.01037,-0.50625,3,0.50635
2011-07-18,0,0.41666,0.32319,0.32319,-0.41666,3,0.52731
2011-07-19,0,0.28607,0.63399,0.63399,-0.28607,4,0.69555
2011-07-20,0,0.16849,0.84924,0.84924,-0.16849,4,0.86579
2011-07-21,0,0.0115,0.91055,0.91055,-0.0115,4,0.91062
2011-07-22,0,-0.17501,0.96635,0.96635,0.17501,5,0.98207
2011-07-23,0,-0.30339,0.98001,0.98001,0.30339,5,1.0259
2011-07-24,0,-0.42888,0.98609,0.98609,0.42888,5,1.07532
2011-07-25,0,-0.53462,0.9107,0.9107,0.53462,5,1.05603
2011-07-26,0,-0.60133,0.68471,0.68471,0.60133,5,0.91127
2011-07-27,0,-0.64357,0.46041,0.46041,0.64357,6,0.7913
2011-07-28,0,-0.64528,0.24296,0.24296,0.64528,6,0.6895
2011-07-29,0,-0.60923,0.07396,0.07396,0.60923,6,0.6137
2011-07-30,0,-0.55311,-0.01119,-0.01119,0.55311,7,0.55322
2011-07-31,0,-0.43839,-0.11082,-0.11082,0.43839,7,0.45218
2011-08-01,0,-0.41358,-0.27328,-0.27328,0.41358,7,0.49571
2011-08-02,0,-0.36734,-0.39645,-0.39645,0.36734,8,0.54047
2011-08-03,0,-0.25943,-0.48292,-0.48292,0.25943,8,0.5482
2011-08-04,0,-0.19367,-0.50792,-0.50792,0.19367,8,0.54359
2011-08-05,0,-0.12474,-0.44124,-0.44124,0.12474,8,0.45854
2011-08-06,0,-0.01426,-0.40292,-0.40292,0.01426,8,0.40317
2011-08-07,0,0.05071,-0.37846,-0.37846,-0.05071,1,0.38184
2011-08-08,0,0.16011,-0.33023,-0.33023,-0.16011,1,0.367
2011-08-09,0,0.26349,-0.24886,-0.24886,-0.26349,2,0.36243
2011-08-10,0,0.41875,-0.05691,-0.05691,-0.41875,2,0.4226
2011-08-11,0,0.56089,0.05227,0.05227,-0.56089,3,0.56332
2011-08-12,0,0.59237,0.1531,0.1531,-0.59237,3,0.61183
2011-08-13,0,0.62934,0.21177,0.21177,-0.62934,3,0.66402
2011-08-14,0,0.61974,0.22101,0.22101,-0.61974,3,0.65796
2011-08-15,0,0.59631,0.25026,0.25026,-0.59631,3,0.6467
2011-08-16,0,0.57242,0.22963,0.22963,-0.57242,3,0.61676
2011-08-17,0,0.47352,0.16779,0.16779,-0.47352,3,0.50237
2011-08-18,0,0.38602,0.09231,0.09231,-0.38602,3,0.39691
2011-08-19,0,0.3093,-0.05066,-0.05066,-0.3093,2,0.31342
2011-08-20,0,0.25007,-0.13465,-0.13465,-0.25007,2,0.28402
2011-08-21,0,0.20287,-0.20579,-0.20579,-0.20287,1,0.28897
2011-08-22,0,0.10828,-0.2179,-0.2179,-0.10828,1,0.24332
2011-08-23,0,0.10412,-0.17079,-0.17079,-0.10412,1,0.20003
2011-08-24,0,0.1797,-0.09025,-0.09025,-0.1797,2,0.20109
2011-08-25,0,0.25515,-0.0259,-0.0259,-0.25515,2,0.25646
2011-08-26,0,0.29281,0.05002,0.05002,-0.29281,3,0.29705
2011-08-27,0,0.23634,0.13914,0.13914,-0.23634,3,0.27425
2011-08-28,0,0.20775,0.24807,0.24807,-0.20775,4,0.32357
2011-08-29,0,0.24857,0.32251,0.32251,-0.24857,4,0.40719
2011-08-30,0,0.2785,0.35441,0.35441,-0.2785,4,0.45075
2011-08-31,0,0.28213,0.34497,0.34497,-0.28213,4,0.44564
2011-09-01,0,0.24436,0.25272,0.25272,-0.24436,4,0.35154
2011-09-02,0,0.18416,0.16722,0.16722,-0.18416,3,0.24875
2011-09-03,0,0.13195,0.16757,0.16757,-0.13195,4,0.21328
2011-09-04,0,0.04232,0.20777,0.20777,-0.04232,4,0.21203
2011-09-05,0,0.02172,0.24449,0.24449,-0.02172,4,0.24546
2011-09-06,0,0.02202,0.29886,0.29886,-0.02202,4,0.29967
2011-09-07,0,-0.0169,0.35609,0.35609,0.0169,5,0.35649
2011-09-08,0,0.04373,0.41248,0.41248,-0.04373,4,0.41479
2011-09-09,0,0.14866,0.48579,0.48579,-0.14866,4,0.50803
2011-09-10,0,0.25168,0.51971,0.51971,-0.25168,4,0.57744
2011-09-11,0,0.2046,0.51215,0.51215,-0.2046,4,0.5515
2011-09-12,0,0.13476,0.48903,0.48903,-0.13476,4,0.50726
2011-09-13,0,0.07313,0.42538,0.42538,-0.07313,4,0.43162
2011-09-14,0,-0.00113,0.3957,0.3957,0.00113,5,0.3957
2011-09-15,0,-0.14734,0.43013,0.43013,0.14734,5,0.45467
2011-09-16,0,-0.27767,0.45868,0.45868,0.27767,5,0.53618
2011-09-17,0,-0.44768,0.43734,0.43734,0.44768,6,0.62585
2011-09-18,0,-0.66351,0.38506,0.38506,0.66351,6,0.76715
2011-09-19,0,-0.92501,0.30006,0.30006,0.92501,6,0.97246
2011-09-20,0,-1.07073,0.15592,0.15592,1.07073,6,1.08202
2011-09-21,0,-1.14211,0.01492,0.01492,1.14211,6,1.14221
2011-09-22,0,-1.17149,0.01676,0.01676,1.17149,6,1.17161
2011-09-23,0,-1.1944,-0.00855,-0.00855,1.1944,7,1.19443
2011-09-24,0,-1.08527,-0.11498,-0.11498,1.08527,7,1.09135
2011-09-25,0,-0.9957,-0.23854,-0.23854,0.9957,7,1.02388
2011-09-26,0,-0.96367,-0.34725,-0.34725,0.96367,7,1.02432
2011-09-27,0,-0.94397,-0.41944,-0.41944,0.94397,7,1.03296
2011-09-28,0,-0.84189,-0.37156,-0.37156,0.84189,7,0.92024
2011-09-29,0,-0.68553,-0.24347,-0.24347,0.68553,7,0.72748
2011-09-30,0,-0.5873,-0.15219,-0.15219,0.5873,7,0.6067
2011-10-01,0,-0.51919,-0.24906,-0.24906,0.51919,7,0.57584
2011-10-02,0,-0.46206,-0.34895,-0.34895,0.46206,7,0.57902
2011-10-03,0,-0.53508,-0.39647,-0.39647,0.53508,7,0.66596
2011-10-04,0,-0.68784,-0.43361,-0.43361,0.68784,7,0.81311
2011-10-05,0,-0.74023,-0.42532,-0.42532,0.74023,7,0.85373
2011-10-06,0,-0.62437,-0.4121,-0.4121,0.62437,7,0.74811
2011-10-07,0,-0.50904,-0.42447,-0.42447,0.50904,7,0.6628
2011-10-08,0,-0.49049,-0.49539,-0.49539,0.49049,8,0.69713
2011-10-09,0,-0.42987,-0.60394,-0.60394,0.42987,8,0.74131
2011-10-10,0,-0.22315,-0.67745,-0.67745,0.22315,8,0.71326
2011-10-11,0,0.06366,-0.7389,-0.7389,-0.06366,1,0.74163
2011-10-12,0,0.47745,-0.74576,-0.74576,-0.47745,1,0.8855
2011-10-13,0,0.93704,-0.65704,-0.65704,-0.93704,2,1.14444
2011-10-14,0,1.32997,-0.58203,-0.58203,-1.32997,2,1.45175
2011-10-15,0,1.60358,-0.52856,-0.52856,-1.60358,2,1.68844
2011-10-16,0,1.79108,-0.54422,-0.54422,-1.79108,2,1.87193
2011-10-17,0,2.01934,-0.51978,-0.51978,-2.01934,2,2.08516
2011-10-18,0,2.211,-0.52001,-0.52001,-2.211,2,2.27133
2011-10-19,0,2.24571,-0.45017,-0.45017,-2.24571,2,2.29039
2011-10-20,0,2.2789,-0.37,-0.37,-2.2789,2,2.30874
2011-10-21,0,2.25369,-0.21593,-0.21593,-2.25369,2,2.26401
2011-10-22,0,2.22491,-0.11564,-0.11564,-2.22491,2,2.22792
2011-10-23,0,2.1816,-0.01347,-0.01347,-2.1816,2,2.18164
2011-10-24,0,2.17136,0.06035,0.06035,-2.17136,3,2.1722
2011-10-25,0,2.20167,0.12227,0.12227,-2.20167,3,2.20506
2011-10-26,0,2.1599,0.11783,0.11783,-2.1599,3,2.16311
2011-10-27,0,2.12433,0.23413,0.23413,-2.12433,3,2.13719
2011-10-28,0,2.057,0.33439,0.33439,-2.057,3,2.08401
2011-10-29,0,1.85971,0.44308,0.44308,-1.85971,3,1.91177
2011-10-30,0,1.63239,0.56865,0.56865,-1.63239,3,1.7286
2011-10-31,0,1.2559,0.66253,0.66253,-1.2559,3,1.41994
2011-11-01,0,0.80175,0.74116,0.74116,-0.80175,3,1.09184
2011-11-02,0,0.36611,0.78588,0.78588,-0.36611,4,0.86697
2011-11-03,0,-0.03754,0.74721,0.74721,0.03754,5,0.74816
2011-11-04,0,-0.35271,0.72481,0.72481,0.35271,5,0.80608
2011-11-05,0,-0.62464,0.57393,0.57393,0.62464,6,0.84828
2011-11-06,0,-0.81575,0.39336,0.39336,0.81575,6,0.90563
2011-11-07,0,-0.94488,0.16036,0.16036,0.94488,6,0.95839
2011-11-08,0,-1.08188,-0.07638,-0.07638,1.08188,7,1.08458
2011-11-09,0,-1.13074,-0.27614,-0.27614,1.13074,7,1.16397
2011-11-10,0,-1.09493,-0.49192,-0.49192,1.09493,7,1.20036
2011-11-11,0,-1.03647,-0.63911,-0.63911,1.03647,7,1.21768
2011-11-12,0,-1.00507,-0.6617,-0.6617,1.00507,7,1.20334
2011-11-13,0,-1.0074,-0.60688,-0.60688,1.0074,7,1.17608
2011-11-14,0,-0.96583,-0.52896,-0.52896,0.96583,7,1.1012
2011-11-15,0,-0.89389,-0.49181,-0.49181,0.89389,7,1.02026
2011-11-16,0,-0.76079,-0.41321,-0.41321,0.76079,7,0.86577
2011-11-17,0,-0.65992,-0.32291,-0.32291,0.65992,7,0.73469
2011-11-18,0,-0.47127,-0.28285,-0.28285,0.47127,7,0.54964
2011-11-19,0,-0.14664,-0.23899,-0.23899,0.14664,8,0.28039
2011-11-20,0,0.12541,-0.14685,-0.14685,-0.12541,1,0.19311
2011-11-21,0,0.34551,0.00581,0.00581,-0.34551,3,0.34555
2011-11-22,0,0.55271,0.17257,0.17257,-0.55271,3,0.57902
2011-11-23,0,0.73468,0.35666,0.35666,-0.73468,3,0.81668
2011-11-24,0,0.91708,0.56893,0.56893,-0.91708,3,1.07922
2011-11-25,0,1.0005,0.68209,0.68209,-1.0005,3,1.21089
2011-11-26,0,1.1099,0.82691,0.82691,-1.1099,3,1.38407
2011-11-27,0,1.11637,0.9259,0.9259,-1.11637,3,1.45037
2011-11-28,0,0.99078,0.95367,0.95367,-0.99078,3,1.37518
2011-11-29,0,0.83017,0.97026,0.97026,-0.83017,4,1.27695
2011-11-30,0,0.57343,0.99885,0.99885,-0.57343,4,1.15175
2011-12-01,0,0.24207,1.05649,1.05649,-0.24207,4,1.08387
2011-12-02,0,-0.12928,1.09959,1.09959,0.12928,5,1.10717
2011-12-03,0,-0.51132,1.15036,1.15036,0.51132,5,1.25888
2011-12-04,0,-0.73681,1.19681,1.19681,0.73681,5,1.40544
2011-12-05,0,-0.95651,1.15714,1.15714,0.95651,5,1.50129
2011-12-06,0,-1.10114,1.17286,1.17286,1.10114,5,1.60876
2011-12-07,0,-1.14556,1.1598,1.1598,1.14556,5,1.63017
2011-12-08,0,-1.19228,1.15541,1.15541,1.19228,6,1.66027
2011-12-09,0,-1.12296,1.03937,1.03937,1.12296,6,1.53014
2011-12-10,0,-1.02587,0.92673,0.92673,1.02587,6,1.38248
2011-12-11,0,-0.86786,0.90021,0.90021,0.86786,5,1.25043
2011-12-12,0,-0.7065,0.89989,0.89989,0.7065,5,1.14409
2011-12-13,0,-0.60647,0.96861,0.96861,0.60647,5,1.14281
2011-12-14,0,-0.49101,1.08205,1.08205,0.49101,5,1.18825
2011-12-15,0,-0.37671,1.09468,1.09468,0.37671,5,1.15768
2011-12-16,0,-0.24469,1.1594,1.1594,0.24469,5,1.18494
2011-12-17,0,-0.08166,1.28825,1.28825,0.08166,5,1.29083
2011-12-18,0,0.06296,1.51047,1.51047,-0.06296,4,1.51179
2011-12-19,0,0.21472,1.67951,1.67951,-0.21472,4,1.69318
2011-12-20,0,0.22631,1.7628,1.7628,-0.22631,4,1.77727
2011-12-21,0,0.19534,1.81439,1.81439,-0.19534,4,1.82487
2011-12-22,0,0.21175,1.79024,1.79024,-0.21175,4,1.80272
2011-12-23,0,0.20113,1.70748,1.70748,-0.20113,4,1.71928
2011-12-24,0,0.18176,1.58956,1.58956,-0.18176,4,1.59992
2011-12-25,0,0.02565,1.34959,1.34959,-0.02565,4,1.34984
2011-12-26,0,-0.14139,1.02655,1.02655,0.14139,5,1.03624
2011-12-27,0,-0.37628,0.68201,0.68201,0.37628,5,0.77892
2011-12-28,0,-0.63752,0.35743,0.35743,0.63752,6,0.73088
2011-12-29,0,-0.77429,-0.01134,-0.01134,0.77429,7,0.77437
2011-12-30,0,-0.86591,-0.35409,-0.35409,0.86591,7,0.93551
2011-12-31,0,-0.99872,-0.57154,-0.57154,0.99872,7,1.15069
2012-01-01,0,-1.10106,-0.76466,-0.76466,1.10106,7,1.34054
2012-01-02,0,-1.14934,-0.90549,-0.90549,1.14934,7,1.46318
2012-01-03,0,-1.12027,-0.94773,-0.94773,1.12027,7,1.46737
2012-01-04,0,-1.00008,-0.95983,-0.95983,1.00008,7,1.38616
2012-01-05,0,-0.75449,-1.02332,-1.02332,0.75449,8,1.2714
2012-01-06,0,-0.48587,-1.09608,-1.09608,0.48587,8,1.19894
2012-01-07,0,-0.2261,-1.06116,-1.06116,0.2261,8,1.08498
2012-01-08,0,0.02481,-0.97448,-0.97448,-0.02481,1,0.9748
2012-01-09,0,0.31548,-0.91219,-0.91219,-0.31548,1,0.96521
2012-01-10,0,0.65515,-0.91562,-0.91562,-0.65515,1,1.12587
2012-01-11,0,0.86476,-0.91077,-0.91077,-0.86476,1,1.25591
2012-01-12,0,1.03572,-0.92453,-0.92453,-1.03572,2,1.38834
2012-01-13,0,1.12026,-0.90573,-0.90573,-1.12026,2,1.4406
2012-01-14,0,1.11323,-0.87459,-0.87459,-1.11323,2,1.4157
2012-01-15,0,1.0302,-0.83086,-0.83086,-1.0302,2,1.3235
2012-01-16,0,0.91978,-0.72025,-0.72025,-0.91978,2,1.16823
2012-01-17,0,0.88662,-0.54755,-0.54755,-0.88662,2,1.04207
2012-01-18,0,0.85423,-0.30853,-0.30853,-0.85423,2,0.90824
2012-01-19,0,0.78047,0.03854,0.03854,-0.78047,3,0.78143
2012-01-20,0,0.75239,0.37072,0.37072,-0.75239,3,0.83876
2012-01-21,0,0.76817,0.65256,0.65256,-0.76817,3,1.00793
2012-01-22,0,0.80645,0.9011,0.9011,-0.80645,4,1.20927
2012-01-23,0,0.7719,1.14001,1.14001,-0.7719,4,1.37675
2012-01-24,0,0.72581,1.35953,1.35953,-0.72581,4,1.54114
2012-01-25,0,0.63401,1.4475,1.4475,-0.63401,4,1.58027
2012-01-26,0,0.46298,1.48516,1.48516,-0.46298,4,1.55565
2012-01-27,0,0.17445,1.44225,1.44225,-0.17445,4,1.45276
2012-01-28,0,-0.15927,1.33049,1.33049,0.15927,5,1.33999
2012-01-29,0,-0.48208,1.1637,1.1637,0.48208,5,1.2596
2012-01-30,0,-0.76578,1.0672,1.0672,0.76578,5,1.31352
2012-01-31,0,-1.08399,0.94193,0.94193,1.08399,6,1.43606
2012-02-01,0,-1.36252,0.72568,0.72568,1.36252,6,1.54372
2012-02-02,0,-1.5885,0.40438,0.40438,1.5885,6,1.63916
2012-02-03,0,-1.6818,0.04304,0.04304,1.6818,6,1.68235
2012-02-04,0,-1.70097,-0.38721,-0.38721,1.70097,7,1.74449
2012-02-05,0,-1.59165,-0.78331,-0.78331,1.59165,7,1.77396
2012-02-06,0,-1.42158,-1.11966,-1.11966,1.42158,7,1.80957
2012-02-07,0,-1.24079,-1.33042,-1.33042,1.24079,8,1.81922
2012-02-08,0,-1.04019,-1.52564,-1.52564,1.04019,8,1.8465
2012-02-09,0,-0.74699,-1.63166,-1.63166,0.74699,8,1.79453
2012-02-10,0,-0.45442,-1.60456,-1.60456,0.45442,8,1.66766
2012-02-11,0,-0.10715,-1.50462,-1.50462,0.10715,8,1.50843
2012-02-12,0,0.21661,-1.3472,-1.3472,-0.21661,1,1.3645
2012-02-13,0,0.43869,-1.17315,-1.17315,-0.43869,1,1.25249
2012-02-14,0,0.5546,-1.01438,-1.01438,-0.5546,1,1.15609
2012-02-15,0,0.69688,-0.86127,-0.86127,-0.69688,1,1.10789
2012-02-16,0,0.95444,-0.76243,-0.76243,-0.95444,2,1.22158
2012-02-17,0,1.16537,-0.72765,-0.72765,-1.16537,2,1.37389
2012-02-18,0,1.26001,-0.73565,-0.73565,-1.26001,2,1.45905
2012-02-19,0,1.32972,-0.81496,-0.81496,-1.32972,2,1.55959
2012-02-20,0,1.38859,-0.84051,-0.84051,-1.38859,2,1.62316
2012-02-21,0,1.40007,-0.83683,-0.83683,-1.40007,2,1.6311
2012-02-22,0,1.41902,-0.80893,-0.80893,-1.41902,2,1.6334
2012-02-23,0,1.53755,-0.71235,-0.71235,-1.53755,2,1.69455
2012-02-24,0,1.63093,-0.49983,-0.49983,-1.63093,2,1.7058
2012-02-25,0,1.54463,-0.2805,-0.2805,-1.54463,2,1.56989
2012-02-26,0,1.34964,-0.06147,-0.06147,-1.34964,2,1.35104
2012-02-27,0,1.15928,0.17136,0.17136,-1.15928,3,1.17188
2012-02-28,0,1.02516,0.49253,0.49253,-1.02516,3,1.13734
2012-02-29,0,0.92894,0.79921,0.79921,-0.92894,3,1.22542
2012-03-01,0,0.95469,1.05018,1.05018,-0.95469,4,1.41926
2012-03-02,0,1.0955,1.2294,1.2294,-1.0955,4,1.64668
2012-03-03,0,1.29099,1.3482,1.3482,-1.29099,4,1.86663
2012-03-04,0,1.48336,1.3728,1.3728,-1.48336,3,2.02112
2012-03-05,0,1.68642,1.35116,1.35116,-1.68642,3,2.16093
2012-03-06,0,1.8716,1.32522,1.32522,-1.8716,3,2.29327
2012-03-07,0,2.01311,1.31093,1.31093,-2.01311,3,2.40232
2012-03-08,0,2.04627,1.31249,1.31249,-2.04627,3,2.43102
2012-03-09,0,1.95624,1.30578,1.30578,-1.95624,3,2.352
2012-03-10,0,1.7392,1.42976,1.42976,-1.7392,3,2.25145
2012-03-11,0,1.50091,1.62397,1.62397,-1.50091,4,2.21134
2012-03-12,0,1.1081,1.89885,1.89885,-1.1081,4,2.19853
2012-03-13,0,0.62143,2.15887,2.15887,-0.62143,4,2.24653
2012-03-14,0,-0.07563,2.30299,2.30299,0.07563,5,2.30423
2012-03-15,0,-0.90652,2.26285,2.26285,0.90652,5,2.43768
2012-03-16,0,-1.70539,1.88901,1.88901,1.70539,5,2.54494
2012-03-17,0,-2.28131,1.29723,1.29723,2.28131,6,2.62434
2012-03-18,0,-2.64313,0.71577,0.71577,2.64313,6,2.73834
2012-03-19,0,-2.88805,0.14837,0.14837,2.88805,6,2.89186
2012-03-20,0,-3.12876,-0.29199,-0.29199,3.12876,7,3.14236
2012-03-21,0,-3.26978,-0.69056,-0.69056,3.26978,7,3.3419
2012-03-22,0,-3.32553,-0.99366,-0.99366,3.32553,7,3.47081
2012-03-23,0,-3.3797,-1.15468,-1.15468,3.3797,7,3.57151
2012-03-24,0,-3.39087,-1.2701,-1.2701,3.39087,7,3.62093
2012-03-25,0,-3.35388,-1.26802,-1.26802,3.35388,7,3.58558
2012-03-26,0,-3.25598,-1.19641,-1.19641,3.25598,7,3.46883
2012-03-27,0,-3.15937,-1.10832,-1.10832,3.15937,7,3.34813
2012-03-28,0,-3.03226,-1.01082,-1.01082,3.03226,7,3.1963
2012-03-29,0,-2.88418,-0.99212,-0.99212,2.88418,7,3.05005
2012-03-30,0,-2.71504,-0.9474,-0.9474,2.71504,7,2.87559
2012-03-31,0,-2.62348,-0.94653,-0.94653,2.62348,7,2.78901
2012-04-01,0,-2.47236,-1.02897,-1.02897,2.47236,7,2.67793
2012-04-02,0,-2.26629,-1.21676,-1.21676,2.26629,7,2.57227
2012-04-03,0,-2.05774,-1.46076,-1.46076,2.05774,7,2.52351
2012-04-04,0,-1.82855,-1.72983,-1.72983,1.82855,7,2.51712
2012-04-05,0,-1.50847,-1.95587,-1.95587,1.50847,8,2.47
2012-04-06,0,-1.149,-2.07876,-2.07876,1.149,8,2.37517
2012-04-07,0,-0.80594,-2.11577,-2.11577,0.80594,8,2.26407
2012-04-08,0,-0.40545,-2.18271,-2.18271,0.40545,8,2.22005
2012-04-09,0,-0.00438,-2.19927,-2.19927,0.00438,8,2.19928
2012-04-10,0,0.37687,-2.12443,-2.12443,-0.37687,1,2.1576
2012-04-11,0,0.64544,-2.03163,-2.03163,-0.64544,1,2.13169
2012-04-12,0,0.8927,-1.85158,-1.85158,-0.8927,1,2.05555
2012-04-13,0,1.0939,-1.6143,-1.6143,-1.0939,1,1.95002
2012-04-14,0,1.21747,-1.38963,-1.38963,-1.21747,1,1.84752
2012-04-15,0,1.2814,-1.22879,-1.22879,-1.2814,2,1.77536
2012-04-16,0,1.30035,-1.06711,-1.06711,-1.30035,2,1.68215
2012-04-17,0,1.22454,-0.83689,-0.83689,-1.22454,2,1.4832
2012-04-18,0,1.17658,-0.57907,-0.57907,-1.17658,2,1.31136
2012-04-19,0,1.10828,-0.34892,-0.34892,-1.10828,2,1.1619
2012-04-20,0,1.13601,-0.10528,-0.10528,-1.13601,2,1.14087
2012-04-21,0,1.09665,0.11977,0.11977,-1.09665,3,1.10317
2012-04-22,0,0.96109,0.29361,0.29361,-0.96109,3,1.00494
2012-04-23,0,0.81982,0.39523,0.39523,-0.81982,3,0.91012
2012-04-24,0,0.76365,0.41757,0.41757,-0.76365,3,0.87036
2012-04-25,0,0.72954,0.42167,0.42167,-0.72954,3,0.84263
2012-04-26,0,0.70716,0.38535,0.38535,-0.70716,3,0.80534
2012-04-27,0,0.63305,0.3529,0.3529,-0.63305,3,0.72477
2012-04-28,0,0.57326,0.32129,0.32129,-0.57326,3,0.65716
2012-04-29,0,0.41871,0.32074,0.32074,-0.41871,3,0.52744
2012-04-30,0,0.29717,0.30037,0.30037,-0.29717,4,0.42253
2012-05-01,0,0.26168,0.29051,0.29051,-0.26168,4,0.39098
2012-05-02,0,0.23875,0.40013,0.40013,-0.23875,4,0.46594
2012-05-03,0,0.15217,0.51923,0.51923,-0.15217,4,0.54107
2012-05-04,0,0.05552,0.53394,0.53394,-0.05552,4,0.53682
2012-05-05,0,-0.03254,0.55011,0.55011,0.03254,5,0.55107
2012-05-06,0,-0.10538,0.57927,0.57927,0.10538,5,0.58877
2012-05-07,0,-0.18295,0.56526,0.56526,0.18295,5,0.59413
2012-05-08,0,-0.27068,0.53237,0.53237,0.27068,5,0.59723
2012-05-09,0,-0.3373,0.44069,0.44069,0.3373,5,0.55496
2012-05-10,0,-0.4524,0.37023,0.37023,0.4524,6,0.58458
2012-05-11,0,-0.58451,0.25739,0.25739,0.58451,6,0.63867
2012-05-12,0,-0.66229,0.14191,0.14191,0.66229,6,0.67732
2012-05-13,0,-0.70254,0.05968,0.05968,0.70254,6,0.70507
2012-05-14,0,-0.69152,-0.0489,-0.0489,0.69152,7,0.69325
2012-05-15,0,-0.64229,-0.19774,-0.19774,0.64229,7,0.67204
2012-05-16,0,-0.53989,-0.29488,-0.29488,0.53989,7,0.61517
2012-05-17,0,-0.44467,-0.33443,-0.33443,0.44467,7,0.55639
2012-05-18,0,-0.37588,-0.23591,-0.23591,0.37588,7,0.44378
2012-05-19,0,-0.2595,-0.15473,-0.15473,0.2595,7,0.30213
2012-05-20,0,-0.0933,-0.09158,-0.09158,0.0933,7,0.13074
2012-05-21,0,0.07832,-0.02303,-0.02303,-0.07832,2,0.08164
2012-05-22,0,0.29043,0.0715,0.0715,-0.29043,3,0.2991
2012-05-23,0,0.47242,0.17847,0.17847,-0.47242,3,0.50501
2012-05-24,0,0.63326,0.26739,0.26739,-0.63326,3,0.6874
2012-05-25,0,0.71387,0.36926,0.36926,-0.71387,3,0.80372
2012-05-26,0,0.90298,0.44463,0.44463,-0.90298,3,1.00652
2012-05-27,0,1.06747,0.3533,0.3533,-1.06747,3,1.12442
2012-05-28,0,1.20912,0.25703,0.25703,-1.20912,3,1.23614
2012-05-29,0,1.29778,0.13002,0.13002,-1.29778,3,1.30427
2012-05-30,0,1.33059,0.08829,0.08829,-1.33059,3,1.33352
2012-05-31,0,1.34373,0.1605,0.1605,-1.34373,3,1.35328
2012-06-01,0,1.28132,0.33994,0.33994,-1.28132,3,1.32565
2012-06-02,0,1.16921,0.55796,0.55796,-1.16921,3,1.29552
2012-06-03,0,0.96592,0.70105,0.70105,-0.96592,3,1.19351
2012-06-04,0,0.74886,0.78122,0.78122,-0.74886,4,1.08217
2012-06-05,0,0.55182,0.86697,0.86697,-0.55182,4,1.02769
2012-06-06,0,0.32358,0.89123,0.89123,-0.32358,4,0.94815
2012-06-07,0,0.1003,0.92046,0.92046,-0.1003,4,0.92591
2012-06-08,0,-0.14233,0.84296,0.84296,0.14233,5,0.8549
2012-06-09,0,-0.50631,0.62062,0.62062,0.50631,5,0.80095
2012-06-10,0,-0.80913,0.31163,0.31163,0.80913,6,0.86707
2012-06-11,0,-1.0945,0.04184,0.04184,1.0945,6,1.0953
2012-06-12,0,-1.2241,-0.13745,-0.13745,1.2241,7,1.23179
2012-06-13,0,-1.24495,-0.2934,-0.2934,1.24495,7,1.27905
2012-06-14,0,-1.18965,-0.4486,-0.4486,1.18965,7,1.27142
2012-06-15,0,-1.05572,-0.58371,-0.58371,1.05572,7,1.20634
2012-06-16,0,-0.94521,-0.66297,-0.66297,0.94521,7,1.15453
2012-06-17,0,-0.76333,-0.70431,-0.70431,0.76333,7,1.03862
2012-06-18,0,-0.51582,-0.79784,-0.79784,0.51582,8,0.95006
2012-06-19,0,-0.33344,-0.90956,-0.90956,0.33344,8,0.96875
2012-06-20,0,-0.14922,-1.00726,-1.00726,0.14922,8,1.01825
2012-06-21,0,0.00557,-1.05142,-1.05142,-0.00557,1,1.05144
2012-06-22,0,0.07921,-1.01986,-1.01986,-0.07921,1,1.02294
2012-06-23,0,0.11428,-0.91177,-0.91177,-0.11428,1,0.9189
2012-06-24,0,0.04941,-0.73923,-0.73923,-0.04941,1,0.74088
2012-06-25,0,0.01887,-0.62898,-0.62898,-0.01887,1,0.62926
2012-06-26,0,-0.02084,-0.54101,-0.54101,0.02084,8,0.54141
2012-06-27,0,0.01114,-0.3621,-0.3621,-0.01114,1,0.36227
2012-06-28,0,0.14633,-0.16555,-0.16555,-0.14633,1,0.22095
2012-06-29,0,0.26617,-0.04903,-0.04903,-0.26617,2,0.27065
2012-06-30,0,0.33768,-0.04116,-0.04116,-0.33768,2,0.34018
2012-07-01,0,0.37514,-0.04815,-0.04815,-0.37514,2,0.37822
2012-07-02,0,0.42433,-0.02012,-0.02012,-0.42433,2,0.4248
2012-07-03,0,0.53984,-0.00575,-0.00575,-0.53984,2,0.53987
2012-07-04,0,0.59698,0.00453,0.00453,-0.59698,3,0.597
2012-07-05,0,0.64892,0.03732,0.03732,-0.64892,3,0.64999
2012-07-06,0,0.73991,0.01298,0.01298,-0.73991,3,0.74003
2012-07-07,0,0.78188,-0.01458,-0.01458,-0.78188,2,0.78202
2012-07-08,0,0.79613,-0.03649,-0.03649,-0.79613,2,0.79697
2012-07-09,0,0.78045,0.03476,0.03476,-0.78045,3,0.78122
2012-07-10,0,0.77299,0.10936,0.10936,-0.77299,3,0.78069
2012-07-11,0,0.70883,0.07485,0.07485,-0.70883,3,0.71277
2012-07-12,0,0.6106,0.05338,0.05338,-0.6106,3,0.61292
2012-07-13,0,0.48415,0.11802,0.11802,-0.48415,3,0.49833
2012-07-14,0,0.40089,0.25868,0.25868,-0.40089,3,0.47711
2012-07-15,0,0.29313,0.39921,0.39921,-0.29313,4,0.49527
2012-07-16,0,0.14553,0.50201,0.50201,-0.14553,4,0.52268
2012-07-17,0,0.04578,0.59097,0.59097,-0.04578,4,0.59274
2012-07-18,0,-0.04626,0.55959,0.55959,0.04626,5,0.5615
2012-07-19,0,-0.14673,0.58647,0.58647,0.14673,5,0.60455
2012-07-20,0,-0.29645,0.72698,0.72698,0.29645,5,0.7851
2012-07-21,0,-0.46397,0.86487,0.86487,0.46397,5,0.98146
2012-07-22,0,-0.57174,0.86649,0.86649,0.57174,5,1.03812
2012-07-23,0,-0.79386,0.69542,0.69542,0.79386,6,1.05538
2012-07-24,0,-1.03796,0.58269,0.58269,1.03796,6,1.19033
2012-07-25,0,-1.23206,0.48684,0.48684,1.23206,6,1.32476
2012-07-26,0,-1.36665,0.41995,0.41995,1.36665,6,1.42971
2012-07-27,0,-1.39052,0.35516,0.35516,1.39052,6,1.43516
2012-07-28,0,-1.44307,0.18308,0.18308,1.44307,6,1.45463
2012-07-29,0,-1.4273,0.01291,0.01291,1.4273,6,1.42736
2012-07-30,0,-1.34975,-0.17417,-0.17417,1.34975,7,1.36094
2012-07-31,0,-1.2179,-0.3005,-0.3005,1.2179,7,1.25442
2012-08-01,0,-1.02545,-0.37424,-0.37424,1.02545,7,1.0916
2012-08-02,0,-0.87978,-0.45606,-0.45606,0.87978,7,0.99096
2012-08-03,0,-0.72206,-0.48839,-0.48839,0.72206,7,0.87172
2012-08-04,0,-0.55321,-0.54682,-0.54682,0.55321,7,0.77785
2012-08-05,0,-0.37775,-0.59567,-0.59567,0.37775,8,0.70535
2012-08-06,0,-0.21125,-0.5997,-0.5997,0.21125,8,0.63582
2012-08-07,0,-0.05384,-0.62614,-0.62614,0.05384,8,0.62845
2012-08-08,0,0.08226,-0.68778,-0.68778,-0.08226,1,0.69268
2012-08-09,0,0.12104,-0.84678,-0.84678,-0.12104,1,0.85539
2012-08-10,0,0.10133,-0.9417,-0.9417,-0.10133,1,0.94713
2012-08-11,0,0.2397,-0.96868,-0.96868,-0.2397,1,0.99789
2012-08-12,0,0.36241,-0.96695,-0.96695,-0.36241,1,1.03264
2012-08-13,0,0.47693,-0.93683,-0.93683,-0.47693,1,1.05125
2012-08-14,0,0.5789,-0.8973,-0.8973,-0.5789,1,1.06784
2012-08-15,0,0.63952,-0.92783,-0.92783,-0.63952,1,1.12688
2012-08-16,0,0.79289,-0.89933,-0.89933,-0.79289,1,1.19894
2012-08-17,0,0.90646,-0.73967,-0.73967,-0.90646,2,1.16994
2012-08-18,0,0.99249,-0.50123,-0.50123,-0.99249,2,1.11187
2012-08-19,0,1.13234,-0.31064,-0.31064,-1.13234,2,1.17417
2012-08-20,0,1.14501,-0.10605,-0.10605,-1.14501,2,1.14991
2012-08-21,0,1.15891,0.05764,0.05764,-1.15891,3,1.16034
2012-08-22,0,1.04097,0.18948,0.18948,-1.04097,3,1.05807
2012-08-23,0,0.86838,0.35378,0.35378,-0.86838,3,0.93768
2012-08-24,0,0.7991,0.60219,0.60219,-0.7991,3,1.0006
2012-08-25,0,0.70967,0.77257,0.77257,-0.70967,4,1.04905
2012-08-26,0,0.63302,0.81577,0.81577,-0.63302,4,1.03257
2012-08-27,0,0.52959,0.84936,0.84936,-0.52959,4,1.00093
2012-08-28,0,0.39437,0.89699,0.89699,-0.39437,4,0.97985
2012-08-29,0,0.32075,0.82825,0.82825,-0.32075,4,0.88819
2012-08-30,0,0.22926,0.85989,0.85989,-0.22926,4,0.88992
2012-08-31,0,0.18565,0.92591,0.92591,-0.18565,4,0.94434
2012-09-01,0,0.10489,0.95641,0.95641,-0.10489,4,0.96215
2012-09-02,0,-0.01253,0.9772,0.9772,0.01253,5,0.97728
2012-09-03,0,-0.148,0.96313,0.96313,0.148,5,0.97443
2012-09-04,0,-0.23282,0.96286,0.96286,0.23282,5,0.9906
2012-09-05,0,-0.21046,0.96493,0.96493,0.21046,5,0.98762
2012-09-06,0,-0.22278,0.97228,0.97228,0.22278,5,0.99748
2012-09-07,0,-0.30367,0.93682,0.93682,0.30367,5,0.98481
2012-09-08,0,-0.44523,0.76551,0.76551,0.44523,5,0.88557
2012-09-09,0,-0.59028,0.57923,0.57923,0.59028,6,0.82701
2012-09-10,0,-0.70958,0.4655,0.4655,0.70958,6,0.84865
2012-09-11,0,-0.80635,0.34825,0.34825,0.80635,6,0.87834
2012-09-12,0,-0.84175,0.22897,0.22897,0.84175,6,0.87234
2012-09-13,0,-0.80507,0.12114,0.12114,0.80507,6,0.81413
2012-09-14,0,-0.77876,0.03849,0.03849,0.77876,6,0.77971
2012-09-15,0,-0.75533,-0.06737,-0.06737,0.75533,7,0.75833
2012-09-16,0,-0.71339,-0.12551,-0.12551,0.71339,7,0.72435
2012-09-17,0,-0.60665,-0.16495,-0.16495,0.60665,7,0.62868
2012-09-18,0,-0.47688,-0.21227,-0.21227,0.47688,7,0.52199
2012-09-19,0,-0.37079,-0.29762,-0.29762,0.37079,7,0.47546
2012-09-20,0,-0.33905,-0.38965,-0.38965,0.33905,8,0.51651
2012-09-21,0,-0.43853,-0.43545,-0.43545,0.43853,7,0.618
2012-09-22,0,-0.57566,-0.38615,-0.38615,0.57566,7,0.69318
2012-09-23,0,-0.72031,-0.35789,-0.35789,0.72031,7,0.80432
2012-09-24,0,-0.80393,-0.36181,-0.36181,0.80393,7,0.88159
2012-09-25,0,-0.90145,-0.32847,-0.32847,0.90145,7,0.95943
2012-09-26,0,-1.0493,-0.2832,-0.2832,1.0493,7,1.08684
2012-09-27,0,-1.18945,-0.255,-0.255,1.18945,7,1.21648
2012-09-28,0,-1.26549,-0.25457,-0.25457,1.26549,7,1.29084
2012-09-29,0,-1.26083,-0.31622,-0.31622,1.26083,7,1.29988
2012-09-30,0,-1.17506,-0.37426,-0.37426,1.17506,7,1.23322
2012-10-01,0,-1.14625,-0.46377,-0.46377,1.14625,7,1.23652
2012-10-02,0,-1.07362,-0.5619,-0.5619,1.07362,7,1.21178
2012-10-03,0,-0.97411,-0.60992,-0.60992,0.97411,7,1.1493
2012-10-04,0,-0.8108,-0.68628,-0.68628,0.8108,7,1.06225
2012-10-05,0,-0.62438,-0.7824,-0.7824,0.62438,8,1.001
2012-10-06,0,-0.34716,-0.89773,-0.89773,0.34716,8,0.96251
2012-10-07,0,-0.09042,-1.06338,-1.06338,0.09042,8,1.06722
2012-10-08,0,0.21109,-1.08622,-1.08622,-0.21109,1,1.10655
2012-10-09,0,0.4987,-1.08444,-1.08444,-0.4987,1,1.19361
2012-10-10,0,0.78675,-1.02646,-1.02646,-0.78675,1,1.29329
2012-10-11,0,1.01753,-0.86069,-0.86069,-1.01753,2,1.33273
2012-10-12,0,1.1606,-0.65134,-0.65134,-1.1606,2,1.33087
2012-10-13,0,1.24963,-0.42635,-0.42635,-1.24963,2,1.32036
2012-10-14,0,1.32615,-0.20673,-0.20673,-1.32615,2,1.34217
2012-10-15,0,1.29896,0.03959,0.03959,-1.29896,3,1.29957
2012-10-16,0,1.27035,0.32481,0.32481,-1.27035,3,1.31122
2012-10-17,0,1.26328,0.52564,0.52564,-1.26328,3,1.36827
2012-10-18,0,1.304,0.68823,0.68823,-1.304,3,1.47448
2012-10-19,0,1.41719,0.74828,0.74828,-1.41719,3,1.6026
2012-10-20,0,1.50675,0.66336,0.66336,-1.50675,3,1.64632
2012-10-21,0,1.56615,0.6257,0.6257,-1.56615,3,1.68652
2012-10-22,0,1.55638,0.52948,0.52948,-1.55638,3,1.64398
2012-10-23,0,1.53599,0.47708,0.47708,-1.53599,3,1.60838
2012-10-24,0,1.61475,0.4197,0.4197,-1.61475,3,1.6684
2012-10-25,0,1.73215,0.38864,0.38864,-1.73215,3,1.77521
2012-10-26,0,1.82503,0.37161,0.37161,-1.82503,3,1.86248
2012-10-27,0,1.84419,0.39783,0.39783,-1.84419,3,1.88661
2012-10-28,0,1.76013,0.49508,0.49508,-1.76013,3,1.82844
2012-10-29,0,1.70258,0.70388,0.70388,-1.70258,3,1.84235
2012-10-30,0,1.62851,0.92248,0.92248,-1.62851,3,1.87163
2012-10-31,0,1.54372,1.08077,1.08077,-1.54372,3,1.88445
2012-11-01,0,1.37774,1.11757,1.11757,-1.37774,3,1.77402
2012-11-02,0,1.16869,1.1205,1.1205,-1.16869,3,1.61906
2012-11-03,0,0.95904,1.11715,1.11715,-0.95904,4,1.47234
2012-11-04,0,0.7487,1.08135,1.08135,-0.7487,4,1.31525
2012-11-05,0,0.54672,1.00712,1.00712,-0.54672,4,1.14594
2012-11-06,0,0.3773,0.93292,0.93292,-0.3773,4,1.00633
2012-11-07,0,0.14586,0.79524,0.79524,-0.14586,4,0.80851
2012-11-08,0,-0.11063,0.66903,0.66903,0.11063,5,0.67811
2012-11-09,0,-0.34651,0.62186,0.62186,0.34651,5,0.71189
2012-11-10,0,-0.49395,0.58328,0.58328,0.49395,5,0.76433
2012-11-11,0,-0.64122,0.60085,0.60085,0.64122,6,0.87874
2012-11-12,0,-0.8271,0.5731,0.5731,0.8271,6,1.00625
2012-11-13,0,-0.95624,0.51487,0.51487,0.95624,6,1.08604
2012-11-14,0,-0.99122,0.44926,0.44926,0.99122,6,1.08827
2012-11-15,0,-1.04492,0.39567,0.39567,1.04492,6,1.11732
2012-11-16,0,-1.09658,0.32231,0.32231,1.09658,6,1.14297
2012-11-17,0,-1.1228,0.21126,0.21126,1.1228,6,1.1425
2012-11-18,0,-1.11464,0.07914,0.07914,1.11464,6,1.11745
2012-11-19,0,-1.07966,-0.07996,-0.07996,1.07966,7,1.08262
2012-11-20,0,-1.00205,-0.30653,-0.30653,1.00205,7,1.04788
2012-11-21,0,-0.84635,-0.48371,-0.48371,0.84635,7,0.97482
2012-11-22,0,-0.67099,-0.51129,-0.51129,0.67099,7,0.84359
2012-11-23,0,-0.57534,-0.45285,-0.45285,0.57534,7,0.73219
2012-11-24,0,-0.40098,-0.33372,-0.33372,0.40098,7,0.52169
2012-11-25,0,-0.18768,-0.16011,-0.16011,0.18768,7,0.2467
2012-11-26,0,0.00188,-0.04029,-0.04029,-0.00188,1,0.04033
2012-11-27,0,0.23418,0.00978,0.00978,-0.23418,3,0.23438
2012-11-28,0,0.41365,0.06114,0.06114,-0.41365,3,0.41815
2012-11-29,0,0.56063,0.07918,0.07918,-0.56063,3,0.5662
2012-11-30,0,0.59148,0.07106,0.07106,-0.59148,3,0.59573
2012-12-01,0,0.50231,0.00547,0.00547,-0.50231,3,0.50234
2012-12-02,0,0.39285,-0.10511,-0.10511,-0.39285,2,0.40667
2012-12-03,0,0.3079,-0.22254,-0.22254,-0.3079,2,0.3799
2012-12-04,0,0.24151,-0.31192,-0.31192,-0.24151,1,0.39449
2012-12-05,0,0.18719,-0.35014,-0.35014,-0.18719,1,0.39704
2012-12-06,0,0.09237,-0.3517,-0.3517,-0.09237,1,0.36363
2012-12-07,0,0.01717,-0.32978,-0.32978,-0.01717,1,0.33023
2012-12-08,0,-0.01301,-0.29535,-0.29535,0.01301,8,0.29564
2012-12-09,0,0.08439,-0.30699,-0.30699,-0.08439,1,0.31838
2012-12-10,0,0.13345,-0.26447,-0.26447,-0.13345,1,0.29623
2012-12-11,0,0.26419,-0.16978,-0.16978,-0.26419,2,0.31404
2012-12-12,0,0.30956,-0.10437,-0.10437,-0.30956,2,0.32668
2012-12-13,0,0.32252,-0.03505,-0.03505,-0.32252,2,0.32442
2012-12-14,0,0.37815,-0.02613,-0.02613,-0.37815,2,0.37905
2012-12-15,0,0.35577,-0.04532,-0.04532,-0.35577,2,0.35865
2012-12-16,0,0.38061,-0.07955,-0.07955,-0.38061,2,0.38883
2012-12-17,0,0.42126,-0.03233,-0.03233,-0.42126,2,0.42249
2012-12-18,0,0.43385,0.14441,0.14441,-0.43385,3,0.45725
2012-12-19,0,0.59009,0.31272,0.31272,-0.59009,3,0.66783
2012-12-20,0,0.65816,0.42699,0.42699,-0.65816,3,0.78453
2012-12-21,0,0.69216,0.60008,0.60008,-0.69216,3,0.91608
2012-12-22,0,0.64777,0.68963,0.68963,-0.64777,4,0.94615
2012-12-23,0,0.56643,0.7732,0.7732,-0.56643,4,0.95848
2012-12-24,0,0.57512,0.86876,0.86876,-0.57512,4,1.04188
2012-12-25,0,0.58228,0.91599,0.91599,-0.58228,4,1.0854
2012-12-26,0,0.54389,0.93199,0.93199,-0.54389,4,1.07908
2012-12-27,0,0.4529,0.92196,0.92196,-0.4529,4,1.0272
2012-12-28,0,0.26768,0.92198,0.92198,-0.26768,4,0.96005
2012-12-29,0,0.14754,0.9591,0.9591,-0.14754,4,0.97038
2012-12-30,0,0.06642,0.93801,0.93801,-0.06642,4,0.94036
2012-12-31,0,0.00079,0.99898,0.99898,-0.00079,4,0.99898
2013-01-01,0,-0.16909,1.08048,1.08048,0.16909,5,1.09363
2013-01-02,0,-0.35658,1.23606,1.23606,0.35658,5,1.28646
2013-01-03,0,-0.57381,1.43575,1.43575,0.57381,5,1.54617
2013-01-04,0,-0.75121,1.55554,1.55554,0.75121,5,1.72743
2013-01-05,0,-0.8845,1.62051,1.62051,0.8845,5,1.84618
2013-01-06,0,-1.0089,1.55229,1.55229,1.0089,5,1.85135
2013-01-07,0,-1.09989,1.41315,1.41315,1.09989,5,1.79074
2013-01-08,0,-1.22994,1.30566,1.30566,1.22994,5,1.79373
2013-01-09,0,-1.3421,1.09553,1.09553,1.3421,6,1.73246
2013-01-10,0,-1.40656,0.83459,0.83459,1.40656,6,1.63553
2013-01-11,0,-1.43456,0.44776,0.44776,1.43456,6,1.50281
2013-01-12,0,-1.42589,0.02198,0.02198,1.42589,6,1.42605
2013-01-13,0,-1.45677,-0.38167,-0.38167,1.45677,7,1.50594
2013-01-14,0,-1.45802,-0.73333,-0.73333,1.45802,7,1.63206
2013-01-15,0,-1.3806,-0.98429,-0.98429,1.3806,7,1.69555
2013-01-16,0,-1.33899,-1.17359,-1.17359,1.33899,7,1.78051
2013-01-17,0,-1.23766,-1.3447,-1.3447,1.23766,8,1.82758
2013-01-18,0,-1.09129,-1.41819,-1.41819,1.09129,8,1.78946
2013-01-19,0,-0.86304,-1.40125,-1.40125,0.86304,8,1.6457
2013-01-20,0,-0.6688,-1.37048,-1.37048,0.6688,8,1.52496
2013-01-21,0,-0.62151,-1.33605,-1.33605,0.62151,8,1.47353
2013-01-22,0,-0.57307,-1.31419,-1.31419,0.57307,8,1.4337
2013-01-23,0,-0.60074,-1.32779,-1.32779,0.60074,8,1.45736
2013-01-24,0,-0.73999,-1.33865,-1.33865,0.73999,8,1.52957
2013-01-25,0,-0.90501,-1.33482,-1.33482,0.90501,8,1.61269
2013-01-26,0,-1.05746,-1.33055,-1.33055,1.05746,8,1.69959
2013-01-27,0,-1.19518,-1.34864,-1.34864,1.19518,8,1.80202
2013-01-28,0,-1.34833,-1.41278,-1.41278,1.34833,8,1.95294
2013-01-29,0,-1.37816,-1.49237,-1.49237,1.37816,8,2.03138
2013-01-30,0,-1.19884,-1.57569,-1.57569,1.19884,8,1.9799
2013-01-31,0,-0.93771,-1.65274,-1.65274,0.93771,8,1.90023
2013-02-01,0,-0.58476,-1.69657,-1.69657,0.58476,8,1.79452
2013-02-02,0,-0.09413,-1.69557,-1.69557,0.09413,8,1.69818
2013-02-03,0,0.43538,-1.71703,-1.71703,-0.43538,1,1.77137
2013-02-04,0,0.93578,-1.72288,-1.72288,-0.93578,1,1.96062
2013-02-05,0,1.403,-1.68282,-1.68282,-1.403,1,2.19096
2013-02-06,0,1.79326,-1.56077,-1.56077,-1.79326,2,2.37735
2013-02-07,0,2.02708,-1.36898,-1.36898,-2.02708,2,2.44605
2013-02-08,0,2.05066,-1.152,-1.152,-2.05066,2,2.35208
2013-02-09,0,1.99413,-0.92241,-0.92241,-1.99413,2,2.19713
2013-02-10,0,1.85033,-0.70766,-0.70766,-1.85033,2,1.98103
2013-02-11,0,1.61869,-0.41854,-0.41854,-1.61869,2,1.67192
2013-02-12,0,1.357,0.00121,0.00121,-1.357,3,1.357
2013-02-13,0,1.11579,0.42051,0.42051,-1.11579,3,1.1924
2013-02-14,0,0.96915,0.81989,0.81989,-0.96915,3,1.26943
2013-02-15,0,0.88,1.25787,1.25787,-0.88,4,1.53513
2013-02-16,0,0.86402,1.73487,1.73487,-0.86402,4,1.93812
2013-02-17,0,0.96566,2.18298,2.18298,-0.96566,4,2.38703
2013-02-18,0,1.05896,2.60087,2.60087,-1.05896,4,2.80819
2013-02-19,0,1.1187,2.91945,2.91945,-1.1187,4,3.12644
2013-02-20,0,1.10074,3.07581,3.07581,-1.10074,4,3.26684
2013-02-21,0,0.903,3.09467,3.09467,-0.903,4,3.22372
2013-02-22,0,0.58661,3.0843,3.0843,-0.58661,4,3.13959
2013-02-23,0,0.08459,3.05462,3.05462,-0.08459,4,3.05579
2013-02-24,0,-0.53152,2.82266,2.82266,0.53152,5,2.87227
2013-02-25,0,-1.00813,2.44369,2.44369,1.00813,5,2.64347
2013-02-26,0,-1.28228,2.07571,2.07571,1.28228,5,2.43984
2013-02-27,0,-1.39492,1.71552,1.71552,1.39492,5,2.21106
2013-02-28,0,-1.4286,1.33733,1.33733,1.4286,6,1.95687
2013-03-01,0,-1.35357,1.03082,1.03082,1.35357,6,1.70139
2013-03-02,0,-1.32448,0.74415,0.74415,1.32448,6,1.51921
2013-03-03,0,-1.35663,0.49831,0.49831,1.35663,6,1.44525
2013-03-04,0,-1.39231,0.35425,0.35425,1.39231,6,1.43667
2013-03-05,0,-1.35286,0.25404,0.25404,1.35286,6,1.37651
2013-03-06,0,-1.36685,0.15299,0.15299,1.36685,6,1.37539
2013-03-07,0,-1.45146,-0.01145,-0.01145,1.45146,7,1.4515
2013-03-08,0,-1.53633,-0.13611,-0.13611,1.53633,7,1.54235
2013-03-09,0,-1.64108,-0.22187,-0.22187,1.64108,7,1.65601
2013-03-10,0,-1.72827,-0.27057,-0.27057,1.72827,7,1.74932
2013-03-11,0,-1.75127,-0.36233,-0.36233,1.75127,7,1.78836
2013-03-12,0,-1.69704,-0.51928,-0.51928,1.69704,7,1.77471
2013-03-13,0,-1.56867,-0.80249,-0.80249,1.56867,7,1.76202
2013-03-14,0,-1.36136,-1.12163,-1.12163,1.36136,7,1.7639
2013-03-15,0,-0.98436,-1.49463,-1.49463,0.98436,8,1.78966
2013-03-16,0,-0.52708,-1.79076,-1.79076,0.52708,8,1.86672
2013-03-17,0,-0.11177,-2.00975,-2.00975,0.11177,8,2.01285
2013-03-18,0,0.23087,-2.1215,-2.1215,-0.23087,1,2.13403
2013-03-19,0,0.38557,-2.17402,-2.17402,-0.38557,1,2.20795
2013-03-20,0,0.48635,-2.15324,-2.15324,-0.48635,1,2.20748
2013-03-21,0,0.55184,-2.03705,-2.03705,-0.55184,1,2.11047
2013-03-22,0,0.59363,-1.92049,-1.92049,-0.59363,1,2.01015
2013-03-23,0,0.6091,-1.74109,-1.74109,-0.6091,1,1.84456
2013-03-24,0,0.58159,-1.51073,-1.51073,-0.58159,1,1.61881
2013-03-25,0,0.61884,-1.2734,-1.2734,-0.61884,1,1.4158
2013-03-26,0,0.75497,-0.99876,-0.99876,-0.75497,1,1.252
2013-03-27,0,0.91262,-0.7585,-0.7585,-0.91262,2,1.18668
2013-03-28,0,1.20421,-0.53538,-0.53538,-1.20421,2,1.31786
2013-03-29,0,1.59862,-0.33605,-0.33605,-1.59862,2,1.63356
2013-03-30,0,1.95305,-0.22231,-0.22231,-1.95305,2,1.96566
2013-03-31,0,2.23138,-0.07841,-0.07841,-2.23138,2,2.23276
2013-04-01,0,2.41678,0.01335,0.01335,-2.41678,3,2.41681
2013-04-02,0,2.50709,0.20876,0.20876,-2.50709,3,2.51576
2013-04-03,0,2.48704,0.46541,0.46541,-2.48704,3,2.53021
2013-04-04,0,2.32163,0.71995,0.71995,-2.32163,3,2.4307
2013-04-05,0,2.16168,1.01899,1.01899,-2.16168,3,2.38982
2013-04-06,0,1.89255,1.26755,1.26755,-1.89255,3,2.27781
2013-04-07,0,1.41992,1.44003,1.44003,-1.41992,4,2.02235
2013-04-08,0,0.95714,1.52962,1.52962,-0.95714,4,1.8044
2013-04-09,0,0.53429,1.51655,1.51655,-0.53429,4,1.60792
2013-04-10,0,0.24559,1.49925,1.49925,-0.24559,4,1.51923
2013-04-11,0,0.07555,1.39634,1.39634,-0.07555,4,1.39838
2013-04-12,0,-0.08002,1.21733,1.21733,0.08002,5,1.21996
2013-04-13,0,-0.21161,0.986,0.986,0.21161,5,1.00845
2013-04-14,0,-0.31065,0.69047,0.69047,0.31065,5,0.75713
2013-04-15,0,-0.38875,0.40853,0.40853,0.38875,5,0.56393
2013-04-16,0,-0.46423,0.16859,0.16859,0.46423,6,0.49389
2013-04-17,0,-0.54287,0.01785,0.01785,0.54287,6,0.54316
2013-04-18,0,-0.60011,-0.12221,-0.12221,0.60011,7,0.61242
2013-04-19,0,-0.7241,-0.25653,-0.25653,0.7241,7,0.7682
2013-04-20,0,-0.84781,-0.32236,-0.32236,0.84781,7,0.90703
2013-04-21,0,-0.8955,-0.35113,-0.35113,0.8955,7,0.96189
2013-04-22,0,-0.88247,-0.29882,-0.29882,0.88247,7,0.93169
2013-04-23,0,-0.84833,-0.17765,-0.17765,0.84833,7,0.86673
2013-04-24,0,-0.77134,-0.10613,-0.10613,0.77134,7,0.77861
2013-04-25,0,-0.61243,-0.12118,-0.12118,0.61243,7,0.6243
2013-04-26,0,-0.4588,-0.25285,-0.25285,0.4588,7,0.52386
2013-04-27,0,-0.23627,-0.46292,-0.46292,0.23627,8,0.51973
2013-04-28,0,0.01608,-0.63635,-0.63635,-0.01608,1,0.63655
2013-04-29,0,0.28094,-0.77861,-0.77861,-0.28094,1,0.82774
2013-04-30,0,0.54513,-0.88184,-0.88184,-0.54513,1,1.03673
2013-05-01,0,0.82711,-0.96714,-0.96714,-0.82711,1,1.27259
2013-05-02,0,1.04742,-0.93546,-0.93546,-1.04742,2,1.40434
2013-05-03,0,1.24768,-0.86395,-0.86395,-1.24768,2,1.5176
2013-05-04,0,1.43783,-0.69943,-0.69943,-1.43783,2,1.59893
2013-05-05,0,1.57995,-0.46571,-0.46571,-1.57995,2,1.64715
2013-05-06,0,1.61748,-0.1309,-0.1309,-1.61748,2,1.62277
2013-05-07,0,1.56388,0.15974,0.15974,-1.56388,3,1.57202
2013-05-08,0,1.45294,0.35672,0.35672,-1.45294,3,1.49609
2013-05-09,0,1.28306,0.48278,0.48278,-1.28306,3,1.37088
2013-05-10,0,1.02756,0.5408,0.5408,-1.02756,3,1.16118
2013-05-11,0,0.77457,0.54347,0.54347,-0.77457,3,0.94621
2013-05-12,0,0.42683,0.61234,0.61234,-0.42683,4,0.74642
2013-05-13,0,0.05339,0.62939,0.62939,-0.05339,4,0.63165
2013-05-14,0,-0.28,0.61154,0.61154,0.28,5,0.6726
2013-05-15,0,-0.55097,0.49091,0.49091,0.55097,6,0.73794
2013-05-16,0,-0.75685,0.34424,0.34424,0.75685,6,0.83146
2013-05-17,0,-0.91221,0.21555,0.21555,0.91221,6,0.93733
2013-05-18,0,-0.97017,0.13904,0.13904,0.97017,6,0.98008
2013-05-19,0,-1.0123,0.12406,0.12406,1.0123,6,1.01987
2013-05-20,0,-1.03757,0.12574,0.12574,1.03757,6,1.04516
2013-05-21,0,-0.9415,0.06849,0.06849,0.9415,6,0.94398
2013-05-22,0,-0.80933,0.06869,0.06869,0.80933,6,0.81224
2013-05-23,0,-0.73808,0.10386,0.10386,0.73808,6,0.74535
2013-05-24,0,-0.73693,0.26259,0.26259,0.73693,6,0.78232
2013-05-25,0,-0.76614,0.39377,0.39377,0.76614,6,0.86141
2013-05-26,0,-0.72148,0.48275,0.48275,0.72148,6,0.86809
2013-05-27,0,-0.63114,0.56024,0.56024,0.63114,6,0.84393
2013-05-28,0,-0.54086,0.63928,0.63928,0.54086,5,0.83738
2013-05-29,0,-0.43603,0.66925,0.66925,0.43603,5,0.79876
2013-05-30,0,-0.40651,0.71176,0.71176,0.40651,5,0.81967
2013-05-31,0,-0.40453,0.7165,0.7165,0.40453,5,0.82281
2013-06-01,0,-0.4195,0.65019,0.65019,0.4195,5,0.77377
2013-06-02,0,-0.35729,0.52976,0.52976,0.35729,5,0.63899
2013-06-03,0,-0.21663,0.47181,0.47181,0.21663,5,0.51916
2013-06-04,0,-0.1889,0.42871,0.42871,0.1889,5,0.46848
2013-06-05,0,-0.23662,0.45267,0.45267,0.23662,5,0.51079
2013-06-06,0,-0.32187,0.48872,0.48872,0.32187,5,0.58519
2013-06-07,0,-0.4128,0.59474,0.59474,0.4128,5,0.72396
2013-06-08,0,-0.39684,0.70699,0.70699,0.39684,5,0.81075
2013-06-09,0,-0.41059,0.8012,0.8012,0.41059,5,0.90028
2013-06-10,0,-0.37979,0.94072,0.94072,0.37979,5,1.0145
2013-06-11,0,-0.41467,1.09712,1.09712,0.41467,5,1.17287
2013-06-12,0,-0.55538,1.20566,1.20566,0.55538,5,1.32742
2013-06-13,0,-0.65154,1.27008,1.27008,0.65154,5,1.42744
2013-06-14,0,-0.75229,1.23576,1.23576,0.75229,5,1.44674
2013-06-15,0,-0.8314,1.16062,1.16062,0.8314,5,1.42768
2013-06-16,0,-0.97649,0.99694,0.99694,0.97649,5,1.3955
2013-06-17,0,-1.10541,0.80193,0.80193,1.10541,6,1.36566
2013-06-18,0,-1.17423,0.57925,0.57925,1.17423,6,1.30933
2013-06-19,0,-1.19119,0.36972,0.36972,1.19119,6,1.24725
2013-06-20,0,-1.1819,0.05753,0.05753,1.1819,6,1.1833
2013-06-21,0,-1.03162,-0.27999,-0.27999,1.03162,7,1.06894
2013-06-22,0,-0.87383,-0.52776,-0.52776,0.87383,7,1.02084
2013-06-23,0,-0.74807,-0.69927,-0.69927,0.74807,7,1.024
2013-06-24,0,-0.54179,-0.82899,-0.82899,0.54179,8,0.99033
2013-06-25,0,-0.26107,-0.94421,-0.94421,0.26107,8,0.97964
2013-06-26,0,0.00864,-1.01316,-1.01316,-0.00864,1,1.0132
2013-06-27,0,0.2778,-1.01157,-1.01157,-0.2778,1,1.04902
2013-06-28,0,0.57336,-0.98814,-0.98814,-0.57336,1,1.14244
2013-06-29,0,0.88834,-0.87423,-0.87423,-0.88834,2,1.24637
2013-06-30,0,1.08255,-0.69052,-0.69052,-1.08255,2,1.28403
2013-07-01,0,1.24883,-0.52311,-0.52311,-1.24883,2,1.35396
2013-07-02,0,1.39526,-0.39035,-0.39035,-1.39526,2,1.44883
2013-07-03,0,1.43276,-0.29205,-0.29205,-1.43276,2,1.46222
2013-07-04,0,1.49245,-0.20947,-0.20947,-1.49245,2,1.50708
2013-07-05,0,1.52096,-0.12063,-0.12063,-1.52096,2,1.52574
2013-07-06,0,1.47662,-0.0313,-0.0313,-1.47662,2,1.47695
2013-07-07,0,1.35735,0.01118,0.01118,-1.35735,3,1.3574
2013-07-08,0,1.18567,0.0265,0.0265,-1.18567,3,1.18596
2013-07-09,0,0.99787,0.0691,0.0691,-0.99787,3,1.00026
2013-07-10,0,0.8666,0.12566,0.12566,-0.8666,3,0.87566
2013-07-11,0,0.79039,0.2352,0.2352,-0.79039,3,0.82464
2013-07-12,0,0.78421,0.30512,0.30512,-0.78421,3,0.84148
2013-07-13,0,0.7821,0.36029,0.36029,-0.7821,3,0.8611
2013-07-14,0,0.66985,0.4427,0.4427,-0.66985,3,0.80292
2013-07-15,0,0.52553,0.52672,0.52672,-0.52553,4,0.74405
2013-07-16,0,0.38652,0.55786,0.55786,-0.38652,4,0.67868
2013-07-17,0,0.27986,0.58196,0.58196,-0.27986,4,0.64576
2013-07-18,0,0.06616,0.6203,0.6203,-0.06616,4,0.62381
2013-07-19,0,-0.24197,0.62427,0.62427,0.24197,5,0.66953
2013-07-20,0,-0.40069,0.56123,0.56123,0.40069,5,0.68959
2013-07-21,0,-0.51713,0.52939,0.52939,0.51713,5,0.74005
2013-07-22,0,-0.68947,0.5037,0.5037,0.68947,6,0.85386
2013-07-23,0,-0.72181,0.46727,0.46727,0.72181,6,0.85986
2013-07-24,0,-0.61527,0.4258,0.4258,0.61527,6,0.74824
2013-07-25,0,-0.53911,0.42719,0.42719,0.53911,6,0.68784
2013-07-26,0,-0.53876,0.42751,0.42751,0.53876,6,0.68776
2013-07-27,0,-0.38682,0.45337,0.45337,0.38682,5,0.59596
2013-07-28,0,-0.17385,0.53754,0.53754,0.17385,5,0.56496
2013-07-29,0,-0.16406,0.62245,0.62245,0.16406,5,0.64371
2013-07-30,0,-0.20386,0.62499,0.62499,0.20386,5,0.6574
2013-07-31,0,-0.17423,0.63244,0.63244,0.17423,5,0.656
2013-08-01,0,-0.12516,0.53896,0.53896,0.12516,5,0.5533
2013-08-02,0,-0.09739,0.34949,0.34949,0.09739,5,0.36281
2013-08-03,0,-0.13162,0.16951,0.16951,0.13162,5,0.21461
2013-08-04,0,-0.13845,0.10659,0.10659,0.13845,6,0.17473
2013-08-05,0,-0.12818,0.06319,0.06319,0.12818,6,0.14291
2013-08-06,0,-0.12827,-0.03684,-0.03684,0.12827,7,0.13345
2013-08-07,0,-0.11615,-0.17578,-0.17578,0.11615,8,0.21069
2013-08-08,0,-0.14597,-0.22894,-0.22894,0.14597,8,0.27151
2013-08-09,0,-0.18805,-0.27971,-0.27971,0.18805,8,0.33705
2013-08-10,0,-0.22047,-0.32015,-0.32015,0.22047,8,0.38872
2013-08-11,0,-0.25574,-0.36771,-0.36771,0.25574,8,0.4479
2013-08-12,0,-0.28524,-0.42517,-0.42517,0.28524,8,0.51199
2013-08-13,0,-0.30412,-0.55295,-0.55295,0.30412,8,0.63106
2013-08-14,0,-0.33605,-0.73127,-0.73127,0.33605,8,0.80478
2013-08-15,0,-0.35365,-0.8922,-0.8922,0.35365,8,0.95974
2013-08-16,0,-0.38881,-1.00267,-1.00267,0.38881,8,1.07541
2013-08-17,0,-0.34686,-1.08756,-1.08756,0.34686,8,1.14154
2013-08-18,0,-0.24282,-1.15596,-1.15596,0.24282,8,1.18119
2013-08-19,0,-0.19096,-1.27521,-1.27521,0.19096,8,1.28943
2013-08-20,0,-0.14603,-1.32114,-1.32114,0.14603,8,1.32918
2013-08-21,0,0.01288,-1.30728,-1.30728,-0.01288,1,1.30735
2013-08-22,0,0.23229,-1.27229,-1.27229,-0.23229,1,1.29332
2013-08-23,0,0.40871,-1.30664,-1.30664,-0.40871,1,1.36907
2013-08-24,0,0.6633,-1.27559,-1.27559,-0.6633,1,1.43774
2013-08-25,0,0.94599,-1.23199,-1.23199,-0.94599,1,1.55329
2013-08-26,0,1.21698,-1.22201,-1.22201,-1.21698,1,1.72462
2013-08-27,0,1.43134,-1.22443,-1.22443,-1.43134,2,1.8836
2013-08-28,0,1.63661,-1.07956,-1.07956,-1.63661,2,1.9606
2013-08-29,0,1.81994,-0.96332,-0.96332,-1.81994,2,2.05917
2013-08-30,0,1.8782,-0.85128,-0.85128,-1.8782,2,2.06212
2013-08-31,0,1.84927,-0.68514,-0.68514,-1.84927,2,1.97211
2013-09-01,0,1.83182,-0.39606,-0.39606,-1.83182,2,1.87415
2013-09-02,0,1.64694,-0.11459,-0.11459,-1.64694,2,1.65092
2013-09-03,0,1.47708,0.09059,0.09059,-1.47708,3,1.47986
2013-09-04,0,1.2719,0.27078,0.27078,-1.2719,3,1.3004
2013-09-05,0,1.01303,0.47219,0.47219,-1.01303,3,1.11767
2013-09-06,0,0.75832,0.57869,0.57869,-0.75832,3,0.9539
2013-09-07,0,0.53601,0.72894,0.72894,-0.53601,4,0.9048
2013-09-08,0,0.39178,0.83199,0.83199,-0.39178,4,0.91962
2013-09-09,0,0.24347,0.83495,0.83495,-0.24347,4,0.86972
2013-09-10,0,0.00151,0.78387,0.78387,-0.00151,4,0.78387
2013-09-11,0,-0.18127,0.74907,0.74907,0.18127,5,0.77069
2013-09-12,0,-0.31124,0.8352,0.8352,0.31124,5,0.89131
2013-09-13,0,-0.36308,0.86952,0.86952,0.36308,5,0.94228
2013-09-14,0,-0.46754,0.78959,0.78959,0.46754,5,0.91763
2013-09-15,0,-0.66246,0.72419,0.72419,0.66246,5,0.98149
2013-09-16,0,-0.80883,0.65733,0.65733,0.80883,6,1.04225
2013-09-17,0,-0.94989,0.60739,0.60739,0.94989,6,1.12748
2013-09-18,0,-1.06069,0.50331,0.50331,1.06069,6,1.17405
2013-09-19,0,-1.01386,0.33924,0.33924,1.01386,6,1.06911
2013-09-20,0,-0.96835,0.08845,0.08845,0.96835,6,0.97238
2013-09-21,0,-1.05404,-0.15213,-0.15213,1.05404,7,1.06496
2013-09-22,0,-1.19999,-0.32502,-0.32502,1.19999,7,1.24323
2013-09-23,0,-1.27969,-0.42468,-0.42468,1.27969,7,1.34832
2013-09-24,0,-1.30716,-0.49332,-0.49332,1.30716,7,1.39715
2013-09-25,0,-1.38628,-0.50962,-0.50962,1.38628,7,1.47699
2013-09-26,0,-1.45461,-0.57554,-0.57554,1.45461,7,1.56433
2013-09-27,0,-1.48142,-0.54531,-0.54531,1.48142,7,1.5786
2013-09-28,0,-1.48709,-0.42389,-0.42389,1.48709,7,1.54632
2013-09-29,0,-1.52327,-0.25425,-0.25425,1.52327,7,1.54434
2013-09-30,0,-1.53253,-0.20627,-0.20627,1.53253,7,1.54635
2013-10-01,0,-1.48765,-0.15844,-0.15844,1.48765,7,1.49606
2013-10-02,0,-1.41914,-0.13565,-0.13565,1.41914,7,1.42561
2013-10-03,0,-1.32669,-0.12486,-0.12486,1.32669,7,1.33255
2013-10-04,0,-1.24663,-0.11775,-0.11775,1.24663,7,1.25218
2013-10-05,0,-1.17531,-0.05774,-0.05774,1.17531,7,1.17673
2013-10-06,0,-1.08704,-0.09142,-0.09142,1.08704,7,1.09088
2013-10-07,0,-1.06908,-0.23349,-0.23349,1.06908,7,1.09429
2013-10-08,0,-0.96467,-0.39502,-0.39502,0.96467,7,1.04241
2013-10-09,0,-0.76847,-0.53268,-0.53268,0.76847,7,0.93503
2013-10-10,0,-0.48713,-0.67541,-0.67541,0.48713,8,0.83275
2013-10-11,0,-0.20777,-0.72559,-0.72559,0.20777,8,0.75475
2013-10-12,0,0.04764,-0.69253,-0.69253,-0.04764,1,0.69416
2013-10-13,0,0.32993,-0.66835,-0.66835,-0.32993,1,0.74534
2013-10-14,0,0.67483,-0.60117,-0.60117,-0.67483,2,0.90377
2013-10-15,0,0.94261,-0.4941,-0.4941,-0.94261,2,1.06426
2013-10-16,0,1.12873,-0.3357,-0.3357,-1.12873,2,1.17759
2013-10-17,0,1.22941,-0.21955,-0.21955,-1.22941,2,1.24886
2013-10-18,0,1.24812,-0.10441,-0.10441,-1.24812,2,1.25248
2013-10-19,0,1.19363,0.00094,0.00094,-1.19363,3,1.19364
2013-10-20,0,1.1167,0.05977,0.05977,-1.1167,3,1.11829
2013-10-21,0,0.96509,0.0714,0.0714,-0.96509,3,0.96773
2013-10-22,0,0.77212,0.0748,0.0748,-0.77212,3,0.77574
2013-10-23,0,0.50935,0.02317,0.02317,-0.50935,3,0.50987
2013-10-24,0,0.25062,-0.07963,-0.07963,-0.25062,2,0.26297
2013-10-25,0,0.11106,-0.20324,-0.20324,-0.11106,1,0.23161
2013-10-26,0,0.04352,-0.33614,-0.33614,-0.04352,1,0.33894
2013-10-27,0,0.03398,-0.45686,-0.45686,-0.03398,1,0.45812
2013-10-28,0,0.05582,-0.56359,-0.56359,-0.05582,1,0.56634
2013-10-29,0,0.07652,-0.64129,-0.64129,-0.07652,1,0.64584
2013-10-30,0,0.16545,-0.64354,-0.64354,-0.16545,1,0.66447
2013-10-31,0,0.29633,-0.63397,-0.63397,-0.29633,1,0.6998
2013-11-01,0,0.41205,-0.56798,-0.56798,-0.41205,1,0.7017
2013-11-02,0,0.50899,-0.42276,-0.42276,-0.50899,2,0.66166
2013-11-03,0,0.49235,-0.23341,-0.23341,-0.49235,2,0.54488
2013-11-04,0,0.50458,0.00883,0.00883,-0.50458,3,0.50465
2013-11-05,0,0.56889,0.22658,0.22658,-0.56889,3,0.61235
2013-11-06,0,0.66267,0.45259,0.45259,-0.66267,3,0.80247
2013-11-07,0,0.80426,0.73207,0.73207,-0.80426,3,1.08754
2013-11-08,0,0.91096,0.95392,0.95392,-0.91096,4,1.31902
2013-11-09,0,0.92979,1.10315,1.10315,-0.92979,4,1.44272
2013-11-10,0,0.90374,1.22867,1.22867,-0.90374,4,1.52524
2013-11-11,0,0.95234,1.3109,1.3109,-0.95234,4,1.62031
2013-11-12,0,1.08169,1.27906,1.27906,-1.08169,4,1.67513
2013-11-13,0,1.16685,1.14829,1.14829,-1.16685,3,1.6371
2013-11-14,0,1.09985,1.08741,1.08741,-1.09985,3,1.54665
2013-11-15,0,0.9262,1.06219,1.06219,-0.9262,4,1.40929
2013-11-16,0,0.61128,0.99914,0.99914,-0.61128,4,1.1713
2013-11-17,0,0.31417,0.9137,0.9137,-0.31417,4,0.96621
2013-11-18,0,0.08152,0.79882,0.79882,-0.08152,4,0.80297
2013-11-19,0,-0.12938,0.64447,0.64447,0.12938,5,0.65733
2013-11-20,0,-0.3647,0.35984,0.35984,0.3647,6,0.51234
2013-11-21,0,-0.5218,0.13513,0.13513,0.5218,6,0.53901
2013-11-22,0,-0.55605,-0.01664,-0.01664,0.55605,7,0.55629
2013-11-23,0,-0.44936,-0.12351,-0.12351,0.44936,7,0.46602
2013-11-24,0,-0.28915,-0.1355,-0.1355,0.28915,7,0.31932
2013-11-25,0,-0.10097,-0.05693,-0.05693,0.10097,7,0.11592
2013-11-26,0,0.06188,0.09635,0.09635,-0.06188,4,0.11451
2013-11-27,0,0.24937,0.24596,0.24596,-0.24937,3,0.35027
2013-11-28,0,0.42757,0.37893,0.37893,-0.42757,3,0.57131
2013-11-29,0,0.64803,0.52357,0.52357,-0.64803,3,0.8331
2013-11-30,0,0.79846,0.56198,0.56198,-0.79846,3,0.97641
2013-12-01,0,0.86881,0.60581,0.60581,-0.86881,3,1.05917
2013-12-02,0,0.94874,0.62038,0.62038,-0.94874,3,1.13357
2013-12-03,0,0.98865,0.58934,0.58934,-0.98865,3,1.15098
2013-12-04,0,1.0325,0.52463,0.52463,-1.0325,3,1.15815
2013-12-05,0,1.04835,0.4126,0.4126,-1.04835,3,1.12662
2013-12-06,0,1.02642,0.35629,0.35629,-1.02642,3,1.0865
2013-12-07,0,1.00577,0.2981,0.2981,-1.00577,3,1.04901
2013-12-08,0,0.91128,0.25619,0.25619,-0.91128,3,0.9466
2013-12-09,0,0.85074,0.24805,0.24805,-0.85074,3,0.88617
2013-12-10,0,0.82958,0.20211,0.20211,-0.82958,3,0.85385
2013-12-11,0,0.72251,0.20698,0.20698,-0.72251,3,0.75157
2013-12-12,0,0.61586,0.18795,0.18795,-0.61586,3,0.6439
2013-12-13,0,0.45527,0.18842,0.18842,-0.45527,3,0.49272
2013-12-14,0,0.21173,0.25506,0.25506,-0.21173,4,0.33149
2013-12-15,0,-0.0357,0.31309,0.31309,0.0357,5,0.31512
2013-12-16,0,-0.25933,0.31723,0.31723,0.25933,5,0.40973
2013-12-17,0,-0.41481,0.28571,0.28571,0.41481,6,0.50368
2013-12-18,0,-0.52453,0.23022,0.23022,0.52453,6,0.57283
2013-12-19,0,-0.66042,0.20808,0.20808,0.66042,6,0.69243
2013-12-20,0,-0.71872,0.14927,0.14927,0.71872,6,0.73406
2013-12-21,0,-0.75907,0.06877,0.06877,0.75907,6,0.76218
2013-12-22,0,-0.76809,-0.0157,-0.0157,0.76809,7,0.76825
2013-12-23,0,-0.65443,-0.09507,-0.09507,0.65443,7,0.6613
2013-12-24,0,-0.54664,-0.12968,-0.12968,0.54664,7,0.56181
2013-12-25,0,-0.4352,-0.18171,-0.18171,0.4352,7,0.47161
2013-12-26,0,-0.40311,-0.23393,-0.23393,0.40311,7,0.46607
2013-12-27,0,-0.38237,-0.25211,-0.25211,0.38237,7,0.458
2013-12-28,0,-0.34148,-0.29724,-0.29724,0.34148,7,0.45272
2013-12-29,0,-0.30276,-0.34437,-0.34437,0.30276,8,0.45853
2013-12-30,0,-0.29194,-0.35279,-0.35279,0.29194,8,0.45792
2013-12-31,0,-0.27841,-0.36498,-0.36498,0.27841,8,0.45904
2014-01-01,0,-0.27509,-0.43054,-0.43054,0.27509,8,0.51092
2014-01-02,0,-0.26372,-0.55754,-0.55754,0.26372,8,0.61676
2014-01-03,0,-0.29266,-0.64431,-0.64431,0.29266,8,0.70766
2014-01-04,0,-0.29756,-0.65667,-0.65667,0.29756,8,0.72094
2014-01-05,0,-0.29657,-0.68266,-0.68266,0.29657,8,0.7443
2014-01-06,0,-0.31707,-0.64824,-0.64824,0.31707,8,0.72163
2014-01-07,0,-0.35385,-0.56869,-0.56869,0.35385,8,0.66979
2014-01-08,0,-0.45595,-0.48372,-0.48372,0.45595,8,0.66473
2014-01-09,0,-0.50474,-0.32087,-0.32087,0.50474,7,0.5981
2014-01-10,0,-0.62743,-0.13069,-0.13069,0.62743,7,0.64089
2014-01-11,0,-0.83178,0.09775,0.09775,0.83178,6,0.83751
2014-01-12,0,-0.99858,0.34133,0.34133,0.99858,6,1.05531
2014-01-13,0,-1.07262,0.50743,0.50743,1.07262,6,1.18659
2014-01-14,0,-1.07943,0.65233,0.65233,1.07943,6,1.26123
2014-01-15,0,-1.15089,0.7555,0.7555,1.15089,6,1.37671
2014-01-16,0,-1.23422,0.8633,0.8633,1.23422,6,1.50618
2014-01-17,0,-1.25321,0.98409,0.98409,1.25321,6,1.59342
2014-01-18,0,-1.31945,0.94114,0.94114,1.31945,6,1.6207
2014-01-19,0,-1.30837,0.81228,0.81228,1.30837,6,1.54001
2014-01-20,0,-1.26824,0.62233,0.62233,1.26824,6,1.4127
2014-01-21,0,-1.28211,0.35524,0.35524,1.28211,6,1.33042
2014-01-22,0,-1.35875,0.08157,0.08157,1.35875,6,1.3612
2014-01-23,0,-1.4152,-0.16162,-0.16162,1.4152,7,1.4244
2014-01-24,0,-1.39333,-0.31849,-0.31849,1.39333,7,1.42927
2014-01-25,0,-1.34925,-0.41301,-0.41301,1.34925,7,1.41105
2014-01-26,0,-1.21357,-0.53759,-0.53759,1.21357,7,1.32731
2014-01-27,0,-1.00896,-0.63167,-0.63167,1.00896,7,1.19038
2014-01-28,0,-0.85372,-0.71969,-0.71969,0.85372,7,1.1166
2014-01-29,0,-0.71835,-0.76719,-0.76719,0.71835,8,1.051
2014-01-30,0,-0.53181,-0.74534,-0.74534,0.53181,8,0.91562
2014-01-31,0,-0.28983,-0.68128,-0.68128,0.28983,8,0.74036
2014-02-01,0,-0.05736,-0.6228,-0.6228,0.05736,8,0.62544
2014-02-02,0,0.2312,-0.67571,-0.67571,-0.2312,1,0.71417
2014-02-03,0,0.5731,-0.75793,-0.75793,-0.5731,1,0.95021
2014-02-04,0,0.83956,-0.75666,-0.75666,-0.83956,2,1.13022
2014-02-05,0,1.06516,-0.68756,-0.68756,-1.06516,2,1.26779
2014-02-06,0,1.2608,-0.49564,-0.49564,-1.2608,2,1.35472
2014-02-07,0,1.44191,-0.34554,-0.34554,-1.44191,2,1.48274
2014-02-08,0,1.59536,-0.22035,-0.22035,-1.59536,2,1.61051
2014-02-09,0,1.64054,-0.12241,-0.12241,-1.64054,2,1.6451
2014-02-10,0,1.62316,0.00524,0.00524,-1.62316,3,1.62317
2014-02-11,0,1.52759,0.12552,0.12552,-1.52759,3,1.53273
2014-02-12,0,1.30084,0.19634,0.19634,-1.30084,3,1.31558
2014-02-13,0,1.04403,0.25226,0.25226,-1.04403,3,1.07407
2014-02-14,0,0.77011,0.27033,0.27033,-0.77011,3,0.81618
2014-02-15,0,0.53111,0.21202,0.21202,-0.53111,3,0.57186
2014-02-16,0,0.33283,0.21524,0.21524,-0.33283,3,0.39636
2014-02-17,0,0.11413,0.23204,0.23204,-0.11413,4,0.25859
2014-02-18,0,-0.01611,0.19857,0.19857,0.01611,5,0.19923
2014-02-19,0,-0.23723,0.07683,0.07683,0.23723,6,0.24936
2014-02-20,0,-0.54101,-0.08543,-0.08543,0.54101,7,0.54771
2014-02-21,0,-0.73842,-0.31918,-0.31918,0.73842,7,0.80445
2014-02-22,0,-0.87425,-0.68177,-0.68177,0.87425,7,1.10866
2014-02-23,0,-0.91011,-1.00467,-1.00467,0.91011,8,1.3556
2014-02-24,0,-0.82148,-1.28211,-1.28211,0.82148,8,1.52271
2014-02-25,0,-0.63722,-1.53035,-1.53035,0.63722,8,1.65772
2014-02-26,0,-0.43736,-1.71787,-1.71787,0.43736,8,1.77267
2014-02-27,0,-0.35461,-1.87913,-1.87913,0.35461,8,1.9123
2014-02-28,0,-0.33389,-1.95551,-1.95551,0.33389,8,1.98381
2014-03-01,0,-0.32534,-1.85322,-1.85322,0.32534,8,1.88156
2014-03-02,0,-0.26312,-1.68981,-1.68981,0.26312,8,1.71017
2014-03-03,0,-0.27669,-1.49179,-1.49179,0.27669,8,1.51723
2014-03-04,0,-0.31447,-1.36542,-1.36542,0.31447,8,1.40117
2014-03-05,0,-0.29697,-1.29641,-1.29641,0.29697,8,1.32999
2014-03-06,0,-0.32869,-1.22672,-1.22672,0.32869,8,1.26999
2014-03-07,0,-0.44589,-1.14564,-1.14564,0.44589,8,1.22935
2014-03-08,0,-0.48268,-1.06262,-1.06262,0.48268,8,1.1671
2014-03-09,0,-0.39217,-1.03308,-1.03308,0.39217,8,1.10501
2014-03-10,0,-0.31737,-1.06278,-1.06278,0.31737,8,1.10915
2014-03-11,0,-0.24034,-1.04609,-1.04609,0.24034,8,1.07335
2014-03-12,0,-0.03871,-1.04916,-1.04916,0.03871,8,1.04988
2014-03-13,0,0.24113,-1.02657,-1.02657,-0.24113,1,1.05451
2014-03-14,0,0.48977,-0.94279,-0.94279,-0.48977,1,1.06241
2014-03-15,0,0.72313,-0.79043,-0.79043,-0.72313,1,1.07131
2014-03-16,0,0.98583,-0.54005,-0.54005,-0.98583,2,1.12406
2014-03-17,0,1.18721,-0.29093,-0.29093,-1.18721,2,1.22233
2014-03-18,0,1.21414,-0.08194,-0.08194,-1.21414,2,1.2169
2014-03-19,0,1.17589,0.01376,0.01376,-1.17589,3,1.17597
2014-03-20,0,1.15917,0.04071,0.04071,-1.15917,3,1.15989
2014-03-21,0,1.11028,0.06862,0.06862,-1.11028,3,1.1124
2014-03-22,0,1.04953,0.00363,0.00363,-1.04953,3,1.04954
2014-03-23,0,0.95517,-0.07004,-0.07004,-0.95517,2,0.95773
2014-03-24,0,0.91809,-0.10564,-0.10564,-0.91809,2,0.92414
2014-03-25,0,0.85472,-0.18333,-0.18333,-0.85472,2,0.87416
2014-03-26,0,0.75399,-0.24653,-0.24653,-0.75399,2,0.79327
2014-03-27,0,0.72482,-0.23785,-0.23785,-0.72482,2,0.76285
2014-03-28,0,0.77669,-0.0563,-0.0563,-0.77669,2,0.77873
2014-03-29,0,0.84591,0.08658,0.08658,-0.84591,3,0.85033
2014-03-30,0,0.83943,0.25425,0.25425,-0.83943,3,0.87709
2014-03-31,0,0.80442,0.58346,0.58346,-0.80442,3,0.99374
2014-04-01,0,0.76041,0.96804,0.96804,-0.76041,4,1.23099
2014-04-02,0,0.67234,1.30674,1.30674,-0.67234,4,1.46956
2014-04-03,0,0.54137,1.66514,1.66514,-0.54137,4,1.75094
2014-04-04,0,0.32681,1.97468,1.97468,-0.32681,4,2.00154
2014-04-05,0,0.00255,2.21122,2.21122,-0.00255,4,2.21122
2014-04-06,0,-0.32574,2.26087,2.26087,0.32574,5,2.28422
2014-04-07,0,-0.7134,2.26847,2.26847,0.7134,5,2.378
2014-04-08,0,-1.0277,2.1706,2.1706,1.0277,5,2.4016
2014-04-09,0,-1.22632,1.97634,1.97634,1.22632,5,2.32589
2014-04-10,0,-1.37944,1.73841,1.73841,1.37944,5,2.21921
2014-04-11,0,-1.54423,1.56119,1.56119,1.54423,5,2.1959
2014-04-12,0,-1.64288,1.38513,1.38513,1.64288,6,2.14887
2014-04-13,0,-1.67868,1.22273,1.22273,1.67868,6,2.07678
2014-04-14,0,-1.60635,1.05662,1.05662,1.60635,6,1.92271
2014-04-15,0,-1.56606,0.91767,0.91767,1.56606,6,1.81512
2014-04-16,0,-1.44027,0.81063,0.81063,1.44027,6,1.65272
2014-04-17,0,-1.34201,0.72806,0.72806,1.34201,6,1.52679
2014-04-18,0,-1.29307,0.63498,0.63498,1.29307,6,1.44056
2014-04-19,0,-1.18384,0.52887,0.52887,1.18384,6,1.29661
2014-04-20,0,-1.0333,0.42332,0.42332,1.0333,6,1.11665
2014-04-21,0,-0.87521,0.27518,0.27518,0.87521,6,0.91745
2014-04-22,0,-0.68166,0.14259,0.14259,0.68166,6,0.69641
2014-04-23,0,-0.47448,-0.00582,-0.00582,0.47448,7,0.47451
2014-04-24,0,-0.32955,-0.12831,-0.12831,0.32955,7,0.35364
2014-04-25,0,-0.22467,-0.29549,-0.29549,0.22467,8,0.37121
2014-04-26,0,-0.07587,-0.51318,-0.51318,0.07587,8,0.51876
2014-04-27,0,0.0751,-0.69268,-0.69268,-0.0751,1,0.69674
2014-04-28,0,0.17898,-0.77714,-0.77714,-0.17898,1,0.79749
2014-04-29,0,0.27084,-0.95504,-0.95504,-0.27084,1,0.9927
2014-04-30,0,0.41254,-1.1365,-1.1365,-0.41254,1,1.20905
2014-05-01,0,0.58748,-1.27756,-1.27756,-0.58748,1,1.40616
2014-05-02,0,0.73993,-1.3151,-1.3151,-0.73993,1,1.50897
2014-05-03,0,0.94126,-1.3003,-1.3003,-0.94126,1,1.60523
2014-05-04,0,1.02566,-1.28101,-1.28101,-1.02566,1,1.64103
2014-05-05,0,1.01926,-1.17052,-1.17052,-1.01926,1,1.5521
2014-05-06,0,1.00766,-0.97244,-0.97244,-1.00766,2,1.40036
2014-05-07,0,1.03062,-0.80128,-0.80128,-1.03062,2,1.30546
2014-05-08,0,1.07506,-0.53594,-0.53594,-1.07506,2,1.20125
2014-05-09,0,0.97916,-0.27069,-0.27069,-0.97916,2,1.01589
2014-05-10,0,0.84993,0.00814,0.00814,-0.84993,3,0.84997
2014-05-11,0,0.73645,0.16319,0.16319,-0.73645,3,0.75431
2014-05-12,0,0.55902,0.25657,0.25657,-0.55902,3,0.61509
2014-05-13,0,0.41957,0.39987,0.39987,-0.41957,3,0.5796
2014-05-14,0,0.29284,0.51352,0.51352,-0.29284,4,0.59115
2014-05-15,0,0.25144,0.51778,0.51778,-0.25144,4,0.57561
2014-05-16,0,0.26171,0.42901,0.42901,-0.26171,4,0.50253
2014-05-17,0,0.20045,0.26498,0.26498,-0.20045,4,0.33226
2014-05-18,0,0.18153,0.15431,0.15431,-0.18153,3,0.23826
2014-05-19,0,0.14212,0.05806,0.05806,-0.14212,3,0.15352
2014-05-20,0,0.12627,-0.01946,-0.01946,-0.12627,2,0.12776
2014-05-21,0,0.11996,-0.10912,-0.10912,-0.11996,2,0.16217
2014-05-22,0,0.13597,-0.23371,-0.23371,-0.13597,1,0.27038
2014-05-23,0,0.23414,-0.31979,-0.31979,-0.23414,1,0.39634
2014-05-24,0,0.31302,-0.36391,-0.36391,-0.31302,1,0.48001
2014-05-25,0,0.31436,-0.35338,-0.35338,-0.31436,1,0.47297
2014-05-26,0,0.32801,-0.28762,-0.28762,-0.32801,2,0.43625
2014-05-27,0,0.3934,-0.21974,-0.21974,-0.3934,2,0.45061
2014-05-28,0,0.44046,-0.18279,-0.18279,-0.44046,2,0.47688
2014-05-29,0,0.4594,-0.08972,-0.08972,-0.4594,2,0.46808
2014-05-30,0,0.51917,-0.01444,-0.01444,-0.51917,2,0.51937
2014-05-31,0,0.57478,0.09743,0.09743,-0.57478,3,0.58298
2014-06-01,0,0.59132,0.19668,0.19668,-0.59132,3,0.62317
2014-06-02,0,0.53075,0.2546,0.2546,-0.53075,3,0.58866
2014-06-03,0,0.49463,0.2959,0.2959,-0.49463,3,0.57638
2014-06-04,0,0.47496,0.33136,0.33136,-0.47496,3,0.57913
2014-06-05,0,0.4245,0.30398,0.30398,-0.4245,3,0.52211
2014-06-06,0,0.37846,0.2569,0.2569,-0.37846,3,0.45741
2014-06-07,0,0.23894,0.28441,0.28441,-0.23894,4,0.37145
2014-06-08,0,0.05502,0.45293,0.45293,-0.05502,4,0.45626
2014-06-09,0,-0.07202,0.66792,0.66792,0.07202,5,0.67179
2014-06-10,0,-0.13523,0.80635,0.80635,0.13523,5,0.81761
2014-06-11,0,-0.16108,0.9323,0.9323,0.16108,5,0.94612
2014-06-12,0,-0.23389,1.0664,1.0664,0.23389,5,1.09175
2014-06-13,0,-0.3496,1.20297,1.20297,0.3496,5,1.25274
2014-06-14,0,-0.44811,1.31837,1.31837,0.44811,5,1.39245
2014-06-15,0,-0.62644,1.42984,1.42984,0.62644,5,1.56105
2014-06-16,0,-0.76418,1.39318,1.39318,0.76418,5,1.589
2014-06-17,0,-0.88413,1.22026,1.22026,0.88413,5,1.5069
2014-06-18,0,-0.97511,0.99374,0.99374,0.97511,5,1.39225
2014-06-19,0,-1.13873,0.79656,0.79656,1.13873,6,1.38968
2014-06-20,0,-1.30994,0.6073,0.6073,1.30994,6,1.44387
2014-06-21,0,-1.42261,0.41377,0.41377,1.42261,6,1.48156
2014-06-22,0,-1.41782,0.19038,0.19038,1.41782,6,1.43054
2014-06-23,0,-1.38299,0.02227,0.02227,1.38299,6,1.38317
2014-06-24,0,-1.3423,-0.13698,-0.13698,1.3423,7,1.34927
2014-06-25,0,-1.21273,-0.20755,-0.20755,1.21273,7,1.23036
2014-06-26,0,-1.08745,-0.20502,-0.20502,1.08745,7,1.10661
2014-06-27,0,-1.00966,-0.24687,-0.24687,1.00966,7,1.0394
2014-06-28,0,-0.94258,-0.28754,-0.28754,0.94258,7,0.98546
2014-06-29,0,-0.85334,-0.28842,-0.28842,0.85334,7,0.90077
2014-06-30,0,-0.71731,-0.21057,-0.21057,0.71731,7,0.74757
2014-07-01,0,-0.60924,-0.13659,-0.13659,0.60924,7,0.62436
2014-07-02,0,-0.56142,-0.02895,-0.02895,0.56142,7,0.56217
2014-07-03,0,-0.45572,0.13933,0.13933,0.45572,6,0.47654
2014-07-04,0,-0.44228,0.26665,0.26665,0.44228,6,0.51645
2014-07-05,0,-0.39743,0.37598,0.37598,0.39743,6,0.5471
2014-07-06,0,-0.31717,0.53209,0.53209,0.31717,5,0.61944
2014-07-07,0,-0.24258,0.64958,0.64958,0.24258,5,0.6934
2014-07-08,0,-0.17332,0.74985,0.74985,0.17332,5,0.76962
2014-07-09,0,-0.17411,0.76664,0.76664,0.17411,5,0.78616
2014-07-10,0,-0.2721,0.8242,0.8242,0.2721,5,0.86796
2014-07-11,0,-0.37544,0.81489,0.81489,0.37544,5,0.89721
2014-07-12,0,-0.49808,0.65044,0.65044,0.49808,5,0.81924
2014-07-13,0,-0.58003,0.50277,0.50277,0.58003,6,0.7676
2014-07-14,0,-0.70159,0.38611,0.38611,0.70159,6,0.80082
2014-07-15,0,-0.847,0.3014,0.3014,0.847,6,0.89903
2014-07-16,0,-0.95171,0.29076,0.29076,0.95171,6,0.99513
2014-07-17,0,-1.04035,0.2533,0.2533,1.04035,6,1.07075
2014-07-18,0,-1.05789,0.23581,0.23581,1.05789,6,1.08385
2014-07-19,0,-1.05298,0.16773,0.16773,1.05298,6,1.06626
2014-07-20,0,-1.01401,0.0736,0.0736,1.01401,6,1.01668
2014-07-21,0,-0.92581,0.09177,0.09177,0.92581,6,0.93035
2014-07-22,0,-0.86252,0.06286,0.06286,0.86252,6,0.86481
2014-07-23,0,-0.80138,-0.0025,-0.0025,0.80138,7,0.80138
2014-07-24,0,-0.79681,-0.14431,-0.14431,0.79681,7,0.80977
2014-07-25,0,-0.70316,-0.24229,-0.24229,0.70316,7,0.74373
2014-07-26,0,-0.53831,-0.30405,-0.30405,0.53831,7,0.61825
2014-07-27,0,-0.39859,-0.38716,-0.38716,0.39859,7,0.55567
2014-07-28,0,-0.24212,-0.47869,-0.47869,0.24212,8,0.53644
2014-07-29,0,-0.12568,-0.45427,-0.45427,0.12568,8,0.47134
2014-07-30,0,0.04781,-0.4691,-0.4691,-0.04781,1,0.47153
2014-07-31,0,0.24984,-0.43304,-0.43304,-0.24984,1,0.49995
2014-08-01,0,0.51117,-0.37652,-0.37652,-0.51117,2,0.63487
2014-08-02,0,0.79954,-0.25086,-0.25086,-0.79954,2,0.83797
2014-08-03,0,1.05328,-0.21294,-0.21294,-1.05328,2,1.07459
2014-08-04,0,1.22179,-0.17797,-0.17797,-1.22179,2,1.23469
2014-08-05,0,1.36614,-0.15965,-0.15965,-1.36614,2,1.37543
2014-08-06,0,1.55969,-0.1512,-0.1512,-1.55969,2,1.567
2014-08-07,0,1.74651,-0.23202,-0.23202,-1.74651,2,1.76185
2014-08-08,0,1.7637,-0.27267,-0.27267,-1.7637,2,1.78466
2014-08-09,0,1.78764,-0.36282,-0.36282,-1.78764,2,1.82409
2014-08-10,0,1.7992,-0.47369,-0.47369,-1.7992,2,1.86051
2014-08-11,0,1.7114,-0.52618,-0.52618,-1.7114,2,1.79047
2014-08-12,0,1.53311,-0.51334,-0.51334,-1.53311,2,1.61677
2014-08-13,0,1.50219,-0.51644,-0.51644,-1.50219,2,1.58848
2014-08-14,0,1.48513,-0.58686,-0.58686,-1.48513,2,1.59687
2014-08-15,0,1.36234,-0.6332,-0.6332,-1.36234,2,1.5023
2014-08-16,0,1.22626,-0.55706,-0.55706,-1.22626,2,1.34686
2014-08-17,0,1.24067,-0.44811,-0.44811,-1.24067,2,1.31911
2014-08-18,0,1.31933,-0.33337,-0.33337,-1.31933,2,1.3608
2014-08-19,0,1.41207,-0.24882,-0.24882,-1.41207,2,1.43383
2014-08-20,0,1.44483,-0.20402,-0.20402,-1.44483,2,1.45916
2014-08-21,0,1.38964,-0.11803,-0.11803,-1.38964,2,1.39465
2014-08-22,0,1.19113,0.04017,0.04017,-1.19113,3,1.1918
2014-08-23,0,0.98043,0.27815,0.27815,-0.98043,3,1.01913
2014-08-24,0,0.78984,0.50282,0.50282,-0.78984,3,0.93631
2014-08-25,0,0.6101,0.67639,0.67639,-0.6101,4,0.91089
2014-08-26,0,0.41453,0.79925,0.79925,-0.41453,4,0.90035
2014-08-27,0,0.12498,0.87585,0.87585,-0.12498,4,0.88472
2014-08-28,0,-0.28954,0.94327,0.94327,0.28954,5,0.98671
2014-08-29,0,-0.54883,1.03856,1.03856,0.54883,5,1.17466
2014-08-30,0,-0.68363,1.0611,1.0611,0.68363,5,1.26226
2014-08-31,0,-0.82205,0.99851,0.99851,0.82205,5,1.29336
2014-09-01,0,-0.92546,0.98224,0.98224,0.92546,5,1.34954
2014-09-02,0,-0.96795,0.98964,0.98964,0.96795,5,1.38431
2014-09-03,0,-0.8949,0.89576,0.89576,0.8949,5,1.26619
2014-09-04,0,-0.8468,0.7545,0.7545,0.8468,6,1.13417
2014-09-05,0,-0.78373,0.61647,0.61647,0.78373,6,0.99713
2014-09-06,0,-0.64402,0.51291,0.51291,0.64402,6,0.82331
2014-09-07,0,-0.53425,0.31584,0.31584,0.53425,6,0.62063
2014-09-08,0,-0.40183,0.13269,0.13269,0.40183,6,0.42317
2014-09-09,0,-0.31141,0.0119,0.0119,0.31141,6,0.31164
2014-09-10,0,-0.25326,-0.10843,-0.10843,0.25326,7,0.27549
2014-09-11,0,-0.30239,-0.23512,-0.23512,0.30239,7,0.38304
2014-09-12,0,-0.42683,-0.31943,-0.31943,0.42683,7,0.53312
2014-09-13,0,-0.49507,-0.38384,-0.38384,0.49507,7,0.62644
2014-09-14,0,-0.51329,-0.33899,-0.33899,0.51329,7,0.61512
2014-09-15,0,-0.4492,-0.31843,-0.31843,0.4492,7,0.55062
2014-09-16,0,-0.42009,-0.2798,-0.2798,0.42009,7,0.50474
2014-09-17,0,-0.41881,-0.24355,-0.24355,0.41881,7,0.48448
2014-09-18,0,-0.29252,-0.3138,-0.3138,0.29252,8,0.42899
2014-09-19,0,-0.08832,-0.42889,-0.42889,0.08832,8,0.43789
2014-09-20,0,0.18596,-0.50234,-0.50234,-0.18596,1,0.53566
2014-09-21,0,0.41635,-0.53291,-0.53291,-0.41635,1,0.67628
2014-09-22,0,0.58073,-0.54281,-0.54281,-0.58073,2,0.79491
2014-09-23,0,0.67783,-0.61375,-0.61375,-0.67783,2,0.9144
2014-09-24,0,0.68891,-0.6758,-0.6758,-0.68891,2,0.96504
2014-09-25,0,0.7443,-0.72956,-0.72956,-0.7443,2,1.04223
2014-09-26,0,0.76435,-0.76698,-0.76698,-0.76435,1,1.08281
2014-09-27,0,0.65933,-0.80449,-0.80449,-0.65933,1,1.04016
2014-09-28,0,0.51694,-0.84784,-0.84784,-0.51694,1,0.99301
2014-09-29,0,0.31896,-0.82751,-0.82751,-0.31896,1,0.88685
2014-09-30,0,0.12839,-0.7177,-0.7177,-0.12839,1,0.72909
2014-10-01,0,-0.06397,-0.57121,-0.57121,0.06397,8,0.57478
2014-10-02,0,-0.25372,-0.44742,-0.44742,0.25372,8,0.51435
2014-10-03,0,-0.43213,-0.30423,-0.30423,0.43213,7,0.52848
2014-10-04,0,-0.67194,-0.16701,-0.16701,0.67194,7,0.69238
2014-10-05,0,-0.82366,-0.08117,-0.08117,0.82366,7,0.82765
2014-10-06,0,-0.88036,0.05157,0.05157,0.88036,6,0.88187
2014-10-07,0,-0.93955,0.18957,0.18957,0.93955,6,0.95849
2014-10-08,0,-0.86262,0.17865,0.17865,0.86262,6,0.88092
2014-10-09,0,-0.67675,-0.01776,-0.01776,0.67675,7,0.67698
2014-10-10,0,-0.44066,-0.21238,-0.21238,0.44066,7,0.48917
2014-10-11,0,-0.12287,-0.29753,-0.29753,0.12287,8,0.3219
2014-10-12,0,0.23189,-0.30967,-0.30967,-0.23189,1,0.38688
2014-10-13,0,0.59729,-0.15252,-0.15252,-0.59729,2,0.61646
2014-10-14,0,0.86262,0.0063,0.0063,-0.86262,3,0.86265
2014-10-15,0,1.0679,0.11198,0.11198,-1.0679,3,1.07375
2014-10-16,0,1.21473,0.16805,0.16805,-1.21473,3,1.2263
2014-10-17,0,1.24999,0.23435,0.23435,-1.24999,3,1.27177
2014-10-18,0,1.21389,0.36559,0.36559,-1.21389,3,1.26775
2014-10-19,0,1.1433,0.45447,0.45447,-1.1433,3,1.23031
2014-10-20,0,0.99751,0.48591,0.48591,-0.99751,3,1.10956
2014-10-21,0,0.74689,0.51451,0.51451,-0.74689,3,0.90695
2014-10-22,0,0.4444,0.43749,0.43749,-0.4444,3,0.62361
2014-10-23,0,0.20265,0.35231,0.35231,-0.20265,4,0.40643
2014-10-24,0,-0.02694,0.27772,0.27772,0.02694,5,0.27902
2014-10-25,0,-0.21578,0.17625,0.17625,0.21578,6,0.27861
2014-10-26,0,-0.32968,0.07525,0.07525,0.32968,6,0.33816
2014-10-27,0,-0.4103,-7e-05,-7e-05,0.4103,7,0.4103
2014-10-28,0,-0.41257,0.00774,0.00774,0.41257,6,0.41264
2014-10-29,0,-0.46853,0.01014,0.01014,0.46853,6,0.46864
2014-10-30,0,-0.50269,0.04008,0.04008,0.50269,6,0.50429
2014-10-31,0,-0.53828,0.08,0.08,0.53828,6,0.54419
2014-11-01,0,-0.56732,0.12403,0.12403,0.56732,6,0.58072
2014-11-02,0,-0.52629,0.13327,0.13327,0.52629,6,0.5429
2014-11-03,0,-0.4618,0.1059,0.1059,0.4618,6,0.47379
2014-11-04,0,-0.45341,0.09699,0.09699,0.45341,6,0.46366
2014-11-05,0,-0.40589,0.06958,0.06958,0.40589,6,0.41181
2014-11-06,0,-0.32828,0.02115,0.02115,0.32828,6,0.32896
2014-11-07,0,-0.18546,0.02022,0.02022,0.18546,6,0.18656
2014-11-08,0,-0.07312,-0.0146,-0.0146,0.07312,7,0.07456
2014-11-09,0,0.10125,-0.0608,-0.0608,-0.10125,2,0.11811
2014-11-10,0,0.26599,-0.11085,-0.11085,-0.26599,2,0.28816
2014-11-11,0,0.38621,-0.17715,-0.17715,-0.38621,2,0.4249
2014-11-12,0,0.49859,-0.23708,-0.23708,-0.49859,2,0.55209
2014-11-13,0,0.6346,-0.28114,-0.28114,-0.6346,2,0.69408
2014-11-14,0,0.76484,-0.25646,-0.25646,-0.76484,2,0.80669
2014-11-15,0,0.82215,-0.2397,-0.2397,-0.82215,2,0.85638
2014-11-16,0,0.87951,-0.3373,-0.3373,-0.87951,2,0.94197
2014-11-17,0,1.05246,-0.40798,-0.40798,-1.05246,2,1.12877
2014-11-18,0,1.22209,-0.34601,-0.34601,-1.22209,2,1.27013
2014-11-19,0,1.35646,-0.16264,-0.16264,-1.35646,2,1.36618
2014-11-20,0,1.43839,0.11621,0.11621,-1.43839,3,1.44308
2014-11-21,0,1.36994,0.42582,0.42582,-1.36994,3,1.4346
2014-11-22,0,1.19877,0.61981,0.61981,-1.19877,3,1.34952
2014-11-23,0,0.96487,0.64849,0.64849,-0.96487,3,1.16254
2014-11-24,0,0.68408,0.66073,0.66073,-0.68408,3,0.95107
2014-11-25,0,0.35877,0.77144,0.77144,-0.35877,4,0.85079
2014-11-26,0,0.00878,0.89802,0.89802,-0.00878,4,0.89806
2014-11-27,0,-0.29013,1.01873,1.01873,0.29013,5,1.05924
2014-11-28,0,-0.53004,1.10268,1.10268,0.53004,5,1.22346
2014-11-29,0,-0.77767,1.26172,1.26172,0.77767,5,1.48213
2014-11-30,0,-0.91455,1.43111,1.43111,0.91455,5,1.69838
2014-12-01,0,-1.05947,1.50624,1.50624,1.05947,5,1.84153
2014-12-02,0,-1.17711,1.53854,1.53854,1.17711,5,1.93719
2014-12-03,0,-1.172,1.50392,1.50392,1.172,5,1.90667
2014-12-04,0,-1.05531,1.38149,1.38149,1.05531,5,1.73844
2014-12-05,0,-0.97747,1.16896,1.16896,0.97747,5,1.52378
2014-12-06,0,-0.93905,0.92784,0.92784,0.93905,6,1.32011
2014-12-07,0,-0.89052,0.70489,0.70489,0.89052,6,1.13574
2014-12-08,0,-0.80746,0.46374,0.46374,0.80746,6,0.93115
2014-12-09,0,-0.72266,0.23744,0.23744,0.72266,6,0.76067
2014-12-10,0,-0.52018,0.03018,0.03018,0.52018,6,0.52105
2014-12-11,0,-0.25389,-0.18772,-0.18772,0.25389,7,0.31575
2014-12-12,0,-0.03604,-0.33626,-0.33626,0.03604,8,0.33819
2014-12-13,0,0.14642,-0.33955,-0.33955,-0.14642,1,0.36977
2014-12-14,0,0.34369,-0.26096,-0.26096,-0.34369,2,0.43154
2014-12-15,0,0.50868,-0.14281,-0.14281,-0.50868,2,0.52835
2014-12-16,0,0.59844,-0.04141,-0.04141,-0.59844,2,0.59987
2014-12-17,0,0.64387,0.10446,0.10446,-0.64387,3,0.65229
2014-12-18,0,0.67626,0.20949,0.20949,-0.67626,3,0.70796
2014-12-19,0,0.66493,0.29157,0.29157,-0.66493,3,0.72605
2014-12-20,0,0.6397,0.40013,0.40013,-0.6397,3,0.75453
2014-12-21,0,0.5997,0.52739,0.52739,-0.5997,3,0.79861
2014-12-22,0,0.5209,0.599,0.599,-0.5209,4,0.79381
2014-12-23,0,0.35538,0.69037,0.69037,-0.35538,4,0.77647
2014-12-24,0,0.13743,0.76433,0.76433,-0.13743,4,0.77658
2014-12-25,0,0.0132,0.8553,0.8553,-0.0132,4,0.8554
2014-12-26,0,-0.15402,0.83077,0.83077,0.15402,5,0.84493
2014-12-27,0,-0.36167,0.83093,0.83093,0.36167,5,0.90623
2014-12-28,0,-0.62693,0.84164,0.84164,0.62693,5,1.04948
2014-12-29,0,-0.90825,0.90151,0.90151,0.90825,6,1.27971
2014-12-30,0,-1.19078,0.8678,0.8678,1.19078,6,1.47344
2014-12-31,0,-1.47261,0.8624,0.8624,1.47261,6,1.70655
2015-01-01,0,-1.74562,0.76867,0.76867,1.74562,6,1.90737
2015-01-02,0,-1.95692,0.6804,0.6804,1.95692,6,2.07183
2015-01-03,0,-2.16069,0.68838,0.68838,2.16069,6,2.2677
2015-01-04,0,-2.26252,0.74795,0.74795,2.26252,6,2.38295
2015-01-05,0,-2.34332,0.76964,0.76964,2.34332,6,2.46647
2015-01-06,0,-2.40223,0.72872,0.72872,2.40223,6,2.51032
2015-01-07,0,-2.49866,0.62309,0.62309,2.49866,6,2.57518
2015-01-08,0,-2.54123,0.51057,0.51057,2.54123,6,2.59201
2015-01-09,0,-2.46487,0.3456,0.3456,2.46487,6,2.48898
2015-01-10,0,-2.24491,0.20315,0.20315,2.24491,6,2.25408
2015-01-11,0,-1.96733,0.04271,0.04271,1.96733,6,1.9678
2015-01-12,0,-1.6923,-0.24855,-0.24855,1.6923,7,1.71046
2015-01-13,0,-1.40689,-0.54552,-0.54552,1.40689,7,1.50895
2015-01-14,0,-1.12072,-0.77497,-0.77497,1.12072,7,1.36257
2015-01-15,0,-0.77772,-0.87259,-0.87259,0.77772,8,1.16887
2015-01-16,0,-0.41827,-0.92936,-0.92936,0.41827,8,1.01915
2015-01-17,0,-0.09753,-1.00263,-1.00263,0.09753,8,1.00736
2015-01-18,0,0.1728,-1.06946,-1.06946,-0.1728,1,1.08333
2015-01-19,0,0.32358,-1.17866,-1.17866,-0.32358,1,1.22227
2015-01-20,0,0.39208,-1.3053,-1.3053,-0.39208,1,1.36292
2015-01-21,0,0.39836,-1.37753,-1.37753,-0.39836,1,1.43397
2015-01-22,0,0.34287,-1.40566,-1.40566,-0.34287,1,1.44687
2015-01-23,0,0.25875,-1.46937,-1.46937,-0.25875,1,1.49198
2015-01-24,0,0.12575,-1.61644,-1.61644,-0.12575,1,1.62133
2015-01-25,0,0.00869,-1.73075,-1.73075,-0.00869,1,1.73077
2015-01-26,0,-0.1093,-1.7189,-1.7189,0.1093,8,1.72237
2015-01-27,0,-0.22421,-1.57992,-1.57992,0.22421,8,1.59575
2015-01-28,0,-0.24817,-1.41618,-1.41618,0.24817,8,1.43777
2015-01-29,0,-0.2557,-1.24634,-1.24634,0.2557,8,1.2723
2015-01-30,0,-0.2475,-1.06565,-1.06565,0.2475,8,1.09401
2015-01-31,0,-0.20053,-0.93607,-0.93607,0.20053,8,0.95731
2015-02-01,0,-0.1175,-0.82877,-0.82877,0.1175,8,0.83706
2015-02-02,0,0.01339,-0.82323,-0.82323,-0.01339,1,0.82334
2015-02-03,0,0.22194,-0.86524,-0.86524,-0.22194,1,0.89325
2015-02-04,0,0.45524,-0.90096,-0.90096,-0.45524,1,1.00944
2015-02-05,0,0.68497,-0.97044,-0.97044,-0.68497,1,1.18783
2015-02-06,0,0.82869,-0.93438,-0.93438,-0.82869,1,1.24891
2015-02-07,0,0.91134,-0.86587,-0.86587,-0.91134,2,1.25709
2015-02-08,0,0.95996,-0.80936,-0.80936,-0.95996,2,1.25562
2015-02-09,0,1.0026,-0.77949,-0.77949,-1.0026,2,1.26996
2015-02-10,0,1.01718,-0.73129,-0.73129,-1.01718,2,1.25277
2015-02-11,0,0.97055,-0.52872,-0.52872,-0.97055,2,1.10522
2015-02-12,0,0.86874,-0.32858,-0.32858,-0.86874,2,0.9288
2015-02-13,0,0.80802,-0.10521,-0.10521,-0.80802,2,0.81484
2015-02-14,0,0.76354,0.16556,0.16556,-0.76354,3,0.78129
2015-02-15,0,0.77246,0.3842,0.3842,-0.77246,3,0.86273
2015-02-16,0,0.81788,0.51741,0.51741,-0.81788,3,0.9678
2015-02-17,0,0.82042,0.53144,0.53144,-0.82042,3,0.97751
2015-02-18,0,0.73409,0.58142,0.58142,-0.73409,3,0.93645
2015-02-19,0,0.72575,0.66166,0.66166,-0.72575,3,0.9821
2015-02-20,0,0.69205,0.66431,0.66431,-0.69205,3,0.95929
2015-02-21,0,0.57387,0.67385,0.67385,-0.57387,4,0.8851
2015-02-22,0,0.37983,0.59997,0.59997,-0.37983,4,0.7101
2015-02-23,0,0.20839,0.43121,0.43121,-0.20839,4,0.47892
2015-02-24,0,0.05769,0.2109,0.2109,-0.05769,4,0.21865
2015-02-25,0,-0.01532,0.07669,0.07669,0.01532,5,0.0782
2015-02-26,0,-0.0033,0.0804,0.0804,0.0033,5,0.08047
2015-02-27,0,0.08565,0.16419,0.16419,-0.08565,4,0.18518
2015-02-28,0,0.04502,0.17518,0.17518,-0.04502,4,0.18088
2015-03-01,0,-0.06517,0.19496,0.19496,0.06517,5,0.20556
2015-03-02,0,-0.17911,0.26407,0.26407,0.17911,5,0.31908
2015-03-03,0,-0.25181,0.44135,0.44135,0.25181,5,0.50813
2015-03-04,0,-0.35912,0.5766,0.5766,0.35912,5,0.67929
2015-03-05,0,-0.54112,0.71756,0.71756,0.54112,5,0.89872
2015-03-06,0,-0.70155,0.8469,0.8469,0.70155,5,1.09973
2015-03-07,0,-0.87376,1.04594,1.04594,0.87376,5,1.36288
2015-03-08,0,-1.06754,1.1867,1.1867,1.06754,5,1.59621
2015-03-09,0,-1.18028,1.25917,1.25917,1.18028,5,1.72585
2015-03-10,0,-1.2791,1.21264,1.21264,1.2791,6,1.76255
2015-03-11,0,-1.41043,0.92262,0.92262,1.41043,6,1.68539
2015-03-12,0,-1.61088,0.45542,0.45542,1.61088,6,1.67402
2015-03-13,0,-1.70941,-0.06554,-0.06554,1.70941,7,1.71067
2015-03-14,0,-1.63634,-0.71077,-0.71077,1.63634,7,1.78405
2015-03-15,0,-1.38138,-1.33107,-1.33107,1.38138,7,1.91833
2015-03-16,0,-0.95778,-1.93662,-1.93662,0.95778,8,2.16052
2015-03-17,0,-0.52108,-2.36284,-2.36284,0.52108,8,2.41961
2015-03-18,0,-0.16196,-2.64511,-2.64511,0.16196,8,2.65006
2015-03-19,0,0.11413,-2.75786,-2.75786,-0.11413,1,2.76022
2015-03-20,0,0.34429,-2.68215,-2.68215,-0.34429,1,2.70415
2015-03-21,0,0.54919,-2.5069,-2.5069,-0.54919,1,2.56635
2015-03-22,0,0.69263,-2.28952,-2.28952,-0.69263,1,2.392
2015-03-23,0,0.84735,-2.02216,-2.02216,-0.84735,1,2.19251
2015-03-24,0,1.0123,-1.80517,-1.80517,-1.0123,1,2.06964
2015-03-25,0,1.17398,-1.63126,-1.63126,-1.17398,1,2.00979
2015-03-26,0,1.30698,-1.50454,-1.50454,-1.30698,1,1.99295
2015-03-27,0,1.42894,-1.35636,-1.35636,-1.42894,2,1.97017
2015-03-28,0,1.55346,-1.21594,-1.21594,-1.55346,2,1.97275
2015-03-29,0,1.62273,-1.04702,-1.04702,-1.62273,2,1.9312
2015-03-30,0,1.68559,-0.88937,-0.88937,-1.68559,2,1.90583
2015-03-31,0,1.66244,-0.69217,-0.69217,-1.66244,2,1.80078
2015-04-01,0,1.59957,-0.48566,-0.48566,-1.59957,2,1.67167
2015-04-02,0,1.51622,-0.31053,-0.31053,-1.51622,2,1.5477
2015-04-03,0,1.4178,-0.079,-0.079,-1.4178,2,1.42
2015-04-04,0,1.33577,0.17464,0.17464,-1.33577,3,1.34714
2015-04-05,0,1.2201,0.33405,0.33405,-1.2201,3,1.265
2015-04-06,0,1.082,0.47683,0.47683,-1.082,3,1.18241
2015-04-07,0,0.96562,0.65156,0.65156,-0.96562,3,1.16488
2015-04-08,0,0.84294,0.82519,0.82519,-0.84294,3,1.17961
2015-04-09,0,0.74276,1.02498,1.02498,-0.74276,4,1.26581
2015-04-10,0,0.68146,1.16908,1.16908,-0.68146,4,1.35319
2015-04-11,0,0.56372,1.28088,1.28088,-0.56372,4,1.39944
2015-04-12,0,0.45256,1.33444,1.33444,-0.45256,4,1.40909
2015-04-13,0,0.38318,1.40756,1.40756,-0.38318,4,1.45878
2015-04-14,0,0.30009,1.49043,1.49043,-0.30009,4,1.52035
2015-04-15,0,0.245,1.54488,1.54488,-0.245,4,1.56418
2015-04-16,0,0.23473,1.52032,1.52032,-0.23473,4,1.53833
2015-04-17,0,0.18958,1.48662,1.48662,-0.18958,4,1.49866
2015-04-18,0,0.19195,1.38636,1.38636,-0.19195,4,1.39958
2015-04-19,0,0.17153,1.32586,1.32586,-0.17153,4,1.33691
2015-04-20,0,0.24528,1.29534,1.29534,-0.24528,4,1.31835
2015-04-21,0,0.3095,1.30934,1.30934,-0.3095,4,1.34542
2015-04-22,0,0.32095,1.24839,1.24839,-0.32095,4,1.28899
2015-04-23,0,0.29905,1.23957,1.23957,-0.29905,4,1.27513
2015-04-24,0,0.2266,1.20666,1.20666,-0.2266,4,1.22775
2015-04-25,0,0.12263,1.22202,1.22202,-0.12263,4,1.22816
2015-04-26,0,0.06995,1.22935,1.22935,-0.06995,4,1.23134
2015-04-27,0,-0.00785,1.18014,1.18014,0.00785,5,1.18016
2015-04-28,0,-0.07579,1.10823,1.10823,0.07579,5,1.11082
2015-04-29,0,-0.186,0.98362,0.98362,0.186,5,1.00105
2015-04-30,0,-0.3757,0.78489,0.78489,0.3757,5,0.87017
2015-05-01,0,-0.4994,0.62046,0.62046,0.4994,5,0.79648
2015-05-02,0,-0.49446,0.41227,0.41227,0.49446,6,0.64378
2015-05-03,0,-0.4492,0.23701,0.23701,0.4492,6,0.5079
2015-05-04,0,-0.38451,0.03574,0.03574,0.38451,6,0.38616
2015-05-05,0,-0.28669,-0.19325,-0.19325,0.28669,7,0.34574
2015-05-06,0,-0.19082,-0.3753,-0.3753,0.19082,8,0.42102
2015-05-07,0,-0.0916,-0.5299,-0.5299,0.0916,8,0.53775
2015-05-08,0,-0.00461,-0.58132,-0.58132,0.00461,8,0.58134
2015-05-09,0,0.13963,-0.55901,-0.55901,-0.13963,1,0.57619
2015-05-10,0,0.14353,-0.58967,-0.58967,-0.14353,1,0.60689
2015-05-11,0,0.05667,-0.64096,-0.64096,-0.05667,1,0.64346
2015-05-12,0,-0.07371,-0.67347,-0.67347,0.07371,8,0.67749
2015-05-13,0,-0.2351,-0.72528,-0.72528,0.2351,8,0.76244
2015-05-14,0,-0.34535,-0.86965,-0.86965,0.34535,8,0.93571
2015-05-15,0,-0.43907,-0.95266,-0.95266,0.43907,8,1.04898
2015-05-16,0,-0.54925,-1.01348,-1.01348,0.54925,8,1.15274
2015-05-17,0,-0.6512,-1.04803,-1.04803,0.6512,8,1.23387
2015-05-18,0,-0.67374,-1.05167,-1.05167,0.67374,8,1.24898
2015-05-19,0,-0.60278,-1.07556,-1.07556,0.60278,8,1.23296
2015-05-20,0,-0.51376,-1.01069,-1.01069,0.51376,8,1.13377
2015-05-21,0,-0.4503,-0.90001,-0.90001,0.4503,8,1.00637
2015-05-22,0,-0.36836,-0.72178,-0.72178,0.36836,8,0.81034
2015-05-23,0,-0.3789,-0.55247,-0.55247,0.3789,8,0.66992
2015-05-24,0,-0.3312,-0.54288,-0.54288,0.3312,8,0.63593
2015-05-25,0,-0.30201,-0.5016,-0.5016,0.30201,8,0.5855
2015-05-26,0,-0.2446,-0.49981,-0.49981,0.2446,8,0.55645
2015-05-27,0,-0.22028,-0.58226,-0.58226,0.22028,8,0.62254
2015-05-28,0,-0.20102,-0.58822,-0.58822,0.20102,8,0.62162
2015-05-29,0,-0.13605,-0.66643,-0.66643,0.13605,8,0.68017
2015-05-30,0,0.0689,-0.83961,-0.83961,-0.0689,1,0.84243
2015-05-31,0,0.32838,-1.04736,-1.04736,-0.32838,1,1.09764
2015-06-01,0,0.56113,-1.09115,-1.09115,-0.56113,1,1.22698
2015-06-02,0,0.77759,-0.97298,-0.97298,-0.77759,1,1.24553
2015-06-03,0,1.06891,-0.87297,-0.87297,-1.06891,2,1.38009
2015-06-04,0,1.32308,-0.68097,-0.68097,-1.32308,2,1.48804
2015-06-05,0,1.50308,-0.47529,-0.47529,-1.50308,2,1.57644
2015-06-06,0,1.57794,-0.3144,-0.3144,-1.57794,2,1.60896
2015-06-07,0,1.50911,-0.04497,-0.04497,-1.50911,2,1.50978
2015-06-08,0,1.4027,0.32964,0.32964,-1.4027,3,1.44091
2015-06-09,0,1.20837,0.6512,0.6512,-1.20837,3,1.37267
2015-06-10,0,1.04265,0.95871,0.95871,-1.04265,3,1.41642
2015-06-11,0,0.78735,1.27312,1.27312,-0.78735,4,1.49691
2015-06-12,0,0.52648,1.60474,1.60474,-0.52648,4,1.6889
2015-06-13,0,0.27971,1.82748,1.82748,-0.27971,4,1.84876
2015-06-14,0,0.02427,2.04123,2.04123,-0.02427,4,2.04137
2015-06-15,0,-0.14737,2.29133,2.29133,0.14737,5,2.29607
2015-06-16,0,-0.28602,2.40341,2.40341,0.28602,5,2.42036
2015-06-17,0,-0.49822,2.40704,2.40704,0.49822,5,2.45806
2015-06-18,0,-0.72439,2.39591,2.39591,0.72439,5,2.50302
2015-06-19,0,-0.99522,2.34273,2.34273,0.99522,5,2.54536
2015-06-20,0,-1.18528,2.20353,2.20353,1.18528,5,2.50209
2015-06-21,0,-1.42258,1.98988,1.98988,1.42258,5,2.44609
2015-06-22,0,-1.57279,1.76918,1.76918,1.57279,5,2.36721
2015-06-23,0,-1.68065,1.52817,1.52817,1.68065,6,2.27154
2015-06-24,0,-1.77077,1.24363,1.24363,1.77077,6,2.16385
2015-06-25,0,-1.83565,0.95871,0.95871,1.83565,6,2.07093
2015-06-26,0,-1.87988,0.63083,0.63083,1.87988,6,1.9829
2015-06-27,0,-1.95994,0.30898,0.30898,1.95994,6,1.98415
2015-06-28,0,-2.00898,-0.01218,-0.01218,2.00898,7,2.00902
2015-06-29,0,-2.00754,-0.33634,-0.33634,2.00754,7,2.03552
2015-06-30,0,-1.95522,-0.67874,-0.67874,1.95522,7,2.06968
2015-07-01,0,-1.94501,-0.97679,-0.97679,1.94501,7,2.17651
2015-07-02,0,-1.92079,-1.21933,-1.21933,1.92079,7,2.27513
2015-07-03,0,-1.88035,-1.43932,-1.43932,1.88035,7,2.36799
2015-07-04,0,-1.82965,-1.61954,-1.61954,1.82965,7,2.44347
2015-07-05,0,-1.73152,-1.6611,-1.6611,1.73152,7,2.39946
2015-07-06,0,-1.44192,-1.6429,-1.6429,1.44192,8,2.18592
2015-07-07,0,-1.09218,-1.64289,-1.64289,1.09218,8,1.9728
2015-07-08,0,-0.74723,-1.7379,-1.7379,0.74723,8,1.89173
2015-07-09,0,-0.40273,-1.78089,-1.78089,0.40273,8,1.82586
2015-07-10,0,-0.07064,-1.78985,-1.78985,0.07064,8,1.79125
2015-07-11,0,0.23482,-1.72685,-1.72685,-0.23482,1,1.74274
2015-07-12,0,0.53611,-1.65888,-1.65888,-0.53611,1,1.74336
2015-07-13,0,0.84749,-1.62825,-1.62825,-0.84749,1,1.8356
2015-07-14,0,1.14494,-1.6563,-1.6563,-1.14494,1,2.01351
2015-07-15,0,1.31842,-1.61055,-1.61055,-1.31842,1,2.08137
2015-07-16,0,1.47407,-1.53405,-1.53405,-1.47407,1,2.12748
2015-07-17,0,1.50023,-1.36172,-1.36172,-1.50023,2,2.02607
2015-07-18,0,1.47508,-1.11289,-1.11289,-1.47508,2,1.8478
2015-07-19,0,1.46174,-0.92159,-0.92159,-1.46174,2,1.72801
2015-07-20,0,1.45319,-0.84618,-0.84618,-1.45319,2,1.6816
2015-07-21,0,1.37972,-0.69157,-0.69157,-1.37972,2,1.54334
2015-07-22,0,1.22007,-0.43906,-0.43906,-1.22007,2,1.29666
2015-07-23,0,1.0112,-0.24368,-0.24368,-1.0112,2,1.04015
2015-07-24,0,0.82625,-0.14331,-0.14331,-0.82625,2,0.83859
2015-07-25,0,0.64676,-0.0627,-0.0627,-0.64676,2,0.64979
2015-07-26,0,0.5303,0.13155,0.13155,-0.5303,3,0.54638
2015-07-27,0,0.42028,0.3088,0.3088,-0.42028,3,0.52153
2015-07-28,0,0.29769,0.46208,0.46208,-0.29769,4,0.54967
2015-07-29,0,0.17705,0.62367,0.62367,-0.17705,4,0.64831
2015-07-30,0,0.06138,0.73055,0.73055,-0.06138,4,0.73312
2015-07-31,0,-0.02383,0.81085,0.81085,0.02383,5,0.8112
2015-08-01,0,-0.13356,0.90629,0.90629,0.13356,5,0.91608
2015-08-02,0,-0.22517,0.95948,0.95948,0.22517,5,0.98554
2015-08-03,0,-0.28781,1.02993,1.02993,0.28781,5,1.06939
2015-08-04,0,-0.30466,1.04991,1.04991,0.30466,5,1.09322
2015-08-05,0,-0.29384,1.01326,1.01326,0.29384,5,1.05501
2015-08-06,0,-0.29315,0.98515,0.98515,0.29315,5,1.02784
2015-08-07,0,-0.27697,0.94008,0.94008,0.27697,5,0.98003
2015-08-08,0,-0.18785,0.86263,0.86263,0.18785,5,0.88285
2015-08-09,0,-0.0375,0.67762,0.67762,0.0375,5,0.67865
2015-08-10,0,0.09798,0.41437,0.41437,-0.09798,4,0.4258
2015-08-11,0,0.17841,0.18998,0.18998,-0.17841,4,0.26061
2015-08-12,0,0.22428,0.01613,0.01613,-0.22428,3,0.22486
2015-08-13,0,0.21607,-0.20705,-0.20705,-0.21607,2,0.29926
2015-08-14,0,0.09694,-0.42811,-0.42811,-0.09694,1,0.43895
2015-08-15,0,-0.02954,-0.6083,-0.6083,0.02954,8,0.60901
2015-08-16,0,-0.1992,-0.65757,-0.65757,0.1992,8,0.68708
2015-08-17,0,-0.3567,-0.63895,-0.63895,0.3567,8,0.73177
2015-08-18,0,-0.49632,-0.57817,-0.57817,0.49632,8,0.76198
2015-08-19,0,-0.57889,-0.44944,-0.44944,0.57889,7,0.73288
2015-08-20,0,-0.64461,-0.32631,-0.32631,0.64461,7,0.7225
2015-08-21,0,-0.72181,-0.20505,-0.20505,0.72181,7,0.75037
2015-08-22,0,-0.68658,-0.03982,-0.03982,0.68658,7,0.68774
2015-08-23,0,-0.5515,0.05829,0.05829,0.5515,6,0.55457
2015-08-24,0,-0.35254,0.10324,0.10324,0.35254,6,0.36735
2015-08-25,0,-0.03704,0.03967,0.03967,0.03704,5,0.05427
2015-08-26,0,0.23402,-0.06744,-0.06744,-0.23402,2,0.24354
2015-08-27,0,0.41503,-0.15054,-0.15054,-0.41503,2,0.44149
2015-08-28,0,0.55467,-0.2294,-0.2294,-0.55467,2,0.60024
2015-08-29,0,0.65864,-0.32207,-0.32207,-0.65864,2,0.73317
2015-08-30,0,0.79664,-0.47098,-0.47098,-0.79664,2,0.92545
2015-08-31,0,0.79941,-0.55491,-0.55491,-0.79941,2,0.97313
2015-09-01,0,0.81069,-0.53052,-0.53052,-0.81069,2,0.96885
2015-09-02,0,0.76082,-0.5057,-0.5057,-0.76082,2,0.91356
2015-09-03,0,0.59018,-0.47196,-0.47196,-0.59018,2,0.75568
2015-09-04,0,0.38057,-0.36549,-0.36549,-0.38057,2,0.52765
2015-09-05,0,0.22934,-0.25806,-0.25806,-0.22934,1,0.34524
2015-09-06,0,0.07904,-0.11179,-0.11179,-0.07904,1,0.13691
2015-09-07,0,-0.07301,0.03152,0.03152,0.07301,6,0.07952
2015-09-08,0,-0.33239,0.17401,0.17401,0.33239,6,0.37518
2015-09-09,0,-0.47748,0.2945,0.2945,0.47748,6,0.561
2015-09-10,0,-0.60631,0.44093,0.44093,0.60631,6,0.74969
2015-09-11,0,-0.69865,0.6269,0.6269,0.69865,6,0.93867
2015-09-12,0,-0.76835,0.78731,0.78731,0.76835,5,1.1001
2015-09-13,0,-0.76481,0.87637,0.87637,0.76481,5,1.16317
2015-09-14,0,-0.76155,0.91324,0.91324,0.76155,5,1.18911
2015-09-15,0,-0.65564,0.86679,0.86679,0.65564,5,1.08682
2015-09-16,0,-0.48786,0.79321,0.79321,0.48786,5,0.93123
2015-09-17,0,-0.29016,0.71542,0.71542,0.29016,5,0.77202
2015-09-18,0,-0.16602,0.60031,0.60031,0.16602,5,0.62284
2015-09-19,0,-0.07883,0.42952,0.42952,0.07883,5,0.4367
2015-09-20,0,-0.04734,0.26202,0.26202,0.04734,5,0.26626
2015-09-21,0,0.0102,0.18524,0.18524,-0.0102,4,0.18553
2015-09-22,0,0.05594,0.12104,0.12104,-0.05594,4,0.13334
2015-09-23,0,0.11639,0.08826,0.08826,-0.11639,3,0.14607
2015-09-24,0,0.10784,0.07793,0.07793,-0.10784,3,0.13305
2015-09-25,0,0.03921,0.06989,0.06989,-0.03921,4,0.08014
2015-09-26,0,-0.01229,0.09269,0.09269,0.01229,5,0.0935
2015-09-27,0,-0.10821,0.07643,0.07643,0.10821,6,0.13248
2015-09-28,0,-0.26444,0.05898,0.05898,0.26444,6,0.27094
2015-09-29,0,-0.39699,0.08391,0.08391,0.39699,6,0.40576
2015-09-30,0,-0.48803,0.05919,0.05919,0.48803,6,0.49161
2015-10-01,0,-0.5271,0.00477,0.00477,0.5271,6,0.52713
2015-10-02,0,-0.56165,-0.09217,-0.09217,0.56165,7,0.56916
2015-10-03,0,-0.65208,-0.16702,-0.16702,0.65208,7,0.67314
2015-10-04,0,-0.66951,-0.22231,-0.22231,0.66951,7,0.70545
2015-10-05,0,-0.65729,-0.30662,-0.30662,0.65729,7,0.72529
2015-10-06,0,-0.56045,-0.43871,-0.43871,0.56045,7,0.71174
2015-10-07,0,-0.42793,-0.554,-0.554,0.42793,8,0.70003
2015-10-08,0,-0.23071,-0.76799,-0.76799,0.23071,8,0.8019
2015-10-09,0,0.00498,-0.99591,-0.99591,-0.00498,1,0.99593
2015-10-10,0,0.20783,-1.10385,-1.10385,-0.20783,1,1.12325
2015-10-11,0,0.33597,-1.17317,-1.17317,-0.33597,1,1.22033
2015-10-12,0,0.46053,-1.22699,-1.22699,-0.46053,1,1.31057
2015-10-13,0,0.55973,-1.25038,-1.25038,-0.55973,1,1.36995
2015-10-14,0,0.65597,-1.24723,-1.24723,-0.65597,1,1.40921
2015-10-15,0,0.77887,-1.183,-1.183,-0.77887,1,1.41638
2015-10-16,0,0.96302,-1.10378,-1.10378,-0.96302,1,1.46483
2015-10-17,0,1.16839,-1.04207,-1.04207,-1.16839,2,1.56558
2015-10-18,0,1.32273,-0.98286,-0.98286,-1.32273,2,1.64791
2015-10-19,0,1.48465,-0.99975,-0.99975,-1.48465,2,1.78989
2015-10-20,0,1.67217,-0.98823,-0.98823,-1.67217,2,1.94236
2015-10-21,0,1.90251,-0.78739,-0.78739,-1.90251,2,2.05901
2015-10-22,0,2.02123,-0.57858,-0.57858,-2.02123,2,2.10241
2015-10-23,0,2.0457,-0.33071,-0.33071,-2.0457,2,2.07226
2015-10-24,0,2.00148,-0.05965,-0.05965,-2.00148,2,2.00237
2015-10-25,0,1.87336,0.15598,0.15598,-1.87336,3,1.87984
2015-10-26,0,1.63042,0.3717,0.3717,-1.63042,3,1.67225
2015-10-27,0,1.41901,0.57107,0.57107,-1.41901,3,1.52961
2015-10-28,0,1.20912,0.74657,0.74657,-1.20912,3,1.42104
2015-10-29,0,0.94884,0.91895,0.91895,-0.94884,3,1.3209
2015-10-30,0,0.70851,0.97718,0.97718,-0.70851,4,1.20701
2015-10-31,0,0.5631,0.9932,0.9932,-0.5631,4,1.14172
2015-11-01,0,0.44666,0.95568,0.95568,-0.44666,4,1.05491
2015-11-02,0,0.31315,0.93117,0.93117,-0.31315,4,0.98242
2015-11-03,0,0.28661,0.95467,0.95467,-0.28661,4,0.99677
2015-11-04,0,0.28948,1.03621,1.03621,-0.28948,4,1.07589
2015-11-05,0,0.26738,1.08787,1.08787,-0.26738,4,1.12025
2015-11-06,0,0.23702,1.15558,1.15558,-0.23702,4,1.17964
2015-11-07,0,0.28773,1.18375,1.18375,-0.28773,4,1.21822
2015-11-08,0,0.34141,1.18882,1.18882,-0.34141,4,1.23687
2015-11-09,0,0.30773,1.21656,1.21656,-0.30773,4,1.25488
2015-11-10,0,0.29189,1.19121,1.19121,-0.29189,4,1.22645
2015-11-11,0,0.34443,1.09026,1.09026,-0.34443,4,1.14337
2015-11-12,0,0.31202,0.99601,0.99601,-0.31202,4,1.04374
2015-11-13,0,0.27017,0.84131,0.84131,-0.27017,4,0.88363
2015-11-14,0,0.23322,0.70049,0.70049,-0.23322,4,0.7383
2015-11-15,0,0.20684,0.56599,0.56599,-0.20684,4,0.6026
2015-11-16,0,0.15545,0.41471,0.41471,-0.15545,4,0.44289
2015-11-17,0,0.06691,0.28702,0.28702,-0.06691,4,0.29472
2015-11-18,0,-0.03306,0.05651,0.05651,0.03306,5,0.06547
2015-11-19,0,-0.08938,-0.11632,-0.11632,0.08938,8,0.14669
2015-11-20,0,0.01258,-0.23462,-0.23462,-0.01258,1,0.23496
2015-11-21,0,0.14527,-0.33519,-0.33519,-0.14527,1,0.36531
2015-11-22,0,0.19487,-0.33484,-0.33484,-0.19487,1,0.38742
2015-11-23,0,0.19236,-0.32521,-0.32521,-0.19236,1,0.37784
2015-11-24,0,0.12419,-0.29863,-0.29863,-0.12419,1,0.32342
2015-11-25,0,0.08029,-0.23582,-0.23582,-0.08029,1,0.24911
2015-11-26,0,0.08731,-0.11297,-0.11297,-0.08731,1,0.14278
2015-11-27,0,0.14653,0.05949,0.05949,-0.14653,3,0.15815
2015-11-28,0,0.20719,0.17167,0.17167,-0.20719,3,0.26907
2015-11-29,0,0.21629,0.18379,0.18379,-0.21629,3,0.28383
2015-11-30,0,0.20274,0.19789,0.19789,-0.20274,3,0.28331
2015-12-01,0,0.29729,0.17367,0.17367,-0.29729,3,0.3443
2015-12-02,0,0.3922,0.15076,0.15076,-0.3922,3,0.42017
2015-12-03,0,0.50143,0.0774,0.0774,-0.50143,3,0.50737
2015-12-04,0,0.51298,0.02946,0.02946,-0.51298,3,0.51383
2015-12-05,0,0.45149,-0.04068,-0.04068,-0.45149,2,0.45332
2015-12-06,0,0.34795,-0.01518,-0.01518,-0.34795,2,0.34828
2015-12-07,0,0.27558,0.04477,0.04477,-0.27558,3,0.2792
2015-12-08,0,0.1948,0.19166,0.19166,-0.1948,3,0.27327
2015-12-09,0,0.13635,0.37413,0.37413,-0.13635,4,0.3982
2015-12-10,0,0.00585,0.55102,0.55102,-0.00585,4,0.55105
2015-12-11,0,-0.1729,0.76393,0.76393,0.1729,5,0.78325
2015-12-12,0,-0.34635,0.97806,0.97806,0.34635,5,1.03757
2015-12-13,0,-0.46458,1.09383,1.09383,0.46458,5,1.1884
2015-12-14,0,-0.62738,1.25422,1.25422,0.62738,5,1.40238
2015-12-15,0,-0.82133,1.32776,1.32776,0.82133,5,1.56126
2015-12-16,0,-0.98742,1.39144,1.39144,0.98742,5,1.7062
2015-12-17,0,-1.14146,1.3817,1.3817,1.14146,5,1.79221
2015-12-18,0,-1.23261,1.25739,1.25739,1.23261,5,1.76078
2015-12-19,0,-1.29046,1.10626,1.10626,1.29046,6,1.69973
2015-12-20,0,-1.31415,0.92342,0.92342,1.31415,6,1.60614
2015-12-21,0,-1.36553,0.68844,0.68844,1.36553,6,1.52925
2015-12-22,0,-1.45057,0.43548,0.43548,1.45057,6,1.51453
2015-12-23,0,-1.47315,0.08709,0.08709,1.47315,6,1.47572
2015-12-24,0,-1.49734,-0.28744,-0.28744,1.49734,7,1.52468
2015-12-25,0,-1.52632,-0.70711,-0.70711,1.52632,7,1.68216
2015-12-26,0,-1.50807,-1.14575,-1.14575,1.50807,7,1.89394
2015-12-27,0,-1.38315,-1.45552,-1.45552,1.38315,8,2.0079
2015-12-28,0,-1.19935,-1.69172,-1.69172,1.19935,8,2.07373
2015-12-29,0,-0.95535,-1.92812,-1.92812,0.95535,8,2.15182
2015-12-30,0,-0.70746,-2.17121,-2.17121,0.70746,8,2.28356
2015-12-31,0,-0.45473,-2.37058,-2.37058,0.45473,8,2.4138
2016-01-01,0,-0.07809,-2.52392,-2.52392,0.07809,8,2.52512
2016-01-02,0,0.35484,-2.57523,-2.57523,-0.35484,1,2.59956
2016-01-03,0,0.84107,-2.54598,-2.54598,-0.84107,1,2.68131
2016-01-04,0,1.33925,-2.40792,-2.40792,-1.33925,1,2.75529
2016-01-05,0,1.73048,-2.23556,-2.23556,-1.73048,1,2.82706
2016-01-06,0,2.01966,-2.07625,-2.07625,-2.01966,1,2.89652
2016-01-07,0,2.22075,-1.89068,-1.89068,-2.22075,2,2.91657
2016-01-08,0,2.43482,-1.67519,-1.67519,-2.43482,2,2.95544
2016-01-09,0,2.61374,-1.45289,-1.45289,-2.61374,2,2.9904
2016-01-10,0,2.78331,-1.22063,-1.22063,-2.78331,2,3.03921
2016-01-11,0,2.88028,-1.0109,-1.0109,-2.88028,2,3.05253
2016-01-12,0,2.87055,-0.80728,-0.80728,-2.87055,2,2.98191
2016-01-13,0,2.80803,-0.65019,-0.65019,-2.80803,2,2.88232
2016-01-14,0,2.68317,-0.51871,-0.51871,-2.68317,2,2.73285
2016-01-15,0,2.57002,-0.45062,-0.45062,-2.57002,2,2.60922
2016-01-16,0,2.52139,-0.40131,-0.40131,-2.52139,2,2.55313
2016-01-17,0,2.42053,-0.33782,-0.33782,-2.42053,2,2.44399
2016-01-18,0,2.24889,-0.21017,-0.21017,-2.24889,2,2.25869
2016-01-19,0,1.95822,-0.02471,-0.02471,-1.95822,2,1.95837
2016-01-20,0,1.61026,0.20325,0.20325,-1.61026,3,1.62304
2016-01-21,0,1.34319,0.40189,0.40189,-1.34319,3,1.40203
2016-01-22,0,1.07012,0.57659,0.57659,-1.07012,3,1.21558
2016-01-23,0,0.75751,0.77777,0.77777,-0.75751,4,1.0857
2016-01-24,0,0.48571,1.0133,1.0133,-0.48571,4,1.12369
2016-01-25,0,0.23045,1.2574,1.2574,-0.23045,4,1.27834
2016-01-26,0,0.15679,1.52404,1.52404,-0.15679,4,1.53209
2016-01-27,0,0.13357,1.76966,1.76966,-0.13357,4,1.7747
2016-01-28,0,0.18795,1.94483,1.94483,-0.18795,4,1.95389
2016-01-29,0,0.24789,2.03337,2.03337,-0.24789,4,2.04843
2016-01-30,0,0.26346,2.11022,2.11022,-0.26346,4,2.12661
2016-01-31,0,0.24836,2.19519,2.19519,-0.24836,4,2.2092
2016-02-01,0,0.25407,2.17393,2.17393,-0.25407,4,2.18873
2016-02-02,0,0.23543,2.12774,2.12774,-0.23543,4,2.14072
2016-02-03,0,0.13506,2.09968,2.09968,-0.13506,4,2.10401
2016-02-04,0,-0.1314,2.07227,2.07227,0.1314,5,2.07643
2016-02-05,0,-0.442,2.03146,2.03146,0.442,5,2.07899
2016-02-06,0,-0.775,2.00883,2.00883,0.775,5,2.15314
2016-02-07,0,-1.02931,1.98138,1.98138,1.02931,5,2.23279
2016-02-08,0,-1.26461,1.9424,1.9424,1.26461,5,2.31779
2016-02-09,0,-1.4034,1.82636,1.82636,1.4034,5,2.30329
2016-02-10,0,-1.54438,1.6824,1.6824,1.54438,5,2.28377
2016-02-11,0,-1.7249,1.56273,1.56273,1.7249,6,2.32753
2016-02-12,0,-1.89127,1.46792,1.46792,1.89127,6,2.3941
2016-02-13,0,-1.98171,1.2074,1.2074,1.98171,6,2.32056
2016-02-14,0,-2.06153,0.821,0.821,2.06153,6,2.219
2016-02-15,0,-2.09598,0.34902,0.34902,2.09598,6,2.12484
2016-02-16,0,-2.18137,-0.0712,-0.0712,2.18137,7,2.18254
2016-02-17,0,-2.25931,-0.4402,-0.4402,2.25931,7,2.30179
2016-02-18,0,-2.30974,-0.7452,-0.7452,2.30974,7,2.42697
2016-02-19,0,-2.31889,-0.99682,-0.99682,2.31889,7,2.52407
2016-02-20,0,-2.258,-1.26268,-1.26268,2.258,7,2.58707
2016-02-21,0,-2.04392,-1.59115,-1.59115,2.04392,7,2.59024
2016-02-22,0,-1.74588,-1.79807,-1.79807,1.74588,8,2.50622
2016-02-23,0,-1.32153,-1.91118,-1.91118,1.32153,8,2.32358
2016-02-24,0,-0.84644,-1.89802,-1.89802,0.84644,8,2.0782
2016-02-25,0,-0.31414,-1.79764,-1.79764,0.31414,8,1.82488
2016-02-26,0,0.1091,-1.67387,-1.67387,-0.1091,1,1.67742
2016-02-27,0,0.39906,-1.53382,-1.53382,-0.39906,1,1.58488
2016-02-28,0,0.66004,-1.37664,-1.37664,-0.66004,1,1.52669
2016-02-29,0,0.84609,-1.19305,-1.19305,-0.84609,1,1.46262
2016-03-01,0,0.96375,-1.0612,-1.0612,-0.96375,1,1.43351
2016-03-02,0,0.99924,-1.02147,-1.02147,-0.99924,1,1.42894
2016-03-03,0,0.99917,-1.01856,-1.01856,-0.99917,1,1.42682
2016-03-04,0,0.9853,-1.06507,-1.06507,-0.9853,1,1.45092
2016-03-05,0,0.85062,-1.08675,-1.08675,-0.85062,1,1.38007
2016-03-06,0,0.66744,-0.98893,-0.98893,-0.66744,1,1.19309
2016-03-07,0,0.54007,-0.87244,-0.87244,-0.54007,1,1.02607
2016-03-08,0,0.45788,-0.71233,-0.71233,-0.45788,1,0.84679
2016-03-09,0,0.42889,-0.56735,-0.56735,-0.42889,1,0.71122
2016-03-10,0,0.36561,-0.37348,-0.37348,-0.36561,1,0.52265
2016-03-11,0,0.31777,-0.10056,-0.10056,-0.31777,2,0.3333
2016-03-12,0,0.26747,0.21283,0.21283,-0.26747,3,0.34181
2016-03-13,0,0.17816,0.55725,0.55725,-0.17816,4,0.58504
2016-03-14,0,0.06344,0.8072,0.8072,-0.06344,4,0.80969
2016-03-15,0,-0.12547,0.96315,0.96315,0.12547,5,0.97129
2016-03-16,0,-0.37628,1.14053,1.14053,0.37628,5,1.20099
2016-03-17,0,-0.64712,1.20179,1.20179,0.64712,5,1.36494
2016-03-18,0,-0.90606,1.21582,1.21582,0.90606,5,1.5163
2016-03-19,0,-1.07708,1.1975,1.1975,1.07708,5,1.61063
2016-03-20,0,-1.17295,1.12476,1.12476,1.17295,6,1.62508
2016-03-21,0,-1.24826,1.07035,1.07035,1.24826,6,1.64432
2016-03-22,0,-1.27909,1.0198,1.0198,1.27909,6,1.63587
2016-03-23,0,-1.33748,1.00043,1.00043,1.33748,6,1.67024
2016-03-24,0,-1.35792,0.97628,0.97628,1.35792,6,1.67245
2016-03-25,0,-1.36445,0.83617,0.83617,1.36445,6,1.60028
2016-03-26,0,-1.30057,0.64405,0.64405,1.30057,6,1.4513
2016-03-27,0,-1.17974,0.42768,0.42768,1.17974,6,1.25487
2016-03-28,0,-1.09965,0.21509,0.21509,1.09965,6,1.12049
2016-03-29,0,-1.05211,0.09996,0.09996,1.05211,6,1.05684
2016-03-30,0,-0.92877,0.03438,0.03438,0.92877,6,0.92941
2016-03-31,0,-0.79428,0.00263,0.00263,0.79428,6,0.79429
2016-04-01,0,-0.5962,-0.01864,-0.01864,0.5962,7,0.59649
2016-04-02,0,-0.33225,-0.10458,-0.10458,0.33225,7,0.34832
2016-04-03,0,-0.1034,-0.11553,-0.11553,0.1034,8,0.15504
2016-04-04,0,0.0093,-0.01499,-0.01499,-0.0093,1,0.01764
2016-04-05,0,0.10823,0.11623,0.11623,-0.10823,4,0.15881
2016-04-06,0,0.23708,0.25581,0.25581,-0.23708,4,0.34878
2016-04-07,0,0.37382,0.37923,0.37923,-0.37382,4,0.5325
2016-04-08,0,0.40834,0.37588,0.37588,-0.40834,3,0.555
2016-04-09,0,0.35178,0.34018,0.34018,-0.35178,3,0.48936
2016-04-10,0,0.20859,0.2339,0.2339,-0.20859,4,0.3134
2016-04-11,0,0.01788,0.10999,0.10999,-0.01788,4,0.11143
2016-04-12,0,-0.06967,-0.01953,-0.01953,0.06967,7,0.07236
2016-04-13,0,-0.04481,-0.11605,-0.11605,0.04481,8,0.1244
2016-04-14,0,0.01493,-0.3181,-0.3181,-0.01493,1,0.31845
2016-04-15,0,0.06034,-0.43475,-0.43475,-0.06034,1,0.43892
2016-04-16,0,0.14338,-0.54862,-0.54862,-0.14338,1,0.56704
2016-04-17,0,0.25283,-0.60838,-0.60838,-0.25283,1,0.65882
2016-04-18,0,0.36449,-0.70237,-0.70237,-0.36449,1,0.79131
2016-04-19,0,0.52883,-0.75596,-0.75596,-0.52883,1,0.92257
2016-04-20,0,0.63129,-0.72327,-0.72327,-0.63129,1,0.96002
2016-04-21,0,0.68551,-0.64666,-0.64666,-0.68551,2,0.94239
2016-04-22,0,0.7225,-0.62101,-0.62101,-0.7225,2,0.95272
2016-04-23,0,0.67534,-0.53561,-0.53561,-0.67534,2,0.86195
2016-04-24,0,0.60308,-0.47011,-0.47011,-0.60308,2,0.76466
2016-04-25,0,0.49428,-0.347,-0.347,-0.49428,2,0.60392
2016-04-26,0,0.39667,-0.19944,-0.19944,-0.39667,2,0.44399
2016-04-27,0,0.37337,-0.07535,-0.07535,-0.37337,2,0.3809
2016-04-28,0,0.36733,-0.00244,-0.00244,-0.36733,2,0.36734
2016-04-29,0,0.47876,-0.01742,-0.01742,-0.47876,2,0.47907
2016-04-30,0,0.58999,-0.02556,-0.02556,-0.58999,2,0.59054
2016-05-01,0,0.70105,0.07092,0.07092,-0.70105,3,0.70463
2016-05-02,0,0.83778,0.18984,0.18984,-0.83778,3,0.85902
2016-05-03,0,1.02565,0.26573,0.26573,-1.02565,3,1.05952
2016-05-04,0,1.20171,0.27606,0.27606,-1.20171,3,1.23301
2016-05-05,0,1.3519,0.23003,0.23003,-1.3519,3,1.37133
2016-05-06,0,1.44741,0.21729,0.21729,-1.44741,3,1.46363
2016-05-07,0,1.55691,0.31519,0.31519,-1.55691,3,1.58849
2016-05-08,0,1.64273,0.42243,0.42243,-1.64273,3,1.69617
2016-05-09,0,1.69746,0.49162,0.49162,-1.69746,3,1.76722
2016-05-10,0,1.74763,0.55167,0.55167,-1.74763,3,1.83264
2016-05-11,0,1.69584,0.70707,0.70707,-1.69584,3,1.83734
2016-05-12,0,1.58409,0.90058,0.90058,-1.58409,3,1.82219
2016-05-13,0,1.44187,1.04802,1.04802,-1.44187,3,1.78251
2016-05-14,0,1.22318,1.2313,1.2313,-1.22318,4,1.73559
2016-05-15,0,1.00719,1.34425,1.34425,-1.00719,4,1.67971
2016-05-16,0,0.65444,1.42862,1.42862,-0.65444,4,1.57138
2016-05-17,0,0.29863,1.53193,1.53193,-0.29863,4,1.56077
2016-05-18,0,-0.06998,1.62637,1.62637,0.06998,5,1.62788
2016-05-19,0,-0.45993,1.6261,1.6261,0.45993,5,1.68989
2016-05-20,0,-0.65094,1.56548,1.56548,0.65094,5,1.69542
2016-05-21,0,-0.85568,1.4358,1.4358,0.85568,5,1.67144
2016-05-22,0,-0.97389,1.3416,1.3416,0.97389,5,1.65782
2016-05-23,0,-0.99671,1.21516,1.21516,0.99671,5,1.57164
2016-05-24,0,-0.98073,1.18225,1.18225,0.98073,5,1.53608
2016-05-25,0,-0.90561,1.10845,1.10845,0.90561,5,1.43136
2016-05-26,0,-0.86284,1.02309,1.02309,0.86284,5,1.33836
2016-05-27,0,-0.82411,0.9803,0.9803,0.82411,5,1.28068
2016-05-28,0,-0.72731,0.97301,0.97301,0.72731,5,1.21479
2016-05-29,0,-0.7063,0.88651,0.88651,0.7063,5,1.13347
2016-05-30,0,-0.73445,0.79679,0.79679,0.73445,5,1.08364
2016-05-31,0,-0.83267,0.7194,0.7194,0.83267,6,1.1004
2016-06-01,0,-0.95935,0.6058,0.6058,0.95935,6,1.13461
2016-06-02,0,-1.06397,0.37631,0.37631,1.06397,6,1.12856
2016-06-03,0,-1.11436,0.19785,0.19785,1.11436,6,1.13179
2016-06-04,0,-1.15009,0.07153,0.07153,1.15009,6,1.15231
2016-06-05,0,-1.05916,-0.16675,-0.16675,1.05916,7,1.0722
2016-06-06,0,-1.01504,-0.44262,-0.44262,1.01504,7,1.10735
2016-06-07,0,-1.03158,-0.5699,-0.5699,1.03158,7,1.17853
2016-06-08,0,-0.92335,-0.59637,-0.59637,0.92335,7,1.0992
2016-06-09,0,-0.68185,-0.66271,-0.66271,0.68185,7,0.95084
2016-06-10,0,-0.41459,-0.64187,-0.64187,0.41459,8,0.76412
2016-06-11,0,-0.23142,-0.56456,-0.56456,0.23142,8,0.61015
2016-06-12,0,-0.03061,-0.43024,-0.43024,0.03061,8,0.43133
2016-06-13,0,0.21078,-0.27946,-0.27946,-0.21078,1,0.35004
2016-06-14,0,0.42016,-0.06543,-0.06543,-0.42016,2,0.42522
2016-06-15,0,0.65558,0.19075,0.19075,-0.65558,3,0.68277
2016-06-16,0,0.86534,0.38798,0.38798,-0.86534,3,0.94833
2016-06-17,0,1.04071,0.54605,0.54605,-1.04071,3,1.17527
2016-06-18,0,1.14597,0.75153,0.75153,-1.14597,3,1.37041
2016-06-19,0,1.12924,0.96145,0.96145,-1.12924,3,1.48309
2016-06-20,0,1.11465,1.238,1.238,-1.11465,4,1.66586
2016-06-21,0,1.05824,1.37738,1.37738,-1.05824,4,1.73696
2016-06-22,0,0.85498,1.44387,1.44387,-0.85498,4,1.67802
2016-06-23,0,0.59268,1.53233,1.53233,-0.59268,4,1.64295
2016-06-24,0,0.39511,1.53298,1.53298,-0.39511,4,1.58308
2016-06-25,0,0.29337,1.42073,1.42073,-0.29337,4,1.45071
2016-06-26,0,0.04693,1.28801,1.28801,-0.04693,4,1.28886
2016-06-27,0,-0.23384,1.13179,1.13179,0.23384,5,1.15569
2016-06-28,0,-0.43267,0.93899,0.93899,0.43267,5,1.03388
2016-06-29,0,-0.6387,0.56962,0.56962,0.6387,6,0.8558
2016-06-30,0,-0.85282,0.19655,0.19655,0.85282,6,0.87518
2016-07-01,0,-0.91653,-0.1011,-0.1011,0.91653,7,0.92209
2016-07-02,0,-0.87536,-0.40388,-0.40388,0.87536,7,0.96404
2016-07-03,0,-0.90604,-0.62061,-0.62061,0.90604,7,1.09821
2016-07-04,0,-0.98705,-0.75055,-0.75055,0.98705,7,1.24
2016-07-05,0,-0.91165,-0.84697,-0.84697,0.91165,7,1.24437
2016-07-06,0,-0.72875,-0.8969,-0.8969,0.72875,8,1.15564
2016-07-07,0,-0.50333,-0.93601,-0.93601,0.50333,8,1.06276
2016-07-08,0,-0.1946,-0.94701,-0.94701,0.1946,8,0.9668
2016-07-09,0,0.1743,-0.94456,-0.94456,-0.1743,1,0.96051
2016-07-10,0,0.50625,-0.98357,-0.98357,-0.50625,1,1.10621
2016-07-11,0,0.74648,-0.99797,-0.99797,-0.74648,1,1.24627
2016-07-12,0,0.96376,-1.053,-1.053,-0.96376,1,1.42746
2016-07-13,0,1.22103,-1.10797,-1.10797,-1.22103,2,1.64879
2016-07-14,0,1.38182,-1.10182,-1.10182,-1.38182,2,1.76732
2016-07-15,0,1.46102,-1.07489,-1.07489,-1.46102,2,1.81382
2016-07-16,0,1.54825,-0.98177,-0.98177,-1.54825,2,1.83329
2016-07-17,0,1.55633,-0.79252,-0.79252,-1.55633,2,1.74649
2016-07-18,0,1.52105,-0.57462,-0.57462,-1.52105,2,1.62597
2016-07-19,0,1.47955,-0.32987,-0.32987,-1.47955,2,1.51588
2016-07-20,0,1.44648,-0.08281,-0.08281,-1.44648,2,1.44885
2016-07-21,0,1.34771,0.13298,0.13298,-1.34771,3,1.35425
2016-07-22,0,1.16725,0.34142,0.34142,-1.16725,3,1.21616
2016-07-23,0,0.92062,0.52777,0.52777,-0.92062,3,1.06117
2016-07-24,0,0.65864,0.63782,0.63782,-0.65864,3,0.91685
2016-07-25,0,0.38249,0.66856,0.66856,-0.38249,4,0.77024
2016-07-26,0,0.21265,0.66457,0.66457,-0.21265,4,0.69776
2016-07-27,0,0.04022,0.60196,0.60196,-0.04022,4,0.60331
2016-07-28,0,-0.15691,0.48887,0.48887,0.15691,5,0.51343
2016-07-29,0,-0.32126,0.33817,0.33817,0.32126,5,0.46644
2016-07-30,0,-0.40641,0.2836,0.2836,0.40641,6,0.49558
2016-07-31,0,-0.46932,0.19987,0.19987,0.46932,6,0.51011
2016-08-01,0,-0.48948,0.11982,0.11982,0.48948,6,0.50393
2016-08-02,0,-0.48094,0.04828,0.04828,0.48094,6,0.48336
2016-08-03,0,-0.48353,-0.00629,-0.00629,0.48353,7,0.48357
2016-08-04,0,-0.53189,-0.03344,-0.03344,0.53189,7,0.53294
2016-08-05,0,-0.60002,-0.01307,-0.01307,0.60002,7,0.60016
2016-08-06,0,-0.64294,-0.03023,-0.03023,0.64294,7,0.64365
2016-08-07,0,-0.69577,-0.11839,-0.11839,0.69577,7,0.70577
2016-08-08,0,-0.71924,-0.28602,-0.28602,0.71924,7,0.77403
2016-08-09,0,-0.79334,-0.43698,-0.43698,0.79334,7,0.90572
2016-08-10,0,-0.81776,-0.56408,-0.56408,0.81776,7,0.99344
2016-08-11,0,-0.8712,-0.66757,-0.66757,0.8712,7,1.09756
2016-08-12,0,-0.89626,-0.75364,-0.75364,0.89626,7,1.17101
2016-08-13,0,-0.88397,-0.87365,-0.87365,0.88397,7,1.24285
2016-08-14,0,-0.82319,-0.98678,-0.98678,0.82319,8,1.28506
2016-08-15,0,-0.74775,-1.1127,-1.1127,0.74775,8,1.3406
2016-08-16,0,-0.63959,-1.11376,-1.11376,0.63959,8,1.28434
2016-08-17,0,-0.54139,-0.99768,-0.99768,0.54139,8,1.1351
2016-08-18,0,-0.32466,-0.80328,-0.80328,0.32466,8,0.86641
2016-08-19,0,-0.08481,-0.68497,-0.68497,0.08481,8,0.6902
2016-08-20,0,0.18364,-0.58542,-0.58542,-0.18364,1,0.61355
2016-08-21,0,0.3333,-0.46363,-0.46363,-0.3333,1,0.571
2016-08-22,0,0.37138,-0.33422,-0.33422,-0.37138,2,0.49963
2016-08-23,0,0.38522,-0.25101,-0.25101,-0.38522,2,0.45978
2016-08-24,0,0.44749,-0.11945,-0.11945,-0.44749,2,0.46316
2016-08-25,0,0.53972,-0.05232,-0.05232,-0.53972,2,0.54225
2016-08-26,0,0.65701,-0.03423,-0.03423,-0.65701,2,0.6579
2016-08-27,0,0.68733,-0.10782,-0.10782,-0.68733,2,0.69574
2016-08-28,0,0.73266,-0.09448,-0.09448,-0.73266,2,0.73873
2016-08-29,0,0.72779,-0.12053,-0.12053,-0.72779,2,0.73771
2016-08-30,0,0.66076,-0.16028,-0.16028,-0.66076,2,0.67992
2016-08-31,0,0.63955,-0.11713,-0.11713,-0.63955,2,0.65019
2016-09-01,0,0.68951,-0.03822,-0.03822,-0.68951,2,0.69057
2016-09-02,0,0.67845,0.10395,0.10395,-0.67845,3,0.68637
2016-09-03,0,0.58731,0.22268,0.22268,-0.58731,3,0.62811
2016-09-04,0,0.44089,0.2889,0.2889,-0.44089,3,0.52711
2016-09-05,0,0.28624,0.32774,0.32774,-0.28624,4,0.43514
2016-09-06,0,0.04554,0.35638,0.35638,-0.04554,4,0.35928
2016-09-07,0,-0.17911,0.42378,0.42378,0.17911,5,0.46008
2016-09-08,0,-0.26631,0.51186,0.51186,0.26631,5,0.57699
2016-09-09,0,-0.39768,0.54124,0.54124,0.39768,5,0.67163
2016-09-10,0,-0.55824,0.59313,0.59313,0.55824,5,0.81451
2016-09-11,0,-0.64897,0.61899,0.61899,0.64897,6,0.89684
2016-09-12,0,-0.71306,0.67579,0.67579,0.71306,6,0.98242
2016-09-13,0,-0.7494,0.73178,0.73178,0.7494,6,1.04743
2016-09-14,0,-0.7438,0.80878,0.80878,0.7438,5,1.0988
2016-09-15,0,-0.69825,0.83003,0.83003,0.69825,5,1.08467
2016-09-16,0,-0.71324,0.87862,0.87862,0.71324,5,1.13168
2016-09-17,0,-0.70999,0.83899,0.83899,0.70999,5,1.09909
2016-09-18,0,-0.63916,0.749,0.749,0.63916,5,0.98465
2016-09-19,0,-0.60552,0.63487,0.63487,0.60552,5,0.87734
2016-09-20,0,-0.6464,0.4254,0.4254,0.6464,6,0.77382
2016-09-21,0,-0.74276,0.21847,0.21847,0.74276,6,0.77423
2016-09-22,0,-0.85226,0.09827,0.09827,0.85226,6,0.85791
2016-09-23,0,-0.95419,0.05918,0.05918,0.95419,6,0.95603
2016-09-24,0,-0.98362,0.02829,0.02829,0.98362,6,0.98402
2016-09-25,0,-0.90703,-0.04345,-0.04345,0.90703,7,0.90807
2016-09-26,0,-0.89155,-0.0947,-0.0947,0.89155,7,0.89656
2016-09-27,0,-0.93027,-0.09221,-0.09221,0.93027,7,0.93483
2016-09-28,0,-1.06597,-0.03135,-0.03135,1.06597,7,1.06643
2016-09-29,0,-1.17381,0.08694,0.08694,1.17381,6,1.17702
2016-09-30,0,-1.17976,0.21989,0.21989,1.17976,6,1.20008
2016-10-01,0,-1.12775,0.29315,0.29315,1.12775,6,1.16523
2016-10-02,0,-1.10538,0.34543,0.34543,1.10538,6,1.1581
2016-10-03,0,-1.09746,0.41068,0.41068,1.09746,6,1.17178
2016-10-04,0,-1.12698,0.41846,0.41846,1.12698,6,1.20216
2016-10-05,0,-1.09236,0.43997,0.43997,1.09236,6,1.17763
2016-10-06,0,-1.09415,0.42361,0.42361,1.09415,6,1.17329
2016-10-07,0,-1.0591,0.36503,0.36503,1.0591,6,1.12024
2016-10-08,0,-1.01735,0.24214,0.24214,1.01735,6,1.04577
2016-10-09,0,-0.94276,0.08168,0.08168,0.94276,6,0.94629
2016-10-10,0,-0.87254,-0.09438,-0.09438,0.87254,7,0.87763
2016-10-11,0,-0.75974,-0.2423,-0.2423,0.75974,7,0.79745
2016-10-12,0,-0.70264,-0.3223,-0.3223,0.70264,7,0.77303
2016-10-13,0,-0.62947,-0.31237,-0.31237,0.62947,7,0.70271
2016-10-14,0,-0.5476,-0.32355,-0.32355,0.5476,7,0.63604
2016-10-15,0,-0.41855,-0.24652,-0.24652,0.41855,7,0.48575
2016-10-16,0,-0.1802,-0.11004,-0.11004,0.1802,7,0.21114
2016-10-17,0,0.02719,0.05904,0.05904,-0.02719,4,0.065
2016-10-18,0,0.19354,0.21359,0.21359,-0.19354,4,0.28823
2016-10-19,0,0.37537,0.35487,0.35487,-0.37537,3,0.51656
2016-10-20,0,0.52607,0.43654,0.43654,-0.52607,3,0.6836
2016-10-21,0,0.59969,0.44111,0.44111,-0.59969,3,0.74445
2016-10-22,0,0.55139,0.40484,0.40484,-0.55139,3,0.68405
2016-10-23,0,0.40496,0.34697,0.34697,-0.40496,3,0.53327
2016-10-24,0,0.28107,0.24618,0.24618,-0.28107,3,0.37363
2016-10-25,0,0.12843,0.22184,0.22184,-0.12843,4,0.25633
2016-10-26,0,-0.0071,0.19946,0.19946,0.0071,5,0.19958
2016-10-27,0,-0.17554,0.15576,0.15576,0.17554,6,0.23468
2016-10-28,0,-0.33992,0.11981,0.11981,0.33992,6,0.36041
2016-10-29,0,-0.49047,0.08986,0.08986,0.49047,6,0.49864
2016-10-30,0,-0.54246,0.08262,0.08262,0.54246,6,0.54872
2016-10-31,0,-0.48022,0.12414,0.12414,0.48022,6,0.496
2016-11-01,0,-0.27713,0.2076,0.2076,0.27713,6,0.34626
2016-11-02,0,-0.13513,0.26467,0.26467,0.13513,5,0.29717
2016-11-03,0,0.00622,0.14189,0.14189,-0.00622,4,0.14202
2016-11-04,0,0.1112,-0.06922,-0.06922,-0.1112,2,0.13099
2016-11-05,0,0.23521,-0.29683,-0.29683,-0.23521,1,0.37873
2016-11-06,0,0.37135,-0.58979,-0.58979,-0.37135,1,0.69697
2016-11-07,0,0.54927,-0.87485,-0.87485,-0.54927,1,1.03299
2016-11-08,0,0.71941,-1.19329,-1.19329,-0.71941,1,1.39337
2016-11-09,0,0.83481,-1.4356,-1.4356,-0.83481,1,1.66068
2016-11-10,0,0.86072,-1.58278,-1.58278,-0.86072,1,1.80167
2016-11-11,0,0.76445,-1.74441,-1.74441,-0.76445,1,1.90456
2016-11-12,0,0.67467,-1.78901,-1.78901,-0.67467,1,1.912
2016-11-13,0,0.62811,-1.81922,-1.81922,-0.62811,1,1.9246
2016-11-14,0,0.64808,-1.75038,-1.75038,-0.64808,1,1.8665
2016-11-15,0,0.68457,-1.56345,-1.56345,-0.68457,1,1.70676
2016-11-16,0,0.7278,-1.35693,-1.35693,-0.7278,1,1.53978
2016-11-17,0,0.80698,-1.09001,-1.09001,-0.80698,1,1.35622
2016-11-18,0,0.81279,-0.82219,-0.82219,-0.81279,1,1.15612
2016-11-19,0,0.80228,-0.56647,-0.56647,-0.80228,2,0.98211
2016-11-20,0,0.79972,-0.28189,-0.28189,-0.79972,2,0.84795
2016-11-21,0,0.74106,-0.00372,-0.00372,-0.74106,2,0.74107
2016-11-22,0,0.60459,0.26792,0.26792,-0.60459,3,0.66129
2016-11-23,0,0.47595,0.37669,0.37669,-0.47595,3,0.60698
2016-11-24,0,0.36319,0.39204,0.39204,-0.36319,4,0.53442
2016-11-25,0,0.23168,0.37928,0.37928,-0.23168,4,0.44444
2016-11-26,0,0.05668,0.38813,0.38813,-0.05668,4,0.39225
2016-11-27,0,-0.00336,0.39998,0.39998,0.00336,5,0.4
2016-11-28,0,-0.02125,0.41379,0.41379,0.02125,5,0.41433
2016-11-29,0,-0.03358,0.40134,0.40134,0.03358,5,0.40274
2016-11-30,0,-0.12518,0.34466,0.34466,0.12518,5,0.36669
2016-12-01,0,-0.20828,0.30312,0.30312,0.20828,5,0.36778
2016-12-02,0,-0.28292,0.28588,0.28588,0.28292,5,0.4022
2016-12-03,0,-0.32899,0.26426,0.26426,0.32899,6,0.42198
2016-12-04,0,-0.25445,0.29068,0.29068,0.25445,5,0.38632
2016-12-05,0,-0.16323,0.29678,0.29678,0.16323,5,0.33871
2016-12-06,0,-0.12319,0.33192,0.33192,0.12319,5,0.35404
2016-12-07,0,-0.14214,0.31279,0.31279,0.14214,5,0.34357
2016-12-08,0,-0.23046,0.25472,0.25472,0.23046,5,0.3435
2016-12-09,0,-0.31285,0.23279,0.23279,0.31285,6,0.38996
2016-12-10,0,-0.41464,0.20456,0.20456,0.41464,6,0.46235
2016-12-11,0,-0.55927,0.17541,0.17541,0.55927,6,0.58613
2016-12-12,0,-0.72872,0.15777,0.15777,0.72872,6,0.7456
2016-12-13,0,-0.95957,0.15108,0.15108,0.95957,6,0.97139
2016-12-14,0,-1.17946,0.11147,0.11147,1.17946,6,1.18472
2016-12-15,0,-1.31491,0.08092,0.08092,1.31491,6,1.3174
2016-12-16,0,-1.35703,0.03153,0.03153,1.35703,6,1.35739
2016-12-17,0,-1.32881,0.04811,0.04811,1.32881,6,1.32968
2016-12-18,0,-1.23807,0.07309,0.07309,1.23807,6,1.24023
2016-12-19,0,-1.10734,0.15116,0.15116,1.10734,6,1.11761
2016-12-20,0,-0.96361,0.19869,0.19869,0.96361,6,0.98388
2016-12-21,0,-0.83825,0.28638,0.28638,0.83825,6,0.88582
2016-12-22,0,-0.66462,0.3774,0.3774,0.66462,6,0.7643
2016-12-23,0,-0.52677,0.40448,0.40448,0.52677,6,0.66414
2016-12-24,0,-0.47062,0.34668,0.34668,0.47062,6,0.58453
2016-12-25,0,-0.38441,0.33086,0.33086,0.38441,6,0.50719
2016-12-26,0,-0.25788,0.34379,0.34379,0.25788,5,0.42976
2016-12-27,0,-0.13631,0.32504,0.32504,0.13631,5,0.35247
2016-12-28,0,-0.04437,0.29969,0.29969,0.04437,5,0.30295
2016-12-29,0,0.01313,0.36321,0.36321,-0.01313,4,0.36344
2016-12-30,0,0.09627,0.41015,0.41015,-0.09627,4,0.42129
2016-12-31,0,0.13079,0.39813,0.39813,-0.13079,4,0.41906
2017-01-01,0,0.14577,0.41471,0.41471,-0.14577,4,0.43958
2017-01-02,0,0.18111,0.4121,0.4121,-0.18111,4,0.45014
2017-01-03,0,0.11589,0.41722,0.41722,-0.11589,4,0.43302
2017-01-04,0,-0.06145,0.35903,0.35903,0.06145,5,0.36425
2017-01-05,0,-0.25545,0.29288,0.29288,0.25545,5,0.38863
2017-01-06,0,-0.37237,0.21288,0.21288,0.37237,6,0.42892
2017-01-07,0,-0.36634,0.08535,0.08535,0.36634,6,0.37615
2017-01-08,0,-0.36447,-0.06053,-0.06053,0.36447,7,0.36946
2017-01-09,0,-0.34554,-0.17381,-0.17381,0.34554,7,0.38679
2017-01-10,0,-0.25029,-0.21221,-0.21221,0.25029,7,0.32815
2017-01-11,0,-0.15917,-0.17319,-0.17319,0.15917,8,0.23523
2017-01-12,0,-0.0643,-0.15634,-0.15634,0.0643,8,0.16905
2017-01-13,0,0.16065,-0.18938,-0.18938,-0.16065,1,0.24834
2017-01-14,0,0.40401,-0.29274,-0.29274,-0.40401,2,0.49892
2017-01-15,0,0.56025,-0.39417,-0.39417,-0.56025,2,0.68502
2017-01-16,0,0.66091,-0.50985,-0.50985,-0.66091,2,0.83472
2017-01-17,0,0.74787,-0.6147,-0.6147,-0.74787,2,0.96807
2017-01-18,0,0.81929,-0.66803,-0.66803,-0.81929,2,1.05712
2017-01-19,0,0.84957,-0.74489,-0.74489,-0.84957,2,1.12988
2017-01-20,0,0.90095,-0.83038,-0.83038,-0.90095,2,1.22525
2017-01-21,0,0.99094,-0.80743,-0.80743,-0.99094,2,1.27824
2017-01-22,0,1.01104,-0.7107,-0.7107,-1.01104,2,1.23584
2017-01-23,0,1.00878,-0.50744,-0.50744,-1.00878,2,1.12922
2017-01-24,0,1.0663,-0.35301,-0.35301,-1.0663,2,1.12321
2017-01-25,0,1.09346,-0.18633,-0.18633,-1.09346,2,1.10923
2017-01-26,0,1.04951,0.01672,0.01672,-1.04951,3,1.04964
2017-01-27,0,0.94736,0.17941,0.17941,-0.94736,3,0.96419
2017-01-28,0,0.75692,0.30864,0.30864,-0.75692,3,0.81743
2017-01-29,0,0.47615,0.45838,0.45838,-0.47615,3,0.66093
2017-01-30,0,0.17014,0.5841,0.5841,-0.17014,4,0.60838
2017-01-31,0,-0.08543,0.70232,0.70232,0.08543,5,0.7075
2017-02-01,0,-0.33822,0.7744,0.7744,0.33822,5,0.84504
2017-02-02,0,-0.60219,0.86334,0.86334,0.60219,5,1.05261
2017-02-03,0,-0.87554,0.86984,0.86984,0.87554,6,1.23418
2017-02-04,0,-1.11059,0.72665,0.72665,1.11059,6,1.32719
2017-02-05,0,-1.31751,0.4955,0.4955,1.31751,6,1.4076
2017-02-06,0,-1.41207,0.24697,0.24697,1.41207,6,1.43351
2017-02-07,0,-1.35897,-0.01743,-0.01743,1.35897,7,1.35908
2017-02-08,0,-1.29838,-0.33169,-0.33169,1.29838,7,1.34007
2017-02-09,0,-1.24745,-0.63726,-0.63726,1.24745,7,1.4008
2017-02-10,0,-1.14744,-0.93704,-0.93704,1.14744,7,1.48144
2017-02-11,0,-1.05856,-1.2494,-1.2494,1.05856,8,1.63754
2017-02-12,0,-0.95662,-1.53096,-1.53096,0.95662,8,1.80526
2017-02-13,0,-0.79901,-1.74364,-1.74364,0.79901,8,1.91799
2017-02-14,0,-0.56807,-1.93239,-1.93239,0.56807,8,2.01415
2017-02-15,0,-0.40295,-2.03537,-2.03537,0.40295,8,2.07488
2017-02-16,0,-0.23976,-2.083,-2.083,0.23976,8,2.09675
2017-02-17,0,0.01952,-2.07233,-2.07233,-0.01952,1,2.07242
2017-02-18,0,0.24759,-2.02968,-2.02968,-0.24759,1,2.04473
2017-02-19,0,0.45091,-1.95276,-1.95276,-0.45091,1,2.00414
2017-02-20,0,0.64185,-1.81676,-1.81676,-0.64185,1,1.9268
2017-02-21,0,0.86264,-1.56735,-1.56735,-0.86264,1,1.78906
2017-02-22,0,1.11353,-1.26144,-1.26144,-1.11353,1,1.68261
2017-02-23,0,1.26023,-0.86243,-0.86243,-1.26023,2,1.52708
2017-02-24,0,1.40313,-0.43403,-0.43403,-1.40313,2,1.46873
2017-02-25,0,1.4681,-0.05307,-0.05307,-1.4681,2,1.46906
2017-02-26,0,1.43296,0.23535,0.23535,-1.43296,3,1.45216
2017-02-27,0,1.42311,0.36737,0.36737,-1.42311,3,1.46977
2017-02-28,0,1.40409,0.45702,0.45702,-1.40409,3,1.4766
2017-03-01,0,1.40023,0.51152,0.51152,-1.40023,3,1.49073
2017-03-02,0,1.40548,0.51368,0.51368,-1.40548,3,1.49641
2017-03-03,0,1.35884,0.41328,0.41328,-1.35884,3,1.4203
2017-03-04,0,1.26959,0.3308,0.3308,-1.26959,3,1.31198
2017-03-05,0,1.15805,0.24924,0.24924,-1.15805,3,1.18457
2017-03-06,0,0.96953,0.16487,0.16487,-0.96953,3,0.98345
2017-03-07,0,0.7816,0.06582,0.06582,-0.7816,3,0.78437
2017-03-08,0,0.59008,0.10422,0.10422,-0.59008,3,0.59921
2017-03-09,0,0.43329,0.14584,0.14584,-0.43329,3,0.45718
2017-03-10,0,0.30397,0.1303,0.1303,-0.30397,3,0.33073
2017-03-11,0,0.1218,0.13739,0.13739,-0.1218,4,0.18361
2017-03-12,0,-0.06452,0.23083,0.23083,0.06452,5,0.23968
2017-03-13,0,-0.17861,0.29071,0.29071,0.17861,5,0.34119
2017-03-14,0,-0.27496,0.29565,0.29565,0.27496,5,0.40375
2017-03-15,0,-0.34732,0.21379,0.21379,0.34732,6,0.40785
2017-03-16,0,-0.42557,0.18701,0.18701,0.42557,6,0.46485
2017-03-17,0,-0.45846,0.16688,0.16688,0.45846,6,0.48789
2017-03-18,0,-0.49864,0.165,0.165,0.49864,6,0.52522
2017-03-19,0,-0.59696,0.14548,0.14548,0.59696,6,0.61443
2017-03-20,0,-0.74023,0.18664,0.18664,0.74023,6,0.7634
2017-03-21,0,-0.82226,0.30293,0.30293,0.82226,6,0.87628
2017-03-22,0,-0.85286,0.45903,0.45903,0.85286,6,0.96855
2017-03-23,0,-0.86153,0.62481,0.62481,0.86153,6,1.06425
2017-03-24,0,-0.86877,0.79591,0.79591,0.86877,6,1.17823
2017-03-25,0,-0.90882,0.84063,0.84063,0.90882,6,1.23799
2017-03-26,0,-0.99461,0.89726,0.89726,0.99461,6,1.33953
2017-03-27,0,-1.11867,0.91648,0.91648,1.11867,6,1.44615
2017-03-28,0,-1.10902,1.02243,1.02243,1.10902,6,1.50841
2017-03-29,0,-0.91181,1.01132,1.01132,0.91181,5,1.36168
2017-03-30,0,-0.83898,0.90845,0.90845,0.83898,5,1.2366
2017-03-31,0,-0.85253,0.81392,0.81392,0.85253,6,1.17867
2017-04-01,0,-0.8684,0.69631,0.69631,0.8684,6,1.11309
2017-04-02,0,-0.85335,0.58637,0.58637,0.85335,6,1.03539
2017-04-03,0,-0.80248,0.52155,0.52155,0.80248,6,0.95708
2017-04-04,0,-0.70354,0.45749,0.45749,0.70354,6,0.83921
2017-04-05,0,-0.53133,0.4244,0.4244,0.53133,6,0.68002
2017-04-06,0,-0.38876,0.36494,0.36494,0.38876,6,0.53321
2017-04-07,0,-0.34422,0.31682,0.31682,0.34422,6,0.46782
2017-04-08,0,-0.21455,0.25889,0.25889,0.21455,5,0.33624
2017-04-09,0,-0.04312,0.10068,0.10068,0.04312,5,0.10953
2017-04-10,0,0.03865,-0.06638,-0.06638,-0.03865,1,0.07681
2017-04-11,0,0.10839,-0.14478,-0.14478,-0.10839,1,0.18085
2017-04-12,0,0.21999,-0.2232,-0.2232,-0.21999,1,0.31339
2017-04-13,0,0.27032,-0.241,-0.241,-0.27032,2,0.36215
2017-04-14,0,0.29783,-0.29021,-0.29021,-0.29783,2,0.41584
2017-04-15,0,0.26231,-0.39116,-0.39116,-0.26231,1,0.47097
2017-04-16,0,0.18088,-0.44094,-0.44094,-0.18088,1,0.47659
2017-04-17,0,0.07478,-0.52337,-0.52337,-0.07478,1,0.52868
2017-04-18,0,-0.0368,-0.53445,-0.53445,0.0368,8,0.53571
2017-04-19,0,-0.09067,-0.51008,-0.51008,0.09067,8,0.51807
2017-04-20,0,-0.1447,-0.54609,-0.54609,0.1447,8,0.56493
2017-04-21,0,-0.17467,-0.58805,-0.58805,0.17467,8,0.61345
2017-04-22,0,-0.20745,-0.71934,-0.71934,0.20745,8,0.74865
2017-04-23,0,-0.3074,-0.78487,-0.78487,0.3074,8,0.84292
2017-04-24,0,-0.42517,-0.84068,-0.84068,0.42517,8,0.94208
2017-04-25,0,-0.53132,-0.90654,-0.90654,0.53132,8,1.05077
2017-04-26,0,-0.57203,-0.88446,-0.88446,0.57203,8,1.05332
2017-04-27,0,-0.61033,-0.91983,-0.91983,0.61033,8,1.1039
2017-04-28,0,-0.61451,-0.93375,-0.93375,0.61451,8,1.11781
2017-04-29,0,-0.64855,-0.98036,-0.98036,0.64855,8,1.17547
2017-04-30,0,-0.71548,-1.0008,-1.0008,0.71548,8,1.23025
2017-05-01,0,-0.68865,-1.04087,-1.04087,0.68865,8,1.24805
2017-05-02,0,-0.59,-1.04168,-1.04168,0.59,8,1.19717
2017-05-03,0,-0.45726,-1.01294,-1.01294,0.45726,8,1.11137
2017-05-04,0,-0.29239,-0.98923,-0.98923,0.29239,8,1.03154
2017-05-05,0,-0.18715,-0.95652,-0.95652,0.18715,8,0.97466
2017-05-06,0,-0.0157,-0.83229,-0.83229,0.0157,8,0.83243
2017-05-07,0,0.13857,-0.71556,-0.71556,-0.13857,1,0.72886
2017-05-08,0,0.33454,-0.50171,-0.50171,-0.33454,1,0.60302
2017-05-09,0,0.56446,-0.30693,-0.30693,-0.56446,2,0.64251
2017-05-10,0,0.76986,-0.0939,-0.0939,-0.76986,2,0.77556
2017-05-11,0,0.93746,0.07508,0.07508,-0.93746,3,0.94046
2017-05-12,0,1.09659,0.13243,0.13243,-1.09659,3,1.10456
2017-05-13,0,1.21225,0.21908,0.21908,-1.21225,3,1.23189
2017-05-14,0,1.3489,0.33805,0.33805,-1.3489,3,1.39062
2017-05-15,0,1.34469,0.41074,0.41074,-1.34469,3,1.40602
2017-05-16,0,1.36527,0.42963,0.42963,-1.36527,3,1.43128
2017-05-17,0,1.41464,0.3927,0.3927,-1.41464,3,1.46814
2017-05-18,0,1.34876,0.43376,0.43376,-1.34876,3,1.41679
2017-05-19,0,1.22819,0.45359,0.45359,-1.22819,3,1.30928
2017-05-20,0,1.08836,0.39676,0.39676,-1.08836,3,1.15842
2017-05-21,0,0.89376,0.42503,0.42503,-0.89376,3,0.98968
2017-05-22,0,0.7343,0.50187,0.50187,-0.7343,3,0.88942
2017-05-23,0,0.55839,0.49709,0.49709,-0.55839,3,0.74759
2017-05-24,0,0.44796,0.54701,0.54701,-0.44796,4,0.70703
2017-05-25,0,0.36221,0.63306,0.63306,-0.36221,4,0.72935
2017-05-26,0,0.2766,0.69226,0.69226,-0.2766,4,0.74548
2017-05-27,0,0.28938,0.66652,0.66652,-0.28938,4,0.72663
2017-05-28,0,0.31517,0.63496,0.63496,-0.31517,4,0.70888
2017-05-29,0,0.36067,0.67123,0.67123,-0.36067,4,0.76199
2017-05-30,0,0.33076,0.70723,0.70723,-0.33076,4,0.78076
2017-05-31,0,0.16852,0.72453,0.72453,-0.16852,4,0.74387
2017-06-01,0,0.00296,0.82673,0.82673,-0.00296,4,0.82673
2017-06-02,0,-0.13176,0.88951,0.88951,0.13176,5,0.89921
2017-06-03,0,-0.32533,0.91111,0.91111,0.32533,5,0.96745
2017-06-04,0,-0.56559,0.86917,0.86917,0.56559,5,1.03699
2017-06-05,0,-0.84527,0.78127,0.78127,0.84527,6,1.15103
2017-06-06,0,-1.06141,0.68727,0.68727,1.06141,6,1.26449
2017-06-07,0,-1.14229,0.56706,0.56706,1.14229,6,1.2753
2017-06-08,0,-1.0816,0.36914,0.36914,1.0816,6,1.14286
2017-06-09,0,-0.91943,0.11382,0.11382,0.91943,6,0.92645
2017-06-10,0,-0.78878,-0.15574,-0.15574,0.78878,7,0.80401
2017-06-11,0,-0.68049,-0.44183,-0.44183,0.68049,7,0.81134
2017-06-12,0,-0.47087,-0.7712,-0.7712,0.47087,8,0.90359
2017-06-13,0,-0.34212,-0.98728,-0.98728,0.34212,8,1.04488
2017-06-14,0,-0.28489,-1.05847,-1.05847,0.28489,8,1.09614
2017-06-15,0,-0.229,-1.13323,-1.13323,0.229,8,1.15614
2017-06-16,0,-0.32388,-1.1976,-1.1976,0.32388,8,1.24062
2017-06-17,0,-0.40192,-1.07589,-1.07589,0.40192,8,1.14851
2017-06-18,0,-0.42726,-0.94153,-0.94153,0.42726,8,1.03394
2017-06-19,0,-0.32072,-0.82176,-0.82176,0.32072,8,0.88213
2017-06-20,0,-0.22442,-0.69441,-0.69441,0.22442,8,0.72977
2017-06-21,0,-0.31929,-0.42906,-0.42906,0.31929,8,0.53483
2017-06-22,0,-0.35128,-0.26445,-0.26445,0.35128,7,0.4397
2017-06-23,0,-0.22611,-0.19195,-0.19195,0.22611,7,0.2966
2017-06-24,0,-0.22484,-0.07841,-0.07841,0.22484,7,0.23812
2017-06-25,0,-0.21175,-0.00401,-0.00401,0.21175,7,0.21178
2017-06-26,0,-0.1796,-0.02928,-0.02928,0.1796,7,0.18197
2017-06-27,0,-0.09031,-0.01138,-0.01138,0.09031,7,0.09102
2017-06-28,0,-0.1328,-0.06186,-0.06186,0.1328,7,0.1465
2017-06-29,0,-0.1979,-0.10852,-0.10852,0.1979,7,0.2257
2017-06-30,0,-0.18065,-0.18708,-0.18708,0.18065,8,0.26006
2017-07-01,0,-0.1721,-0.13217,-0.13217,0.1721,7,0.217
2017-07-02,0,-0.19192,-0.06727,-0.06727,0.19192,7,0.20337
2017-07-03,0,-0.07037,-0.02141,-0.02141,0.07037,7,0.07355
2017-07-04,0,0.08002,0.04522,0.04522,-0.08002,3,0.09192
2017-07-05,0,0.1106,0.06171,0.06171,-0.1106,3,0.12665
2017-07-06,0,0.02028,0.09593,0.09593,-0.02028,4,0.09805
2017-07-07,0,-0.01723,0.25375,0.25375,0.01723,5,0.25434
2017-07-08,0,-0.03987,0.43549,0.43549,0.03987,5,0.43731
2017-07-09,0,-0.0756,0.64749,0.64749,0.0756,5,0.65189
2017-07-10,0,-0.08938,0.75923,0.75923,0.08938,5,0.76448
2017-07-11,0,-0.16387,0.80744,0.80744,0.16387,5,0.8239
2017-07-12,0,-0.33079,0.83533,0.83533,0.33079,5,0.89845
2017-07-13,0,-0.48444,0.91018,0.91018,0.48444,5,1.03107
2017-07-14,0,-0.50561,1.01488,1.01488,0.50561,5,1.13385
2017-07-15,0,-0.50053,1.07669,1.07669,0.50053,5,1.18735
2017-07-16,0,-0.49438,1.07965,1.07965,0.49438,5,1.18746
2017-07-17,0,-0.54153,1.03279,1.03279,0.54153,5,1.16615
2017-07-18,0,-0.63819,0.9095,0.9095,0.63819,5,1.11107
2017-07-19,0,-0.75797,0.73015,0.73015,0.75797,6,1.05244
2017-07-20,0,-0.84141,0.59477,0.59477,0.84141,6,1.0304
2017-07-21,0,-0.82176,0.43036,0.43036,0.82176,6,0.92763
2017-07-22,0,-0.78745,0.18292,0.18292,0.78745,6,0.80841
2017-07-23,0,-0.72595,-0.04284,-0.04284,0.72595,7,0.72721
2017-07-24,0,-0.628,-0.30058,-0.30058,0.628,7,0.69622
2017-07-25,0,-0.52631,-0.61041,-0.61041,0.52631,8,0.80598
2017-07-26,0,-0.30831,-0.84307,-0.84307,0.30831,8,0.89768
2017-07-27,0,-0.00471,-1.02112,-1.02112,0.00471,8,1.02113
2017-07-28,0,0.25351,-1.10626,-1.10626,-0.25351,1,1.13493
2017-07-29,0,0.45625,-1.1863,-1.1863,-0.45625,1,1.27101
2017-07-30,0,0.62393,-1.1953,-1.1953,-0.62393,1,1.34835
2017-07-31,0,0.74023,-1.06239,-1.06239,-0.74023,1,1.29484
2017-08-01,0,0.79778,-0.93065,-0.93065,-0.79778,1,1.22579
2017-08-02,0,0.90861,-0.83531,-0.83531,-0.90861,2,1.23423
2017-08-03,0,1.01882,-0.69289,-0.69289,-1.01882,2,1.23211
2017-08-04,0,1.07644,-0.58228,-0.58228,-1.07644,2,1.22384
2017-08-05,0,1.07842,-0.47279,-0.47279,-1.07842,2,1.17751
2017-08-06,0,1.14424,-0.37463,-0.37463,-1.14424,2,1.20401
2017-08-07,0,1.26376,-0.27027,-0.27027,-1.26376,2,1.29233
2017-08-08,0,1.28179,-0.19737,-0.19737,-1.28179,2,1.2969
2017-08-09,0,1.27195,-0.14006,-0.14006,-1.27195,2,1.27964
2017-08-10,0,1.28629,-0.03507,-0.03507,-1.28629,2,1.28677
2017-08-11,0,1.20754,0.1161,0.1161,-1.20754,3,1.21311
2017-08-12,0,0.99037,0.20742,0.20742,-0.99037,3,1.01186
2017-08-13,0,0.7574,0.27078,0.27078,-0.7574,3,0.80435
2017-08-14,0,0.53604,0.34164,0.34164,-0.53604,3,0.63566
2017-08-15,0,0.29949,0.42202,0.42202,-0.29949,4,0.51749
2017-08-16,0,0.07947,0.4142,0.4142,-0.07947,4,0.42175
2017-08-17,0,-0.06818,0.4371,0.4371,0.06818,5,0.44239
2017-08-18,0,-0.16275,0.41673,0.41673,0.16275,5,0.44739
2017-08-19,0,-0.2805,0.27757,0.27757,0.2805,6,0.39462
2017-08-20,0,-0.36062,0.09842,0.09842,0.36062,6,0.37381
2017-08-21,0,-0.32167,-0.03144,-0.03144,0.32167,7,0.3232
2017-08-22,0,-0.27157,-0.14312,-0.14312,0.27157,7,0.30698
2017-08-23,0,-0.21778,-0.2015,-0.2015,0.21778,7,0.2967
2017-08-24,0,-0.10283,-0.24858,-0.24858,0.10283,8,0.26901
2017-08-25,0,-0.02311,-0.27192,-0.27192,0.02311,8,0.2729
2017-08-26,0,0.08011,-0.36936,-0.36936,-0.08011,1,0.37795
2017-08-27,0,0.15765,-0.45751,-0.45751,-0.15765,1,0.48391
2017-08-28,0,0.22342,-0.50567,-0.50567,-0.22342,1,0.55283
2017-08-29,0,0.2599,-0.50426,-0.50426,-0.2599,1,0.5673
2017-08-30,0,0.38815,-0.43031,-0.43031,-0.38815,1,0.5795
2017-08-31,0,0.55649,-0.37938,-0.37938,-0.55649,2,0.6735
2017-09-01,0,0.68574,-0.37814,-0.37814,-0.68574,2,0.78309
2017-09-02,0,0.75976,-0.34109,-0.34109,-0.75976,2,0.83281
2017-09-03,0,0.8398,-0.22535,-0.22535,-0.8398,2,0.86951
2017-09-04,0,0.92873,-0.07601,-0.07601,-0.92873,2,0.93184
2017-09-05,0,0.93519,-0.01873,-0.01873,-0.93519,2,0.93538
2017-09-06,0,0.8214,0.05769,0.05769,-0.8214,3,0.82342
2017-09-07,0,0.65611,0.11117,0.11117,-0.65611,3,0.66547
2017-09-08,0,0.38852,0.10428,0.10428,-0.38852,3,0.40227
2017-09-09,0,0.10055,0.17462,0.17462,-0.10055,4,0.2015
2017-09-10,0,-0.19903,0.32722,0.32722,0.19903,5,0.38299
2017-09-11,0,-0.45478,0.45649,0.45649,0.45478,5,0.64436
2017-09-12,0,-0.70346,0.56111,0.56111,0.70346,6,0.89983
2017-09-13,0,-0.99884,0.61629,0.61629,0.99884,6,1.17367
2017-09-14,0,-1.18099,0.67476,0.67476,1.18099,6,1.36016
2017-09-15,0,-1.17608,0.72453,0.72453,1.17608,6,1.38134
2017-09-16,0,-1.10821,0.79741,0.79741,1.10821,6,1.36528
2017-09-17,0,-1.04173,0.88227,0.88227,1.04173,6,1.36514
2017-09-18,0,-1.01496,0.81744,0.81744,1.01496,6,1.30321
2017-09-19,0,-0.87333,0.68264,0.68264,0.87333,6,1.10847
2017-09-20,0,-0.75957,0.63214,0.63214,0.75957,6,0.98821
2017-09-21,0,-0.70087,0.57114,0.57114,0.70087,6,0.90411
2017-09-22,0,-0.6849,0.53574,0.53574,0.6849,6,0.86955
2017-09-23,0,-0.59207,0.56386,0.56386,0.59207,6,0.81761
2017-09-24,0,-0.53024,0.60214,0.60214,0.53024,5,0.80233
2017-09-25,0,-0.5017,0.58887,0.58887,0.5017,5,0.77361
2017-09-26,0,-0.4961,0.49488,0.49488,0.4961,6,0.70073
2017-09-27,0,-0.38174,0.51759,0.51759,0.38174,5,0.64313
2017-09-28,0,-0.3311,0.48159,0.48159,0.3311,5,0.58443
2017-09-29,0,-0.30879,0.34292,0.34292,0.30879,5,0.46146
2017-09-30,0,-0.13022,0.23351,0.23351,0.13022,5,0.26736
2017-10-01,0,0.14846,0.09549,0.09549,-0.14846,3,0.17652
2017-10-02,0,0.2363,-0.04512,-0.04512,-0.2363,2,0.24057
2017-10-03,0,0.20268,-0.19232,-0.19232,-0.20268,2,0.2794
2017-10-04,0,0.16349,-0.24521,-0.24521,-0.16349,1,0.29472
2017-10-05,0,0.19786,-0.15489,-0.15489,-0.19786,2,0.25128
2017-10-06,0,0.18444,-0.0754,-0.0754,-0.18444,2,0.19926
2017-10-07,0,0.11209,-0.0029,-0.0029,-0.11209,2,0.11212
2017-10-08,0,-0.0421,0.05299,0.05299,0.0421,5,0.06768
2017-10-09,0,-0.36923,0.07901,0.07901,0.36923,6,0.37759
2017-10-10,0,-0.7303,0.16424,0.16424,0.7303,6,0.74854
2017-10-11,0,-0.97441,0.25657,0.25657,0.97441,6,1.00762
2017-10-12,0,-1.12745,0.41146,0.41146,1.12745,6,1.20018
2017-10-13,0,-1.1877,0.41432,0.41432,1.1877,6,1.25789
2017-10-14,0,-1.29876,0.25591,0.25591,1.29876,6,1.32373
2017-10-15,0,-1.41298,0.06306,0.06306,1.41298,6,1.41438
2017-10-16,0,-1.44248,-0.08427,-0.08427,1.44248,7,1.44494
2017-10-17,0,-1.39482,-0.20228,-0.20228,1.39482,7,1.40941
2017-10-18,0,-1.29071,-0.33435,-0.33435,1.29071,7,1.33332
2017-10-19,0,-1.21464,-0.50441,-0.50441,1.21464,7,1.31521
2017-10-20,0,-1.20365,-0.6979,-0.6979,1.20365,7,1.39135
2017-10-21,0,-1.15858,-0.99265,-0.99265,1.15858,7,1.52567
2017-10-22,0,-1.09396,-1.15269,-1.15269,1.09396,8,1.58917
2017-10-23,0,-0.91418,-1.19107,-1.19107,0.91418,8,1.50146
2017-10-24,0,-0.68226,-1.2436,-1.2436,0.68226,8,1.41846
2017-10-25,0,-0.51227,-1.20693,-1.20693,0.51227,8,1.31114
2017-10-26,0,-0.38652,-1.08575,-1.08575,0.38652,8,1.15249
2017-10-27,0,-0.2189,-0.9518,-0.9518,0.2189,8,0.97665
2017-10-28,0,-0.01183,-0.83899,-0.83899,0.01183,8,0.83907
2017-10-29,0,0.20133,-0.74194,-0.74194,-0.20133,1,0.76877
2017-10-30,0,0.39105,-0.61763,-0.61763,-0.39105,1,0.73102
2017-10-31,0,0.53986,-0.49447,-0.49447,-0.53986,2,0.73209
2017-11-01,0,0.69239,-0.38546,-0.38546,-0.69239,2,0.79246
2017-11-02,0,0.76809,-0.15298,-0.15298,-0.76809,2,0.78317
2017-11-03,0,0.8382,0.06375,0.06375,-0.8382,3,0.84062
2017-11-04,0,0.88821,0.20561,0.20561,-0.88821,3,0.9117
2017-11-05,0,0.82535,0.32457,0.32457,-0.82535,3,0.88687
2017-11-06,0,0.73867,0.44665,0.44665,-0.73867,3,0.86321
2017-11-07,0,0.58773,0.58726,0.58726,-0.58773,3,0.83084
2017-11-08,0,0.43391,0.64626,0.64626,-0.43391,4,0.77841
2017-11-09,0,0.27803,0.69833,0.69833,-0.27803,4,0.75164
2017-11-10,0,0.10997,0.7119,0.7119,-0.10997,4,0.72034
2017-11-11,0,-0.00264,0.57685,0.57685,0.00264,5,0.57686
2017-11-12,0,-0.11356,0.41131,0.41131,0.11356,5,0.4267
2017-11-13,0,-0.21073,0.25608,0.25608,0.21073,5,0.33164
2017-11-14,0,-0.21795,0.12312,0.12312,0.21795,6,0.25032
2017-11-15,0,-0.19061,0.00147,0.00147,0.19061,6,0.19062
2017-11-16,0,-0.08183,-0.06316,-0.06316,0.08183,7,0.10337
2017-11-17,0,0.08462,-0.05863,-0.05863,-0.08462,2,0.10294
2017-11-18,0,0.24505,-0.00868,-0.00868,-0.24505,2,0.2452
2017-11-19,0,0.40899,0.12966,0.12966,-0.40899,3,0.42905
2017-11-20,0,0.54053,0.35955,0.35955,-0.54053,3,0.6492
2017-11-21,0,0.5747,0.65934,0.65934,-0.5747,4,0.87465
2017-11-22,0,0.56343,0.94657,0.94657,-0.56343,4,1.10156
2017-11-23,0,0.49671,1.21609,1.21609,-0.49671,4,1.31362
2017-11-24,0,0.46594,1.4219,1.4219,-0.46594,4,1.4963
2017-11-25,0,0.48409,1.48479,1.48479,-0.48409,4,1.56172
2017-11-26,0,0.3662,1.41102,1.41102,-0.3662,4,1.45777
2017-11-27,0,0.25759,1.31179,1.31179,-0.25759,4,1.33684
2017-11-28,0,0.07328,1.17739,1.17739,-0.07328,4,1.17966
2017-11-29,0,-0.06191,1.10164,1.10164,0.06191,5,1.10338
2017-11-30,0,-0.1789,0.94598,0.94598,0.1789,5,0.96275
2017-12-01,0,-0.26227,0.83424,0.83424,0.26227,5,0.8745
2017-12-02,0,-0.33863,0.59084,0.59084,0.33863,5,0.68101
2017-12-03,0,-0.5312,0.35273,0.35273,0.5312,6,0.63765
2017-12-04,0,-0.78342,0.09882,0.09882,0.78342,6,0.78962
2017-12-05,0,-0.93139,-0.0942,-0.0942,0.93139,7,0.93615
2017-12-06,0,-1.04476,-0.32258,-0.32258,1.04476,7,1.09343
2017-12-07,0,-1.07567,-0.52499,-0.52499,1.07567,7,1.19694
2017-12-08,0,-1.13829,-0.66263,-0.66263,1.13829,7,1.31711
2017-12-09,0,-1.21999,-0.70819,-0.70819,1.21999,7,1.41064
2017-12-10,0,-1.3541,-0.82404,-0.82404,1.3541,7,1.58513
2017-12-11,0,-1.45371,-0.9665,-0.9665,1.45371,7,1.74568
2017-12-12,0,-1.4804,-1.11997,-1.11997,1.4804,7,1.85632
2017-12-13,0,-1.39829,-1.21012,-1.21012,1.39829,7,1.84922
2017-12-14,0,-1.27516,-1.32747,-1.32747,1.27516,8,1.84071
2017-12-15,0,-1.12726,-1.37825,-1.37825,1.12726,8,1.78053
2017-12-16,0,-1.0051,-1.40895,-1.40895,1.0051,8,1.73071
2017-12-17,0,-0.89438,-1.47498,-1.47498,0.89438,8,1.72496
2017-12-18,0,-0.71141,-1.55149,-1.55149,0.71141,8,1.70682
2017-12-19,0,-0.46805,-1.55554,-1.55554,0.46805,8,1.62443
2017-12-20,0,-0.21693,-1.45458,-1.45458,0.21693,8,1.47067
2017-12-21,0,-0.00356,-1.32258,-1.32258,0.00356,8,1.32258
2017-12-22,0,0.17951,-1.17745,-1.17745,-0.17951,1,1.19106
2017-12-23,0,0.32157,-0.95457,-0.95457,-0.32157,1,1.00728
2017-12-24,0,0.42472,-0.73077,-0.73077,-0.42472,1,0.84523
2017-12-25,0,0.51529,-0.5099,-0.5099,-0.51529,2,0.72492
2017-12-26,0,0.63491,-0.27768,-0.27768,-0.63491,2,0.69298
2017-12-27,0,0.78374,-0.06336,-0.06336,-0.78374,2,0.7863
2017-12-28,0,0.89767,0.13038,0.13038,-0.89767,3,0.90709
2017-12-29,0,0.94841,0.35206,0.35206,-0.94841,3,1.01165
2017-12-30,0,1.04396,0.50164,0.50164,-1.04396,3,1.15823
2017-12-31,0,1.17421,0.59809,0.59809,-1.17421,3,1.31775
2018-01-01,0,1.2817,0.65769,0.65769,-1.2817,3,1.4406
2018-01-02,0,1.38363,0.68959,0.68959,-1.38363,3,1.54595
2018-01-03,0,1.47477,0.69576,0.69576,-1.47477,3,1.63065
2018-01-04,0,1.54023,0.73628,0.73628,-1.54023,3,1.70716
2018-01-05,0,1.53579,0.84426,0.84426,-1.53579,3,1.75255
2018-01-06,0,1.51407,0.97491,0.97491,-1.51407,3,1.80079
2018-01-07,0,1.5221,1.13667,1.13667,-1.5221,3,1.89969
2018-01-08,0,1.51805,1.33808,1.33808,-1.51805,3,2.02359
2018-01-09,0,1.43406,1.51957,1.51957,-1.43406,4,2.08941
2018-01-10,0,1.37457,1.65915,1.65915,-1.37457,4,2.15458
2018-01-11,0,1.32567,1.75652,1.75652,-1.32567,4,2.20063
2018-01-12,0,1.25982,1.88445,1.88445,-1.25982,4,2.26679
2018-01-13,0,1.0967,2.04905,2.04905,-1.0967,4,2.32408
2018-01-14,0,0.91805,2.11481,2.11481,-0.91805,4,2.30548
2018-01-15,0,0.69877,2.12805,2.12805,-0.69877,4,2.23984
2018-01-16,0,0.47239,2.08464,2.08464,-0.47239,4,2.1375
2018-01-17,0,0.2096,2.01675,2.01675,-0.2096,4,2.02761
2018-01-18,0,0.06511,1.92851,1.92851,-0.06511,4,1.92961
2018-01-19,0,-0.07015,1.8669,1.8669,0.07015,5,1.86822
2018-01-20,0,-0.24566,1.83813,1.83813,0.24566,5,1.85448
2018-01-21,0,-0.4054,1.74447,1.74447,0.4054,5,1.79096
2018-01-22,0,-0.52399,1.6581,1.6581,0.52399,5,1.73893
2018-01-23,0,-0.65312,1.60563,1.60563,0.65312,5,1.73338
2018-01-24,0,-0.78317,1.53884,1.53884,0.78317,5,1.72667
2018-01-25,0,-0.96749,1.37945,1.37945,0.96749,5,1.68491
2018-01-26,0,-1.18371,1.19868,1.19868,1.18371,5,1.68464
2018-01-27,0,-1.49522,0.98839,0.98839,1.49522,6,1.79237
2018-01-28,0,-1.85512,0.72439,0.72439,1.85512,6,1.99154
2018-01-29,0,-2.16178,0.42198,0.42198,2.16178,6,2.20258
2018-01-30,0,-2.4628,0.02963,0.02963,2.4628,6,2.46298
2018-01-31,0,-2.67767,-0.50915,-0.50915,2.67767,7,2.72564
2018-02-01,0,-2.81818,-1.03639,-1.03639,2.81818,7,3.00271
2018-02-02,0,-2.85926,-1.58661,-1.58661,2.85926,7,3.26997
2018-02-03,0,-2.76151,-2.13824,-2.13824,2.76151,7,3.49256
2018-02-04,0,-2.5427,-2.66278,-2.66278,2.5427,8,3.68181
2018-02-05,0,-2.19356,-3.10776,-3.10776,2.19356,8,3.80393
2018-02-06,0,-1.78117,-3.37593,-3.37593,1.78117,8,3.817
2018-02-07,0,-1.4224,-3.49119,-3.49119,1.4224,8,3.76983
2018-02-08,0,-1.14196,-3.36157,-3.36157,1.14196,8,3.55025
2018-02-09,0,-0.90705,-3.119,-3.119,0.90705,8,3.24822
2018-02-10,0,-0.73792,-2.85671,-2.85671,0.73792,8,2.95047
2018-02-11,0,-0.71384,-2.62266,-2.62266,0.71384,8,2.71807
2018-02-12,0,-0.70054,-2.40961,-2.40961,0.70054,8,2.50938
2018-02-13,0,-0.62188,-2.22553,-2.22553,0.62188,8,2.31078
2018-02-14,0,-0.48782,-2.0343,-2.0343,0.48782,8,2.09198
2018-02-15,0,-0.36491,-1.89499,-1.89499,0.36491,8,1.9298
2018-02-16,0,-0.22979,-1.87118,-1.87118,0.22979,8,1.88524
2018-02-17,0,-0.01242,-1.9141,-1.9141,0.01242,8,1.91414
2018-02-18,0,0.1442,-1.9342,-1.9342,-0.1442,1,1.93957
2018-02-19,0,0.29277,-1.95128,-1.95128,-0.29277,1,1.97312
2018-02-20,0,0.52197,-1.93251,-1.93251,-0.52197,1,2.00176
2018-02-21,0,0.80738,-1.77021,-1.77021,-0.80738,1,1.94563
2018-02-22,0,1.13763,-1.49663,-1.49663,-1.13763,1,1.87992
2018-02-23,0,1.35909,-1.0894,-1.0894,-1.35909,2,1.74181
2018-02-24,0,1.48708,-0.64508,-0.64508,-1.48708,2,1.62096
2018-02-25,0,1.51014,-0.15732,-0.15732,-1.51014,2,1.51831
2018-02-26,0,1.427,0.18319,0.18319,-1.427,3,1.43871
2018-02-27,0,1.32941,0.43032,0.43032,-1.32941,3,1.39732
2018-02-28,0,1.20697,0.60671,0.60671,-1.20697,3,1.35088
2018-03-01,0,1.14821,0.78473,0.78473,-1.14821,3,1.39075
2018-03-02,0,1.10143,0.93629,0.93629,-1.10143,3,1.44562
2018-03-03,0,1.06094,1.03415,1.03415,-1.06094,3,1.48158
2018-03-04,0,1.20252,0.99826,0.99826,-1.20252,3,1.56287
2018-03-05,0,1.40293,0.95672,0.95672,-1.40293,3,1.6981
2018-03-06,0,1.5561,0.87664,0.87664,-1.5561,3,1.78604
2018-03-07,0,1.6242,0.81518,0.81518,-1.6242,3,1.81729
2018-03-08,0,1.66252,0.81046,0.81046,-1.66252,3,1.84954
2018-03-09,0,1.78005,0.8084,0.8084,-1.78005,3,1.95501
2018-03-10,0,1.79576,0.74841,0.74841,-1.79576,3,1.94547
2018-03-11,0,1.66685,0.68995,0.68995,-1.66685,3,1.804
2018-03-12,0,1.39558,0.64646,0.64646,-1.39558,3,1.53804
2018-03-13,0,1.02643,0.70915,0.70915,-1.02643,3,1.24758
2018-03-14,0,0.62095,0.77658,0.77658,-0.62095,4,0.99431
2018-03-15,0,0.2089,0.84978,0.84978,-0.2089,4,0.87508
2018-03-16,0,-0.14633,0.88706,0.88706,0.14633,5,0.89905
2018-03-17,0,-0.41324,0.82305,0.82305,0.41324,5,0.92096
2018-03-18,0,-0.59711,0.74238,0.74238,0.59711,5,0.95271
2018-03-19,0,-0.67167,0.70606,0.70606,0.67167,5,0.9745
2018-03-20,0,-0.63653,0.71998,0.71998,0.63653,5,0.96101
2018-03-21,0,-0.60186,0.79012,0.79012,0.60186,5,0.99324
2018-03-22,0,-0.55047,0.82765,0.82765,0.55047,5,0.99399
2018-03-23,0,-0.52588,0.8057,0.8057,0.52588,5,0.96214
2018-03-24,0,-0.4982,0.72455,0.72455,0.4982,5,0.8793
2018-03-25,0,-0.57921,0.61547,0.61547,0.57921,5,0.84516
2018-03-26,0,-0.64819,0.42659,0.42659,0.64819,6,0.77597
2018-03-27,0,-0.74267,0.28375,0.28375,0.74267,6,0.79503
2018-03-28,0,-0.81904,0.11038,0.11038,0.81904,6,0.82645
2018-03-29,0,-0.90337,-0.01139,-0.01139,0.90337,7,0.90344
2018-03-30,0,-0.95747,-0.17406,-0.17406,0.95747,7,0.97316
2018-03-31,0,-1.05273,-0.34525,-0.34525,1.05273,7,1.1079
2018-04-01,0,-1.08003,-0.49511,-0.49511,1.08003,7,1.1881
2018-04-02,0,-1.00331,-0.62998,-0.62998,1.00331,7,1.1847
2018-04-03,0,-0.79833,-0.80821,-0.80821,0.79833,8,1.13601
2018-04-04,0,-0.57298,-0.95057,-0.95057,0.57298,8,1.10991
2018-04-05,0,-0.33304,-1.13744,-1.13744,0.33304,8,1.18519
2018-04-06,0,-0.11229,-1.27933,-1.27933,0.11229,8,1.28425
2018-04-07,0,0.15045,-1.36641,-1.36641,-0.15045,1,1.37467
2018-04-08,0,0.4939,-1.35659,-1.35659,-0.4939,1,1.4437
2018-04-09,0,0.85129,-1.25876,-1.25876,-0.85129,1,1.5196
2018-04-10,0,1.17553,-1.25421,-1.25421,-1.17553,1,1.71899
2018-04-11,0,1.40695,-1.25225,-1.25225,-1.40695,2,1.88352
2018-04-12,0,1.62081,-1.17091,-1.17091,-1.62081,2,1.99951
2018-04-13,0,1.67468,-1.06299,-1.06299,-1.67468,2,1.98355
2018-04-14,0,1.59944,-0.91047,-0.91047,-1.59944,2,1.84042
2018-04-15,0,1.58644,-0.77544,-0.77544,-1.58644,2,1.76582
2018-04-16,0,1.56895,-0.64732,-0.64732,-1.56895,2,1.69724
2018-04-17,0,1.52751,-0.55028,-0.55028,-1.52751,2,1.6236
2018-04-18,0,1.40591,-0.3894,-0.3894,-1.40591,2,1.45884
2018-04-19,0,1.19878,-0.0919,-0.0919,-1.19878,2,1.20229
2018-04-20,0,0.95341,0.19763,0.19763,-0.95341,3,0.97368
2018-04-21,0,0.65158,0.39979,0.39979,-0.65158,3,0.76446
2018-04-22,0,0.47104,0.62046,0.62046,-0.47104,4,0.779
2018-04-23,0,0.34044,0.74591,0.74591,-0.34044,4,0.81993
2018-04-24,0,0.21748,0.84291,0.84291,-0.21748,4,0.87051
2018-04-25,0,0.02,0.89439,0.89439,-0.02,4,0.89461
2018-04-26,0,-0.20112,0.92768,0.92768,0.20112,5,0.94923
2018-04-27,0,-0.38527,0.87455,0.87455,0.38527,5,0.95566
2018-04-28,0,-0.50169,0.76153,0.76153,0.50169,5,0.91193
2018-04-29,0,-0.62726,0.63172,0.63172,0.62726,5,0.89024
2018-04-30,0,-0.73091,0.50423,0.50423,0.73091,6,0.88796
2018-05-01,0,-0.7936,0.29152,0.29152,0.7936,6,0.84545
2018-05-02,0,-0.85908,0.07218,0.07218,0.85908,6,0.86211
2018-05-03,0,-0.94682,-0.10867,-0.10867,0.94682,7,0.95303
2018-05-04,0,-0.96738,-0.31934,-0.31934,0.96738,7,1.01873
2018-05-05,0,-0.954,-0.47756,-0.47756,0.954,7,1.06685
2018-05-06,0,-0.85334,-0.60518,-0.60518,0.85334,7,1.04615
2018-05-07,0,-0.76159,-0.71476,-0.71476,0.76159,7,1.04446
2018-05-08,0,-0.62071,-0.85005,-0.85005,0.62071,8,1.05255
2018-05-09,0,-0.48266,-0.99169,-0.99169,0.48266,8,1.10291
2018-05-10,0,-0.38495,-1.07384,-1.07384,0.38495,8,1.14076
2018-05-11,0,-0.21544,-1.06482,-1.06482,0.21544,8,1.0864
2018-05-12,0,-0.03945,-1.00989,-1.00989,0.03945,8,1.01066
2018-05-13,0,0.19327,-0.90506,-0.90506,-0.19327,1,0.92547
2018-05-14,0,0.37968,-0.77615,-0.77615,-0.37968,1,0.86404
2018-05-15,0,0.54896,-0.68759,-0.68759,-0.54896,1,0.87985
2018-05-16,0,0.73747,-0.58798,-0.58798,-0.73747,2,0.94317
2018-05-17,0,0.83219,-0.41652,-0.41652,-0.83219,2,0.93061
2018-05-18,0,0.93611,-0.20875,-0.20875,-0.93611,2,0.95911
2018-05-19,0,1.10458,-0.00831,-0.00831,-1.10458,2,1.10461
2018-05-20,0,1.16947,0.19625,0.19625,-1.16947,3,1.18582
2018-05-21,0,1.1912,0.37163,0.37163,-1.1912,3,1.24783
2018-05-22,0,1.13847,0.54853,0.54853,-1.13847,3,1.26372
2018-05-23,0,1.12019,0.76261,0.76261,-1.12019,3,1.35513
2018-05-24,0,1.00662,1.03714,1.03714,-1.00662,4,1.44531
2018-05-25,0,0.86549,1.30017,1.30017,-0.86549,4,1.56189
2018-05-26,0,0.83523,1.40623,1.40623,-0.83523,4,1.63557
2018-05-27,0,0.70721,1.50828,1.50828,-0.70721,4,1.66585
2018-05-28,0,0.42921,1.62787,1.62787,-0.42921,4,1.6835
2018-05-29,0,0.12224,1.66333,1.66333,-0.12224,4,1.66781
2018-05-30,0,-0.19354,1.70798,1.70798,0.19354,5,1.71891
2018-05-31,0,-0.48475,1.7061,1.7061,0.48475,5,1.77363
2018-06-01,0,-0.84158,1.50807,1.50807,0.84158,5,1.727
2018-06-02,0,-1.12938,1.2528,1.2528,1.12938,5,1.68672
2018-06-03,0,-1.38592,1.06539,1.06539,1.38592,6,1.74809
2018-06-04,0,-1.63258,0.92533,0.92533,1.63258,6,1.87658
2018-06-05,0,-1.77971,0.69511,0.69511,1.77971,6,1.91064
2018-06-06,0,-1.89032,0.43635,0.43635,1.89032,6,1.94002
2018-06-07,0,-1.94614,0.30822,0.30822,1.94614,6,1.97039
2018-06-08,0,-1.87778,0.22479,0.22479,1.87778,6,1.89118
2018-06-09,0,-1.77824,0.10892,0.10892,1.77824,6,1.78157
2018-06-10,0,-1.66555,0.04027,0.04027,1.66555,6,1.66604
2018-06-11,0,-1.47783,0.028,0.028,1.47783,6,1.4781
2018-06-12,0,-1.24447,-0.06493,-0.06493,1.24447,7,1.24617
2018-06-13,0,-0.98759,-0.15111,-0.15111,0.98759,7,0.99908
2018-06-14,0,-0.75054,-0.1985,-0.1985,0.75054,7,0.77635
2018-06-15,0,-0.5002,-0.22309,-0.22309,0.5002,7,0.54769
2018-06-16,0,-0.24685,-0.2928,-0.2928,0.24685,8,0.38298
2018-06-17,0,-0.1342,-0.4051,-0.4051,0.1342,8,0.42675
2018-06-18,0,-0.04297,-0.47512,-0.47512,0.04297,8,0.47706
2018-06-19,0,0.1106,-0.52378,-0.52378,-0.1106,1,0.53533
2018-06-20,0,0.20074,-0.60776,-0.60776,-0.20074,1,0.64005
2018-06-21,0,0.21179,-0.62169,-0.62169,-0.21179,1,0.65677
2018-06-22,0,0.18228,-0.57148,-0.57148,-0.18228,1,0.59984
2018-06-23,0,0.21201,-0.4962,-0.4962,-0.21201,1,0.53959
2018-06-24,0,0.28181,-0.47896,-0.47896,-0.28181,1,0.55572
2018-06-25,0,0.34972,-0.56519,-0.56519,-0.34972,1,0.66464
2018-06-26,0,0.39008,-0.57838,-0.57838,-0.39008,1,0.69763
2018-06-27,0,0.41132,-0.51407,-0.51407,-0.41132,1,0.65837
2018-06-28,0,0.43832,-0.43771,-0.43771,-0.43832,2,0.61944
2018-06-29,0,0.44539,-0.36203,-0.36203,-0.44539,2,0.57396
2018-06-30,0,0.49275,-0.29708,-0.29708,-0.49275,2,0.57538
2018-07-01,0,0.48829,-0.19033,-0.19033,-0.48829,2,0.52408
2018-07-02,0,0.43775,-0.07962,-0.07962,-0.43775,2,0.44493
2018-07-03,0,0.37806,0.03446,0.03446,-0.37806,3,0.37963
2018-07-04,0,0.30529,0.2578,0.2578,-0.30529,3,0.39958
2018-07-05,0,0.25061,0.48046,0.48046,-0.25061,4,0.54189
2018-07-06,0,0.20881,0.65472,0.65472,-0.20881,4,0.68721
2018-07-07,0,0.10633,0.77315,0.77315,-0.10633,4,0.78043
2018-07-08,0,-0.01335,0.84336,0.84336,0.01335,5,0.84347
2018-07-09,0,-0.17113,0.88522,0.88522,0.17113,5,0.90161
2018-07-10,0,-0.28363,0.87666,0.87666,0.28363,5,0.9214
2018-07-11,0,-0.47377,0.90685,0.90685,0.47377,5,1.02315
2018-07-12,0,-0.7432,0.94102,0.94102,0.7432,5,1.19911
2018-07-13,0,-0.92039,0.88071,0.88071,0.92039,6,1.27388
2018-07-14,0,-1.02577,0.6896,0.6896,1.02577,6,1.23602
2018-07-15,0,-1.16268,0.42795,0.42795,1.16268,6,1.23893
2018-07-16,0,-1.30161,0.24749,0.24749,1.30161,6,1.32493
2018-07-17,0,-1.34132,0.13683,0.13683,1.34132,6,1.34828
2018-07-18,0,-1.30437,-0.02995,-0.02995,1.30437,7,1.30472
2018-07-19,0,-1.28284,-0.26342,-0.26342,1.28284,7,1.30961
2018-07-20,0,-1.16259,-0.55447,-0.55447,1.16259,7,1.28804
2018-07-21,0,-0.98583,-0.75996,-0.75996,0.98583,7,1.24474
2018-07-22,0,-0.79034,-0.86745,-0.86745,0.79034,8,1.1735
2018-07-23,0,-0.61597,-0.93984,-0.93984,0.61597,8,1.12371
2018-07-24,0,-0.42795,-0.9405,-0.9405,0.42795,8,1.03329
2018-07-25,0,-0.19769,-0.93711,-0.93711,0.19769,8,0.95773
2018-07-26,0,-0.02829,-0.92013,-0.92013,0.02829,8,0.92056
2018-07-27,0,0.11258,-0.83927,-0.83927,-0.11258,1,0.84679
2018-07-28,0,0.26779,-0.70846,-0.70846,-0.26779,1,0.75738
2018-07-29,0,0.24099,-0.57235,-0.57235,-0.24099,1,0.62102
2018-07-30,0,0.19754,-0.46764,-0.46764,-0.19754,1,0.50765
2018-07-31,0,0.13802,-0.42224,-0.42224,-0.13802,1,0.44423
2018-08-01,0,-0.021,-0.34104,-0.34104,0.021,8,0.34169
2018-08-02,0,-0.22341,-0.25399,-0.25399,0.22341,8,0.33826
2018-08-03,0,-0.38044,-0.14672,-0.14672,0.38044,7,0.40775
2018-08-04,0,-0.44238,-0.1001,-0.1001,0.44238,7,0.45356
2018-08-05,0,-0.49939,-0.10868,-0.10868,0.49939,7,0.51108
2018-08-06,0,-0.57635,-0.06648,-0.06648,0.57635,7,0.58017
2018-08-07,0,-0.5355,-0.02575,-0.02575,0.5355,7,0.53612
2018-08-08,0,-0.44322,-0.01589,-0.01589,0.44322,7,0.4435
2018-08-09,0,-0.39178,0.00747,0.00747,0.39178,6,0.39185
2018-08-10,0,-0.29988,0.02928,0.02928,0.29988,6,0.3013
2018-08-11,0,-0.15658,0.00223,0.00223,0.15658,6,0.1566
2018-08-12,0,0.02691,-0.09738,-0.09738,-0.02691,1,0.10103
2018-08-13,0,0.15808,-0.15169,-0.15169,-0.15808,2,0.21909
2018-08-14,0,0.19996,-0.12817,-0.12817,-0.19996,2,0.23751
2018-08-15,0,0.21644,-0.12724,-0.12724,-0.21644,2,0.25107
2018-08-16,0,0.35798,-0.14854,-0.14854,-0.35798,2,0.38758
2018-08-17,0,0.53004,-0.16214,-0.16214,-0.53004,2,0.55428
2018-08-18,0,0.61203,-0.13786,-0.13786,-0.61203,2,0.62736
2018-08-19,0,0.67807,-0.10811,-0.10811,-0.67807,2,0.68663
2018-08-20,0,0.70304,0.01711,0.01711,-0.70304,3,0.70324
2018-08-21,0,0.62164,0.17996,0.17996,-0.62164,3,0.64716
2018-08-22,0,0.58948,0.26808,0.26808,-0.58948,3,0.64758
2018-08-23,0,0.6125,0.33647,0.33647,-0.6125,3,0.69883
2018-08-24,0,0.65826,0.3613,0.3613,-0.65826,3,0.75089
2018-08-25,0,0.60483,0.38463,0.38463,-0.60483,3,0.71677
2018-08-26,0,0.46941,0.38614,0.38614,-0.46941,3,0.60782
2018-08-27,0,0.33241,0.38245,0.38245,-0.33241,4,0.50672
2018-08-28,0,0.20953,0.36508,0.36508,-0.20953,4,0.42093
2018-08-29,0,0.08368,0.29443,0.29443,-0.08368,4,0.30609
2018-08-30,0,0.01944,0.28854,0.28854,-0.01944,4,0.2892
2018-08-31,0,-0.00574,0.33711,0.33711,0.00574,5,0.33716
2018-09-01,0,0.03535,0.28149,0.28149,-0.03535,4,0.2837
2018-09-02,0,0.12328,0.2496,0.2496,-0.12328,4,0.27839
2018-09-03,0,0.12026,0.22403,0.22403,-0.12026,4,0.25427
2018-09-04,0,0.10878,0.2017,0.2017,-0.10878,4,0.22916
2018-09-05,0,0.26464,0.12237,0.12237,-0.26464,3,0.29156
2018-09-06,0,0.42247,0.03688,0.03688,-0.42247,3,0.42408
2018-09-07,0,0.55504,-0.05726,-0.05726,-0.55504,2,0.55798
2018-09-08,0,0.57254,-0.19583,-0.19583,-0.57254,2,0.6051
2018-09-09,0,0.5201,-0.30892,-0.30892,-0.5201,2,0.60493
2018-09-10,0,0.41165,-0.3124,-0.3124,-0.41165,2,0.51677
2018-09-11,0,0.28182,-0.25253,-0.25253,-0.28182,2,0.37841
2018-09-12,0,0.22016,-0.14473,-0.14473,-0.22016,2,0.26347
2018-09-13,0,0.20663,0.01997,0.01997,-0.20663,3,0.20759
2018-09-14,0,0.12218,0.19041,0.19041,-0.12218,4,0.22624
2018-09-15,0,0.01846,0.35125,0.35125,-0.01846,4,0.35173
2018-09-16,0,-0.02611,0.43228,0.43228,0.02611,5,0.43307
2018-09-17,0,0.01303,0.46526,0.46526,-0.01303,4,0.46545
2018-09-18,0,0.04199,0.41399,0.41399,-0.04199,4,0.41611
2018-09-19,0,0.10511,0.31448,0.31448,-0.10511,4,0.33158
2018-09-20,0,0.17672,0.19815,0.19815,-0.17672,4,0.26551
2018-09-21,0,0.31195,0.01741,0.01741,-0.31195,3,0.31243
2018-09-22,0,0.45189,-0.25935,-0.25935,-0.45189,2,0.52102
2018-09-23,0,0.55924,-0.56454,-0.56454,-0.55924,1,0.79464
2018-09-24,0,0.69368,-0.828,-0.828,-0.69368,1,1.08017
2018-09-25,0,0.84146,-1.00994,-1.00994,-0.84146,1,1.31455
2018-09-26,0,0.9988,-1.16434,-1.16434,-0.9988,1,1.53404
2018-09-27,0,1.13174,-1.20891,-1.20891,-1.13174,1,1.65599
2018-09-28,0,1.178,-1.22298,-1.22298,-1.178,1,1.69805
2018-09-29,0,1.24168,-1.25618,-1.25618,-1.24168,1,1.76628
2018-09-30,0,1.30293,-1.17729,-1.17729,-1.30293,2,1.75603
2018-10-01,0,1.4125,-1.02405,-1.02405,-1.4125,2,1.74466
2018-10-02,0,1.57192,-0.80255,-0.80255,-1.57192,2,1.76495
2018-10-03,0,1.73681,-0.59042,-0.59042,-1.73681,2,1.83442
2018-10-04,0,1.84064,-0.3861,-0.3861,-1.84064,2,1.8807
2018-10-05,0,1.88247,-0.15962,-0.15962,-1.88247,2,1.88922
2018-10-06,0,1.88735,0.01186,0.01186,-1.88735,3,1.88739
2018-10-07,0,1.92166,0.22357,0.22357,-1.92166,3,1.93462
2018-10-08,0,1.81982,0.44954,0.44954,-1.81982,3,1.87452
2018-10-09,0,1.54792,0.65236,0.65236,-1.54792,3,1.67977
2018-10-10,0,1.16703,0.80975,0.80975,-1.16703,3,1.42044
2018-10-11,0,0.73011,0.79822,0.79822,-0.73011,4,1.08176
2018-10-12,0,0.37875,0.77057,0.77057,-0.37875,4,0.85862
2018-10-13,0,0.08112,0.73856,0.73856,-0.08112,4,0.743
2018-10-14,0,-0.2449,0.64448,0.64448,0.2449,5,0.68945
2018-10-15,0,-0.56095,0.51226,0.51226,0.56095,6,0.75966
2018-10-16,0,-0.83319,0.39346,0.39346,0.83319,6,0.92142
2018-10-17,0,-1.0068,0.28889,0.28889,1.0068,6,1.04742
2018-10-18,0,-1.07051,0.22337,0.22337,1.07051,6,1.09356
2018-10-19,0,-1.1045,0.13924,0.13924,1.1045,6,1.11324
2018-10-20,0,-1.07315,0.04599,0.04599,1.07315,6,1.07414
2018-10-21,0,-1.09744,-0.15256,-0.15256,1.09744,7,1.108
2018-10-22,0,-1.12264,-0.34748,-0.34748,1.12264,7,1.17519
2018-10-23,0,-1.02782,-0.48483,-0.48483,1.02782,7,1.13643
2018-10-24,0,-0.81632,-0.52344,-0.52344,0.81632,7,0.96973
2018-10-25,0,-0.58699,-0.60823,-0.60823,0.58699,8,0.84528
2018-10-26,0,-0.39901,-0.64883,-0.64883,0.39901,8,0.7617
2018-10-27,0,-0.22191,-0.68257,-0.68257,0.22191,8,0.71774
2018-10-28,0,-0.03236,-0.65717,-0.65717,0.03236,8,0.65797
2018-10-29,0,0.13416,-0.48513,-0.48513,-0.13416,1,0.50334
2018-10-30,0,0.22214,-0.28448,-0.28448,-0.22214,1,0.36094
2018-10-31,0,0.31171,-0.10478,-0.10478,-0.31171,2,0.32885
2018-11-01,0,0.35312,0.0729,0.0729,-0.35312,3,0.36056
2018-11-02,0,0.32524,0.30134,0.30134,-0.32524,3,0.44338
2018-11-03,0,0.29986,0.53011,0.53011,-0.29986,4,0.60904
2018-11-04,0,0.29704,0.67967,0.67967,-0.29704,4,0.74174
2018-11-05,0,0.2392,0.79678,0.79678,-0.2392,4,0.83192
2018-11-06,0,0.15706,0.91637,0.91637,-0.15706,4,0.92974
2018-11-07,0,0.04389,0.96442,0.96442,-0.04389,4,0.96542
2018-11-08,0,-0.04636,0.98431,0.98431,0.04636,5,0.9854
2018-11-09,0,-0.16299,0.97297,0.97297,0.16299,5,0.98653
2018-11-10,0,-0.32133,0.91731,0.91731,0.32133,5,0.97196
2018-11-11,0,-0.47533,0.74598,0.74598,0.47533,5,0.88455
2018-11-12,0,-0.68807,0.58375,0.58375,0.68807,6,0.90233
2018-11-13,0,-0.87041,0.52031,0.52031,0.87041,6,1.01407
2018-11-14,0,-0.99071,0.47962,0.47962,0.99071,6,1.1007
2018-11-15,0,-1.1351,0.36025,0.36025,1.1351,6,1.19089
2018-11-16,0,-1.26409,0.17887,0.17887,1.26409,6,1.27668
2018-11-17,0,-1.3254,-0.03908,-0.03908,1.3254,7,1.32597
2018-11-18,0,-1.34093,-0.29924,-0.29924,1.34093,7,1.37392
2018-11-19,0,-1.28315,-0.54727,-0.54727,1.28315,7,1.39498
2018-11-20,0,-1.05236,-0.77911,-0.77911,1.05236,7,1.30938
2018-11-21,0,-0.76946,-0.95453,-0.95453,0.76946,8,1.22605
2018-11-22,0,-0.48061,-1.07577,-1.07577,0.48061,8,1.17825
2018-11-23,0,-0.2799,-1.15891,-1.15891,0.2799,8,1.19223
2018-11-24,0,-0.12183,-1.15446,-1.15446,0.12183,8,1.16087
2018-11-25,0,-0.00219,-1.01744,-1.01744,0.00219,8,1.01745
2018-11-26,0,0.10833,-0.91569,-0.91569,-0.10833,1,0.92208
2018-11-27,0,0.2033,-0.82431,-0.82431,-0.2033,1,0.84901
2018-11-28,0,0.41895,-0.84653,-0.84653,-0.41895,1,0.94453
2018-11-29,0,0.66887,-0.88441,-0.88441,-0.66887,1,1.10886
2018-11-30,0,0.89463,-0.86059,-0.86059,-0.89463,2,1.24136
2018-12-01,0,1.03515,-0.72356,-0.72356,-1.03515,2,1.26296
2018-12-02,0,1.23762,-0.62944,-0.62944,-1.23762,2,1.38848
2018-12-03,0,1.49385,-0.60029,-0.60029,-1.49385,2,1.60995
2018-12-04,0,1.70944,-0.60668,-0.60668,-1.70944,2,1.8139
2018-12-05,0,1.90528,-0.60467,-0.60467,-1.90528,2,1.99893
2018-12-06,0,2.13115,-0.56252,-0.56252,-2.13115,2,2.20414
2018-12-07,0,2.29587,-0.36251,-0.36251,-2.29587,2,2.32431
2018-12-08,0,2.34057,-0.11007,-0.11007,-2.34057,2,2.34316
2018-12-09,0,2.31194,0.12597,0.12597,-2.31194,3,2.31537
2018-12-10,0,2.25288,0.31137,0.31137,-2.25288,3,2.2743
2018-12-11,0,2.07721,0.57771,0.57771,-2.07721,3,2.15605
2018-12-12,0,1.77041,0.87641,0.87641,-1.77041,3,1.97546
2018-12-13,0,1.42376,1.07193,1.07193,-1.42376,3,1.78217
2018-12-14,0,0.9734,1.23787,1.23787,-0.9734,4,1.57475
2018-12-15,0,0.42866,1.32663,1.32663,-0.42866,4,1.39416
2018-12-16,0,-0.09318,1.26314,1.26314,0.09318,5,1.26657
2018-12-17,0,-0.59306,1.20816,1.20816,0.59306,5,1.34587
2018-12-18,0,-0.99463,1.13295,1.13295,0.99463,5,1.5076
2018-12-19,0,-1.34073,0.98494,0.98494,1.34073,6,1.66363
2018-12-20,0,-1.5822,0.79158,0.79158,1.5822,6,1.76917
2018-12-21,0,-1.75299,0.59764,0.59764,1.75299,6,1.85206
2018-12-22,0,-1.90336,0.50566,0.50566,1.90336,6,1.96938
2018-12-23,0,-1.98486,0.50671,0.50671,1.98486,6,2.04852
2018-12-24,0,-2.0835,0.50799,0.50799,2.0835,6,2.14453
2018-12-25,0,-2.20179,0.49935,0.49935,2.20179,6,2.2577
2018-12-26,0,-2.3041,0.43595,0.43595,2.3041,6,2.34498
2018-12-27,0,-2.40185,0.38319,0.38319,2.40185,6,2.43222
2018-12-28,0,-2.47039,0.35029,0.35029,2.47039,6,2.4951
2018-12-29,0,-2.50515,0.33554,0.33554,2.50515,6,2.52752
2018-12-30,0,-2.48059,0.24692,0.24692,2.48059,6,2.49285
2018-12-31,0,-2.48228,0.08623,0.08623,2.48228,6,2.48377
2019-01-01,0,-2.44016,-0.33535,-0.33535,2.44016,7,2.46309
2019-01-02,0,-2.26592,-0.75928,-0.75928,2.26592,7,2.38975
2019-01-03,0,-2.03433,-1.17718,-1.17718,2.03433,7,2.35037
2019-01-04,0,-1.72828,-1.59523,-1.59523,1.72828,7,2.35196
2019-01-05,0,-1.35459,-1.93116,-1.93116,1.35459,8,2.35887
2019-01-06,0,-0.9474,-2.16744,-2.16744,0.9474,8,2.36545
2019-01-07,0,-0.53179,-2.35646,-2.35646,0.53179,8,2.41572
2019-01-08,0,-0.20989,-2.4565,-2.4565,0.20989,8,2.46545
2019-01-09,0,0.05915,-2.43406,-2.43406,-0.05915,1,2.43478
2019-01-10,0,0.2968,-2.16879,-2.16879,-0.2968,1,2.18901
2019-01-11,0,0.49716,-1.77857,-1.77857,-0.49716,1,1.84675
2019-01-12,0,0.6697,-1.34477,-1.34477,-0.6697,1,1.5023
2019-01-13,0,0.73693,-0.90676,-0.90676,-0.73693,1,1.16846
2019-01-14,0,0.76048,-0.58095,-0.58095,-0.76048,2,0.95699
2019-01-15,0,0.69403,-0.27229,-0.27229,-0.69403,2,0.74553
2019-01-16,0,0.59763,0.08499,0.08499,-0.59763,3,0.60365
2019-01-17,0,0.58796,0.46369,0.46369,-0.58796,3,0.7488
2019-01-18,0,0.64447,0.79968,0.79968,-0.64447,4,1.02705
2019-01-19,0,0.60843,1.07613,1.07613,-0.60843,4,1.23622
2019-01-20,0,0.53546,1.25737,1.25737,-0.53546,4,1.36664
2019-01-21,0,0.46537,1.37023,1.37023,-0.46537,4,1.4471
2019-01-22,0,0.4786,1.44816,1.44816,-0.4786,4,1.52519
2019-01-23,0,0.53626,1.50438,1.50438,-0.53626,4,1.5971
2019-01-24,0,0.5537,1.49631,1.49631,-0.5537,4,1.59547
2019-01-25,0,0.54268,1.40527,1.40527,-0.54268,4,1.50641
2019-01-26,0,0.45513,1.28687,1.28687,-0.45513,4,1.36498
2019-01-27,0,0.33417,1.07115,1.07115,-0.33417,4,1.12206
2019-01-28,0,0.25493,0.73639,0.73639,-0.25493,4,0.77927
2019-01-29,0,0.16229,0.40824,0.40824,-0.16229,4,0.43932
2019-01-30,0,0.05693,0.14222,0.14222,-0.05693,4,0.15319
2019-01-31,0,-0.10324,-0.10934,-0.10934,0.10324,8,0.15038
2019-02-01,0,-0.27094,-0.34502,-0.34502,0.27094,8,0.43869
2019-02-02,0,-0.39098,-0.59089,-0.59089,0.39098,8,0.70853
2019-02-03,0,-0.4904,-0.84317,-0.84317,0.4904,8,0.97542
2019-02-04,0,-0.52176,-1.11002,-1.11002,0.52176,8,1.22653
2019-02-05,0,-0.50073,-1.25236,-1.25236,0.50073,8,1.34876
2019-02-06,0,-0.51073,-1.30211,-1.30211,0.51073,8,1.39869
2019-02-07,0,-0.55443,-1.32195,-1.32195,0.55443,8,1.43351
2019-02-08,0,-0.59936,-1.33595,-1.33595,0.59936,8,1.46424
2019-02-09,0,-0.58744,-1.36999,-1.36999,0.58744,8,1.49062
2019-02-10,0,-0.62249,-1.3712,-1.3712,0.62249,8,1.50588
2019-02-11,0,-0.54299,-1.33844,-1.33844,0.54299,8,1.44439
2019-02-12,0,-0.36424,-1.33053,-1.33053,0.36424,8,1.37949
2019-02-13,0,-0.21446,-1.29567,-1.29567,0.21446,8,1.3133
2019-02-14,0,-0.12268,-1.30783,-1.30783,0.12268,8,1.31357
2019-02-15,0,-0.05664,-1.38712,-1.38712,0.05664,8,1.38828
2019-02-16,0,0.04226,-1.5526,-1.5526,-0.04226,1,1.55318
2019-02-17,0,0.16536,-1.71194,-1.71194,-0.16536,1,1.7199
2019-02-18,0,0.29994,-1.83785,-1.83785,-0.29994,1,1.86216
2019-02-19,0,0.43684,-1.96239,-1.96239,-0.43684,1,2.01042
2019-02-20,0,0.54611,-2.09403,-2.09403,-0.54611,1,2.16407
2019-02-21,0,0.61205,-2.19156,-2.19156,-0.61205,1,2.27542
2019-02-22,0,0.82547,-2.29272,-2.29272,-0.82547,1,2.43679
2019-02-23,0,1.25083,-2.2394,-2.2394,-1.25083,1,2.56505
2019-02-24,0,1.8111,-1.93594,-1.93594,-1.8111,1,2.65103
2019-02-25,0,2.24129,-1.45044,-1.45044,-2.24129,2,2.66967
2019-02-26,0,2.54243,-0.99559,-0.99559,-2.54243,2,2.73041
2019-02-27,0,2.69583,-0.53702,-0.53702,-2.69583,2,2.74879
2019-02-28,0,2.71629,-0.12348,-0.12348,-2.71629,2,2.7191
2019-03-01,0,2.60959,0.14226,0.14226,-2.60959,3,2.61347
2019-03-02,0,2.4739,0.54955,0.54955,-2.4739,3,2.5342
2019-03-03,0,2.3472,0.94417,0.94417,-2.3472,3,2.52998
2019-03-04,0,2.20486,1.28297,1.28297,-2.20486,3,2.55096
2019-03-05,0,2.02616,1.48826,1.48826,-2.02616,3,2.51401
2019-03-06,0,1.84729,1.66978,1.66978,-1.84729,3,2.49011
2019-03-07,0,1.62959,1.86093,1.86093,-1.62959,4,2.47359
2019-03-08,0,1.39806,2.00285,2.00285,-1.39806,4,2.44253
2019-03-09,0,1.23883,2.10207,2.10207,-1.23883,4,2.43996
2019-03-10,0,1.15128,2.17285,2.17285,-1.15128,4,2.45901
2019-03-11,0,1.01057,2.18703,2.18703,-1.01057,4,2.40923
2019-03-12,0,0.74162,2.1491,2.1491,-0.74162,4,2.27346
2019-03-13,0,0.39543,2.07473,2.07473,-0.39543,4,2.11207
2019-03-14,0,0.02104,2.03209,2.03209,-0.02104,4,2.0322
2019-03-15,0,-0.39955,1.8681,1.8681,0.39955,5,1.91035
2019-03-16,0,-0.7923,1.54425,1.54425,0.7923,5,1.73564
2019-03-17,0,-1.03125,1.20789,1.20789,1.03125,5,1.58823
2019-03-18,0,-1.16559,0.86985,0.86985,1.16559,6,1.45439
2019-03-19,0,-1.27386,0.61842,0.61842,1.27386,6,1.41604
2019-03-20,0,-1.30047,0.3957,0.3957,1.30047,6,1.35933
2019-03-21,0,-1.33786,0.26008,0.26008,1.33786,6,1.3629
2019-03-22,0,-1.34567,0.2336,0.2336,1.34567,6,1.3658
2019-03-23,0,-1.34106,0.2379,0.2379,1.34106,6,1.362
2019-03-24,0,-1.30017,0.29764,0.29764,1.30017,6,1.33381
2019-03-25,0,-1.29217,0.38842,0.38842,1.29217,6,1.34928
2019-03-26,0,-1.26865,0.42688,0.42688,1.26865,6,1.33854
2019-03-27,0,-1.19418,0.5195,0.5195,1.19418,6,1.30228
2019-03-28,0,-1.13747,0.6289,0.6289,1.13747,6,1.29975
2019-03-29,0,-1.08254,0.7597,0.7597,1.08254,6,1.32251
2019-03-30,0,-1.00669,0.84144,0.84144,1.00669,6,1.31204
2019-03-31,0,-1.00459,0.81981,0.81981,1.00459,6,1.29664
2019-04-01,0,-1.08698,0.73968,0.73968,1.08698,6,1.31478
2019-04-02,0,-1.21067,0.62116,0.62116,1.21067,6,1.36072
2019-04-03,0,-1.18693,0.46989,0.46989,1.18693,6,1.27656
2019-04-04,0,-1.12078,0.33634,0.33634,1.12078,6,1.17016
2019-04-05,0,-1.04609,0.19051,0.19051,1.04609,6,1.0633
2019-04-06,0,-0.93356,0.02486,0.02486,0.93356,6,0.93389
2019-04-07,0,-0.79386,-0.10925,-0.10925,0.79386,7,0.80134
2019-04-08,0,-0.62218,-0.2549,-0.2549,0.62218,7,0.67237
2019-04-09,0,-0.42174,-0.37063,-0.37063,0.42174,7,0.56146
2019-04-10,0,-0.19928,-0.41782,-0.41782,0.19928,8,0.46291
2019-04-11,0,-0.01745,-0.42016,-0.42016,0.01745,8,0.42053
2019-04-12,0,0.10851,-0.43475,-0.43475,-0.10851,1,0.44808
2019-04-13,0,0.21678,-0.47497,-0.47497,-0.21678,1,0.5221
2019-04-14,0,0.37284,-0.52571,-0.52571,-0.37284,1,0.6445
2019-04-15,0,0.51313,-0.67099,-0.67099,-0.51313,1,0.84471
2019-04-16,0,0.67681,-0.76632,-0.76632,-0.67681,1,1.02241
2019-04-17,0,0.84993,-0.80294,-0.80294,-0.84993,2,1.16923
2019-04-18,0,1.04063,-0.78411,-0.78411,-1.04063,2,1.30297
2019-04-19,0,1.23486,-0.74593,-0.74593,-1.23486,2,1.44267
2019-04-20,0,1.46074,-0.69108,-0.69108,-1.46074,2,1.61596
2019-04-21,0,1.64527,-0.50077,-0.50077,-1.64527,2,1.71979
2019-04-22,0,1.8023,-0.23857,-0.23857,-1.8023,2,1.81802
2019-04-23,0,1.8198,0.04416,0.04416,-1.8198,3,1.82034
2019-04-24,0,1.84912,0.39007,0.39007,-1.84912,3,1.88982
2019-04-25,0,1.82046,0.66787,0.66787,-1.82046,3,1.93911
2019-04-26,0,1.74465,0.983,0.983,-1.74465,3,2.00252
2019-04-27,0,1.50542,1.20824,1.20824,-1.50542,3,1.93032
2019-04-28,0,1.15987,1.33099,1.33099,-1.15987,4,1.76545
2019-04-29,0,0.76377,1.36923,1.36923,-0.76377,4,1.56785
2019-04-30,0,0.29605,1.36348,1.36348,-0.29605,4,1.39525
2019-05-01,0,-0.17464,1.25032,1.25032,0.17464,5,1.26246
2019-05-02,0,-0.63358,0.98094,0.98094,0.63358,5,1.16777
2019-05-03,0,-1.05562,0.68661,0.68661,1.05562,6,1.25927
2019-05-04,0,-1.42553,0.44253,0.44253,1.42553,6,1.49263
2019-05-05,0,-1.75004,0.16634,0.16634,1.75004,6,1.75793
2019-05-06,0,-1.90576,-0.10248,-0.10248,1.90576,7,1.90852
2019-05-07,0,-1.96903,-0.31267,-0.31267,1.96903,7,1.9937
2019-05-08,0,-2.00986,-0.46745,-0.46745,2.00986,7,2.06351
2019-05-09,0,-1.98524,-0.73123,-0.73123,1.98524,7,2.11563
2019-05-10,0,-1.89373,-0.97051,-0.97051,1.89373,7,2.12793
2019-05-11,0,-1.69895,-1.07236,-1.07236,1.69895,7,2.00908
2019-05-12,0,-1.49889,-1.17291,-1.17291,1.49889,7,1.90326
2019-05-13,0,-1.30439,-1.307,-1.307,1.30439,8,1.84653
2019-05-14,0,-1.11098,-1.43339,-1.43339,1.11098,8,1.81352
2019-05-15,0,-0.90959,-1.51934,-1.51934,0.90959,8,1.77081
2019-05-16,0,-0.67546,-1.60552,-1.60552,0.67546,8,1.74182
2019-05-17,0,-0.48281,-1.64477,-1.64477,0.48281,8,1.71417
2019-05-18,0,-0.27431,-1.61051,-1.61051,0.27431,8,1.6337
2019-05-19,0,-0.08685,-1.5754,-1.5754,0.08685,8,1.5778
2019-05-20,0,0.0511,-1.58627,-1.58627,-0.0511,1,1.58709
2019-05-21,0,0.15069,-1.61438,-1.61438,-0.15069,1,1.6214
2019-05-22,0,0.19887,-1.6002,-1.6002,-0.19887,1,1.61251
2019-05-23,0,0.30739,-1.57022,-1.57022,-0.30739,1,1.60002
2019-05-24,0,0.4225,-1.48908,-1.48908,-0.4225,1,1.54786
2019-05-25,0,0.61768,-1.35114,-1.35114,-0.61768,1,1.48564
2019-05-26,0,0.92568,-1.23498,-1.23498,-0.92568,1,1.54339
2019-05-27,0,1.20896,-1.08304,-1.08304,-1.20896,2,1.62313
2019-05-28,0,1.44747,-0.83111,-0.83111,-1.44747,2,1.66911
2019-05-29,0,1.66853,-0.53832,-0.53832,-1.66853,2,1.75322
2019-05-30,0,1.90242,-0.18005,-0.18005,-1.90242,2,1.91092
2019-05-31,0,2.0627,0.11505,0.11505,-2.0627,3,2.06591
2019-06-01,0,2.12533,0.44839,0.44839,-2.12533,3,2.17212
2019-06-02,0,2.17205,0.7601,0.7601,-2.17205,3,2.30121
2019-06-03,0,2.09531,1.00651,1.00651,-2.09531,3,2.32452
2019-06-04,0,1.89576,1.21307,1.21307,-1.89576,3,2.25065
2019-06-05,0,1.65814,1.34447,1.34447,-1.65814,3,2.13472
2019-06-06,0,1.44245,1.42929,1.42929,-1.44245,3,2.03065
2019-06-07,0,1.24504,1.43794,1.43794,-1.24504,4,1.90205
2019-06-08,0,0.98818,1.42469,1.42469,-0.98818,4,1.73386
2019-06-09,0,0.78914,1.44073,1.44073,-0.78914,4,1.64269
2019-06-10,0,0.61801,1.44377,1.44377,-0.61801,4,1.57048
2019-06-11,0,0.34684,1.43554,1.43554,-0.34684,4,1.47685
2019-06-12,0,0.08429,1.50154,1.50154,-0.08429,4,1.5039
2019-06-13,0,-0.01637,1.57912,1.57912,0.01637,5,1.5792
2019-06-14,0,-0.09607,1.55772,1.55772,0.09607,5,1.56068
2019-06-15,0,-0.20639,1.49257,1.49257,0.20639,5,1.50677
2019-06-16,0,-0.25552,1.52983,1.52983,0.25552,5,1.55102
2019-06-17,0,-0.21527,1.51696,1.51696,0.21527,5,1.53216
2019-06-18,0,-0.17324,1.43882,1.43882,0.17324,5,1.44921
2019-06-19,0,-0.242,1.27629,1.27629,0.242,5,1.29903
2019-06-20,0,-0.31578,1.09411,1.09411,0.31578,5,1.13877
2019-06-21,0,-0.40271,0.91145,0.91145,0.40271,5,0.99646
2019-06-22,0,-0.59689,0.75888,0.75888,0.59689,5,0.9655
2019-06-23,0,-0.76718,0.663,0.663,0.76718,6,1.01397
2019-06-24,0,-0.87868,0.59363,0.59363,0.87868,6,1.06042
2019-06-25,0,-0.97788,0.44771,0.44771,0.97788,6,1.0755
2019-06-26,0,-1.11261,0.29817,0.29817,1.11261,6,1.15187
2019-06-27,0,-1.26551,0.23486,0.23486,1.26551,6,1.28712
2019-06-28,0,-1.32724,0.261,0.261,1.32724,6,1.35266
2019-06-29,0,-1.23926,0.1948,0.1948,1.23926,6,1.25448
2019-06-30,0,-1.14928,0.03051,0.03051,1.14928,6,1.14968
2019-07-01,0,-1.04987,-0.16756,-0.16756,1.04987,7,1.06316
2019-07-02,0,-0.91805,-0.39204,-0.39204,0.91805,7,0.99826
2019-07-03,0,-0.78028,-0.66478,-0.66478,0.78028,7,1.02507
2019-07-04,0,-0.72599,-0.84479,-0.84479,0.72599,8,1.11388
2019-07-05,0,-0.62652,-0.95051,-0.95051,0.62652,8,1.13842
2019-07-06,0,-0.46519,-0.98671,-0.98671,0.46519,8,1.09086
2019-07-07,0,-0.25873,-1.07979,-1.07979,0.25873,8,1.11035
2019-07-08,0,-0.22879,-1.1441,-1.1441,0.22879,8,1.16675
2019-07-09,0,-0.26941,-1.12585,-1.12585,0.26941,8,1.15764
2019-07-10,0,-0.23331,-1.05988,-1.05988,0.23331,8,1.08525
2019-07-11,0,-0.25745,-0.92413,-0.92413,0.25745,8,0.95932
2019-07-12,0,-0.25882,-0.75764,-0.75764,0.25882,8,0.80063
2019-07-13,0,-0.18105,-0.65334,-0.65334,0.18105,8,0.67796
2019-07-14,0,0.02539,-0.63168,-0.63168,-0.02539,1,0.63219
2019-07-15,0,0.23313,-0.72689,-0.72689,-0.23313,1,0.76336
2019-07-16,0,0.3542,-0.77408,-0.77408,-0.3542,1,0.85127
2019-07-17,0,0.57082,-0.70618,-0.70618,-0.57082,1,0.90804
2019-07-18,0,0.81948,-0.66017,-0.66017,-0.81948,2,1.05232
2019-07-19,0,0.89547,-0.6241,-0.6241,-0.89547,2,1.0915
2019-07-20,0,0.87676,-0.54962,-0.54962,-0.87676,2,1.03479
2019-07-21,0,0.80201,-0.36998,-0.36998,-0.80201,2,0.88323
2019-07-22,0,0.73855,-0.20273,-0.20273,-0.73855,2,0.76587
2019-07-23,0,0.46106,-0.0543,-0.0543,-0.46106,2,0.46425
2019-07-24,0,0.12726,0.16969,0.16969,-0.12726,4,0.21211
2019-07-25,0,-0.20601,0.38623,0.38623,0.20601,5,0.43773
2019-07-26,0,-0.60408,0.46739,0.46739,0.60408,6,0.76378
2019-07-27,0,-0.96676,0.5078,0.5078,0.96676,6,1.09201
2019-07-28,0,-1.25806,0.52429,0.52429,1.25806,6,1.36293
2019-07-29,0,-1.38839,0.57961,0.57961,1.38839,6,1.50452
2019-07-30,0,-1.41147,0.49873,0.49873,1.41147,6,1.49699
2019-07-31,0,-1.43369,0.41482,0.41482,1.43369,6,1.4925
2019-08-01,0,-1.45104,0.44803,0.44803,1.45104,6,1.51864
2019-08-02,0,-1.37974,0.44707,0.44707,1.37974,6,1.45037
2019-08-03,0,-1.17271,0.44005,0.44005,1.17271,6,1.25256
2019-08-04,0,-0.91124,0.48362,0.48362,0.91124,6,1.03162
2019-08-05,0,-0.68762,0.52049,0.52049,0.68762,6,0.8624
2019-08-06,0,-0.35323,0.53302,0.53302,0.35323,5,0.63944
2019-08-07,0,-0.03061,0.38826,0.38826,0.03061,5,0.38946
2019-08-08,0,0.16248,0.21824,0.21824,-0.16248,4,0.27208
2019-08-09,0,0.28137,0.06788,0.06788,-0.28137,3,0.28944
2019-08-10,0,0.46856,-0.07475,-0.07475,-0.46856,2,0.47449
2019-08-11,0,0.6392,-0.22227,-0.22227,-0.6392,2,0.67674
2019-08-12,0,0.75306,-0.30904,-0.30904,-0.75306,2,0.81401
2019-08-13,0,0.78433,-0.40566,-0.40566,-0.78433,2,0.88303
2019-08-14,0,0.80455,-0.57393,-0.57393,-0.80455,2,0.98828
2019-08-15,0,0.71899,-0.71113,-0.71113,-0.71899,2,1.01126
2019-08-16,0,0.6339,-0.68322,-0.68322,-0.6339,1,0.932
2019-08-17,0,0.57229,-0.57284,-0.57284,-0.57229,1,0.80973
2019-08-18,0,0.48011,-0.44577,-0.44577,-0.48011,2,0.65515
2019-08-19,0,0.34901,-0.33086,-0.33086,-0.34901,2,0.48091
2019-08-20,0,0.25262,-0.16621,-0.16621,-0.25262,2,0.30239
2019-08-21,0,0.15454,-0.02574,-0.02574,-0.15454,2,0.15667
2019-08-22,0,0.11411,0.08668,0.08668,-0.11411,3,0.1433
2019-08-23,0,0.06059,0.25486,0.25486,-0.06059,4,0.26197
2019-08-24,0,0.02424,0.45049,0.45049,-0.02424,4,0.45114
2019-08-25,0,-0.02047,0.56079,0.56079,0.02047,5,0.56116
2019-08-26,0,-0.02039,0.61986,0.61986,0.02039,5,0.62019
2019-08-27,0,0.03318,0.64013,0.64013,-0.03318,4,0.64099
2019-08-28,0,0.03208,0.61357,0.61357,-0.03208,4,0.61441
2019-08-29,0,-0.0747,0.5515,0.5515,0.0747,5,0.55654
2019-08-30,0,-0.138,0.4727,0.4727,0.138,5,0.49243
2019-08-31,0,-0.21321,0.42845,0.42845,0.21321,5,0.47857
2019-09-01,0,-0.3096,0.31978,0.31978,0.3096,5,0.4451
2019-09-02,0,-0.49046,0.18425,0.18425,0.49046,6,0.52393
2019-09-03,0,-0.58089,0.09429,0.09429,0.58089,6,0.58849
2019-09-04,0,-0.61943,0.03646,0.03646,0.61943,6,0.6205
2019-09-05,0,-0.7169,-0.03436,-0.03436,0.7169,7,0.71773
2019-09-06,0,-0.82887,-0.10637,-0.10637,0.82887,7,0.83567
2019-09-07,0,-0.85003,-0.20717,-0.20717,0.85003,7,0.87491
2019-09-08,0,-0.87061,-0.34174,-0.34174,0.87061,7,0.93529
2019-09-09,0,-0.88131,-0.5087,-0.5087,0.88131,7,1.01758
2019-09-10,0,-0.8377,-0.55083,-0.55083,0.8377,7,1.00258
2019-09-11,0,-0.64123,-0.47646,-0.47646,0.64123,7,0.79887
2019-09-12,0,-0.48708,-0.51794,-0.51794,0.48708,8,0.711
2019-09-13,0,-0.41161,-0.62631,-0.62631,0.41161,8,0.74946
2019-09-14,0,-0.31568,-0.69209,-0.69209,0.31568,8,0.76069
2019-09-15,0,-0.06048,-0.72455,-0.72455,0.06048,8,0.72707
2019-09-16,0,0.157,-0.78479,-0.78479,-0.157,1,0.80034
2019-09-17,0,0.26817,-0.81112,-0.81112,-0.26817,1,0.8543
2019-09-18,0,0.46174,-0.75321,-0.75321,-0.46174,1,0.88347
2019-09-19,0,0.77484,-0.71742,-0.71742,-0.77484,2,1.05597
2019-09-20,0,1.05092,-0.73012,-0.73012,-1.05092,2,1.27965
2019-09-21,0,1.275,-0.68731,-0.68731,-1.275,2,1.44845
2019-09-22,0,1.5139,-0.6045,-0.6045,-1.5139,2,1.63012
2019-09-23,0,1.73478,-0.54584,-0.54584,-1.73478,2,1.81863
2019-09-24,0,1.7974,-0.52376,-0.52376,-1.7974,2,1.87215
2019-09-25,0,1.80691,-0.47606,-0.47606,-1.80691,2,1.86857
2019-09-26,0,1.88567,-0.3909,-0.3909,-1.88567,2,1.92576
2019-09-27,0,1.8869,-0.37916,-0.37916,-1.8869,2,1.92462
2019-09-28,0,1.76982,-0.43569,-0.43569,-1.76982,2,1.82266
2019-09-29,0,1.57812,-0.52096,-0.52096,-1.57812,2,1.66189
2019-09-30,0,1.38625,-0.5469,-0.5469,-1.38625,2,1.49023
2019-10-01,0,1.18211,-0.5371,-0.5371,-1.18211,2,1.29841
2019-10-02,0,0.99918,-0.53074,-0.53074,-0.99918,2,1.13139
2019-10-03,0,0.88007,-0.51421,-0.51421,-0.88007,2,1.01928
2019-10-04,0,0.78983,-0.49988,-0.49988,-0.78983,2,0.93473
2019-10-05,0,0.70498,-0.48618,-0.48618,-0.70498,2,0.85637
2019-10-06,0,0.5943,-0.49166,-0.49166,-0.5943,2,0.77131
2019-10-07,0,0.50855,-0.42583,-0.42583,-0.50855,2,0.66329
2019-10-08,0,0.48925,-0.36063,-0.36063,-0.48925,2,0.6078
2019-10-09,0,0.47705,-0.26785,-0.26785,-0.47705,2,0.5471
2019-10-10,0,0.46454,-0.20222,-0.20222,-0.46454,2,0.50665
2019-10-11,0,0.46036,-0.09662,-0.09662,-0.46036,2,0.47039
2019-10-12,0,0.48146,-0.00516,-0.00516,-0.48146,2,0.48149
2019-10-13,0,0.50879,0.12597,0.12597,-0.50879,3,0.52416
2019-10-14,0,0.53043,0.25582,0.25582,-0.53043,3,0.5889
2019-10-15,0,0.60844,0.42435,0.42435,-0.60844,3,0.74181
2019-10-16,0,0.72376,0.59551,0.59551,-0.72376,3,0.93727
2019-10-17,0,0.83071,0.74912,0.74912,-0.83071,3,1.1186
2019-10-18,0,0.95935,0.81754,0.81754,-0.95935,3,1.26044
2019-10-19,0,1.09829,0.91795,0.91795,-1.09829,3,1.43139
2019-10-20,0,1.14421,0.91258,0.91258,-1.14421,3,1.46356
2019-10-21,0,1.02776,0.96317,0.96317,-1.02776,3,1.40854
2019-10-22,0,0.8334,0.99278,0.99278,-0.8334,4,1.29621
2019-10-23,0,0.61802,0.98897,0.98897,-0.61802,4,1.1662
2019-10-24,0,0.3267,0.96012,0.96012,-0.3267,4,1.01418
2019-10-25,0,-0.02745,0.88201,0.88201,0.02745,5,0.88243
2019-10-26,0,-0.36729,0.77214,0.77214,0.36729,5,0.85504
2019-10-27,0,-0.69999,0.70155,0.70155,0.69999,5,0.99104
2019-10-28,0,-1.06084,0.5946,0.5946,1.06084,6,1.21611
2019-10-29,0,-1.35358,0.56223,0.56223,1.35358,6,1.4657
2019-10-30,0,-1.58449,0.54378,0.54378,1.58449,6,1.6752
2019-10-31,0,-1.80082,0.49325,0.49325,1.80082,6,1.86715
2019-11-01,0,-2.00478,0.43924,0.43924,2.00478,6,2.05233
2019-11-02,0,-2.19045,0.38821,0.38821,2.19045,6,2.22458
2019-11-03,0,-2.35242,0.34526,0.34526,2.35242,6,2.37763
2019-11-04,0,-2.49188,0.32773,0.32773,2.49188,6,2.51334
2019-11-05,0,-2.5336,0.18714,0.18714,2.5336,6,2.54051
2019-11-06,0,-2.50396,-0.03429,-0.03429,2.50396,7,2.5042
2019-11-07,0,-2.41535,-0.26313,-0.26313,2.41535,7,2.42964
2019-11-08,0,-2.28658,-0.50227,-0.50227,2.28658,7,2.3411
2019-11-09,0,-2.04393,-0.76352,-0.76352,2.04393,7,2.18188
2019-11-10,0,-1.70341,-1.03358,-1.03358,1.70341,7,1.99246
2019-11-11,0,-1.41457,-1.18601,-1.18601,1.41457,7,1.84598
2019-11-12,0,-1.16212,-1.36306,-1.36306,1.16212,8,1.79122
2019-11-13,0,-0.98442,-1.54908,-1.54908,0.98442,8,1.83541
2019-11-14,0,-0.81001,-1.62659,-1.62659,0.81001,8,1.81711
2019-11-15,0,-0.61866,-1.59785,-1.59785,0.61866,8,1.71344
2019-11-16,0,-0.42044,-1.59045,-1.59045,0.42044,8,1.64508
2019-11-17,0,-0.19189,-1.59178,-1.59178,0.19189,8,1.6033
2019-11-18,0,-0.02026,-1.48299,-1.48299,0.02026,8,1.48313
2019-11-19,0,0.08403,-1.33953,-1.33953,-0.08403,1,1.34216
2019-11-20,0,0.24253,-1.1407,-1.1407,-0.24253,1,1.16619
2019-11-21,0,0.40867,-0.94324,-0.94324,-0.40867,1,1.02797
2019-11-22,0,0.57646,-0.8317,-0.8317,-0.57646,1,1.01194
2019-11-23,0,0.71155,-0.74916,-0.74916,-0.71155,1,1.03322
2019-11-24,0,0.81154,-0.69666,-0.69666,-0.81154,2,1.06955
2019-11-25,0,0.92306,-0.58866,-0.58866,-0.92306,2,1.09479
2019-11-26,0,1.01008,-0.45164,-0.45164,-1.01008,2,1.10645
2019-11-27,0,1.09626,-0.28249,-0.28249,-1.09626,2,1.13207
2019-11-28,0,1.22961,-0.07448,-0.07448,-1.22961,2,1.23186
2019-11-29,0,1.33681,0.05578,0.05578,-1.33681,3,1.33798
2019-11-30,0,1.40933,0.17488,0.17488,-1.40933,3,1.42014
2019-12-01,0,1.42228,0.27763,0.27763,-1.42228,3,1.44912
2019-12-02,0,1.37987,0.32039,0.32039,-1.37987,3,1.41658
2019-12-03,0,1.35633,0.36036,0.36036,-1.35633,3,1.40339
2019-12-04,0,1.23245,0.32197,0.32197,-1.23245,3,1.27381
2019-12-05,0,1.10128,0.27779,0.27779,-1.10128,3,1.13577
2019-12-06,0,1.00418,0.16887,0.16887,-1.00418,3,1.01828
2019-12-07,0,0.84343,0.05631,0.05631,-0.84343,3,0.84531
2019-12-08,0,0.68195,0.00214,0.00214,-0.68195,3,0.68196
2019-12-09,0,0.57227,-0.03178,-0.03178,-0.57227,2,0.57315
2019-12-10,0,0.52536,0.08621,0.08621,-0.52536,3,0.53238
2019-12-11,0,0.48513,0.31018,0.31018,-0.48513,3,0.57581
2019-12-12,0,0.40928,0.47817,0.47817,-0.40928,4,0.62941
2019-12-13,0,0.40954,0.66938,0.66938,-0.40954,4,0.78472
2019-12-14,0,0.3824,0.77509,0.77509,-0.3824,4,0.86429
2019-12-15,0,0.35663,0.74349,0.74349,-0.35663,4,0.8246
2019-12-16,0,0.33098,0.67261,0.67261,-0.33098,4,0.74964
2019-12-17,0,0.35441,0.59808,0.59808,-0.35441,4,0.6952
2019-12-18,0,0.35452,0.53273,0.53273,-0.35452,4,0.63991
2019-12-19,0,0.30501,0.35294,0.35294,-0.30501,4,0.46647
2019-12-20,0,0.25997,0.10781,0.10781,-0.25997,3,0.28144
2019-12-21,0,0.24458,-0.06964,-0.06964,-0.24458,2,0.2543
2019-12-22,0,0.14132,-0.25455,-0.25455,-0.14132,1,0.29115
2019-12-23,0,0.04184,-0.37473,-0.37473,-0.04184,1,0.37706
2019-12-24,0,-0.04102,-0.38898,-0.38898,0.04102,8,0.39114
2019-12-25,0,-0.03432,-0.36449,-0.36449,0.03432,8,0.36611
2019-12-26,0,-0.08309,-0.35647,-0.35647,0.08309,8,0.36603
2019-12-27,0,-0.17564,-0.28524,-0.28524,0.17564,8,0.33498
2019-12-28,0,-0.22604,-0.12405,-0.12405,0.22604,7,0.25784
2019-12-29,0,-0.25607,0.0718,0.0718,0.25607,6,0.26594
2019-12-30,0,-0.27627,0.229,0.229,0.27627,6,0.35884
2019-12-31,0,-0.25336,0.37222,0.37222,0.25336,5,0.45026
2020-01-01,0,-0.25054,0.48458,0.48458,0.25054,5,0.54552
2020-01-02,0,-0.26876,0.62931,0.62931,0.26876,5,0.68429
2020-01-03,0,-0.40663,0.79343,0.79343,0.40663,5,0.89155
2020-01-04,0,-0.52165,0.94933,0.94933,0.52165,5,1.08321
2020-01-05,0,-0.56185,1.08779,1.08779,0.56185,5,1.22432
2020-01-06,0,-0.627,1.22344,1.22344,0.627,5,1.37475
2020-01-07,0,-0.76552,1.34656,1.34656,0.76552,5,1.54895
2020-01-08,0,-0.9215,1.42872,1.42872,0.9215,5,1.70012
2020-01-09,0,-1.00309,1.48259,1.48259,1.00309,5,1.79004
2020-01-10,0,-1.09669,1.39863,1.39863,1.09669,5,1.77733
2020-01-11,0,-1.14917,1.14762,1.14762,1.14917,6,1.62408
2020-01-12,0,-1.09869,0.82806,0.82806,1.09869,6,1.37579
2020-01-13,0,-0.97713,0.45885,0.45885,0.97713,6,1.0795
2020-01-14,0,-0.82714,0.00715,0.00715,0.82714,6,0.82717
2020-01-15,0,-0.64204,-0.45243,-0.45243,0.64204,7,0.78543
2020-01-16,0,-0.4118,-0.84752,-0.84752,0.4118,8,0.94226
2020-01-17,0,-0.20885,-1.22886,-1.22886,0.20885,8,1.24648
2020-01-18,0,-0.11146,-1.65494,-1.65494,0.11146,8,1.65869
2020-01-19,0,0.04047,-1.95546,-1.95546,-0.04047,1,1.95588
2020-01-20,0,0.19337,-2.06474,-2.06474,-0.19337,1,2.07378
2020-01-21,0,0.39027,-2.11313,-2.11313,-0.39027,1,2.14887
2020-01-22,0,0.56571,-2.0579,-2.0579,-0.56571,1,2.13424
2020-01-23,0,0.71515,-1.90799,-1.90799,-0.71515,1,2.03761
2020-01-24,0,0.83447,-1.69061,-1.69061,-0.83447,1,1.88534
2020-01-25,0,0.92971,-1.44482,-1.44482,-0.92971,1,1.7181
2020-01-26,0,0.98488,-1.12732,-1.12732,-0.98488,1,1.49694
2020-01-27,0,1.09501,-0.76189,-0.76189,-1.09501,2,1.33399
2020-01-28,0,1.13438,-0.37199,-0.37199,-1.13438,2,1.19381
2020-01-29,0,1.16551,-0.01654,-0.01654,-1.16551,2,1.16563
2020-01-30,0,1.18873,0.31969,0.31969,-1.18873,3,1.23097
2020-01-31,0,1.13559,0.57696,0.57696,-1.13559,3,1.27375
2020-02-01,0,1.0058,0.79101,0.79101,-1.0058,3,1.27958
2020-02-02,0,0.82964,0.95661,0.95661,-0.82964,4,1.26625
2020-02-03,0,0.68883,1.10676,1.10676,-0.68883,4,1.30361
2020-02-04,0,0.54158,1.16187,1.16187,-0.54158,4,1.2819
2020-02-05,0,0.33284,1.27083,1.27083,-0.33284,4,1.31369
2020-02-06,0,0.11785,1.31224,1.31224,-0.11785,4,1.31752
2020-02-07,0,-0.11697,1.2535,1.2535,0.11697,5,1.25895
2020-02-08,0,-0.32626,1.15878,1.15878,0.32626,5,1.20383
2020-02-09,0,-0.46804,1.07917,1.07917,0.46804,5,1.1763
2020-02-10,0,-0.59668,0.96553,0.96553,0.59668,5,1.13502
2020-02-11,0,-0.69956,0.76406,0.76406,0.69956,5,1.03594
2020-02-12,0,-0.83121,0.46962,0.46962,0.83121,6,0.9547
2020-02-13,0,-0.89724,0.30128,0.30128,0.89724,6,0.94647
2020-02-14,0,-0.87656,0.13565,0.13565,0.87656,6,0.887
2020-02-15,0,-0.81957,0.04369,0.04369,0.81957,6,0.82073
2020-02-16,0,-0.71705,-0.03275,-0.03275,0.71705,7,0.7178
2020-02-17,0,-0.63254,-0.11781,-0.11781,0.63254,7,0.64342
2020-02-18,0,-0.55995,-0.19802,-0.19802,0.55995,7,0.59394
2020-02-19,0,-0.43641,-0.26478,-0.26478,0.43641,7,0.51045
2020-02-20,0,-0.2438,-0.27424,-0.27424,0.2438,8,0.36694
2020-02-21,0,-0.02147,-0.25463,-0.25463,0.02147,8,0.25553
2020-02-22,0,0.17797,-0.26621,-0.26621,-0.17797,1,0.32022
2020-02-23,0,0.32377,-0.20552,-0.20552,-0.32377,2,0.3835
2020-02-24,0,0.55704,-0.17036,-0.17036,-0.55704,2,0.58251
2020-02-25,0,0.79878,-0.03636,-0.03636,-0.79878,2,0.79961
2020-02-26,0,1.01474,0.14028,0.14028,-1.01474,3,1.02439
2020-02-27,0,1.13434,0.30273,0.30273,-1.13434,3,1.17404
2020-02-28,0,1.22788,0.4792,0.4792,-1.22788,3,1.31808
2020-02-29,0,1.30372,0.66677,0.66677,-1.30372,3,1.46433
2020-03-01,0,1.29408,0.81921,0.81921,-1.29408,3,1.53158
2020-03-02,0,1.18444,0.94339,0.94339,-1.18444,3,1.51422
2020-03-03,0,1.08138,1.07644,1.07644,-1.08138,3,1.52581
2020-03-04,0,0.90903,1.20372,1.20372,-0.90903,4,1.5084
2020-03-05,0,0.65672,1.15946,1.15946,-0.65672,4,1.33253
2020-03-06,0,0.3265,1.05917,1.05917,-0.3265,4,1.10835
2020-03-07,0,0.08735,1.01293,1.01293,-0.08735,4,1.01669
2020-03-08,0,-0.14665,0.96924,0.96924,0.14665,5,0.98028
2020-03-09,0,-0.40615,0.88992,0.88992,0.40615,5,0.97822
2020-03-10,0,-0.52855,0.76054,0.76054,0.52855,5,0.92617
2020-03-11,0,-0.51563,0.51993,0.51993,0.51563,5,0.73226
2020-03-12,0,-0.50823,0.22453,0.22453,0.50823,6,0.55562
2020-03-13,0,-0.48531,-0.06684,-0.06684,0.48531,7,0.48989
2020-03-14,0,-0.32841,-0.25574,-0.25574,0.32841,7,0.41624
2020-03-15,0,-0.05271,-0.3196,-0.3196,0.05271,8,0.32392
2020-03-16,0,0.18572,-0.31332,-0.31332,-0.18572,1,0.36423
2020-03-17,0,0.35269,-0.2691,-0.2691,-0.35269,2,0.44363
2020-03-18,0,0.46666,-0.17579,-0.17579,-0.46666,2,0.49867
2020-03-19,0,0.43218,-0.08799,-0.08799,-0.43218,2,0.44105
2020-03-20,0,0.33531,0.05376,0.05376,-0.33531,3,0.33959
2020-03-21,0,0.27323,0.17474,0.17474,-0.27323,3,0.32433
2020-03-22,0,0.2347,0.35226,0.35226,-0.2347,4,0.42328
2020-03-23,0,0.18837,0.59565,0.59565,-0.18837,4,0.62473
2020-03-24,0,0.11231,0.83162,0.83162,-0.11231,4,0.83917
2020-03-25,0,0.07365,0.95012,0.95012,-0.07365,4,0.95297
2020-03-26,0,0.06597,1.0345,1.0345,-0.06597,4,1.0366
2020-03-27,0,0.04975,1.04861,1.04861,-0.04975,4,1.04979
2020-03-28,0,0.06084,1.008,1.008,-0.06084,4,1.00983
2020-03-29,0,-0.05429,0.95447,0.95447,0.05429,5,0.95601
2020-03-30,0,-0.24603,0.83782,0.83782,0.24603,5,0.87319
2020-03-31,0,-0.40064,0.67784,0.67784,0.40064,5,0.78739
2020-04-01,0,-0.49214,0.50195,0.50195,0.49214,5,0.70296
2020-04-02,0,-0.52873,0.32625,0.32625,0.52873,6,0.62129
2020-04-03,0,-0.56615,0.28644,0.28644,0.56615,6,0.63449
2020-04-04,0,-0.56221,0.20483,0.20483,0.56221,6,0.59836
2020-04-05,0,-0.58094,0.05593,0.05593,0.58094,6,0.58362
2020-04-06,0,-0.62471,-0.08637,-0.08637,0.62471,7,0.63066
2020-04-07,0,-0.54331,-0.27231,-0.27231,0.54331,7,0.60773
2020-04-08,0,-0.36069,-0.34496,-0.34496,0.36069,7,0.4991
2020-04-09,0,-0.25746,-0.40904,-0.40904,0.25746,8,0.48332
2020-04-10,0,-0.225,-0.45618,-0.45618,0.225,8,0.50865
2020-04-11,0,-0.23637,-0.45588,-0.45588,0.23637,8,0.51352
2020-04-12,0,-0.24383,-0.50631,-0.50631,0.24383,8,0.56196
2020-04-13,0,-0.31881,-0.63679,-0.63679,0.31881,8,0.71214
2020-04-14,0,-0.37067,-0.69851,-0.69851,0.37067,8,0.79077
2020-04-15,0,-0.26852,-0.78018,-0.78018,0.26852,8,0.82509
2020-04-16,0,-0.13487,-0.84264,-0.84264,0.13487,8,0.85337
2020-04-17,0,0.00301,-0.87062,-0.87062,-0.00301,1,0.87062
2020-04-18,0,0.14391,-0.80224,-0.80224,-0.14391,1,0.81504
2020-04-19,0,0.31579,-0.7036,-0.7036,-0.31579,1,0.77121
2020-04-20,0,0.46406,-0.71832,-0.71832,-0.46406,1,0.85518
2020-04-21,0,0.63684,-0.65414,-0.65414,-0.63684,1,0.91294
2020-04-22,0,0.7915,-0.47333,-0.47333,-0.7915,2,0.92223
2020-04-23,0,0.96024,-0.2212,-0.2212,-0.96024,2,0.98539
2020-04-24,0,1.12069,0.08696,0.08696,-1.12069,3,1.12406
2020-04-25,0,1.12915,0.43568,0.43568,-1.12915,3,1.21029
2020-04-26,0,1.13899,0.68118,0.68118,-1.13899,3,1.32714
2020-04-27,0,1.11108,0.84182,0.84182,-1.11108,3,1.39397
2020-04-28,0,0.96844,0.94755,0.94755,-0.96844,3,1.35489
2020-04-29,0,0.83691,1.10028,1.10028,-0.83691,4,1.3824
2020-04-30,0,0.6898,1.14868,1.14868,-0.6898,4,1.33988
2020-05-01,0,0.62115,1.14049,1.14049,-0.62115,4,1.29867
2020-05-02,0,0.55466,1.05497,1.05497,-0.55466,4,1.1919
2020-05-03,0,0.45386,0.9718,0.9718,-0.45386,4,1.07256
2020-05-04,0,0.42817,0.83494,0.83494,-0.42817,4,0.93833
2020-05-05,0,0.3006,0.7069,0.7069,-0.3006,4,0.76816
2020-05-06,0,0.24405,0.60579,0.60579,-0.24405,4,0.6531
2020-05-07,0,0.26626,0.48241,0.48241,-0.26626,4,0.55101
2020-05-08,0,0.32168,0.32766,0.32766,-0.32168,4,0.45917
2020-05-09,0,0.37803,0.19213,0.19213,-0.37803,3,0.42406
2020-05-10,0,0.45388,0.12441,0.12441,-0.45388,3,0.47063
2020-05-11,0,0.58644,0.07457,0.07457,-0.58644,3,0.59116
2020-05-12,0,0.73257,0.08292,0.08292,-0.73257,3,0.73724
2020-05-13,0,0.9513,0.15662,0.15662,-0.9513,3,0.96411
2020-05-14,0,1.17883,0.33341,0.33341,-1.17883,3,1.22507
2020-05-15,0,1.23332,0.50029,0.50029,-1.23332,3,1.33093
2020-05-16,0,1.21697,0.67747,0.67747,-1.21697,3,1.39283
2020-05-17,0,1.15828,0.81703,0.81703,-1.15828,3,1.41745
2020-05-18,0,1.00384,0.96095,0.96095,-1.00384,3,1.38965
2020-05-19,0,0.77763,1.00497,1.00497,-0.77763,4,1.27069
2020-05-20,0,0.57225,1.02412,1.02412,-0.57225,4,1.17316
2020-05-21,0,0.36477,0.9299,0.9299,-0.36477,4,0.99889
2020-05-22,0,0.06368,0.76161,0.76161,-0.06368,4,0.76427
2020-05-23,0,-0.19278,0.52869,0.52869,0.19278,5,0.56274
2020-05-24,0,-0.31204,0.31804,0.31804,0.31204,5,0.44556
2020-05-25,0,-0.35877,0.12773,0.12773,0.35877,6,0.38083
2020-05-26,0,-0.491,-0.07766,-0.07766,0.491,7,0.49711
2020-05-27,0,-0.51042,-0.32743,-0.32743,0.51042,7,0.60642
2020-05-28,0,-0.42137,-0.50066,-0.50066,0.42137,8,0.65438
2020-05-29,0,-0.42526,-0.65438,-0.65438,0.42526,8,0.78042
2020-05-30,0,-0.4376,-0.76519,-0.76519,0.4376,8,0.88149
2020-05-31,0,-0.38514,-0.81951,-0.81951,0.38514,8,0.9055
2020-06-01,0,-0.32523,-0.82327,-0.82327,0.32523,8,0.88518
2020-06-02,0,-0.24206,-0.78872,-0.78872,0.24206,8,0.82503
2020-06-03,0,-0.18539,-0.7184,-0.7184,0.18539,8,0.74194
2020-06-04,0,-0.11025,-0.55263,-0.55263,0.11025,8,0.56352
2020-06-05,0,-0.14993,-0.33524,-0.33524,0.14993,8,0.36723
2020-06-06,0,-0.23169,-0.14972,-0.14972,0.23169,7,0.27586
2020-06-07,0,-0.18581,-0.03766,-0.03766,0.18581,7,0.18959
2020-06-08,0,-0.21492,0.07316,0.07316,0.21492,6,0.22703
2020-06-09,0,-0.27309,0.17864,0.17864,0.27309,6,0.32633
2020-06-10,0,-0.34093,0.27558,0.27558,0.34093,6,0.43838
2020-06-11,0,-0.34189,0.32098,0.32098,0.34189,6,0.46895
2020-06-12,0,-0.26302,0.30209,0.30209,0.26302,5,0.40054
2020-06-13,0,-0.15513,0.22635,0.22635,0.15513,5,0.27441
2020-06-14,0,0.01727,0.09812,0.09812,-0.01727,4,0.09963
2020-06-15,0,0.19687,-0.05609,-0.05609,-0.19687,2,0.2047
2020-06-16,0,0.29402,-0.13636,-0.13636,-0.29402,2,0.3241
2020-06-17,0,0.44019,-0.19513,-0.19513,-0.44019,2,0.4815
2020-06-18,0,0.57281,-0.22908,-0.22908,-0.57281,2,0.61692
2020-06-19,0,0.67882,-0.33482,-0.33482,-0.67882,2,0.7569
2020-06-20,0,0.73026,-0.39179,-0.39179,-0.73026,2,0.82872
2020-06-21,0,0.67157,-0.36218,-0.36218,-0.67157,2,0.76301
2020-06-22,0,0.60215,-0.27033,-0.27033,-0.60215,2,0.66005
2020-06-23,0,0.48231,-0.20043,-0.20043,-0.48231,2,0.5223
2020-06-24,0,0.30047,-0.07758,-0.07758,-0.30047,2,0.31033
2020-06-25,0,0.15261,0.08751,0.08751,-0.15261,3,0.17592
2020-06-26,0,0.01409,0.17407,0.17407,-0.01409,4,0.17464
2020-06-27,0,-0.06391,0.16647,0.16647,0.06391,5,0.17832
2020-06-28,0,-0.15166,0.19578,0.19578,0.15166,5,0.24765
2020-06-29,0,-0.24379,0.18667,0.18667,0.24379,6,0.30705
2020-06-30,0,-0.23025,0.10084,0.10084,0.23025,6,0.25137
2020-07-01,0,-0.12366,-0.0398,-0.0398,0.12366,7,0.12991
2020-07-02,0,0.06062,-0.14974,-0.14974,-0.06062,1,0.16154
2020-07-03,0,0.25176,-0.20849,-0.20849,-0.25176,2,0.32688
2020-07-04,0,0.42346,-0.29002,-0.29002,-0.42346,2,0.51325
2020-07-05,0,0.56635,-0.34154,-0.34154,-0.56635,2,0.66137
2020-07-06,0,0.57541,-0.29426,-0.29426,-0.57541,2,0.64629
2020-07-07,0,0.5967,-0.18102,-0.18102,-0.5967,2,0.62356
2020-07-08,0,0.66551,-0.07878,-0.07878,-0.66551,2,0.67016
2020-07-09,0,0.6862,0.01311,0.01311,-0.6862,3,0.68633
2020-07-10,0,0.69366,0.09132,0.09132,-0.69366,3,0.69965
2020-07-11,0,0.6687,0.14577,0.14577,-0.6687,3,0.68441
2020-07-12,0,0.68994,0.16765,0.16765,-0.68994,3,0.71002
2020-07-13,0,0.67791,0.06613,0.06613,-0.67791,3,0.68113
2020-07-14,0,0.67177,-0.03585,-0.03585,-0.67177,2,0.67273
2020-07-15,0,0.65638,-0.25332,-0.25332,-0.65638,2,0.70357
2020-07-16,0,0.63489,-0.4555,-0.4555,-0.63489,2,0.78139
2020-07-17,0,0.61871,-0.63152,-0.63152,-0.61871,1,0.88409
2020-07-18,0,0.64035,-0.73239,-0.73239,-0.64035,1,0.97286
2020-07-19,0,0.5991,-0.69387,-0.69387,-0.5991,1,0.91672
2020-07-20,0,0.53651,-0.62515,-0.62515,-0.53651,1,0.8238
2020-07-21,0,0.52867,-0.61192,-0.61192,-0.52867,1,0.80866
2020-07-22,0,0.56588,-0.50185,-0.50185,-0.56588,2,0.75636
2020-07-23,0,0.46895,-0.32178,-0.32178,-0.46895,2,0.56874
2020-07-24,0,0.41021,-0.01869,-0.01869,-0.41021,2,0.41064
2020-07-25,0,0.29911,0.20955,0.20955,-0.29911,3,0.36521
2020-07-26,0,0.04915,0.43781,0.43781,-0.04915,4,0.44056
2020-07-27,0,-0.29087,0.60069,0.60069,0.29087,5,0.66741
2020-07-28,0,-0.49958,0.72809,0.72809,0.49958,5,0.88301
2020-07-29,0,-0.67338,0.85463,0.85463,0.67338,5,1.08804
2020-07-30,0,-0.92801,0.95901,0.95901,0.92801,5,1.33451
2020-07-31,0,-1.16209,1.08457,1.08457,1.16209,6,1.58957
2020-08-01,0,-1.23151,1.15891,1.15891,1.23151,6,1.69106
2020-08-02,0,-1.30073,1.1102,1.1102,1.30073,6,1.7101
2020-08-03,0,-1.3763,1.0216,1.0216,1.3763,6,1.71402
2020-08-04,0,-1.2693,0.96397,0.96397,1.2693,6,1.59385
2020-08-05,0,-1.1482,0.84728,0.84728,1.1482,6,1.42697
2020-08-06,0,-1.1672,0.59673,0.59673,1.1672,6,1.3109
2020-08-07,0,-1.15782,0.33527,0.33527,1.15782,6,1.20539
2020-08-08,0,-1.18572,0.21808,0.21808,1.18572,6,1.20561
2020-08-09,0,-1.20704,0.0665,0.0665,1.20704,6,1.20887
2020-08-10,0,-1.19282,-0.08219,-0.08219,1.19282,7,1.19565
2020-08-11,0,-1.09802,-0.22868,-0.22868,1.09802,7,1.12158
2020-08-12,0,-0.98238,-0.34391,-0.34391,0.98238,7,1.04084
2020-08-13,0,-0.99098,-0.52385,-0.52385,0.99098,7,1.12092
2020-08-14,0,-0.99107,-0.6193,-0.6193,0.99107,7,1.16865
2020-08-15,0,-0.90466,-0.66341,-0.66341,0.90466,7,1.12184
2020-08-16,0,-0.81939,-0.73907,-0.73907,0.81939,7,1.10346
2020-08-17,0,-0.67618,-0.95597,-0.95597,0.67618,8,1.17093
2020-08-18,0,-0.51104,-1.13893,-1.13893,0.51104,8,1.24833
2020-08-19,0,-0.40103,-1.27281,-1.27281,0.40103,8,1.33449
2020-08-20,0,-0.25558,-1.36123,-1.36123,0.25558,8,1.38502
2020-08-21,0,-0.03203,-1.43666,-1.43666,0.03203,8,1.43701
2020-08-22,0,0.23018,-1.48449,-1.48449,-0.23018,1,1.50223
2020-08-23,0,0.49192,-1.57645,-1.57645,-0.49192,1,1.65142
2020-08-24,0,0.72948,-1.55416,-1.55416,-0.72948,1,1.71685
2020-08-25,0,0.90316,-1.42965,-1.42965,-0.90316,1,1.69103
2020-08-26,0,0.98838,-1.27755,-1.27755,-0.98838,1,1.61524
2020-08-27,0,1.04979,-1.06249,-1.06249,-1.04979,1,1.49364
2020-08-28,0,1.15266,-0.82198,-0.82198,-1.15266,2,1.41572
2020-08-29,0,1.19043,-0.52117,-0.52117,-1.19043,2,1.29952
2020-08-30,0,1.22175,-0.32219,-0.32219,-1.22175,2,1.26352
2020-08-31,0,1.30225,-0.1894,-0.1894,-1.30225,2,1.31595
2020-09-01,0,1.43772,0.01041,0.01041,-1.43772,3,1.43776
2020-09-02,0,1.51267,0.14762,0.14762,-1.51267,3,1.51986
2020-09-03,0,1.48629,0.26493,0.26493,-1.48629,3,1.50972
2020-09-04,0,1.46801,0.38317,0.38317,-1.46801,3,1.51719
2020-09-05,0,1.42203,0.46745,0.46745,-1.42203,3,1.49689
2020-09-06,0,1.33745,0.51342,0.51342,-1.33745,3,1.43261
2020-09-07,0,1.234,0.55211,0.55211,-1.234,3,1.35188
2020-09-08,0,0.97825,0.63141,0.63141,-0.97825,3,1.16433
2020-09-09,0,0.68554,0.82825,0.82825,-0.68554,4,1.07516
2020-09-10,0,0.34022,0.94679,0.94679,-0.34022,4,1.00606
2020-09-11,0,-0.0035,1.02549,1.02549,0.0035,5,1.02549
2020-09-12,0,-0.29104,1.09466,1.09466,0.29104,5,1.13269
2020-09-13,0,-0.49827,1.17387,1.17387,0.49827,5,1.27524
2020-09-14,0,-0.65877,1.20418,1.20418,0.65877,5,1.3726
2020-09-15,0,-0.80712,1.18665,1.18665,0.80712,5,1.43512
2020-09-16,0,-0.89779,1.08891,1.08891,0.89779,5,1.41129
2020-09-17,0,-0.88565,0.99574,0.99574,0.88565,5,1.33262
2020-09-18,0,-0.88396,0.83319,0.83319,0.88396,6,1.21474
2020-09-19,0,-0.87569,0.78177,0.78177,0.87569,6,1.17388
2020-09-20,0,-0.85936,0.75466,0.75466,0.85936,6,1.14369
2020-09-21,0,-0.77056,0.71074,0.71074,0.77056,6,1.04829
2020-09-22,0,-0.65037,0.67078,0.67078,0.65037,5,0.93431
2020-09-23,0,-0.56296,0.61179,0.61179,0.56296,5,0.83139
2020-09-24,0,-0.57898,0.57873,0.57873,0.57898,6,0.81863
2020-09-25,0,-0.64689,0.52924,0.52924,0.64689,6,0.8358
2020-09-26,0,-0.63945,0.45884,0.45884,0.63945,6,0.78704
2020-09-27,0,-0.63398,0.46661,0.46661,0.63398,6,0.78719
2020-09-28,0,-0.56129,0.47606,0.47606,0.56129,6,0.73599
2020-09-29,0,-0.43938,0.51907,0.51907,0.43938,5,0.68007
2020-09-30,0,-0.32848,0.50292,0.50292,0.32848,5,0.60069
2020-10-01,0,-0.36898,0.38866,0.38866,0.36898,5,0.53591
2020-10-02,0,-0.464,0.28232,0.28232,0.464,6,0.54314
2020-10-03,0,-0.53944,0.28799,0.28799,0.53944,6,0.6115
2020-10-04,0,-0.54195,0.42706,0.42706,0.54195,6,0.68999
2020-10-05,0,-0.55112,0.69142,0.69142,0.55112,5,0.88419
2020-10-06,0,-0.55007,0.90236,0.90236,0.55007,5,1.05681
2020-10-07,0,-0.59954,0.97004,0.97004,0.59954,5,1.14036
2020-10-08,0,-0.70498,0.97609,0.97609,0.70498,5,1.20406
2020-10-09,0,-0.86882,0.9709,0.9709,0.86882,5,1.30288
2020-10-10,0,-0.97497,1.02843,1.02843,0.97497,5,1.41712
2020-10-11,0,-1.0302,1.04151,1.04151,1.0302,5,1.46494
2020-10-12,0,-0.99469,0.95413,0.95413,0.99469,6,1.37832
2020-10-13,0,-0.97998,0.78836,0.78836,0.97998,6,1.25773
2020-10-14,0,-0.9769,0.55969,0.55969,0.9769,6,1.12588
2020-10-15,0,-0.98246,0.26916,0.26916,0.98246,6,1.01866
2020-10-16,0,-1.00875,0.04246,0.04246,1.00875,6,1.00964
2020-10-17,0,-1.05306,-0.06953,-0.06953,1.05306,7,1.05536
2020-10-18,0,-0.97793,-0.13546,-0.13546,0.97793,7,0.98727
2020-10-19,0,-0.92165,-0.23037,-0.23037,0.92165,7,0.95001
2020-10-20,0,-0.86725,-0.26851,-0.26851,0.86725,7,0.90787
2020-10-21,0,-0.81762,-0.35229,-0.35229,0.81762,7,0.89028
2020-10-22,0,-0.81001,-0.40832,-0.40832,0.81001,7,0.9071
2020-10-23,0,-0.76691,-0.50619,-0.50619,0.76691,7,0.91891
2020-10-24,0,-0.66927,-0.50818,-0.50818,0.66927,7,0.84034
2020-10-25,0,-0.59151,-0.47482,-0.47482,0.59151,7,0.75852
2020-10-26,0,-0.47235,-0.60823,-0.60823,0.47235,8,0.7701
2020-10-27,0,-0.48015,-0.74423,-0.74423,0.48015,8,0.88567
2020-10-28,0,-0.4969,-0.80062,-0.80062,0.4969,8,0.94228
2020-10-29,0,-0.53593,-0.86142,-0.86142,0.53593,8,1.01453
2020-10-30,0,-0.55538,-0.86825,-0.86825,0.55538,8,1.03068
2020-10-31,0,-0.50304,-0.93589,-0.93589,0.50304,8,1.06251
2020-11-01,0,-0.41718,-0.90934,-0.90934,0.41718,8,1.00047
2020-11-02,0,-0.33778,-0.96483,-0.96483,0.33778,8,1.02225
2020-11-03,0,-0.25595,-0.98804,-0.98804,0.25595,8,1.02065
2020-11-04,0,-0.18583,-0.8957,-0.8957,0.18583,8,0.91477
2020-11-05,0,-0.04811,-0.83918,-0.83918,0.04811,8,0.84055
2020-11-06,0,0.13336,-0.83457,-0.83457,-0.13336,1,0.84516
2020-11-07,0,0.37686,-0.8441,-0.8441,-0.37686,1,0.92441
2020-11-08,0,0.74304,-0.84336,-0.84336,-0.74304,1,1.124
2020-11-09,0,1.17779,-0.81672,-0.81672,-1.17779,2,1.43325
2020-11-10,0,1.51946,-0.80238,-0.80238,-1.51946,2,1.7183
2020-11-11,0,1.71582,-0.85977,-0.85977,-1.71582,2,1.91918
2020-11-12,0,1.85319,-1.00266,-1.00266,-1.85319,2,2.10705
2020-11-13,0,2.02029,-1.22068,-1.22068,-2.02029,2,2.36043
2020-11-14,0,2.07413,-1.37242,-1.37242,-2.07413,2,2.48708
2020-11-15,0,2.06642,-1.39275,-1.39275,-2.06642,2,2.49195
2020-11-16,0,2.00597,-1.32633,-1.32633,-2.00597,2,2.4048
2020-11-17,0,1.79934,-1.14706,-1.14706,-1.79934,2,2.13386
2020-11-18,0,1.52375,-0.84756,-0.84756,-1.52375,2,1.7436
2020-11-19,0,1.29446,-0.49489,-0.49489,-1.29446,2,1.38583
2020-11-20,0,1.02547,-0.08001,-0.08001,-1.02547,2,1.02859
2020-11-21,0,0.65392,0.2781,0.2781,-0.65392,3,0.7106
2020-11-22,0,0.23145,0.47705,0.47705,-0.23145,4,0.53023
2020-11-23,0,-0.09503,0.59396,0.59396,0.09503,5,0.60151
2020-11-24,0,-0.38567,0.62791,0.62791,0.38567,5,0.7369
2020-11-25,0,-0.67318,0.61209,0.61209,0.67318,6,0.90985
2020-11-26,0,-0.86155,0.56878,0.56878,0.86155,6,1.03236
2020-11-27,0,-0.99285,0.54982,0.54982,0.99285,6,1.13492
2020-11-28,0,-1.06678,0.52186,0.52186,1.06678,6,1.18758
2020-11-29,0,-1.07835,0.48893,0.48893,1.07835,6,1.18401
2020-11-30,0,-0.97723,0.46358,0.46358,0.97723,6,1.08161
2020-12-01,0,-0.86503,0.5035,0.5035,0.86503,6,1.00089
2020-12-02,0,-0.75251,0.56479,0.56479,0.75251,6,0.94088
2020-12-03,0,-0.60569,0.56385,0.56385,0.60569,6,0.82752
2020-12-04,0,-0.43551,0.49587,0.49587,0.43551,5,0.65997
2020-12-05,0,-0.25667,0.40113,0.40113,0.25667,5,0.47622
2020-12-06,0,-0.13797,0.28202,0.28202,0.13797,5,0.31397
2020-12-07,0,-0.02737,0.20707,0.20707,0.02737,5,0.20887
2020-12-08,0,0.10113,0.17006,0.17006,-0.10113,4,0.19785
2020-12-09,0,0.15042,0.18966,0.18966,-0.15042,4,0.24206
2020-12-10,0,0.04575,0.26565,0.26565,-0.04575,4,0.26956
2020-12-11,0,-0.08858,0.35356,0.35356,0.08858,5,0.36449
2020-12-12,0,-0.16298,0.49876,0.49876,0.16298,5,0.52472
2020-12-13,0,-0.229,0.67808,0.67808,0.229,5,0.71571
2020-12-14,0,-0.32652,0.90154,0.90154,0.32652,5,0.95885
2020-12-15,0,-0.40592,1.1518,1.1518,0.40592,5,1.22123
2020-12-16,0,-0.46541,1.26568,1.26568,0.46541,5,1.34853
2020-12-17,0,-0.54615,1.2515,1.2515,0.54615,5,1.36548
2020-12-18,0,-0.57088,1.15281,1.15281,0.57088,5,1.28642
2020-12-19,0,-0.48937,0.90881,0.90881,0.48937,5,1.03219
2020-12-20,0,-0.40044,0.64984,0.64984,0.40044,5,0.76331
2020-12-21,0,-0.33887,0.3881,0.3881,0.33887,5,0.51523
2020-12-22,0,-0.28411,0.13603,0.13603,0.28411,6,0.315
2020-12-23,0,-0.25639,-0.11454,-0.11454,0.25639,7,0.28081
2020-12-24,0,-0.2001,-0.28642,-0.28642,0.2001,8,0.3494
2020-12-25,0,-0.16191,-0.31387,-0.31387,0.16191,8,0.35317
2020-12-26,0,-0.12242,-0.29657,-0.29657,0.12242,8,0.32084
2020-12-27,0,-0.0306,-0.29467,-0.29467,0.0306,8,0.29626
2020-12-28,0,0.08169,-0.18561,-0.18561,-0.08169,1,0.20279
2020-12-29,0,0.22133,-0.03775,-0.03775,-0.22133,2,0.22453
2020-12-30,0,0.36848,0.08888,0.08888,-0.36848,3,0.37905
2020-12-31,0,0.5445,0.19953,0.19953,-0.5445,3,0.57991
2021-01-01,0,0.7108,0.25784,0.25784,-0.7108,3,0.75612
2021-01-02,0,0.84745,0.28591,0.28591,-0.84745,3,0.89438
2021-01-03,0,0.9656,0.3155,0.3155,-0.9656,3,1.01584
2021-01-04,0,1.07283,0.36396,0.36396,-1.07283,3,1.13289
2021-01-05,0,1.15069,0.449,0.449,-1.15069,3,1.23519
2021-01-06,0,1.20465,0.51739,0.51739,-1.20465,3,1.31105
2021-01-07,0,1.19617,0.54398,0.54398,-1.19617,3,1.31406
2021-01-08,0,1.15265,0.53421,0.53421,-1.15265,3,1.27042
2021-01-09,0,1.12831,0.54504,0.54504,-1.12831,3,1.25305
2021-01-10,0,1.10881,0.64939,0.64939,-1.10881,3,1.28498
2021-01-11,0,0.9822,0.74982,0.74982,-0.9822,3,1.2357
2021-01-12,0,0.78055,0.80944,0.80944,-0.78055,4,1.12448
2021-01-13,0,0.63041,0.87656,0.87656,-0.63041,4,1.07971
2021-01-14,0,0.46679,0.92391,0.92391,-0.46679,4,1.03513
2021-01-15,0,0.29834,0.93135,0.93135,-0.29834,4,0.97797
2021-01-16,0,0.19423,0.90615,0.90615,-0.19423,4,0.92673
2021-01-17,0,0.11026,0.84929,0.84929,-0.11026,4,0.85642
2021-01-18,0,-0.02076,0.74799,0.74799,0.02076,5,0.74828
2021-01-19,0,-0.14547,0.62832,0.62832,0.14547,5,0.64494
2021-01-20,0,-0.13343,0.48745,0.48745,0.13343,5,0.50538
2021-01-21,0,-0.10554,0.33662,0.33662,0.10554,5,0.35278
2021-01-22,0,-0.1393,0.19464,0.19464,0.1393,5,0.23935
2021-01-23,0,-0.23698,0.10102,0.10102,0.23698,6,0.25761
2021-01-24,0,-0.34051,0.0666,0.0666,0.34051,6,0.34696
2021-01-25,0,-0.50775,0.14081,0.14081,0.50775,6,0.52691
2021-01-26,0,-0.62201,0.26776,0.26776,0.62201,6,0.67719
2021-01-27,0,-0.71886,0.37349,0.37349,0.71886,6,0.81009
2021-01-28,0,-0.7562,0.43465,0.43465,0.7562,6,0.87221
2021-01-29,0,-0.88721,0.43226,0.43226,0.88721,6,0.98692
2021-01-30,0,-1.02243,0.44996,0.44996,1.02243,6,1.11706
2021-01-31,0,-1.17409,0.40809,0.40809,1.17409,6,1.24299
2021-02-01,0,-1.29753,0.28742,0.28742,1.29753,6,1.32898
2021-02-02,0,-1.36118,0.10443,0.10443,1.36118,6,1.36518
2021-02-03,0,-1.35461,-0.13786,-0.13786,1.35461,7,1.36161
2021-02-04,0,-1.35787,-0.37226,-0.37226,1.35787,7,1.40797
2021-02-05,0,-1.31251,-0.61736,-0.61736,1.31251,7,1.45045
2021-02-06,0,-1.26294,-0.87885,-0.87885,1.26294,7,1.53863
2021-02-07,0,-1.16321,-1.08729,-1.08729,1.16321,7,1.59225
2021-02-08,0,-1.08412,-1.25802,-1.25802,1.08412,8,1.6607
2021-02-09,0,-1.04772,-1.30359,-1.30359,1.04772,8,1.67244
2021-02-10,0,-0.9828,-1.31002,-1.31002,0.9828,8,1.6377
2021-02-11,0,-0.88424,-1.27878,-1.27878,0.88424,8,1.55472
2021-02-12,0,-0.79548,-1.25928,-1.25928,0.79548,8,1.48949
2021-02-13,0,-0.7689,-1.27639,-1.27639,0.7689,8,1.4901
2021-02-14,0,-0.7488,-1.27106,-1.27106,0.7488,8,1.47523
2021-02-15,0,-0.70538,-1.21393,-1.21393,0.70538,8,1.40399
2021-02-16,0,-0.6691,-1.21335,-1.21335,0.6691,8,1.38561
2021-02-17,0,-0.64792,-1.27603,-1.27603,0.64792,8,1.4311
2021-02-18,0,-0.52799,-1.3167,-1.3167,0.52799,8,1.41862
2021-02-19,0,-0.37956,-1.22431,-1.22431,0.37956,8,1.28179
2021-02-20,0,-0.31046,-1.09731,-1.09731,0.31046,8,1.14038
2021-02-21,0,-0.29232,-1.00121,-1.00121,0.29232,8,1.04301
2021-02-22,0,-0.17317,-0.91623,-0.91623,0.17317,8,0.93245
2021-02-23,0,-0.00109,-0.80073,-0.80073,0.00109,8,0.80073
2021-02-24,0,0.04684,-0.69157,-0.69157,-0.04684,1,0.69316
2021-02-25,0,0.04039,-0.48672,-0.48672,-0.04039,1,0.48839
2021-02-26,0,-0.02183,-0.18166,-0.18166,0.02183,8,0.18296
2021-02-27,0,-0.18477,0.06335,0.06335,0.18477,6,0.19533
2021-02-28,0,-0.31616,0.09169,0.09169,0.31616,6,0.32919
2021-03-01,0,-0.31396,0.00359,0.00359,0.31396,6,0.31398
2021-03-02,0,-0.26579,-0.03695,-0.03695,0.26579,7,0.26835
2021-03-03,0,-0.27355,0.02241,0.02241,0.27355,6,0.27446
2021-03-04,0,-0.31834,0.07918,0.07918,0.31834,6,0.32804
2021-03-05,0,-0.25588,0.1313,0.1313,0.25588,6,0.2876
2021-03-06,0,-0.155,0.16452,0.16452,0.155,5,0.22603
2021-03-07,0,-0.06571,0.09534,0.09534,0.06571,5,0.11579
2021-03-08,0,0.0348,-0.09276,-0.09276,-0.0348,1,0.09907
2021-03-09,0,0.06036,-0.19844,-0.19844,-0.06036,1,0.20742
2021-03-10,0,0.0451,-0.17887,-0.17887,-0.0451,1,0.18446
2021-03-11,0,0.04223,-0.23126,-0.23126,-0.04223,1,0.23508
2021-03-12,0,0.06606,-0.41363,-0.41363,-0.06606,1,0.41887
2021-03-13,0,0.14989,-0.60234,-0.60234,-0.14989,1,0.62071
2021-03-14,0,0.25604,-0.72668,-0.72668,-0.25604,1,0.77047
2021-03-15,0,0.45211,-0.79407,-0.79407,-0.45211,1,0.91375
2021-03-16,0,0.65485,-0.76861,-0.76861,-0.65485,1,1.00975
2021-03-17,0,0.75731,-0.66981,-0.66981,-0.75731,2,1.01103
2021-03-18,0,0.88331,-0.54125,-0.54125,-0.88331,2,1.03595
2021-03-19,0,0.9925,-0.35705,-0.35705,-0.9925,2,1.05478
2021-03-20,0,1.09314,-0.20579,-0.20579,-1.09314,2,1.11235
2021-03-21,0,1.16063,-0.03793,-0.03793,-1.16063,2,1.16125
2021-03-22,0,1.22297,0.21316,0.21316,-1.22297,3,1.24141
2021-03-23,0,1.26361,0.45892,0.45892,-1.26361,3,1.34436
2021-03-24,0,1.28104,0.63281,0.63281,-1.28104,3,1.42881
2021-03-25,0,1.34887,0.75468,0.75468,-1.34887,3,1.54564
2021-03-26,0,1.39124,0.89182,0.89182,-1.39124,3,1.65254
2021-03-27,0,1.38832,0.99409,0.99409,-1.38832,3,1.70753
2021-03-28,0,1.33948,1.05705,1.05705,-1.33948,3,1.70633
2021-03-29,0,1.21234,1.24394,1.24394,-1.21234,4,1.737
2021-03-30,0,1.08015,1.42193,1.42193,-1.08015,4,1.78567
2021-03-31,0,0.85785,1.46061,1.46061,-0.85785,4,1.6939
2021-04-01,0,0.61107,1.3884,1.3884,-0.61107,4,1.51692
2021-04-02,0,0.33233,1.27149,1.27149,-0.33233,4,1.31421
2021-04-03,0,-0.0476,1.2556,1.2556,0.0476,5,1.2565
2021-04-04,0,-0.38949,1.17226,1.17226,0.38949,5,1.23527
2021-04-05,0,-0.72676,1.01134,1.01134,0.72676,5,1.24539
2021-04-06,0,-1.03124,0.79123,0.79123,1.03124,6,1.29981
2021-04-07,0,-1.15755,0.51502,0.51502,1.15755,6,1.26695
2021-04-08,0,-1.22002,0.26485,0.26485,1.22002,6,1.24843
2021-04-09,0,-1.19059,0.0399,0.0399,1.19059,6,1.19125
2021-04-10,0,-1.14901,-0.14631,-0.14631,1.14901,7,1.15829
2021-04-11,0,-1.10911,-0.19309,-0.19309,1.10911,7,1.12579
2021-04-12,0,-0.98429,-0.27969,-0.27969,0.98429,7,1.02325
2021-04-13,0,-0.86174,-0.40803,-0.40803,0.86174,7,0.95346
2021-04-14,0,-0.70707,-0.47966,-0.47966,0.70707,7,0.85442
2021-04-15,0,-0.63725,-0.59438,-0.59438,0.63725,7,0.87142
2021-04-16,0,-0.66856,-0.75453,-0.75453,0.66856,8,1.00812
2021-04-17,0,-0.7632,-0.9895,-0.9895,0.7632,8,1.24964
2021-04-18,0,-0.88893,-1.1469,-1.1469,0.88893,8,1.45106
2021-04-19,0,-0.99112,-1.24748,-1.24748,0.99112,8,1.59328
2021-04-20,0,-1.11944,-1.37453,-1.37453,1.11944,8,1.77271
2021-04-21,0,-1.25353,-1.49689,-1.49689,1.25353,8,1.95244
2021-04-22,0,-1.36943,-1.58271,-1.58271,1.36943,8,2.09292
2021-04-23,0,-1.46583,-1.66766,-1.66766,1.46583,8,2.22031
2021-04-24,0,-1.45627,-1.69847,-1.69847,1.45627,8,2.23731
2021-04-25,0,-1.41049,-1.68024,-1.68024,1.41049,8,2.19378
2021-04-26,0,-1.26665,-1.68046,-1.68046,1.26665,8,2.10436
2021-04-27,0,-1.07011,-1.78364,-1.78364,1.07011,8,2.08003
2021-04-28,0,-0.81895,-1.87244,-1.87244,0.81895,8,2.0437
2021-04-29,0,-0.40622,-1.99276,-1.99276,0.40622,8,2.03375
2021-04-30,0,0.05425,-1.99791,-1.99791,-0.05425,1,1.99864
2021-05-01,0,0.49629,-1.91481,-1.91481,-0.49629,1,1.97808
2021-05-02,0,0.84197,-1.75991,-1.75991,-0.84197,1,1.95095
2021-05-03,0,1.0851,-1.58454,-1.58454,-1.0851,1,1.92047
2021-05-04,0,1.27836,-1.46106,-1.46106,-1.27836,1,1.94137
2021-05-05,0,1.38911,-1.2556,-1.2556,-1.38911,2,1.87248
2021-05-06,0,1.45152,-1.03615,-1.03615,-1.45152,2,1.7834
2021-05-07,0,1.51661,-0.86729,-0.86729,-1.51661,2,1.74708
2021-05-08,0,1.52831,-0.75151,-0.75151,-1.52831,2,1.70309
2021-05-09,0,1.53818,-0.72376,-0.72376,-1.53818,2,1.69995
2021-05-10,0,1.51104,-0.65964,-0.65964,-1.51104,2,1.64874
2021-05-11,0,1.50828,-0.57451,-0.57451,-1.50828,2,1.61399
2021-05-12,0,1.49334,-0.4369,-0.4369,-1.49334,2,1.55594
2021-05-13,0,1.49942,-0.2185,-0.2185,-1.49942,2,1.51526
2021-05-14,0,1.47454,0.03704,0.03704,-1.47454,3,1.475
2021-05-15,0,1.35042,0.37606,0.37606,-1.35042,3,1.40181
2021-05-16,0,1.08132,0.79031,0.79031,-1.08132,3,1.33935
2021-05-17,0,0.76098,1.24262,1.24262,-0.76098,4,1.45712
2021-05-18,0,0.3987,1.6244,1.6244,-0.3987,4,1.67261
2021-05-19,0,0.02927,1.89745,1.89745,-0.02927,4,1.89768
2021-05-20,0,-0.26895,2.105,2.105,0.26895,5,2.12211
2021-05-21,0,-0.49064,2.21988,2.21988,0.49064,5,2.27345
2021-05-22,0,-0.61455,2.18967,2.18967,0.61455,5,2.27427
2021-05-23,0,-0.65167,2.01431,2.01431,0.65167,5,2.1171
2021-05-24,0,-0.6492,1.81314,1.81314,0.6492,5,1.92586
2021-05-25,0,-0.62538,1.64475,1.64475,0.62538,5,1.75963
2021-05-26,0,-0.69888,1.46323,1.46323,0.69888,5,1.62157
2021-05-27,0,-0.76631,1.26958,1.26958,0.76631,5,1.48292
2021-05-28,0,-0.8195,1.01678,1.01678,0.8195,5,1.30592
2021-05-29,0,-0.92766,0.71422,0.71422,0.92766,6,1.17076
2021-05-30,0,-0.98754,0.43595,0.43595,0.98754,6,1.07948
2021-05-31,0,-0.98569,0.27105,0.27105,0.98569,6,1.02228
2021-06-01,0,-1.04554,0.21315,0.21315,1.04554,6,1.06704
2021-06-02,0,-1.18009,0.19439,0.19439,1.18009,6,1.19599
2021-06-03,0,-1.30921,0.04519,0.04519,1.30921,6,1.30999
2021-06-04,0,-1.35988,-0.09685,-0.09685,1.35988,7,1.36332
2021-06-05,0,-1.38209,-0.16872,-0.16872,1.38209,7,1.39235
2021-06-06,0,-1.34186,-0.19741,-0.19741,1.34186,7,1.3563
2021-06-07,0,-1.25393,-0.14593,-0.14593,1.25393,7,1.26239
2021-06-08,0,-1.13614,-0.10194,-0.10194,1.13614,7,1.1407
2021-06-09,0,-1.10603,-0.10171,-0.10171,1.10603,7,1.1107
2021-06-10,0,-1.02612,-0.10307,-0.10307,1.02612,7,1.03128
2021-06-11,0,-0.82397,-0.14469,-0.14469,0.82397,7,0.83658
2021-06-12,0,-0.59393,-0.20927,-0.20927,0.59393,7,0.62972
2021-06-13,0,-0.46552,-0.26149,-0.26149,0.46552,7,0.53393
2021-06-14,0,-0.33714,-0.31984,-0.31984,0.33714,7,0.46472
2021-06-15,0,-0.2073,-0.42539,-0.42539,0.2073,8,0.47321
2021-06-16,0,-0.04456,-0.60424,-0.60424,0.04456,8,0.60588
2021-06-17,0,0.01921,-0.71757,-0.71757,-0.01921,1,0.71783
2021-06-18,0,0.08897,-0.78052,-0.78052,-0.08897,1,0.78558
2021-06-19,0,0.16909,-0.92485,-0.92485,-0.16909,1,0.94018
2021-06-20,0,0.22408,-1.0506,-1.0506,-0.22408,1,1.07423
2021-06-21,0,0.29182,-1.13335,-1.13335,-0.29182,1,1.17032
2021-06-22,0,0.44419,-1.18651,-1.18651,-0.44419,1,1.26693
2021-06-23,0,0.70764,-1.27082,-1.27082,-0.70764,1,1.45456
2021-06-24,0,0.88138,-1.37411,-1.37411,-0.88138,1,1.63249
2021-06-25,0,0.98496,-1.35916,-1.35916,-0.98496,1,1.67853
2021-06-26,0,1.04829,-1.34555,-1.34555,-1.04829,1,1.7057
2021-06-27,0,1.06791,-1.25504,-1.25504,-1.06791,1,1.64789
2021-06-28,0,1.12346,-1.05873,-1.05873,-1.12346,2,1.54372
2021-06-29,0,1.26192,-0.89014,-0.89014,-1.26192,2,1.54427
2021-06-30,0,1.3595,-0.63646,-0.63646,-1.3595,2,1.5011
2021-07-01,0,1.3661,-0.33476,-0.33476,-1.3661,2,1.40652
2021-07-02,0,1.2121,-0.0037,-0.0037,-1.2121,2,1.21211
2021-07-03,0,1.04865,0.39251,0.39251,-1.04865,3,1.1197
2021-07-04,0,0.97681,0.71302,0.71302,-0.97681,3,1.20936
2021-07-05,0,1.00016,1.00648,1.00648,-1.00016,4,1.41892
2021-07-06,0,1.08178,1.1733,1.1733,-1.08178,4,1.5959
2021-07-07,0,1.20549,1.26394,1.26394,-1.20549,4,1.74664
2021-07-08,0,1.13466,1.33783,1.33783,-1.13466,4,1.75421
2021-07-09,0,1.02158,1.35236,1.35236,-1.02158,4,1.69484
2021-07-10,0,0.97849,1.33673,1.33673,-0.97849,4,1.65659
2021-07-11,0,0.89081,1.27063,1.27063,-0.89081,4,1.55178
2021-07-12,0,0.76947,1.15385,1.15385,-0.76947,4,1.38689
2021-07-13,0,0.53622,1.06625,1.06625,-0.53622,4,1.19349
2021-07-14,0,0.2188,1.00192,1.00192,-0.2188,4,1.02553
2021-07-15,0,-0.13086,0.89844,0.89844,0.13086,5,0.90792
2021-07-16,0,-0.55992,0.83709,0.83709,0.55992,5,1.00709
2021-07-17,0,-0.84142,0.80739,0.80739,0.84142,6,1.16613
2021-07-18,0,-1.02564,0.69014,0.69014,1.02564,6,1.23622
2021-07-19,0,-1.189,0.48933,0.48933,1.189,6,1.28575
2021-07-20,0,-1.2334,0.28772,0.28772,1.2334,6,1.26651
2021-07-21,0,-1.25013,0.13298,0.13298,1.25013,6,1.25718
2021-07-22,0,-1.27254,-0.09383,-0.09383,1.27254,7,1.27599
2021-07-23,0,-1.23754,-0.37499,-0.37499,1.23754,7,1.29311
2021-07-24,0,-1.14111,-0.59079,-0.59079,1.14111,7,1.28498
2021-07-25,0,-0.98194,-0.75321,-0.75321,0.98194,7,1.23755
2021-07-26,0,-0.80104,-0.93721,-0.93721,0.80104,8,1.2329
2021-07-27,0,-0.65783,-1.10721,-1.10721,0.65783,8,1.28789
2021-07-28,0,-0.53907,-1.24368,-1.24368,0.53907,8,1.35549
2021-07-29,0,-0.51035,-1.3626,-1.3626,0.51035,8,1.45504
2021-07-30,0,-0.45086,-1.4112,-1.4112,0.45086,8,1.48148
2021-07-31,0,-0.26551,-1.35966,-1.35966,0.26551,8,1.38534
2021-08-01,0,-0.05659,-1.22334,-1.22334,0.05659,8,1.22465
2021-08-02,0,0.15857,-1.10061,-1.10061,-0.15857,1,1.11198
2021-08-03,0,0.32872,-1.02415,-1.02415,-0.32872,1,1.07561
2021-08-04,0,0.50383,-0.94776,-0.94776,-0.50383,1,1.07336
2021-08-05,0,0.67032,-0.83564,-0.83564,-0.67032,1,1.07128
2021-08-06,0,0.78935,-0.66688,-0.66688,-0.78935,2,1.03334
2021-08-07,0,0.95608,-0.50871,-0.50871,-0.95608,2,1.08299
2021-08-08,0,1.20472,-0.37382,-0.37382,-1.20472,2,1.26139
2021-08-09,0,1.33608,-0.26888,-0.26888,-1.33608,2,1.36287
2021-08-10,0,1.40062,-0.20167,-0.20167,-1.40062,2,1.41506
2021-08-11,0,1.45954,-0.07538,-0.07538,-1.45954,2,1.46149
2021-08-12,0,1.55794,0.02044,0.02044,-1.55794,3,1.55808
2021-08-13,0,1.58276,0.11256,0.11256,-1.58276,3,1.58676
2021-08-14,0,1.5424,0.27633,0.27633,-1.5424,3,1.56696
2021-08-15,0,1.50631,0.36783,0.36783,-1.50631,3,1.55058
2021-08-16,0,1.4187,0.45638,0.45638,-1.4187,3,1.4903
2021-08-17,0,1.24491,0.55915,0.55915,-1.24491,3,1.36471
2021-08-18,0,1.14703,0.68881,0.68881,-1.14703,3,1.33796
2021-08-19,0,1.03645,0.77156,0.77156,-1.03645,3,1.29211
2021-08-20,0,0.87862,0.80489,0.80489,-0.87862,3,1.19157
2021-08-21,0,0.60865,0.92289,0.92289,-0.60865,4,1.10552
2021-08-22,0,0.33186,1.00831,1.00831,-0.33186,4,1.06151
2021-08-23,0,0.17517,1.04964,1.04964,-0.17517,4,1.06415
2021-08-24,0,0.07093,1.08996,1.08996,-0.07093,4,1.09226
2021-08-25,0,-0.00926,1.15019,1.15019,0.00926,5,1.15023
2021-08-26,0,-0.03202,1.15671,1.15671,0.03202,5,1.15715
2021-08-27,0,-0.11773,1.08928,1.08928,0.11773,5,1.09563
2021-08-28,0,-0.18514,1.08441,1.08441,0.18514,5,1.1001
2021-08-29,0,-0.30241,1.08815,1.08815,0.30241,5,1.12939
2021-08-30,0,-0.35737,1.06415,1.06415,0.35737,5,1.12255
2021-08-31,0,-0.39985,1.03853,1.03853,0.39985,5,1.11285
2021-09-01,0,-0.51385,1.00645,1.00645,0.51385,5,1.13004
2021-09-02,0,-0.66515,0.9862,0.9862,0.66515,5,1.18954
2021-09-03,0,-0.76764,0.94223,0.94223,0.76764,5,1.21535
2021-09-04,0,-0.91203,0.9356,0.9356,0.91203,5,1.30658
2021-09-05,0,-1.05549,0.95406,0.95406,1.05549,6,1.42277
2021-09-06,0,-1.11039,0.91991,0.91991,1.11039,6,1.44194
2021-09-07,0,-1.07833,0.85138,0.85138,1.07833,6,1.37392
2021-09-08,0,-1.0501,0.75837,0.75837,1.0501,6,1.29531
2021-09-09,0,-1.09279,0.76662,0.76662,1.09279,6,1.33488
2021-09-10,0,-1.11776,0.76014,0.76014,1.11776,6,1.35173
2021-09-11,0,-1.07477,0.72174,0.72174,1.07477,6,1.29462
2021-09-12,0,-1.01724,0.65385,0.65385,1.01724,6,1.20925
2021-09-13,0,-0.88416,0.50568,0.50568,0.88416,6,1.01855
2021-09-14,0,-0.67922,0.3917,0.3917,0.67922,6,0.78407
2021-09-15,0,-0.62752,0.29727,0.29727,0.62752,6,0.69437
2021-09-16,0,-0.68711,0.25377,0.25377,0.68711,6,0.73248
2021-09-17,0,-0.70974,0.1844,0.1844,0.70974,6,0.73331
2021-09-18,0,-0.61523,0.04681,0.04681,0.61523,6,0.61701
2021-09-19,0,-0.4878,-0.11248,-0.11248,0.4878,7,0.5006
2021-09-20,0,-0.38625,-0.23611,-0.23611,0.38625,7,0.4527
2021-09-21,0,-0.34212,-0.29342,-0.29342,0.34212,7,0.45071
2021-09-22,0,-0.25812,-0.25108,-0.25108,0.25812,7,0.36009
2021-09-23,0,-0.18775,-0.25557,-0.25557,0.18775,8,0.31712
2021-09-24,0,-0.04259,-0.26838,-0.26838,0.04259,8,0.27174
2021-09-25,0,0.1346,-0.30759,-0.30759,-0.1346,1,0.33575
2021-09-26,0,0.25642,-0.28438,-0.28438,-0.25642,1,0.38291
2021-09-27,0,0.31986,-0.16773,-0.16773,-0.31986,2,0.36117
2021-09-28,0,0.26115,-0.10265,-0.10265,-0.26115,2,0.2806
2021-09-29,0,0.12071,-0.10655,-0.10655,-0.12071,2,0.161
2021-09-30,0,-0.029,-0.08713,-0.08713,0.029,8,0.09183
2021-10-01,0,-0.20584,-0.07067,-0.07067,0.20584,7,0.21764
2021-10-02,0,-0.42226,-0.02578,-0.02578,0.42226,7,0.42304
2021-10-03,0,-0.65662,-0.03951,-0.03951,0.65662,7,0.65781
2021-10-04,0,-0.87924,-0.03469,-0.03469,0.87924,7,0.87992
2021-10-05,0,-0.99006,-0.0872,-0.0872,0.99006,7,0.99389
2021-10-06,0,-1.04809,-0.2364,-0.2364,1.04809,7,1.07442
2021-10-07,0,-1.06128,-0.30471,-0.30471,1.06128,7,1.10415
2021-10-08,0,-1.01825,-0.34969,-0.34969,1.01825,7,1.07663
2021-10-09,0,-0.87243,-0.49373,-0.49373,0.87243,7,1.00244
2021-10-10,0,-0.69676,-0.63145,-0.63145,0.69676,7,0.94032
2021-10-11,0,-0.49689,-0.71885,-0.71885,0.49689,8,0.87387
2021-10-12,0,-0.32255,-0.60476,-0.60476,0.32255,8,0.6854
2021-10-13,0,-0.10413,-0.43316,-0.43316,0.10413,8,0.4455
2021-10-14,0,0.12993,-0.35201,-0.35201,-0.12993,1,0.37522
2021-10-15,0,0.24429,-0.30945,-0.30945,-0.24429,1,0.39426
2021-10-16,0,0.3683,-0.25313,-0.25313,-0.3683,2,0.4469
2021-10-17,0,0.52378,-0.22828,-0.22828,-0.52378,2,0.57136
2021-10-18,0,0.59603,-0.18048,-0.18048,-0.59603,2,0.62276
2021-10-19,0,0.63435,-0.195,-0.195,-0.63435,2,0.66364
2021-10-20,0,0.64415,-0.20703,-0.20703,-0.64415,2,0.6766
2021-10-21,0,0.75831,-0.29019,-0.29019,-0.75831,2,0.81194
2021-10-22,0,0.82996,-0.37481,-0.37481,-0.82996,2,0.91067
2021-10-23,0,0.76987,-0.35564,-0.35564,-0.76987,2,0.84805
2021-10-24,0,0.78664,-0.29433,-0.29433,-0.78664,2,0.8399
2021-10-25,0,0.84888,-0.21603,-0.21603,-0.84888,2,0.87593
2021-10-26,0,0.81198,-0.14535,-0.14535,-0.81198,2,0.82489
2021-10-27,0,0.81452,-0.11099,-0.11099,-0.81452,2,0.82205
2021-10-28,0,0.79523,-0.02151,-0.02151,-0.79523,2,0.79552
2021-10-29,0,0.76138,0.0768,0.0768,-0.76138,3,0.76524
2021-10-30,0,0.66219,0.18311,0.18311,-0.66219,3,0.68704
2021-10-31,0,0.56672,0.36015,0.36015,-0.56672,3,0.67148
2021-11-01,0,0.5949,0.57576,0.57576,-0.5949,3,0.82789
2021-11-02,0,0.63949,0.69923,0.69923,-0.63949,4,0.94756
2021-11-03,0,0.65162,0.79611,0.79611,-0.65162,4,1.02878
2021-11-04,0,0.68042,0.89715,0.89715,-0.68042,4,1.12599
2021-11-05,0,0.60909,1.00355,1.00355,-0.60909,4,1.17393
2021-11-06,0,0.49217,1.11248,1.11248,-0.49217,4,1.21649
2021-11-07,0,0.38673,1.16439,1.16439,-0.38673,4,1.22693
2021-11-08,0,0.16682,1.16782,1.16782,-0.16682,4,1.17968
2021-11-09,0,-0.01342,1.06405,1.06405,0.01342,5,1.06413
2021-11-10,0,-0.27173,0.88476,0.88476,0.27173,5,0.92555
2021-11-11,0,-0.47012,0.83246,0.83246,0.47012,5,0.95604
2021-11-12,0,-0.62112,0.79957,0.79957,0.62112,5,1.01247
2021-11-13,0,-0.73345,0.77157,0.77157,0.73345,5,1.06455
2021-11-14,0,-0.73984,0.6924,0.6924,0.73984,6,1.0133
2021-11-15,0,-0.70015,0.57868,0.57868,0.70015,6,0.90834
2021-11-16,0,-0.57929,0.48861,0.48861,0.57929,6,0.75784
2021-11-17,0,-0.35354,0.35961,0.35961,0.35354,5,0.50429
2021-11-18,0,-0.24162,0.23414,0.23414,0.24162,6,0.33646
2021-11-19,0,-0.18441,0.17755,0.17755,0.18441,6,0.25599
2021-11-20,0,-0.16431,0.15755,0.15755,0.16431,6,0.22764
2021-11-21,0,-0.2377,0.06952,0.06952,0.2377,6,0.24765
2021-11-22,0,-0.28499,0.016,0.016,0.28499,6,0.28543
2021-11-23,0,-0.35513,-0.00285,-0.00285,0.35513,7,0.35514
2021-11-24,0,-0.45283,-0.03825,-0.03825,0.45283,7,0.45444
2021-11-25,0,-0.63372,-0.13222,-0.13222,0.63372,7,0.64737
2021-11-26,0,-0.89096,-0.19647,-0.19647,0.89096,7,0.91236
2021-11-27,0,-1.09576,-0.23239,-0.23239,1.09576,7,1.12014
2021-11-28,0,-1.28041,-0.24856,-0.24856,1.28041,7,1.30431
2021-11-29,0,-1.41999,-0.29791,-0.29791,1.41999,7,1.4509
2021-11-30,0,-1.52803,-0.21618,-0.21618,1.52803,7,1.54325
2021-12-01,0,-1.5862,-0.12063,-0.12063,1.5862,7,1.59078
2021-12-02,0,-1.65033,-0.10993,-0.10993,1.65033,7,1.65399
2021-12-03,0,-1.69589,-0.16978,-0.16978,1.69589,7,1.70437
2021-12-04,0,-1.68874,-0.25585,-0.25585,1.68874,7,1.70801
2021-12-05,0,-1.68288,-0.30765,-0.30765,1.68288,7,1.71077
2021-12-06,0,-1.65696,-0.34444,-0.34444,1.65696,7,1.69239
2021-12-07,0,-1.61966,-0.4569,-0.4569,1.61966,7,1.68288
2021-12-08,0,-1.59238,-0.56355,-0.56355,1.59238,7,1.68916
2021-12-09,0,-1.50451,-0.76725,-0.76725,1.50451,7,1.68885
2021-12-10,0,-1.4384,-1.05943,-1.05943,1.4384,7,1.78645
2021-12-11,0,-1.32628,-1.27414,-1.27414,1.32628,7,1.83914
2021-12-12,0,-1.17985,-1.36082,-1.36082,1.17985,8,1.80108
2021-12-13,0,-1.03694,-1.32321,-1.32321,1.03694,8,1.68111
2021-12-14,0,-0.86966,-1.25073,-1.25073,0.86966,8,1.52337
2021-12-15,0,-0.66569,-1.22638,-1.22638,0.66569,8,1.3954
2021-12-16,0,-0.47421,-1.14181,-1.14181,0.47421,8,1.23637
2021-12-17,0,-0.32358,-1.08235,-1.08235,0.32358,8,1.12969
2021-12-18,0,-0.25822,-0.96974,-0.96974,0.25822,8,1.00353
2021-12-19,0,-0.26418,-0.83439,-0.83439,0.26418,8,0.87521
2021-12-20,0,-0.35938,-0.69092,-0.69092,0.35938,8,0.77879
2021-12-21,0,-0.46363,-0.57135,-0.57135,0.46363,8,0.7358
2021-12-22,0,-0.5358,-0.4768,-0.4768,0.5358,7,0.71723
2021-12-23,0,-0.57829,-0.43974,-0.43974,0.57829,7,0.72649
2021-12-24,0,-0.62784,-0.34699,-0.34699,0.62784,7,0.71734
2021-12-25,0,-0.63145,-0.30524,-0.30524,0.63145,7,0.70136
2021-12-26,0,-0.5893,-0.16429,-0.16429,0.5893,7,0.61177
2021-12-27,0,-0.56483,0.00029,0.00029,0.56483,6,0.56483
2021-12-28,0,-0.5148,0.17135,0.17135,0.5148,6,0.54257
2021-12-29,0,-0.39435,0.2511,0.2511,0.39435,6,0.46751
2021-12-30,0,-0.27841,0.24542,0.24542,0.27841,6,0.37113
2021-12-31,0,-0.16739,0.19955,0.19955,0.16739,5,0.26046
2022-01-01,0,-0.07022,0.08622,0.08622,0.07022,5,0.11119
2022-01-02,0,0.01021,-0.03925,-0.03925,-0.01021,1,0.04055
2022-01-03,0,0.07003,-0.16779,-0.16779,-0.07003,1,0.18182
2022-01-04,0,0.15151,-0.40302,-0.40302,-0.15151,1,0.43056
2022-01-05,0,0.28018,-0.65876,-0.65876,-0.28018,1,0.71587
2022-01-06,0,0.41948,-0.89788,-0.89788,-0.41948,1,0.99103
2022-01-07,0,0.53328,-1.08059,-1.08059,-0.53328,1,1.20502
2022-01-08,0,0.64579,-1.16118,-1.16118,-0.64579,1,1.32867
2022-01-09,0,0.74291,-1.17873,-1.17873,-0.74291,1,1.39332
2022-01-10,0,0.79559,-1.15198,-1.15198,-0.79559,1,1.40001
2022-01-11,0,0.87147,-1.15012,-1.15012,-0.87147,1,1.443
2022-01-12,0,0.94799,-1.08646,-1.08646,-0.94799,1,1.4419
2022-01-13,0,1.01214,-0.90909,-0.90909,-1.01214,2,1.36046
2022-01-14,0,1.04208,-0.72773,-0.72773,-1.04208,2,1.27103
2022-01-15,0,1.06321,-0.50981,-0.50981,-1.06321,2,1.17912
2022-01-16,0,1.02551,-0.28148,-0.28148,-1.02551,2,1.06344
2022-01-17,0,0.96469,-0.13311,-0.13311,-0.96469,2,0.97383
2022-01-18,0,0.94032,-0.04544,-0.04544,-0.94032,2,0.94142
2022-01-19,0,0.96608,0.05468,0.05468,-0.96608,3,0.96762
2022-01-20,0,0.99935,0.16022,0.16022,-0.99935,3,1.01211
2022-01-21,0,1.00965,0.17671,0.17671,-1.00965,3,1.025
2022-01-22,0,0.94463,0.14274,0.14274,-0.94463,3,0.95535
2022-01-23,0,0.86699,0.12254,0.12254,-0.86699,3,0.8756
2022-01-24,0,0.7586,0.09073,0.09073,-0.7586,3,0.76401
2022-01-25,0,0.69377,0.08907,0.08907,-0.69377,3,0.69946
2022-01-26,0,0.66606,0.18486,0.18486,-0.66606,3,0.69124
2022-01-27,0,0.60919,0.29491,0.29491,-0.60919,3,0.67682
2022-01-28,0,0.53436,0.37698,0.37698,-0.53436,3,0.65395
2022-01-29,0,0.45624,0.47527,0.47527,-0.45624,4,0.65881
2022-01-30,0,0.39331,0.65002,0.65002,-0.39331,4,0.75975
2022-01-31,0,0.39913,0.81738,0.81738,-0.39913,4,0.90963
2022-02-01,0,0.37915,0.94056,0.94056,-0.37915,4,1.01411
2022-02-02,0,0.42621,1.0639,1.0639,-0.42621,4,1.1461
2022-02-03,0,0.48954,1.1426,1.1426,-0.48954,4,1.24306
2022-02-04,0,0.55647,1.17614,1.17614,-0.55647,4,1.30114
2022-02-05,0,0.65423,1.25415,1.25415,-0.65423,4,1.41454
2022-02-06,0,0.80869,1.3774,1.3774,-0.80869,4,1.59725
2022-02-07,0,0.92751,1.48156,1.48156,-0.92751,4,1.74794
2022-02-08,0,1.03971,1.48658,1.48658,-1.03971,4,1.81408
2022-02-09,0,1.15765,1.37493,1.37493,-1.15765,4,1.79738
2022-02-10,0,1.3109,1.24213,1.24213,-1.3109,3,1.80591
2022-02-11,0,1.4205,1.05165,1.05165,-1.4205,3,1.76742
2022-02-12,0,1.51495,0.89228,0.89228,-1.51495,3,1.75819
2022-02-13,0,1.53623,0.70441,0.70441,-1.53623,3,1.69003
2022-02-14,0,1.50983,0.45136,0.45136,-1.50983,3,1.57586
2022-02-15,0,1.35216,0.20791,0.20791,-1.35216,3,1.36805
2022-02-16,0,1.1535,0.05461,0.05461,-1.1535,3,1.15479
2022-02-17,0,0.90219,0.08034,0.08034,-0.90219,3,0.90576
2022-02-18,0,0.64563,0.23031,0.23031,-0.64563,3,0.68548
2022-02-19,0,0.4199,0.42737,0.42737,-0.4199,4,0.59913
2022-02-20,0,0.23873,0.65465,0.65465,-0.23873,4,0.69682
2022-02-21,0,0.02511,0.84031,0.84031,-0.02511,4,0.84068
2022-02-22,0,-0.24997,0.96697,0.96697,0.24997,5,0.99875
2022-02-23,0,-0.5626,1.04557,1.04557,0.5626,5,1.18732
2022-02-24,0,-0.77142,1.01841,1.01841,0.77142,5,1.27759
2022-02-25,0,-0.8846,0.89132,0.89132,0.8846,5,1.25577
2022-02-26,0,-0.81139,0.69205,0.69205,0.81139,6,1.06643
2022-02-27,0,-0.6716,0.52056,0.52056,0.6716,6,0.84972
2022-02-28,0,-0.47956,0.35056,0.35056,0.47956,6,0.59403
2022-03-01,0,-0.33217,0.2389,0.2389,0.33217,6,0.40916
2022-03-02,0,-0.22976,0.11933,0.11933,0.22976,6,0.2589
2022-03-03,0,-0.11739,0.05336,0.05336,0.11739,6,0.12895
2022-03-04,0,-0.03381,-0.02937,-0.02937,0.03381,7,0.04479
2022-03-05,0,-0.07463,-0.15091,-0.15091,0.07463,8,0.16836
2022-03-06,0,-0.16393,-0.27316,-0.27316,0.16393,8,0.31858
2022-03-07,0,-0.24894,-0.3571,-0.3571,0.24894,8,0.4353
2022-03-08,0,-0.32052,-0.45927,-0.45927,0.32052,8,0.56006
2022-03-09,0,-0.41267,-0.58149,-0.58149,0.41267,8,0.71304
2022-03-10,0,-0.48736,-0.70294,-0.70294,0.48736,8,0.85536
2022-03-11,0,-0.49254,-0.82657,-0.82657,0.49254,8,0.96219
2022-03-12,0,-0.42394,-0.97546,-0.97546,0.42394,8,1.0636
2022-03-13,0,-0.32193,-1.02148,-1.02148,0.32193,8,1.07101
2022-03-14,0,-0.13069,-0.93609,-0.93609,0.13069,8,0.94517
2022-03-15,0,0.09382,-0.7034,-0.7034,-0.09382,1,0.70963
2022-03-16,0,0.24794,-0.43298,-0.43298,-0.24794,1,0.49894
2022-03-17,0,0.23146,-0.1487,-0.1487,-0.23146,2,0.27511
2022-03-18,0,0.11382,0.14029,0.14029,-0.11382,4,0.18066
2022-03-19,0,-0.00134,0.36071,0.36071,0.00134,5,0.36071
2022-03-20,0,-0.10586,0.51419,0.51419,0.10586,5,0.52498
2022-03-21,0,-0.26936,0.59521,0.59521,0.26936,5,0.65332
2022-03-22,0,-0.47441,0.54355,0.54355,0.47441,5,0.72146
2022-03-23,0,-0.71977,0.44134,0.44134,0.71977,6,0.8443
2022-03-24,0,-0.89299,0.29677,0.29677,0.89299,6,0.94101
2022-03-25,0,-1.05266,0.22296,0.22296,1.05266,6,1.07602
2022-03-26,0,-1.2239,0.16106,0.16106,1.2239,6,1.23445
2022-03-27,0,-1.39711,0.11631,0.11631,1.39711,6,1.40194
2022-03-28,0,-1.55763,0.04576,0.04576,1.55763,6,1.5583
2022-03-29,0,-1.64319,0.04122,0.04122,1.64319,6,1.64371
2022-03-30,0,-1.68894,0.04963,0.04963,1.68894,6,1.68967
2022-03-31,0,-1.62665,0.06073,0.06073,1.62665,6,1.62778
2022-04-01,0,-1.4477,0.12575,0.12575,1.4477,6,1.45315
2022-04-02,0,-1.30513,0.23722,0.23722,1.30513,6,1.32651
2022-04-03,0,-1.2142,0.3089,0.3089,1.2142,6,1.25288
2022-04-04,0,-1.04125,0.30575,0.30575,1.04125,6,1.08521
2022-04-05,0,-0.79576,0.26315,0.26315,0.79576,6,0.83814
2022-04-06,0,-0.59436,0.1973,0.1973,0.59436,6,0.62625
2022-04-07,0,-0.47878,0.10854,0.10854,0.47878,6,0.49093
2022-04-08,0,-0.34259,0.00119,0.00119,0.34259,6,0.3426
2022-04-09,0,-0.16559,-0.08051,-0.08051,0.16559,7,0.18412
2022-04-10,0,-0.04391,-0.3041,-0.3041,0.04391,8,0.30726
2022-04-11,0,0.02955,-0.54299,-0.54299,-0.02955,1,0.54379
2022-04-12,0,0.08745,-0.79637,-0.79637,-0.08745,1,0.80116
2022-04-13,0,0.10393,-0.98039,-0.98039,-0.10393,1,0.98589
2022-04-14,0,0.13658,-1.06123,-1.06123,-0.13658,1,1.06998
2022-04-15,0,0.23296,-1.02641,-1.02641,-0.23296,1,1.05251
2022-04-16,0,0.28546,-0.98983,-0.98983,-0.28546,1,1.03016
2022-04-17,0,0.28374,-0.90792,-0.90792,-0.28374,1,0.95122
2022-04-18,0,0.25146,-0.78387,-0.78387,-0.25146,1,0.82321
2022-04-19,0,0.28537,-0.60456,-0.60456,-0.28537,1,0.66853
2022-04-20,0,0.35596,-0.54019,-0.54019,-0.35596,1,0.64692
2022-04-21,0,0.47282,-0.45773,-0.45773,-0.47282,2,0.65808
2022-04-22,0,0.61491,-0.35239,-0.35239,-0.61491,2,0.70873
2022-04-23,0,0.69062,-0.31184,-0.31184,-0.69062,2,0.75776
2022-04-24,0,0.69107,-0.23677,-0.23677,-0.69107,2,0.73051
2022-04-25,0,0.73931,-0.16865,-0.16865,-0.73931,2,0.75831
2022-04-26,0,0.88763,-0.08942,-0.08942,-0.88763,2,0.89212
2022-04-27,0,1.05169,-0.09996,-0.09996,-1.05169,2,1.05643
2022-04-28,0,1.17404,-0.1204,-0.1204,-1.17404,2,1.1802
2022-04-29,0,1.32547,-0.06858,-0.06858,-1.32547,2,1.32724
2022-04-30,0,1.47186,-0.0046,-0.0046,-1.47186,2,1.47187
2022-05-01,0,1.60296,0.02615,0.02615,-1.60296,3,1.60317
2022-05-02,0,1.72345,0.07879,0.07879,-1.72345,3,1.72525
2022-05-03,0,1.86282,0.10223,0.10223,-1.86282,3,1.86562
2022-05-04,0,1.97115,0.1731,0.1731,-1.97115,3,1.97873
2022-05-05,0,2.01844,0.24703,0.24703,-2.01844,3,2.0335
2022-05-06,0,1.96569,0.35124,0.35124,-1.96569,3,1.99683
2022-05-07,0,1.83111,0.36851,0.36851,-1.83111,3,1.86783
2022-05-08,0,1.59344,0.31176,0.31176,-1.59344,3,1.62365
2022-05-09,0,1.33284,0.24109,0.24109,-1.33284,3,1.35447
2022-05-10,0,1.05449,0.18932,0.18932,-1.05449,3,1.07135
2022-05-11,0,0.72768,0.12276,0.12276,-0.72768,3,0.73796
2022-05-12,0,0.45331,-0.00935,-0.00935,-0.45331,2,0.45341
2022-05-13,0,0.20675,-0.19086,-0.19086,-0.20675,2,0.28138
2022-05-14,0,-0.06536,-0.31503,-0.31503,0.06536,8,0.32174
2022-05-15,0,-0.31776,-0.40886,-0.40886,0.31776,8,0.51781
2022-05-16,0,-0.50918,-0.48021,-0.48021,0.50918,7,0.6999
2022-05-17,0,-0.60138,-0.4768,-0.4768,0.60138,7,0.76746
2022-05-18,0,-0.68879,-0.41228,-0.41228,0.68879,7,0.80275
2022-05-19,0,-0.73657,-0.36606,-0.36606,0.73657,7,0.82252
2022-05-20,0,-0.72004,-0.30642,-0.30642,0.72004,7,0.78253
2022-05-21,0,-0.78174,-0.13126,-0.13126,0.78174,7,0.79268
2022-05-22,0,-0.84939,0.01001,0.01001,0.84939,6,0.84945
2022-05-23,0,-0.87423,0.07055,0.07055,0.87423,6,0.87707
2022-05-24,0,-0.84042,0.11406,0.11406,0.84042,6,0.84813
2022-05-25,0,-0.80815,0.18791,0.18791,0.80815,6,0.82971
2022-05-26,0,-0.76616,0.24038,0.24038,0.76616,6,0.80299
2022-05-27,0,-0.71417,0.15615,0.15615,0.71417,6,0.73104
2022-05-28,0,-0.70692,0.04203,0.04203,0.70692,6,0.70817
2022-05-29,0,-0.74523,-0.02284,-0.02284,0.74523,7,0.74558
2022-05-30,0,-0.70156,-0.20908,-0.20908,0.70156,7,0.73205
2022-05-31,0,-0.61088,-0.38651,-0.38651,0.61088,7,0.72289
2022-06-01,0,-0.54356,-0.50766,-0.50766,0.54356,7,0.74375
2022-06-02,0,-0.4587,-0.61301,-0.61301,0.4587,8,0.76562
2022-06-03,0,-0.31271,-0.67012,-0.67012,0.31271,8,0.73949
2022-06-04,0,-0.1695,-0.75661,-0.75661,0.1695,8,0.77536
2022-06-05,0,-0.04442,-0.76412,-0.76412,0.04442,8,0.76541
2022-06-06,0,0.0516,-0.66142,-0.66142,-0.0516,1,0.66343
2022-06-07,0,0.32014,-0.59923,-0.59923,-0.32014,1,0.67939
2022-06-08,0,0.5665,-0.5982,-0.5982,-0.5665,1,0.82387
2022-06-09,0,0.69611,-0.6227,-0.6227,-0.69611,2,0.93398
2022-06-10,0,0.80485,-0.63542,-0.63542,-0.80485,2,1.02544
2022-06-11,0,0.9278,-0.6135,-0.6135,-0.9278,2,1.1123
2022-06-12,0,1.06793,-0.68394,-0.68394,-1.06793,2,1.26816
2022-06-13,0,1.1357,-0.75955,-0.75955,-1.1357,2,1.36628
2022-06-14,0,1.12777,-0.80059,-0.80059,-1.12777,2,1.38304
2022-06-15,0,1.16862,-0.90853,-0.90853,-1.16862,2,1.48024
2022-06-16,0,1.0354,-0.93185,-0.93185,-1.0354,2,1.39298
2022-06-17,0,0.85031,-0.80141,-0.80141,-0.85031,2,1.16846
2022-06-18,0,0.81367,-0.61543,-0.61543,-0.81367,2,1.0202
2022-06-19,0,0.87119,-0.49353,-0.49353,-0.87119,2,1.00127
2022-06-20,0,0.8907,-0.441,-0.441,-0.8907,2,0.9939
2022-06-21,0,0.81551,-0.22862,-0.22862,-0.81551,2,0.84695
2022-06-22,0,0.76871,0.00621,0.00621,-0.76871,3,0.76873
2022-06-23,0,0.74028,0.12584,0.12584,-0.74028,3,0.7509
2022-06-24,0,0.68315,0.23609,0.23609,-0.68315,3,0.72279
2022-06-25,0,0.64852,0.32319,0.32319,-0.64852,3,0.72459
2022-06-26,0,0.60494,0.38443,0.38443,-0.60494,3,0.71676
2022-06-27,0,0.42607,0.38686,0.38686,-0.42607,3,0.5755
2022-06-28,0,0.1629,0.44762,0.44762,-0.1629,4,0.47634
2022-06-29,0,0.00714,0.58829,0.58829,-0.00714,4,0.58834
2022-06-30,0,-0.07712,0.66814,0.66814,0.07712,5,0.67258
2022-07-01,0,-0.18825,0.74872,0.74872,0.18825,5,0.77203
2022-07-02,0,-0.38846,0.8572,0.8572,0.38846,5,0.94111
2022-07-03,0,-0.63559,0.99542,0.99542,0.63559,5,1.18104
2022-07-04,0,-0.81456,1.12139,1.12139,0.81456,5,1.38601
2022-07-05,0,-0.89104,1.17312,1.17312,0.89104,5,1.47314
2022-07-06,0,-0.85358,1.27442,1.27442,0.85358,5,1.53386
2022-07-07,0,-0.79407,1.38031,1.38031,0.79407,5,1.59242
2022-07-08,0,-0.86125,1.41813,1.41813,0.86125,5,1.65917
2022-07-09,0,-0.93166,1.35702,1.35702,0.93166,5,1.64605
2022-07-10,0,-0.9339,1.3399,1.3399,0.9339,5,1.63325
2022-07-11,0,-0.87588,1.28052,1.28052,0.87588,5,1.55142
2022-07-12,0,-0.79143,1.18261,1.18261,0.79143,5,1.423
2022-07-13,0,-0.69693,1.05333,1.05333,0.69693,5,1.26302
2022-07-14,0,-0.63131,0.89694,0.89694,0.63131,5,1.09684
2022-07-15,0,-0.56613,0.72094,0.72094,0.56613,5,0.91666
2022-07-16,0,-0.48042,0.49126,0.49126,0.48042,5,0.68712
2022-07-17,0,-0.41541,0.24997,0.24997,0.41541,6,0.48482
2022-07-18,0,-0.27857,0.02773,0.02773,0.27857,6,0.27995
2022-07-19,0,-0.16598,-0.20659,-0.20659,0.16598,8,0.265
2022-07-20,0,0.03768,-0.40551,-0.40551,-0.03768,1,0.40726
2022-07-21,0,0.30247,-0.62122,-0.62122,-0.30247,1,0.69094
2022-07-22,0,0.53937,-0.77081,-0.77081,-0.53937,1,0.94078
2022-07-23,0,0.72889,-0.86583,-0.86583,-0.72889,1,1.13179
2022-07-24,0,0.76393,-0.87815,-0.87815,-0.76393,1,1.16393
2022-07-25,0,0.79769,-0.90963,-0.90963,-0.79769,1,1.20985
2022-07-26,0,0.90884,-0.866,-0.866,-0.90884,2,1.25537
2022-07-27,0,0.91428,-0.72284,-0.72284,-0.91428,2,1.16551
2022-07-28,0,0.90641,-0.54338,-0.54338,-0.90641,2,1.05681
2022-07-29,0,0.86495,-0.32137,-0.32137,-0.86495,2,0.92272
2022-07-30,0,0.75785,-0.07684,-0.07684,-0.75785,2,0.76174
2022-07-31,0,0.57528,0.13837,0.13837,-0.57528,3,0.59169
2022-08-01,0,0.38375,0.37884,0.37884,-0.38375,3,0.53924
2022-08-02,0,0.21792,0.55926,0.55926,-0.21792,4,0.60022
2022-08-03,0,-0.08173,0.65889,0.65889,0.08173,5,0.66394
2022-08-04,0,-0.31969,0.67516,0.67516,0.31969,5,0.74702
2022-08-05,0,-0.41766,0.57384,0.57384,0.41766,5,0.70974
2022-08-06,0,-0.53272,0.37401,0.37401,0.53272,6,0.6509
2022-08-07,0,-0.62548,0.15339,0.15339,0.62548,6,0.64401
2022-08-08,0,-0.68163,-0.05872,-0.05872,0.68163,7,0.68415
2022-08-09,0,-0.69686,-0.27194,-0.27194,0.69686,7,0.74804
2022-08-10,0,-0.72597,-0.44396,-0.44396,0.72597,7,0.85096
2022-08-11,0,-0.62364,-0.54103,-0.54103,0.62364,7,0.82561
2022-08-12,0,-0.40983,-0.57829,-0.57829,0.40983,8,0.70879
2022-08-13,0,-0.3054,-0.68051,-0.68051,0.3054,8,0.7459
2022-08-14,0,-0.32214,-0.72278,-0.72278,0.32214,8,0.79132
2022-08-15,0,-0.29198,-0.68748,-0.68748,0.29198,8,0.74691
2022-08-16,0,-0.20386,-0.61821,-0.61821,0.20386,8,0.65095
2022-08-17,0,-0.1127,-0.55723,-0.55723,0.1127,8,0.56851
2022-08-18,0,-0.03001,-0.47621,-0.47621,0.03001,8,0.47716
2022-08-19,0,0.13402,-0.40557,-0.40557,-0.13402,1,0.42714
2022-08-20,0,0.23868,-0.34382,-0.34382,-0.23868,1,0.41855
2022-08-21,0,0.37754,-0.24966,-0.24966,-0.37754,2,0.45263
2022-08-22,0,0.58381,-0.08279,-0.08279,-0.58381,2,0.58965
2022-08-23,0,0.88991,0.1176,0.1176,-0.88991,3,0.89765
2022-08-24,0,1.16485,0.21883,0.21883,-1.16485,3,1.18523
2022-08-25,0,1.27671,0.25854,0.25854,-1.27671,3,1.30263
2022-08-26,0,1.41583,0.30226,0.30226,-1.41583,3,1.44773
2022-08-27,0,1.4748,0.29504,0.29504,-1.4748,3,1.50402
2022-08-28,0,1.46811,0.23704,0.23704,-1.46811,3,1.48712
2022-08-29,0,1.3864,0.16341,0.16341,-1.3864,3,1.39599
2022-08-30,0,1.27485,0.12215,0.12215,-1.27485,3,1.28069
2022-08-31,0,1.15916,0.15759,0.15759,-1.15916,3,1.16982
2022-09-01,0,0.94914,0.17922,0.17922,-0.94914,3,0.96591
2022-09-02,0,0.67385,0.34271,0.34271,-0.67385,3,0.756
2022-09-03,0,0.44681,0.4814,0.4814,-0.44681,4,0.6568
2022-09-04,0,0.19912,0.57767,0.57767,-0.19912,4,0.61103
2022-09-05,0,0.0765,0.61458,0.61458,-0.0765,4,0.61933
2022-09-06,0,-0.05285,0.66292,0.66292,0.05285,5,0.66502
2022-09-07,0,-0.08513,0.68925,0.68925,0.08513,5,0.69449
2022-09-08,0,-0.13427,0.54762,0.54762,0.13427,5,0.56384
2022-09-09,0,-0.20708,0.31664,0.31664,0.20708,5,0.37834
2022-09-10,0,-0.4173,0.04267,0.04267,0.4173,6,0.41948
2022-09-11,0,-0.56836,-0.21828,-0.21828,0.56836,7,0.60884
2022-09-12,0,-0.55533,-0.41961,-0.41961,0.55533,7,0.69604
2022-09-13,0,-0.55373,-0.57425,-0.57425,0.55373,8,0.79773
2022-09-14,0,-0.57758,-0.63025,-0.63025,0.57758,8,0.85487
2022-09-15,0,-0.60146,-0.67919,-0.67919,0.60146,8,0.90722
2022-09-16,0,-0.64748,-0.69967,-0.69967,0.64748,8,0.9533
2022-09-17,0,-0.72614,-0.62283,-0.62283,0.72614,7,0.95666
2022-09-18,0,-0.88766,-0.52222,-0.52222,0.88766,7,1.02988
2022-09-19,0,-0.90047,-0.35506,-0.35506,0.90047,7,0.96794
2022-09-20,0,-0.8121,-0.25378,-0.25378,0.8121,7,0.85083
2022-09-21,0,-0.84009,-0.20912,-0.20912,0.84009,7,0.86573
2022-09-22,0,-0.88841,-0.10167,-0.10167,0.88841,7,0.89421
2022-09-23,0,-0.90132,-0.01611,-0.01611,0.90132,7,0.90146
2022-09-24,0,-0.88588,0.08972,0.08972,0.88588,6,0.89041
2022-09-25,0,-0.86302,0.21963,0.21963,0.86302,6,0.89053
2022-09-26,0,-0.78935,0.34383,0.34383,0.78935,6,0.86098
2022-09-27,0,-0.64464,0.43834,0.43834,0.64464,6,0.77955
2022-09-28,0,-0.43204,0.51895,0.51895,0.43204,5,0.67525
2022-09-29,0,-0.32873,0.61907,0.61907,0.32873,5,0.70094
2022-09-30,0,-0.23651,0.76841,0.76841,0.23651,5,0.80399
2022-10-01,0,-0.08241,0.8386,0.8386,0.08241,5,0.84264
2022-10-02,0,-0.028,0.87769,0.87769,0.028,5,0.87814
2022-10-03,0,0.05469,0.86426,0.86426,-0.05469,4,0.86599
2022-10-04,0,0.09015,0.75272,0.75272,-0.09015,4,0.7581
2022-10-05,0,0.04761,0.65577,0.65577,-0.04761,4,0.6575
2022-10-06,0,0.02022,0.60435,0.60435,-0.02022,4,0.60468
2022-10-07,0,-0.07387,0.53189,0.53189,0.07387,5,0.53699
2022-10-08,0,-0.1963,0.45361,0.45361,0.1963,5,0.49427
2022-10-09,0,-0.3026,0.33977,0.33977,0.3026,5,0.45498
2022-10-10,0,-0.45123,0.16179,0.16179,0.45123,6,0.47936
2022-10-11,0,-0.45936,-0.02134,-0.02134,0.45936,7,0.45985
2022-10-12,0,-0.53571,-0.13307,-0.13307,0.53571,7,0.55199
2022-10-13,0,-0.55646,-0.14678,-0.14678,0.55646,7,0.57549
2022-10-14,0,-0.51001,-0.10005,-0.10005,0.51001,7,0.51973
2022-10-15,0,-0.45325,-0.06262,-0.06262,0.45325,7,0.45755
2022-10-16,0,-0.43842,-0.03222,-0.03222,0.43842,7,0.4396
2022-10-17,0,-0.36402,0.02337,0.02337,0.36402,6,0.36477
2022-10-18,0,-0.28992,0.06,0.06,0.28992,6,0.29606
2022-10-19,0,-0.20732,0.11484,0.11484,0.20732,6,0.23701
2022-10-20,0,-0.1413,0.15563,0.15563,0.1413,5,0.21021
2022-10-21,0,-0.05693,0.09754,0.09754,0.05693,5,0.11294
2022-10-22,0,-0.06429,0.0534,0.0534,0.06429,6,0.08358
2022-10-23,0,-0.20951,-0.01524,-0.01524,0.20951,7,0.21007
2022-10-24,0,-0.3355,-0.08186,-0.08186,0.3355,7,0.34535
2022-10-25,0,-0.32923,-0.15576,-0.15576,0.32923,7,0.36422
2022-10-26,0,-0.2946,-0.17615,-0.17615,0.2946,7,0.34325
2022-10-27,0,-0.23126,-0.19017,-0.19017,0.23126,7,0.29941
2022-10-28,0,-0.09646,-0.24844,-0.24844,0.09646,8,0.26651
2022-10-29,0,0.03141,-0.28572,-0.28572,-0.03141,1,0.28744
2022-10-30,0,0.08786,-0.29587,-0.29587,-0.08786,1,0.30864
2022-10-31,0,0.20754,-0.27161,-0.27161,-0.20754,1,0.34182
2022-11-01,0,0.44236,-0.23286,-0.23286,-0.44236,2,0.4999
2022-11-02,0,0.60871,-0.16889,-0.16889,-0.60871,2,0.63171
2022-11-03,0,0.65037,-0.08447,-0.08447,-0.65037,2,0.65583
2022-11-04,0,0.67543,-0.04795,-0.04795,-0.67543,2,0.67713
2022-11-05,0,0.65517,0.02398,0.02398,-0.65517,3,0.65561
2022-11-06,0,0.55729,0.16208,0.16208,-0.55729,3,0.58038
2022-11-07,0,0.48792,0.28438,0.28438,-0.48792,3,0.56474
2022-11-08,0,0.55091,0.45266,0.45266,-0.55091,3,0.71302
2022-11-09,0,0.65914,0.59262,0.59262,-0.65914,3,0.88638
2022-11-10,0,0.705,0.7435,0.7435,-0.705,4,1.0246
2022-11-11,0,0.74541,0.73761,0.73761,-0.74541,3,1.04867
2022-11-12,0,0.77437,0.7473,0.7473,-0.77437,3,1.07615
2022-11-13,0,0.67863,0.76481,0.76481,-0.67863,4,1.02248
2022-11-14,0,0.57062,0.81649,0.81649,-0.57062,4,0.99613
2022-11-15,0,0.50065,0.83324,0.83324,-0.50065,4,0.97208
2022-11-16,0,0.32917,0.81807,0.81807,-0.32917,4,0.88182
2022-11-17,0,0.10482,0.74611,0.74611,-0.10482,4,0.75343
2022-11-18,0,-0.21719,0.62962,0.62962,0.21719,5,0.66603
2022-11-19,0,-0.48989,0.42878,0.42878,0.48989,6,0.65103
2022-11-20,0,-0.64642,0.13535,0.13535,0.64642,6,0.66044
2022-11-21,0,-0.71257,-0.18803,-0.18803,0.71257,7,0.73696
2022-11-22,0,-0.58879,-0.52695,-0.52695,0.58879,7,0.79016
2022-11-23,0,-0.40708,-0.87673,-0.87673,0.40708,8,0.96663
2022-11-24,0,-0.25974,-1.2243,-1.2243,0.25974,8,1.25155
2022-11-25,0,-0.14677,-1.37815,-1.37815,0.14677,8,1.38595
2022-11-26,0,-0.10147,-1.41409,-1.41409,0.10147,8,1.41773
2022-11-27,0,-0.10881,-1.35276,-1.35276,0.10881,8,1.35713
2022-11-28,0,-0.09936,-1.31037,-1.31037,0.09936,8,1.31414
2022-11-29,0,-0.08898,-1.2074,-1.2074,0.08898,8,1.21067
2022-11-30,0,-0.0181,-1.104,-1.104,0.0181,8,1.10415
2022-12-01,0,0.06037,-0.94626,-0.94626,-0.06037,1,0.94819
2022-12-02,0,0.20426,-0.76125,-0.76125,-0.20426,1,0.78818
2022-12-03,0,0.36924,-0.55406,-0.55406,-0.36924,1,0.66582
2022-12-04,0,0.51507,-0.44367,-0.44367,-0.51507,2,0.67981
2022-12-05,0,0.60344,-0.40891,-0.40891,-0.60344,2,0.72894
2022-12-06,0,0.69832,-0.38403,-0.38403,-0.69832,2,0.79695
2022-12-07,0,0.80901,-0.35183,-0.35183,-0.80901,2,0.8822
2022-12-08,0,0.93171,-0.31562,-0.31562,-0.93171,2,0.98372
2022-12-09,0,0.96837,-0.27265,-0.27265,-0.96837,2,1.00602
2022-12-10,0,0.97293,-0.23059,-0.23059,-0.97293,2,0.99988
2022-12-11,0,0.90258,-0.18899,-0.18899,-0.90258,2,0.92216
2022-12-12,0,0.82292,-0.1503,-0.1503,-0.82292,2,0.83653
2022-12-13,0,0.74709,-0.12207,-0.12207,-0.74709,2,0.75699
2022-12-14,0,0.68907,-0.05618,-0.05618,-0.68907,2,0.69135
2022-12-15,0,0.5946,-0.09318,-0.09318,-0.5946,2,0.60186
2022-12-16,0,0.43429,-0.06173,-0.06173,-0.43429,2,0.43866
2022-12-17,0,0.23778,-0.03243,-0.03243,-0.23778,2,0.23998
2022-12-18,0,0.08999,-0.01011,-0.01011,-0.08999,2,0.09055
2022-12-19,0,0.0085,0.05786,0.05786,-0.0085,4,0.05848
2022-12-20,0,-0.06531,0.17378,0.17378,0.06531,5,0.18565
2022-12-21,0,-0.19191,0.35938,0.35938,0.19191,5,0.40741
2022-12-22,0,-0.40179,0.55829,0.55829,0.40179,5,0.68784
2022-12-23,0,-0.58755,0.76158,0.76158,0.58755,5,0.96189
2022-12-24,0,-0.76437,0.95263,0.95263,0.76437,5,1.22138
2022-12-25,0,-0.92945,1.04221,1.04221,0.92945,5,1.39645
2022-12-26,0,-1.05585,1.10105,1.10105,1.05585,5,1.52549
2022-12-27,0,-1.16205,1.16362,1.16362,1.16205,5,1.6445
2022-12-28,0,-1.29481,1.18451,1.18451,1.29481,6,1.75488
2022-12-29,0,-1.45293,1.16741,1.16741,1.45293,6,1.86382
2022-12-30,0,-1.56748,1.0791,1.0791,1.56748,6,1.90301
2022-12-31,0,-1.58733,0.98055,0.98055,1.58733,6,1.86577
2023-01-01,0,-1.62658,0.75008,0.75008,1.62658,6,1.7912
2023-01-02,0,-1.65027,0.55434,0.55434,1.65027,6,1.74088
2023-01-03,0,-1.5962,0.38384,0.38384,1.5962,6,1.6417
2023-01-04,0,-1.54422,0.17923,0.17923,1.54422,6,1.55459
2023-01-05,0,-1.49416,-0.0607,-0.0607,1.49416,7,1.49539
2023-01-06,0,-1.45491,-0.33245,-0.33245,1.45491,7,1.49241
2023-01-07,0,-1.27365,-0.55769,-0.55769,1.27365,7,1.39039
2023-01-08,0,-1.0787,-0.75111,-0.75111,1.0787,7,1.31444
2023-01-09,0,-0.84016,-0.93384,-0.93384,0.84016,8,1.25615
2023-01-10,0,-0.57943,-1.09771,-1.09771,0.57943,8,1.24125
2023-01-11,0,-0.27366,-1.24303,-1.24303,0.27366,8,1.2728
2023-01-12,0,-0.11173,-1.34234,-1.34234,0.11173,8,1.34698
2023-01-13,0,-0.01693,-1.37568,-1.37568,0.01693,8,1.37578
2023-01-14,0,0.03792,-1.25894,-1.25894,-0.03792,1,1.25951
2023-01-15,0,0.10761,-1.05486,-1.05486,-0.10761,1,1.06033
2023-01-16,0,0.11427,-0.84991,-0.84991,-0.11427,1,0.85755
2023-01-17,0,0.17468,-0.6778,-0.6778,-0.17468,1,0.69994
2023-01-18,0,0.18885,-0.49232,-0.49232,-0.18885,1,0.5273
2023-01-19,0,0.22431,-0.28314,-0.28314,-0.22431,1,0.36122
2023-01-20,0,0.26431,-0.02574,-0.02574,-0.26431,2,0.26556
2023-01-21,0,0.4098,0.21014,0.21014,-0.4098,3,0.46054
2023-01-22,0,0.62461,0.40331,0.40331,-0.62461,3,0.7435
2023-01-23,0,0.85841,0.46417,0.46417,-0.85841,3,0.97587
2023-01-24,0,1.09245,0.5329,0.5329,-1.09245,3,1.21549
2023-01-25,0,1.26732,0.57909,0.57909,-1.26732,3,1.39336
2023-01-26,0,1.34795,0.60008,0.60008,-1.34795,3,1.47549
2023-01-27,0,1.43521,0.58381,0.58381,-1.43521,3,1.54941
2023-01-28,0,1.4588,0.57495,0.57495,-1.4588,3,1.56801
2023-01-29,0,1.4379,0.57781,0.57781,-1.4379,3,1.54965
2023-01-30,0,1.34219,0.5899,0.5899,-1.34219,3,1.4661
2023-01-31,0,1.18666,0.59834,0.59834,-1.18666,3,1.32897
2023-02-01,0,0.99081,0.64002,0.64002,-0.99081,3,1.17954
2023-02-02,0,0.77799,0.6453,0.6453,-0.77799,3,1.01078
2023-02-03,0,0.55162,0.70092,0.70092,-0.55162,4,0.89194
2023-02-04,0,0.34761,0.82284,0.82284,-0.34761,4,0.89325
2023-02-05,0,0.14268,0.96601,0.96601,-0.14268,4,0.97649
2023-02-06,0,-0.0554,1.10382,1.10382,0.0554,5,1.10521
2023-02-07,0,-0.32062,1.16954,1.16954,0.32062,5,1.21269
2023-02-08,0,-0.55822,1.18397,1.18397,0.55822,5,1.30897
2023-02-09,0,-0.76664,1.22991,1.22991,0.76664,5,1.44928
2023-02-10,0,-0.90862,1.23132,1.23132,0.90862,5,1.53027
2023-02-11,0,-0.98546,1.17363,1.17363,0.98546,5,1.53249
2023-02-12,0,-1.06744,1.03343,1.03343,1.06744,6,1.48574
2023-02-13,0,-1.14943,0.84433,0.84433,1.14943,6,1.42622
2023-02-14,0,-1.19971,0.5598,0.5598,1.19971,6,1.32389
2023-02-15,0,-1.1998,0.27003,0.27003,1.1998,6,1.22981
2023-02-16,0,-1.13611,-0.01932,-0.01932,1.13611,7,1.13627
2023-02-17,0,-1.05798,-0.24385,-0.24385,1.05798,7,1.08572
2023-02-18,0,-0.97427,-0.46442,-0.46442,0.97427,7,1.0793
2023-02-19,0,-0.95707,-0.61794,-0.61794,0.95707,7,1.13922
2023-02-20,0,-0.99108,-0.67877,-0.67877,0.99108,7,1.20123
2023-02-21,0,-0.92094,-0.73599,-0.73599,0.92094,7,1.1789
2023-02-22,0,-0.76306,-0.7534,-0.7534,0.76306,7,1.07233
2023-02-23,0,-0.67608,-0.65704,-0.65704,0.67608,7,0.94275
2023-02-24,0,-0.7168,-0.5586,-0.5586,0.7168,7,0.90875
2023-02-25,0,-0.81006,-0.41702,-0.41702,0.81006,7,0.9111
2023-02-26,0,-0.93826,-0.3192,-0.3192,0.93826,7,0.99107
2023-02-27,0,-1.06004,-0.21693,-0.21693,1.06004,7,1.08201
2023-02-28,0,-1.15458,-0.19393,-0.19393,1.15458,7,1.17075
2023-03-01,0,-1.24931,-0.22543,-0.22543,1.24931,7,1.26949
2023-03-02,0,-1.40432,-0.37421,-0.37421,1.40432,7,1.45332
2023-03-03,0,-1.57884,-0.63209,-0.63209,1.57884,7,1.70067
2023-03-04,0,-1.69163,-1.00719,-1.00719,1.69163,7,1.96877
2023-03-05,0,-1.68771,-1.43335,-1.43335,1.68771,7,2.21424
2023-03-06,0,-1.67113,-1.90272,-1.90272,1.67113,8,2.53239
2023-03-07,0,-1.64173,-2.3521,-2.3521,1.64173,8,2.86839
2023-03-08,0,-1.61842,-2.73857,-2.73857,1.61842,8,3.18105
2023-03-09,0,-1.51461,-3.01514,-3.01514,1.51461,8,3.37418
2023-03-10,0,-1.26936,-3.21908,-3.21908,1.26936,8,3.46031
2023-03-11,0,-0.96973,-3.31975,-3.31975,0.96973,8,3.45848
2023-03-12,0,-0.61184,-3.32132,-3.32132,0.61184,8,3.37721
2023-03-13,0,-0.08668,-3.23208,-3.23208,0.08668,8,3.23324
2023-03-14,0,0.51776,-3.07568,-3.07568,-0.51776,1,3.11895
2023-03-15,0,1.17174,-2.78844,-2.78844,-1.17174,1,3.02463
2023-03-16,0,1.78955,-2.32038,-2.32038,-1.78955,1,2.9303
2023-03-17,0,2.23603,-1.86809,-1.86809,-2.23603,2,2.91369
2023-03-18,0,2.50809,-1.51459,-1.51459,-2.50809,2,2.92994
2023-03-19,0,2.63498,-1.30835,-1.30835,-2.63498,2,2.94192
2023-03-20,0,2.72235,-1.1316,-1.1316,-2.72235,2,2.94817
2023-03-21,0,2.78433,-0.97567,-0.97567,-2.78433,2,2.95032
2023-03-22,0,2.74461,-0.86072,-0.86072,-2.74461,2,2.87641
2023-03-23,0,2.59165,-0.67647,-0.67647,-2.59165,2,2.67848
2023-03-24,0,2.41833,-0.42168,-0.42168,-2.41833,2,2.45481
2023-03-25,0,2.11617,-0.2381,-0.2381,-2.11617,2,2.12952
2023-03-26,0,1.81865,-0.04842,-0.04842,-1.81865,2,1.81929
2023-03-27,0,1.51505,0.13766,0.13766,-1.51505,3,1.52129
2023-03-28,0,1.21949,0.39312,0.39312,-1.21949,3,1.28129
2023-03-29,0,0.99564,0.61796,0.61796,-0.99564,3,1.17183
2023-03-30,0,0.80288,0.80325,0.80325,-0.80288,4,1.13571
2023-03-31,0,0.59492,0.99165,0.99165,-0.59492,4,1.15642
2023-04-01,0,0.41479,1.1113,1.1113,-0.41479,4,1.18618
2023-04-02,0,0.18802,1.12583,1.12583,-0.18802,4,1.14142
2023-04-03,0,-0.0145,1.17918,1.17918,0.0145,5,1.17927
2023-04-04,0,-0.26914,1.19806,1.19806,0.26914,5,1.22792
2023-04-05,0,-0.53095,1.16667,1.16667,0.53095,5,1.28181
2023-04-06,0,-0.78855,0.9852,0.9852,0.78855,5,1.26192
2023-04-07,0,-1.01614,0.73183,0.73183,1.01614,6,1.25225
2023-04-08,0,-1.20638,0.54492,0.54492,1.20638,6,1.32375
2023-04-09,0,-1.27803,0.37235,0.37235,1.27803,6,1.33117
2023-04-10,0,-1.28307,0.21619,0.21619,1.28307,6,1.30116
2023-04-11,0,-1.33843,0.12325,0.12325,1.33843,6,1.34409
2023-04-12,0,-1.38767,0.00849,0.00849,1.38767,6,1.3877
2023-04-13,0,-1.43414,-0.14573,-0.14573,1.43414,7,1.44153
2023-04-14,0,-1.41732,-0.30919,-0.30919,1.41732,7,1.45065
2023-04-15,0,-1.33393,-0.4238,-0.4238,1.33393,7,1.39963
2023-04-16,0,-1.23975,-0.54462,-0.54462,1.23975,7,1.3541
2023-04-17,0,-1.21194,-0.71867,-0.71867,1.21194,7,1.409
2023-04-18,0,-1.13054,-0.84944,-0.84944,1.13054,7,1.4141
2023-04-19,0,-1.07506,-0.94627,-0.94627,1.07506,7,1.4322
2023-04-20,0,-0.8434,-1.03227,-1.03227,0.8434,8,1.333
2023-04-21,0,-0.49328,-1.12261,-1.12261,0.49328,8,1.22621
2023-04-22,0,-0.1405,-1.14498,-1.14498,0.1405,8,1.15357
2023-04-23,0,0.23755,-1.03896,-1.03896,-0.23755,1,1.06577
2023-04-24,0,0.51742,-0.88173,-0.88173,-0.51742,1,1.02234
2023-04-25,0,0.71068,-0.64491,-0.64491,-0.71068,2,0.95967
2023-04-26,0,0.9117,-0.41565,-0.41565,-0.9117,2,1.00198
2023-04-27,0,1.07066,-0.19906,-0.19906,-1.07066,2,1.089
2023-04-28,0,1.24958,0.01006,0.01006,-1.24958,3,1.24962
2023-04-29,0,1.31796,0.1811,0.1811,-1.31796,3,1.33034
2023-04-30,0,1.36217,0.34065,0.34065,-1.36217,3,1.40412
2023-05-01,0,1.37605,0.52275,0.52275,-1.37605,3,1.472
2023-05-02,0,1.36657,0.62311,0.62311,-1.36657,3,1.50193
2023-05-03,0,1.34801,0.74851,0.74851,-1.34801,3,1.54188
2023-05-04,0,1.28829,0.88982,0.88982,-1.28829,3,1.56572
2023-05-05,0,1.25936,1.01444,1.01444,-1.25936,3,1.61712
2023-05-06,0,1.12608,1.1208,1.1208,-1.12608,3,1.58879
2023-05-07,0,0.95388,1.18124,1.18124,-0.95388,4,1.51829
2023-05-08,0,0.81243,1.18954,1.18954,-0.81243,4,1.4405
2023-05-09,0,0.58573,1.13848,1.13848,-0.58573,4,1.28032
2023-05-10,0,0.36265,0.96681,0.96681,-0.36265,4,1.03258
2023-05-11,0,0.08704,0.74384,0.74384,-0.08704,4,0.74891
2023-05-12,0,-0.20755,0.56484,0.56484,0.20755,5,0.60176
2023-05-13,0,-0.44846,0.38273,0.38273,0.44846,6,0.58957
2023-05-14,0,-0.71645,0.27156,0.27156,0.71645,6,0.76619
2023-05-15,0,-0.93646,0.13496,0.13496,0.93646,6,0.94614
2023-05-16,0,-1.13916,-0.01985,-0.01985,1.13916,7,1.13934
2023-05-17,0,-1.37524,-0.11977,-0.11977,1.37524,7,1.38044
2023-05-18,0,-1.64004,-0.1457,-0.1457,1.64004,7,1.6465
2023-05-19,0,-1.91557,-0.08861,-0.08861,1.91557,7,1.91762
2023-05-20,0,-2.1922,0.00604,0.00604,2.1922,6,2.19221
2023-05-21,0,-2.32686,0.04956,0.04956,2.32686,6,2.32739
2023-05-22,0,-2.35873,0.02719,0.02719,2.35873,6,2.35888
2023-05-23,0,-2.29966,-0.10772,-0.10772,2.29966,7,2.30218
2023-05-24,0,-2.29917,-0.21758,-0.21758,2.29917,7,2.30944
2023-05-25,0,-2.32689,-0.31412,-0.31412,2.32689,7,2.348
2023-05-26,0,-2.31729,-0.41259,-0.41259,2.31729,7,2.35374
2023-05-27,0,-2.13897,-0.53699,-0.53699,2.13897,7,2.20535
2023-05-28,0,-1.84922,-0.57697,-0.57697,1.84922,7,1.93714
2023-05-29,0,-1.53401,-0.59059,-0.59059,1.53401,7,1.64377
2023-05-30,0,-1.19122,-0.57378,-0.57378,1.19122,7,1.32221
2023-05-31,0,-0.88984,-0.5326,-0.5326,0.88984,7,1.03705
2023-06-01,0,-0.63543,-0.44259,-0.44259,0.63543,7,0.77438
2023-06-02,0,-0.33189,-0.3531,-0.3531,0.33189,8,0.48459
2023-06-03,0,-0.02618,-0.22183,-0.22183,0.02618,8,0.22337
2023-06-04,0,0.23809,-0.07379,-0.07379,-0.23809,2,0.24926
2023-06-05,0,0.37606,0.08856,0.08856,-0.37606,3,0.38634
2023-06-06,0,0.3923,0.13133,0.13133,-0.3923,3,0.4137
2023-06-07,0,0.38253,0.15445,0.15445,-0.38253,3,0.41253
2023-06-08,0,0.30372,0.14675,0.14675,-0.30372,3,0.33731
2023-06-09,0,0.25667,0.16571,0.16571,-0.25667,3,0.30551
2023-06-10,0,0.29644,0.24956,0.24956,-0.29644,3,0.3875
2023-06-11,0,0.30498,0.31077,0.31077,-0.30498,4,0.43542
2023-06-12,0,0.25926,0.35701,0.35701,-0.25926,4,0.44122
2023-06-13,0,0.2412,0.45073,0.45073,-0.2412,4,0.51121
2023-06-14,0,0.2579,0.51521,0.51521,-0.2579,4,0.57615
2023-06-15,0,0.3296,0.49742,0.49742,-0.3296,4,0.5967
2023-06-16,0,0.35822,0.45896,0.45896,-0.35822,4,0.58221
2023-06-17,0,0.39797,0.42758,0.42758,-0.39797,4,0.58412
2023-06-18,0,0.42243,0.36438,0.36438,-0.42243,3,0.55787
2023-06-19,0,0.39199,0.23269,0.23269,-0.39199,3,0.45585
2023-06-20,0,0.35512,0.17912,0.17912,-0.35512,3,0.39773
2023-06-21,0,0.38306,0.14995,0.14995,-0.38306,3,0.41137
2023-06-22,0,0.40252,0.03644,0.03644,-0.40252,3,0.40417
2023-06-23,0,0.40878,-0.07853,-0.07853,-0.40878,2,0.41626
2023-06-24,0,0.33341,-0.10586,-0.10586,-0.33341,2,0.34981
2023-06-25,0,0.34333,-0.05685,-0.05685,-0.34333,2,0.348
2023-06-26,0,0.41155,-0.0617,-0.0617,-0.41155,2,0.41615
2023-06-27,0,0.51347,-0.00497,-0.00497,-0.51347,2,0.51349
2023-06-28,0,0.58979,0.07954,0.07954,-0.58979,3,0.59513
2023-06-29,0,0.67328,0.19929,0.19929,-0.67328,3,0.70216
2023-06-30,0,0.79722,0.29561,0.29561,-0.79722,3,0.85026
2023-07-01,0,0.92379,0.40804,0.40804,-0.92379,3,1.00989
2023-07-02,0,0.92394,0.52677,0.52677,-0.92394,3,1.06356
2023-07-03,0,0.98901,0.61235,0.61235,-0.98901,3,1.16323
2023-07-04,0,0.99515,0.62588,0.62588,-0.99515,3,1.1756
2023-07-05,0,0.87464,0.67991,0.67991,-0.87464,3,1.10782
2023-07-06,0,0.80203,0.68923,0.68923,-0.80203,3,1.05749
2023-07-07,0,0.7363,0.67531,0.67531,-0.7363,3,0.99909
2023-07-08,0,0.65465,0.57622,0.57622,-0.65465,3,0.87212
2023-07-09,0,0.45033,0.4653,0.4653,-0.45033,4,0.64754
2023-07-10,0,0.19587,0.37476,0.37476,-0.19587,4,0.42286
2023-07-11,0,0.0018,0.32809,0.32809,-0.0018,4,0.32809
2023-07-12,0,-0.24371,0.37192,0.37192,0.24371,5,0.44465
2023-07-13,0,-0.39316,0.38981,0.38981,0.39316,6,0.55365
2023-07-14,0,-0.39112,0.39108,0.39108,0.39112,6,0.5531
2023-07-15,0,-0.47618,0.37446,0.37446,0.47618,6,0.60578
2023-07-16,0,-0.58826,0.37156,0.37156,0.58826,6,0.69578
2023-07-17,0,-0.69054,0.40249,0.40249,0.69054,6,0.79928
2023-07-18,0,-0.76431,0.44879,0.44879,0.76431,6,0.88633
2023-07-19,0,-0.82068,0.51587,0.51587,0.82068,6,0.96935
2023-07-20,0,-0.863,0.52924,0.52924,0.863,6,1.01235
2023-07-21,0,-0.86292,0.47812,0.47812,0.86292,6,0.98653
2023-07-22,0,-0.90385,0.42195,0.42195,0.90385,6,0.99749
2023-07-23,0,-1.04955,0.2584,0.2584,1.04955,6,1.0809
2023-07-24,0,-1.14876,0.06757,0.06757,1.14876,6,1.15075
2023-07-25,0,-1.16581,-0.11305,-0.11305,1.16581,7,1.17128
2023-07-26,0,-1.12185,-0.26317,-0.26317,1.12185,7,1.15231
2023-07-27,0,-1.04605,-0.45149,-0.45149,1.04605,7,1.13933
2023-07-28,0,-0.91893,-0.68616,-0.68616,0.91893,7,1.14684
2023-07-29,0,-0.71262,-0.89259,-0.89259,0.71262,8,1.14216
2023-07-30,0,-0.46723,-1.07995,-1.07995,0.46723,8,1.17669
2023-07-31,0,-0.23571,-1.23034,-1.23034,0.23571,8,1.25272
2023-08-01,0,0.04597,-1.30008,-1.30008,-0.04597,1,1.30089
2023-08-02,0,0.2621,-1.34688,-1.34688,-0.2621,1,1.37215
2023-08-03,0,0.3767,-1.35082,-1.35082,-0.3767,1,1.40236
2023-08-04,0,0.47878,-1.32928,-1.32928,-0.47878,1,1.41287
2023-08-05,0,0.61181,-1.28942,-1.28942,-0.61181,1,1.42721
2023-08-06,0,0.71982,-1.2364,-1.2364,-0.71982,1,1.43067
2023-08-07,0,0.77222,-1.21392,-1.21392,-0.77222,1,1.43873
2023-08-08,0,0.71638,-1.13275,-1.13275,-0.71638,1,1.34027
2023-08-09,0,0.6495,-0.99656,-0.99656,-0.6495,1,1.18953
2023-08-10,0,0.54907,-0.83725,-0.83725,-0.54907,1,1.00123
2023-08-11,0,0.47077,-0.683,-0.683,-0.47077,1,0.82953
2023-08-12,0,0.44171,-0.53948,-0.53948,-0.44171,1,0.69724
2023-08-13,0,0.42812,-0.45205,-0.45205,-0.42812,1,0.62261
2023-08-14,0,0.39641,-0.32942,-0.32942,-0.39641,2,0.51542
2023-08-15,0,0.3592,-0.24182,-0.24182,-0.3592,2,0.43302
2023-08-16,0,0.32517,-0.16028,-0.16028,-0.32517,2,0.36252
2023-08-17,0,0.34296,-0.09737,-0.09737,-0.34296,2,0.35651
2023-08-18,0,0.37487,-0.10458,-0.10458,-0.37487,2,0.38918
2023-08-19,0,0.3796,-0.15117,-0.15117,-0.3796,2,0.40859
2023-08-20,0,0.34386,-0.20769,-0.20769,-0.34386,2,0.40171
2023-08-21,0,0.31902,-0.27934,-0.27934,-0.31902,2,0.42404
2023-08-22,0,0.21601,-0.39592,-0.39592,-0.21601,1,0.45101
2023-08-23,0,0.07961,-0.49073,-0.49073,-0.07961,1,0.49714
2023-08-24,0,-0.0653,-0.48266,-0.48266,0.0653,8,0.48706
2023-08-25,0,-0.19026,-0.39033,-0.39033,0.19026,8,0.43423
2023-08-26,0,-0.18817,-0.35028,-0.35028,0.18817,8,0.39763
2023-08-27,0,-0.16515,-0.29378,-0.29378,0.16515,8,0.33701
2023-08-28,0,-0.16234,-0.21796,-0.21796,0.16234,8,0.27178
2023-08-29,0,-0.15447,-0.05137,-0.05137,0.15447,7,0.16279
2023-08-30,0,-0.12459,0.14514,0.14514,0.12459,5,0.19128
2023-08-31,0,0.0144,0.392,0.392,-0.0144,4,0.39227
2023-09-01,0,0.13802,0.52069,0.52069,-0.13802,4,0.53868
2023-09-02,0,0.26629,0.59463,0.59463,-0.26629,4,0.65153
2023-09-03,0,0.35066,0.60257,0.60257,-0.35066,4,0.69718
2023-09-04,0,0.28119,0.6807,0.6807,-0.28119,4,0.73649
2023-09-05,0,0.19187,0.82323,0.82323,-0.19187,4,0.8453
2023-09-06,0,0.0781,0.99387,0.99387,-0.0781,4,0.99693
2023-09-07,0,0.02959,1.06963,1.06963,-0.02959,4,1.07004
2023-09-08,0,-0.08838,1.05492,1.05492,0.08838,5,1.05861
2023-09-09,0,-0.23985,0.9694,0.9694,0.23985,5,0.99863
2023-09-10,0,-0.36217,1.0016,1.0016,0.36217,5,1.06507
2023-09-11,0,-0.49047,1.02173,1.02173,0.49047,5,1.13335
2023-09-12,0,-0.58554,1.01419,1.01419,0.58554,5,1.17109
2023-09-13,0,-0.63294,0.95574,0.95574,0.63294,5,1.14632
2023-09-14,0,-0.67325,0.85364,0.85364,0.67325,5,1.08719
2023-09-15,0,-0.57921,0.7111,0.7111,0.57921,5,0.91714
2023-09-16,0,-0.52188,0.5777,0.5777,0.52188,5,0.77853
2023-09-17,0,-0.46428,0.47948,0.47948,0.46428,5,0.66742
2023-09-18,0,-0.41146,0.46182,0.46182,0.41146,5,0.61853
2023-09-19,0,-0.40242,0.40676,0.40676,0.40242,5,0.57219
2023-09-20,0,-0.37379,0.39811,0.39811,0.37379,5,0.54609
2023-09-21,0,-0.3691,0.38042,0.38042,0.3691,5,0.53005
2023-09-22,0,-0.39358,0.40219,0.40219,0.39358,5,0.56273
2023-09-23,0,-0.43354,0.42686,0.42686,0.43354,6,0.60841
2023-09-24,0,-0.5519,0.44296,0.44296,0.5519,6,0.70768
2023-09-25,0,-0.67413,0.44579,0.44579,0.67413,6,0.80819
2023-09-26,0,-0.72312,0.39793,0.39793,0.72312,6,0.82538
2023-09-27,0,-0.78385,0.29856,0.29856,0.78385,6,0.83879
2023-09-28,0,-0.74948,0.21183,0.21183,0.74948,6,0.77884
2023-09-29,0,-0.68182,0.07105,0.07105,0.68182,6,0.68551
2023-09-30,0,-0.61435,-0.10802,-0.10802,0.61435,7,0.62377
2023-10-01,0,-0.54677,-0.35248,-0.35248,0.54677,7,0.65054
2023-10-02,0,-0.53275,-0.58533,-0.58533,0.53275,8,0.79148
2023-10-03,0,-0.52486,-0.77965,-0.77965,0.52486,8,0.93986
2023-10-04,0,-0.51323,-0.99114,-0.99114,0.51323,8,1.11614
2023-10-05,0,-0.50775,-1.17541,-1.17541,0.50775,8,1.28038
2023-10-06,0,-0.43163,-1.29928,-1.29928,0.43163,8,1.3691
2023-10-07,0,-0.28637,-1.39851,-1.39851,0.28637,8,1.42753
2023-10-08,0,-0.13739,-1.44478,-1.44478,0.13739,8,1.4513
2023-10-09,0,0.04941,-1.36353,-1.36353,-0.04941,1,1.36442
2023-10-10,0,0.2263,-1.18004,-1.18004,-0.2263,1,1.20154
2023-10-11,0,0.36191,-0.96668,-0.96668,-0.36191,1,1.0322
2023-10-12,0,0.49466,-0.76282,-0.76282,-0.49466,1,0.90917
2023-10-13,0,0.6273,-0.55395,-0.55395,-0.6273,2,0.83688
2023-10-14,0,0.76245,-0.38068,-0.38068,-0.76245,2,0.8522
2023-10-15,0,0.86803,-0.27647,-0.27647,-0.86803,2,0.91099
2023-10-16,0,0.87206,-0.25348,-0.25348,-0.87206,2,0.90815
2023-10-17,0,0.77688,-0.24069,-0.24069,-0.77688,2,0.81331
2023-10-18,0,0.69566,-0.23714,-0.23714,-0.69566,2,0.73497
2023-10-19,0,0.61429,-0.29441,-0.29441,-0.61429,2,0.68119
2023-10-20,0,0.54552,-0.36055,-0.36055,-0.54552,2,0.6539
2023-10-21,0,0.47689,-0.43948,-0.43948,-0.47689,2,0.64851
2023-10-22,0,0.43844,-0.47495,-0.47495,-0.43844,1,0.64638
2023-10-23,0,0.40298,-0.47476,-0.47476,-0.40298,1,0.62273
2023-10-24,0,0.39738,-0.45311,-0.45311,-0.39738,1,0.60268
2023-10-25,0,0.46632,-0.43625,-0.43625,-0.46632,2,0.63856
2023-10-26,0,0.56856,-0.47758,-0.47758,-0.56856,2,0.74252
2023-10-27,0,0.6426,-0.4982,-0.4982,-0.6426,2,0.81311
2023-10-28,0,0.70296,-0.46511,-0.46511,-0.70296,2,0.8429
2023-10-29,0,0.80656,-0.4618,-0.4618,-0.80656,2,0.92941
2023-10-30,0,0.89546,-0.39985,-0.39985,-0.89546,2,0.98068
2023-10-31,0,0.93087,-0.33109,-0.33109,-0.93087,2,0.988
2023-11-01,0,0.94221,-0.27181,-0.27181,-0.94221,2,0.98063
2023-11-02,0,0.85927,-0.23263,-0.23263,-0.85927,2,0.8902
2023-11-03,0,0.7157,-0.18203,-0.18203,-0.7157,2,0.73848
2023-11-04,0,0.56063,-0.07639,-0.07639,-0.56063,2,0.56581
2023-11-05,0,0.39117,-0.01129,-0.01129,-0.39117,2,0.39133
2023-11-06,0,0.22144,0.0003,0.0003,-0.22144,3,0.22144
2023-11-07,0,0.04566,0.07954,0.07954,-0.04566,4,0.09171
2023-11-08,0,-0.11476,0.1672,0.1672,0.11476,5,0.20279
2023-11-09,0,-0.26594,0.26534,0.26534,0.26594,6,0.37568
2023-11-10,0,-0.4044,0.36134,0.36134,0.4044,6,0.54231
2023-11-11,0,-0.48163,0.49521,0.49521,0.48163,5,0.6908
2023-11-12,0,-0.45245,0.60798,0.60798,0.45245,5,0.75786
2023-11-13,0,-0.30189,0.62359,0.62359,0.30189,5,0.69282
2023-11-14,0,-0.11911,0.6202,0.6202,0.11911,5,0.63153
2023-11-15,0,0.10202,0.56329,0.56329,-0.10202,4,0.57245
2023-11-16,0,0.21968,0.37974,0.37974,-0.21968,4,0.4387
2023-11-17,0,0.35055,0.25662,0.25662,-0.35055,3,0.43444
2023-11-18,0,0.49105,0.19051,0.19051,-0.49105,3,0.52671
2023-11-19,0,0.6154,0.24309,0.24309,-0.6154,3,0.66167
2023-11-20,0,0.74755,0.34184,0.34184,-0.74755,3,0.822
2023-11-21,0,0.74802,0.51097,0.51097,-0.74802,3,0.90588
2023-11-22,0,0.68616,0.6754,0.6754,-0.68616,3,0.96279
2023-11-23,0,0.64755,0.74263,0.74263,-0.64755,4,0.9853
2023-11-24,0,0.63772,0.83158,0.83158,-0.63772,4,1.04796
2023-11-25,0,0.63072,0.98521,0.98521,-0.63072,4,1.16981
2023-11-26,0,0.5814,1.08807,1.08807,-0.5814,4,1.23367
2023-11-27,0,0.52513,1.08401,1.08401,-0.52513,4,1.20451
2023-11-28,0,0.44363,1.01613,1.01613,-0.44363,4,1.10875
2023-11-29,0,0.36481,0.96402,0.96402,-0.36481,4,1.03074
2023-11-30,0,0.31583,0.88356,0.88356,-0.31583,4,0.93831
2023-12-01,0,0.21452,0.79095,0.79095,-0.21452,4,0.81953
2023-12-02,0,0.11698,0.78433,0.78433,-0.11698,4,0.79301
2023-12-03,0,0.01672,0.8282,0.8282,-0.01672,4,0.82837
2023-12-04,0,-0.04706,0.8247,0.8247,0.04706,5,0.82604
2023-12-05,0,-0.09093,0.71477,0.71477,0.09093,5,0.72053
2023-12-06,0,-0.07438,0.62825,0.62825,0.07438,5,0.63264
2023-12-07,0,0.00089,0.49704,0.49704,-0.00089,4,0.49704
2023-12-08,0,0.03486,0.37747,0.37747,-0.03486,4,0.37908
2023-12-09,0,-0.02683,0.22788,0.22788,0.02683,5,0.22945
2023-12-10,0,-0.04944,0.11374,0.11374,0.04944,5,0.12402
2023-12-11,0,-0.06056,-0.04332,-0.04332,0.06056,7,0.07446
2023-12-12,0,-0.05239,-0.18709,-0.18709,0.05239,8,0.19429
2023-12-13,0,-0.01311,-0.28816,-0.28816,0.01311,8,0.28846
2023-12-14,0,0.04544,-0.39477,-0.39477,-0.04544,1,0.39737
2023-12-15,0,0.05484,-0.49427,-0.49427,-0.05484,1,0.4973
2023-12-16,0,0.05383,-0.5463,-0.5463,-0.05383,1,0.54895
2023-12-17,0,0.11551,-0.61397,-0.61397,-0.11551,1,0.62474
2023-12-18,0,0.29566,-0.64593,-0.64593,-0.29566,1,0.71038
2023-12-19,0,0.47827,-0.64688,-0.64688,-0.47827,1,0.80449
2023-12-20,0,0.57481,-0.57924,-0.57924,-0.57481,1,0.81605
2023-12-21,0,0.65721,-0.56263,-0.56263,-0.65721,2,0.86514
2023-12-22,0,0.70749,-0.59627,-0.59627,-0.70749,2,0.92525
2023-12-23,0,0.78094,-0.58275,-0.58275,-0.78094,2,0.9744
2023-12-24,0,0.88037,-0.57522,-0.57522,-0.88037,2,1.05163
2023-12-25,0,0.9754,-0.53882,-0.53882,-0.9754,2,1.11433
2023-12-26,0,1.08284,-0.52338,-0.52338,-1.08284,2,1.20269
2023-12-27,0,1.16835,-0.45627,-0.45627,-1.16835,2,1.25428
2023-12-28,0,1.21025,-0.42484,-0.42484,-1.21025,2,1.28265
2023-12-29,0,1.32128,-0.39052,-0.39052,-1.32128,2,1.37778
2023-12-30,0,1.39545,-0.26573,-0.26573,-1.39545,2,1.42053
2023-12-31,0,1.45481,-0.12206,-0.12206,-1.45481,2,1.45992
2024-01-01,0,1.52484,0.00746,0.00746,-1.52484,3,1.52486
2024-01-02,0,1.56886,0.25247,0.25247,-1.56886,3,1.58905
2024-01-03,0,1.55954,0.50457,0.50457,-1.55954,3,1.63913
2024-01-04,0,1.4514,0.79884,0.79884,-1.4514,3,1.65671
2024-01-05,0,1.29643,1.06751,1.06751,-1.29643,3,1.67937
2024-01-06,0,1.12644,1.24953,1.24953,-1.12644,4,1.68232
2024-01-07,0,0.92548,1.41313,1.41313,-0.92548,4,1.68921
2024-01-08,0,0.70306,1.52727,1.52727,-0.70306,4,1.68132
2024-01-09,0,0.4302,1.6669,1.6669,-0.4302,4,1.72152
2024-01-10,0,0.10232,1.85298,1.85298,-0.10232,4,1.8558
2024-01-11,0,-0.2313,1.97336,1.97336,0.2313,5,1.98687
2024-01-12,0,-0.52736,2.08576,2.08576,0.52736,5,2.15139
2024-01-13,0,-0.75864,2.19427,2.19427,0.75864,5,2.32172
2024-01-14,0,-1.0048,2.25876,2.25876,1.0048,5,2.47217
2024-01-15,0,-1.17085,2.35983,2.35983,1.17085,5,2.63433
2024-01-16,0,-1.33971,2.3946,2.3946,1.33971,5,2.74389
2024-01-17,0,-1.45215,2.34939,2.34939,1.45215,5,2.76195
2024-01-18,0,-1.48149,2.26225,2.26225,1.48149,5,2.70418
2024-01-19,0,-1.4581,2.18304,2.18304,1.4581,5,2.6252
2024-01-20,0,-1.4242,2.07793,2.07793,1.4242,5,2.51916
2024-01-21,0,-1.45415,1.86857,1.86857,1.45415,5,2.36771
2024-01-22,0,-1.5353,1.571,1.571,1.5353,5,2.19663
2024-01-23,0,-1.53823,1.24405,1.24405,1.53823,6,1.97834
2024-01-24,0,-1.51296,0.9273,0.9273,1.51296,6,1.77452
2024-01-25,0,-1.4921,0.60305,0.60305,1.4921,6,1.60935
2024-01-26,0,-1.47315,0.31385,0.31385,1.47315,6,1.50622
2024-01-27,0,-1.43624,0.05558,0.05558,1.43624,6,1.43731
2024-01-28,0,-1.33201,-0.06536,-0.06536,1.33201,7,1.33361
2024-01-29,0,-1.31731,-0.40442,-0.40442,1.31731,7,1.37799
2024-01-30,0,-1.22492,-0.67822,-0.67822,1.22492,7,1.40015
2024-01-31,0,-1.10338,-0.93051,-0.93051,1.10338,7,1.44336
2024-02-01,0,-1.00198,-1.0902,-1.0902,1.00198,8,1.48071
2024-02-02,0,-0.99269,-1.10705,-1.10705,0.99269,8,1.48694
2024-02-03,0,-0.9764,-1.06785,-1.06785,0.9764,8,1.44695
2024-02-04,0,-0.95383,-1.07553,-1.07553,0.95383,8,1.43755
2024-02-05,0,-0.85687,-1.15417,-1.15417,0.85687,8,1.43747
2024-02-06,0,-0.84364,-1.3894,-1.3894,0.84364,8,1.62547
2024-02-07,0,-0.78262,-1.39815,-1.39815,0.78262,8,1.60228
2024-02-08,0,-0.71149,-1.40282,-1.40282,0.71149,8,1.57293
2024-02-09,0,-0.6566,-1.37555,-1.37555,0.6566,8,1.52422
2024-02-10,0,-0.58371,-1.37589,-1.37589,0.58371,8,1.49459
2024-02-11,0,-0.46028,-1.49304,-1.49304,0.46028,8,1.56237
2024-02-12,0,-0.22841,-1.65876,-1.65876,0.22841,8,1.67442
2024-02-13,0,0.00776,-1.81581,-1.81581,-0.00776,1,1.81582
2024-02-14,0,0.12807,-1.89302,-1.89302,-0.12807,1,1.89735
2024-02-15,0,0.1807,-1.91793,-1.91793,-0.1807,1,1.92643
2024-02-16,0,0.20793,-1.90388,-1.90388,-0.20793,1,1.9152
2024-02-17,0,0.23753,-1.83617,-1.83617,-0.23753,1,1.85147
2024-02-18,0,0.28228,-1.77357,-1.77357,-0.28228,1,1.79589
2024-02-19,0,0.28655,-1.70043,-1.70043,-0.28655,1,1.72441
2024-02-20,0,0.35139,-1.53989,-1.53989,-0.35139,1,1.57947
2024-02-21,0,0.43437,-1.28746,-1.28746,-0.43437,1,1.35876
2024-02-22,0,0.57543,-1.01725,-1.01725,-0.57543,1,1.16872
2024-02-23,0,0.76731,-0.75709,-0.75709,-0.76731,2,1.07793
2024-02-24,0,1.0109,-0.42764,-0.42764,-1.0109,2,1.09763
2024-02-25,0,1.21174,-0.10242,-0.10242,-1.21174,2,1.21606
2024-02-26,0,1.31078,0.22669,0.22669,-1.31078,3,1.33023
2024-02-27,0,1.34684,0.56473,0.56473,-1.34684,3,1.46045
2024-02-28,0,1.41497,0.8338,0.8338,-1.41497,3,1.64237
2024-02-29,0,1.44688,1.05506,1.05506,-1.44688,3,1.7907
2024-03-01,0,1.46901,1.22819,1.22819,-1.46901,3,1.91479
2024-03-02,0,1.4972,1.41241,1.41241,-1.4972,3,2.05828
2024-03-03,0,1.48062,1.65376,1.65376,-1.48062,4,2.21972
2024-03-04,0,1.44065,1.89564,1.89564,-1.44065,4,2.38095
2024-03-05,0,1.37136,2.15104,2.15104,-1.37136,4,2.551
2024-03-06,0,1.26321,2.3351,2.3351,-1.26321,4,2.65488
2024-03-07,0,1.14325,2.46981,2.46981,-1.14325,4,2.72158
2024-03-08,0,0.99649,2.6318,2.6318,-0.99649,4,2.81414
2024-03-09,0,0.85465,2.71108,2.71108,-0.85465,4,2.8426
2024-03-10,0,0.69788,2.72733,2.72733,-0.69788,4,2.8152
2024-03-11,0,0.43749,2.72669,2.72669,-0.43749,4,2.76156
2024-03-12,0,0.05895,2.62617,2.62617,-0.05895,4,2.62683
2024-03-13,0,-0.40139,2.44437,2.44437,0.40139,5,2.47711
2024-03-14,0,-0.86336,2.09751,2.09751,0.86336,5,2.26825
2024-03-15,0,-1.26513,1.55951,1.55951,1.26513,5,2.00814
2024-03-16,0,-1.47986,0.99259,0.99259,1.47986,6,1.78192
2024-03-17,0,-1.46895,0.48246,0.48246,1.46895,6,1.54615
2024-03-18,0,-1.28025,0.0295,0.0295,1.28025,6,1.28059
2024-03-19,0,-1.08646,-0.42229,-0.42229,1.08646,7,1.16564
2024-03-20,0,-0.89358,-0.77824,-0.77824,0.89358,7,1.18497
2024-03-21,0,-0.69738,-1.05743,-1.05743,0.69738,8,1.26669
2024-03-22,0,-0.4893,-1.29045,-1.29045,0.4893,8,1.3801
2024-03-23,0,-0.39207,-1.36244,-1.36244,0.39207,8,1.41773
2024-03-24,0,-0.33641,-1.37851,-1.37851,0.33641,8,1.41897
2024-03-25,0,-0.3206,-1.45039,-1.45039,0.3206,8,1.4854
2024-03-26,0,-0.31731,-1.42877,-1.42877,0.31731,8,1.46358
2024-03-27,0,-0.34205,-1.29574,-1.29574,0.34205,8,1.34013
2024-03-28,0,-0.35111,-1.05876,-1.05876,0.35111,8,1.11546
2024-03-29,0,-0.34723,-0.87737,-0.87737,0.34723,8,0.94359
2024-03-30,0,-0.33316,-0.70967,-0.70967,0.33316,8,0.78399
2024-03-31,0,-0.295,-0.54446,-0.54446,0.295,8,0.61924
2024-04-01,0,-0.23475,-0.55808,-0.55808,0.23475,8,0.60544
2024-04-02,0,-0.13072,-0.57698,-0.57698,0.13072,8,0.5916
2024-04-03,0,-0.03127,-0.48134,-0.48134,0.03127,8,0.48235
2024-04-04,0,0.02424,-0.40187,-0.40187,-0.02424,1,0.4026
2024-04-05,0,0.0619,-0.30792,-0.30792,-0.0619,1,0.31408
2024-04-06,0,0.09776,-0.28262,-0.28262,-0.09776,1,0.29905
2024-04-07,0,0.1554,-0.3052,-0.3052,-0.1554,1,0.34248
2024-04-08,0,0.25084,-0.31358,-0.31358,-0.25084,1,0.40157
2024-04-09,0,0.30501,-0.37474,-0.37474,-0.30501,1,0.48318
2024-04-10,0,0.24383,-0.40016,-0.40016,-0.24383,1,0.4686
2024-04-11,0,0.19534,-0.40496,-0.40496,-0.19534,1,0.44962
2024-04-12,0,0.26894,-0.41449,-0.41449,-0.26894,1,0.49409
2024-04-13,0,0.37766,-0.40508,-0.40508,-0.37766,1,0.55382
2024-04-14,0,0.50979,-0.46878,-0.46878,-0.50979,2,0.69256
2024-04-15,0,0.61235,-0.50603,-0.50603,-0.61235,2,0.79438
2024-04-16,0,0.68887,-0.4701,-0.4701,-0.68887,2,0.83399
2024-04-17,0,0.7358,-0.48618,-0.48618,-0.7358,2,0.88192
2024-04-18,0,0.81936,-0.44045,-0.44045,-0.81936,2,0.93025
2024-04-19,0,1.07317,-0.36664,-0.36664,-1.07317,2,1.13407
2024-04-20,0,1.22398,-0.33631,-0.33631,-1.22398,2,1.26934
2024-04-21,0,1.24339,-0.35714,-0.35714,-1.24339,2,1.29367
2024-04-22,0,1.18982,-0.37894,-0.37894,-1.18982,2,1.24871
2024-04-23,0,1.19726,-0.31758,-0.31758,-1.19726,2,1.23866
2024-04-24,0,1.24368,-0.2685,-0.2685,-1.24368,2,1.27234
2024-04-25,0,1.26198,-0.19859,-0.19859,-1.26198,2,1.27751
2024-04-26,0,1.29661,-0.06522,-0.06522,-1.29661,2,1.29825
2024-04-27,0,1.22567,0.06499,0.06499,-1.22567,3,1.2274
2024-04-28,0,1.03758,0.21324,0.21324,-1.03758,3,1.05926
2024-04-29,0,0.88645,0.3693,0.3693,-0.88645,3,0.9603
2024-04-30,0,0.73603,0.5135,0.5135,-0.73603,3,0.89746
2024-05-01,0,0.60047,0.64105,0.64105,-0.60047,4,0.87836
2024-05-02,0,0.338,0.74939,0.74939,-0.338,4,0.82209
2024-05-03,0,0.05988,0.84501,0.84501,-0.05988,4,0.84713
2024-05-04,0,-0.17136,0.87282,0.87282,0.17136,5,0.88948
2024-05-05,0,-0.45749,0.85636,0.85636,0.45749,5,0.9709
2024-05-06,0,-0.68752,0.86497,0.86497,0.68752,5,1.10493
2024-05-07,0,-0.77886,0.82627,0.82627,0.77886,5,1.13549
2024-05-08,0,-0.80549,0.74355,0.74355,0.80549,6,1.09621
2024-05-09,0,-0.79791,0.68691,0.68691,0.79791,6,1.05286
2024-05-10,0,-0.72095,0.55985,0.55985,0.72095,6,0.9128
2024-05-11,0,-0.62026,0.44821,0.44821,0.62026,6,0.76525
2024-05-12,0,-0.49607,0.37325,0.37325,0.49607,6,0.62081
2024-05-13,0,-0.41528,0.31298,0.31298,0.41528,6,0.52001
2024-05-14,0,-0.23209,0.31743,0.31743,0.23209,5,0.39323
2024-05-15,0,-0.02952,0.29747,0.29747,0.02952,5,0.29893
2024-05-16,0,0.08969,0.36646,0.36646,-0.08969,4,0.37727
2024-05-17,0,0.16054,0.50165,0.50165,-0.16054,4,0.52671
2024-05-18,0,0.28283,0.63819,0.63819,-0.28283,4,0.69806
2024-05-19,0,0.36144,0.82808,0.82808,-0.36144,4,0.90352
2024-05-20,0,0.43518,0.97869,0.97869,-0.43518,4,1.07108
2024-05-21,0,0.46941,1.06876,1.06876,-0.46941,4,1.1673
2024-05-22,0,0.5109,1.11361,1.11361,-0.5109,4,1.22521
2024-05-23,0,0.52602,1.06236,1.06236,-0.52602,4,1.18546
2024-05-24,0,0.53123,0.9623,0.9623,-0.53123,4,1.09919
2024-05-25,0,0.42023,0.82764,0.82764,-0.42023,4,0.92821
2024-05-26,0,0.3054,0.68098,0.68098,-0.3054,4,0.74633
2024-05-27,0,0.19693,0.62987,0.62987,-0.19693,4,0.65994
2024-05-28,0,0.15451,0.55128,0.55128,-0.15451,4,0.57252
2024-05-29,0,0.08874,0.46482,0.46482,-0.08874,4,0.47322
2024-05-30,0,-0.06132,0.38563,0.38563,0.06132,5,0.39047
2024-05-31,0,-0.24084,0.30699,0.30699,0.24084,5,0.39019
2024-06-01,0,-0.51803,0.34036,0.34036,0.51803,6,0.61984
2024-06-02,0,-0.72299,0.41462,0.41462,0.72299,6,0.83344
2024-06-03,0,-0.83953,0.33534,0.33534,0.83953,6,0.90403
2024-06-04,0,-0.86564,0.25056,0.25056,0.86564,6,0.90117
2024-06-05,0,-0.93732,0.1083,0.1083,0.93732,6,0.94355
2024-06-06,0,-1.04721,0.01718,0.01718,1.04721,6,1.04735
2024-06-07,0,-1.03255,-0.05699,-0.05699,1.03255,7,1.03412
2024-06-08,0,-0.95556,-0.07319,-0.07319,0.95556,7,0.95836
2024-06-09,0,-0.87963,-0.04157,-0.04157,0.87963,7,0.88061
2024-06-10,0,-0.71272,-0.12476,-0.12476,0.71272,7,0.72356
2024-06-11,0,-0.5279,-0.24875,-0.24875,0.5279,7,0.58358
2024-06-12,0,-0.36762,-0.21303,-0.21303,0.36762,7,0.42489
2024-06-13,0,-0.34994,-0.20447,-0.20447,0.34994,7,0.4053
2024-06-14,0,-0.3172,-0.15941,-0.15941,0.3172,7,0.355
2024-06-15,0,-0.24884,-0.1441,-0.1441,0.24884,7,0.28756
2024-06-16,0,-0.24114,-0.10971,-0.10971,0.24114,7,0.26492
2024-06-17,0,-0.16379,-0.0394,-0.0394,0.16379,7,0.16847
2024-06-18,0,-0.15461,-0.04543,-0.04543,0.15461,7,0.16115
2024-06-19,0,-0.03873,0.0499,0.0499,0.03873,5,0.06317
2024-06-20,0,-0.02442,0.12222,0.12222,0.02442,5,0.12463
2024-06-21,0,-0.00341,0.17267,0.17267,0.00341,5,0.1727
2024-06-22,0,0.08969,0.24864,0.24864,-0.08969,4,0.26433
2024-06-23,0,0.20493,0.21231,0.21231,-0.20493,4,0.29508
2024-06-24,0,0.23737,0.06899,0.06899,-0.23737,3,0.2472
2024-06-25,0,0.25283,0.03766,0.03766,-0.25283,3,0.25562
2024-06-26,0,0.21864,0.06904,0.06904,-0.21864,3,0.22928
2024-06-27,0,0.31951,0.17369,0.17369,-0.31951,3,0.36366
2024-06-28,0,0.26366,0.10834,0.10834,-0.26366,3,0.28506
2024-06-29,0,0.21252,0.16218,0.16218,-0.21252,3,0.26734
2024-06-30,0,0.29299,0.22878,0.22878,-0.29299,3,0.37173
2024-07-01,0,0.41047,0.2477,0.2477,-0.41047,3,0.47942
2024-07-02,0,0.48075,0.33239,0.33239,-0.48075,3,0.58447
2024-07-03,0,0.53943,0.52047,0.52047,-0.53943,3,0.74959
2024-07-04,0,0.57957,0.6214,0.6214,-0.57957,4,0.84973
2024-07-05,0,0.62802,0.60896,0.60896,-0.62802,3,0.87478
2024-07-06,0,0.61134,0.61232,0.61232,-0.61134,4,0.86526
2024-07-07,0,0.54303,0.76052,0.76052,-0.54303,4,0.93449
2024-07-08,0,0.52899,0.83769,0.83769,-0.52899,4,0.99074
2024-07-09,0,0.38073,0.87841,0.87841,-0.38073,4,0.95737
2024-07-10,0,0.17012,0.95816,0.95816,-0.17012,4,0.97314
2024-07-11,0,-0.11506,0.98699,0.98699,0.11506,5,0.99368
2024-07-12,0,-0.38601,1.01755,1.01755,0.38601,5,1.08831
2024-07-13,0,-0.56515,1.03217,1.03217,0.56515,5,1.17677
2024-07-14,0,-0.72225,1.05539,1.05539,0.72225,5,1.27887
2024-07-15,0,-0.80733,1.0205,1.0205,0.80733,5,1.30123
2024-07-16,0,-0.8473,0.87549,0.87549,0.8473,5,1.21836
2024-07-17,0,-0.97348,0.74338,0.74338,0.97348,6,1.22485
2024-07-18,0,-1.02469,0.58343,0.58343,1.02469,6,1.17914
2024-07-19,0,-1.07492,0.36178,0.36178,1.07492,6,1.13416
2024-07-20,0,-1.04088,0.16651,0.16651,1.04088,6,1.05412
2024-07-21,0,-1.00655,-0.02808,-0.02808,1.00655,7,1.00694
2024-07-22,0,-0.95618,-0.22188,-0.22188,0.95618,7,0.98158
2024-07-23,0,-0.98067,-0.41102,-0.41102,0.98067,7,1.06332
2024-07-24,0,-0.9618,-0.56708,-0.56708,0.9618,7,1.11653
2024-07-25,0,-0.81654,-0.7105,-0.7105,0.81654,7,1.08238
2024-07-26,0,-0.52411,-0.91522,-0.91522,0.52411,8,1.05467
2024-07-27,0,-0.23669,-1.11677,-1.11677,0.23669,8,1.14158
2024-07-28,0,-0.00634,-1.16145,-1.16145,0.00634,8,1.16147
2024-07-29,0,0.20387,-1.21125,-1.21125,-0.20387,1,1.22828
2024-07-30,0,0.39233,-1.24181,-1.24181,-0.39233,1,1.30231
2024-07-31,0,0.52656,-1.26062,-1.26062,-0.52656,1,1.36617
2024-08-01,0,0.70238,-1.27119,-1.27119,-0.70238,1,1.45232
2024-08-02,0,0.81641,-1.21147,-1.21147,-0.81641,1,1.46088
2024-08-03,0,0.86676,-1.13477,-1.13477,-0.86676,1,1.42793
2024-08-04,0,0.8815,-1.09033,-1.09033,-0.8815,1,1.40209
2024-08-05,0,0.95588,-1.00197,-1.00197,-0.95588,1,1.38479
2024-08-06,0,1.08348,-1.01598,-1.01598,-1.08348,2,1.48531
2024-08-07,0,1.24612,-1.0034,-1.0034,-1.24612,2,1.59989
2024-08-08,0,1.36628,-1.03914,-1.03914,-1.36628,2,1.71655
2024-08-09,0,1.50007,-1.09136,-1.09136,-1.50007,2,1.85507
2024-08-10,0,1.58168,-1.15802,-1.15802,-1.58168,2,1.96029
2024-08-11,0,1.62292,-1.27182,-1.27182,-1.62292,2,2.06189
2024-08-12,0,1.57513,-1.27314,-1.27314,-1.57513,2,2.02532
2024-08-13,0,1.53901,-1.17015,-1.17015,-1.53901,2,1.93334
2024-08-14,0,1.4203,-1.13044,-1.13044,-1.4203,2,1.81526
2024-08-15,0,1.28134,-0.98233,-0.98233,-1.28134,2,1.61456
2024-08-16,0,1.12981,-0.79321,-0.79321,-1.12981,2,1.38045
2024-08-17,0,1.04004,-0.58507,-0.58507,-1.04004,2,1.19331
2024-08-18,0,0.88814,-0.32449,-0.32449,-0.88814,2,0.94556
2024-08-19,0,0.76656,-0.01559,-0.01559,-0.76656,2,0.76672
2024-08-20,0,0.57179,0.34325,0.34325,-0.57179,3,0.66691
2024-08-21,0,0.41397,0.52381,0.52381,-0.41397,4,0.66764
2024-08-22,0,0.25339,0.66092,0.66092,-0.25339,4,0.70782
2024-08-23,0,0.07029,0.886,0.886,-0.07029,4,0.88878
2024-08-24,0,-0.13019,1.02583,1.02583,0.13019,5,1.03406
2024-08-25,0,-0.31427,1.13201,1.13201,0.31427,5,1.17482
2024-08-26,0,-0.47692,1.27394,1.27394,0.47692,5,1.36028
2024-08-27,0,-0.61066,1.3515,1.3515,0.61066,5,1.48306
2024-08-28,0,-0.79894,1.34014,1.34014,0.79894,5,1.56021
2024-08-29,0,-0.83952,1.24905,1.24905,0.83952,5,1.50497
2024-08-30,0,-0.83005,1.18741,1.18741,0.83005,5,1.44876
2024-08-31,0,-0.93566,1.08017,1.08017,0.93566,5,1.42906
2024-09-01,0,-1.06208,0.90028,0.90028,1.06208,6,1.39231
2024-09-02,0,-1.10939,0.76772,0.76772,1.10939,6,1.34912
2024-09-03,0,-1.04462,0.60744,0.60744,1.04462,6,1.20839
2024-09-04,0,-1.02131,0.41884,0.41884,1.02131,6,1.10386
2024-09-05,0,-1.08247,0.22267,0.22267,1.08247,6,1.10513
2024-09-06,0,-1.08949,0.1519,0.1519,1.08949,6,1.10003
2024-09-07,0,-1.13745,0.08418,0.08418,1.13745,6,1.14056
2024-09-08,0,-1.29122,0.01866,0.01866,1.29122,6,1.29136
2024-09-09,0,-1.42975,0.05187,0.05187,1.42975,6,1.4307
2024-09-10,0,-1.51514,0.10959,0.10959,1.51514,6,1.51909
2024-09-11,0,-1.52722,0.07303,0.07303,1.52722,6,1.52896
2024-09-12,0,-1.65427,0.02628,0.02628,1.65427,6,1.65448
2024-09-13,0,-1.72356,-0.02129,-0.02129,1.72356,7,1.72369
2024-09-14,0,-1.70346,-0.05221,-0.05221,1.70346,7,1.70426
2024-09-15,0,-1.62523,-0.13165,-0.13165,1.62523,7,1.63055
2024-09-16,0,-1.60896,-0.19133,-0.19133,1.60896,7,1.62029
2024-09-17,0,-1.53247,-0.20954,-0.20954,1.53247,7,1.54673
2024-09-18,0,-1.31677,-0.30015,-0.30015,1.31677,7,1.35054
2024-09-19,0,-1.02261,-0.34342,-0.34342,1.02261,7,1.07874
2024-09-20,0,-0.77247,-0.37079,-0.37079,0.77247,7,0.85685
2024-09-21,0,-0.49164,-0.40002,-0.40002,0.49164,7,0.63382
2024-09-22,0,-0.17818,-0.45605,-0.45605,0.17818,8,0.48962
2024-09-23,0,0.19222,-0.5016,-0.5016,-0.19222,1,0.53717
2024-09-24,0,0.56549,-0.58656,-0.58656,-0.56549,1,0.81475
2024-09-25,0,0.93917,-0.65226,-0.65226,-0.93917,2,1.14345
2024-09-26,0,1.23145,-0.68601,-0.68601,-1.23145,2,1.40963
2024-09-27,0,1.38074,-0.64951,-0.64951,-1.38074,2,1.52588
2024-09-28,0,1.42759,-0.61082,-0.61082,-1.42759,2,1.55278
2024-09-29,0,1.45542,-0.54295,-0.54295,-1.45542,2,1.55339
2024-09-30,0,1.51195,-0.51495,-0.51495,-1.51195,2,1.59724
2024-10-01,0,1.53276,-0.40075,-0.40075,-1.53276,2,1.58428
2024-10-02,0,1.53207,-0.31461,-0.31461,-1.53207,2,1.56404
2024-10-03,0,1.53879,-0.19355,-0.19355,-1.53879,2,1.55092
2024-10-04,0,1.5427,-0.1166,-0.1166,-1.5427,2,1.5471
2024-10-05,0,1.63091,-0.09147,-0.09147,-1.63091,2,1.63348
2024-10-06,0,1.78711,-0.07487,-0.07487,-1.78711,2,1.78868
2024-10-07,0,1.96672,-0.02242,-0.02242,-1.96672,2,1.96685
2024-10-08,0,2.06354,0.10716,0.10716,-2.06354,3,2.06632
2024-10-09,0,2.05829,0.34644,0.34644,-2.05829,3,2.08724
2024-10-10,0,1.92862,0.55039,0.55039,-1.92862,3,2.00562
2024-10-11,0,1.65078,0.69819,0.69819,-1.65078,3,1.79235
2024-10-12,0,1.34357,0.73745,0.73745,-1.34357,3,1.53265
2024-10-13,0,1.04938,0.68104,0.68104,-1.04938,3,1.25101
2024-10-14,0,0.69629,0.59632,0.59632,-0.69629,3,0.91674
2024-10-15,0,0.24112,0.42182,0.42182,-0.24112,4,0.48587
2024-10-16,0,-0.27262,0.22535,0.22535,0.27262,6,0.3537
2024-10-17,0,-0.75937,0.01423,0.01423,0.75937,6,0.7595
2024-10-18,0,-1.23615,-0.14243,-0.14243,1.23615,7,1.24433
2024-10-19,0,-1.57517,-0.16695,-0.16695,1.57517,7,1.584
2024-10-20,0,-1.76858,-0.13557,-0.13557,1.76858,7,1.77377
2024-10-21,0,-1.93092,-0.25498,-0.25498,1.93092,7,1.94768
2024-10-22,0,-2.05126,-0.4016,-0.4016,2.05126,7,2.0902
2024-10-23,0,-2.09059,-0.58478,-0.58478,2.09059,7,2.17083
2024-10-24,0,-1.97853,-0.72641,-0.72641,1.97853,7,2.10766
2024-10-25,0,-1.82468,-0.86209,-0.86209,1.82468,7,2.01809
2024-10-26,0,-1.61619,-0.99274,-0.99274,1.61619,7,1.89673
2024-10-27,0,-1.38788,-1.09092,-1.09092,1.38788,7,1.7653
2024-10-28,0,-1.23411,-1.22984,-1.22984,1.23411,7,1.74228
2024-10-29,0,-1.10544,-1.30185,-1.30185,1.10544,8,1.70787
2024-10-30,0,-0.93741,-1.29325,-1.29325,0.93741,8,1.59726
2024-10-31,0,-0.80061,-1.1671,-1.1671,0.80061,8,1.41531
2024-11-01,0,-0.73803,-0.96112,-0.96112,0.73803,8,1.21179
2024-11-02,0,-0.71619,-0.83652,-0.83652,0.71619,8,1.10122
2024-11-03,0,-0.61938,-0.75103,-0.75103,0.61938,8,0.97349
2024-11-04,0,-0.51435,-0.6152,-0.6152,0.51435,8,0.80189
2024-11-05,0,-0.34742,-0.47193,-0.47193,0.34742,8,0.58602
2024-11-06,0,-0.15966,-0.35799,-0.35799,0.15966,8,0.39198
2024-11-07,0,-0.008,-0.2723,-0.2723,0.008,8,0.27242
2024-11-08,0,0.12761,-0.17377,-0.17377,-0.12761,1,0.2156
2024-11-09,0,0.29202,-0.11646,-0.11646,-0.29202,2,0.31439
2024-11-10,0,0.54958,-0.03773,-0.03773,-0.54958,2,0.55087
2024-11-11,0,0.78142,-0.02383,-0.02383,-0.78142,2,0.78178
2024-11-12,0,0.9484,-0.03775,-0.03775,-0.9484,2,0.94915
2024-11-13,0,1.08731,0.00679,0.00679,-1.08731,3,1.08733
2024-11-14,0,1.19614,0.07643,0.07643,-1.19614,3,1.19858
2024-11-15,0,1.3254,0.17404,0.17404,-1.3254,3,1.33678
2024-11-16,0,1.48366,0.24157,0.24157,-1.48366,3,1.50319
2024-11-17,0,1.60276,0.40682,0.40682,-1.60276,3,1.65359
2024-11-18,0,1.71547,0.68943,0.68943,-1.71547,3,1.84882
2024-11-19,0,1.68331,1.08441,1.08441,-1.68331,3,2.00236
2024-11-20,0,1.51317,1.65055,1.65055,-1.51317,4,2.2392
2024-11-21,0,1.20039,2.17708,2.17708,-1.20039,4,2.48608
2024-11-22,0,0.91744,2.44208,2.44208,-0.91744,4,2.60872
2024-11-23,0,0.72657,2.48615,2.48615,-0.72657,4,2.59014
2024-11-24,0,0.54112,2.40016,2.40016,-0.54112,4,2.4604
2024-11-25,0,0.4121,2.35018,2.35018,-0.4121,4,2.38604
2024-11-26,0,0.338,2.28786,2.28786,-0.338,4,2.31269
2024-11-27,0,0.30017,2.19894,2.19894,-0.30017,4,2.21934
2024-11-28,0,0.27904,2.08339,2.08339,-0.27904,4,2.10199
2024-11-29,0,0.20549,1.9024,1.9024,-0.20549,4,1.91347
2024-11-30,0,0.07703,1.72381,1.72381,-0.07703,4,1.72553
2024-12-01,0,-0.05308,1.59377,1.59377,0.05308,5,1.59465
2024-12-02,0,-0.19871,1.56627,1.56627,0.19871,5,1.57883
2024-12-03,0,-0.29646,1.55873,1.55873,0.29646,5,1.58667
2024-12-04,0,-0.41635,1.50504,1.50504,0.41635,5,1.56157
2024-12-05,0,-0.51831,1.41403,1.41403,0.51831,5,1.50603
2024-12-06,0,-0.57336,1.31218,1.31218,0.57336,5,1.43198
2024-12-07,0,-0.59469,1.17177,1.17177,0.59469,5,1.31404
2024-12-08,0,-0.63457,1.08055,1.08055,0.63457,5,1.2531
2024-12-09,0,-0.69873,1.0336,1.0336,0.69873,5,1.24762
2024-12-10,0,-0.78887,0.95716,0.95716,0.78887,5,1.24036
2024-12-11,0,-0.84672,0.8069,0.8069,0.84672,6,1.16962
2024-12-12,0,-0.88283,0.62408,0.62408,0.88283,6,1.08114
2024-12-13,0,-0.96105,0.47448,0.47448,0.96105,6,1.0718
2024-12-14,0,-1.03502,0.31332,0.31332,1.03502,6,1.08141
2024-12-15,0,-1.13679,0.13095,0.13095,1.13679,6,1.14431
2024-12-16,0,-1.29912,-0.01839,-0.01839,1.29912,7,1.29925
2024-12-17,0,-1.43764,-0.15964,-0.15964,1.43764,7,1.44647
2024-12-18,0,-1.46918,-0.30387,-0.30387,1.46918,7,1.50027
2024-12-19,0,-1.40947,-0.42944,-0.42944,1.40947,7,1.47344
2024-12-20,0,-1.43133,-0.52252,-0.52252,1.43133,7,1.52372
2024-12-21,0,-1.43944,-0.58554,-0.58554,1.43944,7,1.55398
2024-12-22,0,-1.37637,-0.57762,-0.57762,1.37637,7,1.49266
2024-12-23,0,-1.34414,-0.55652,-0.55652,1.34414,7,1.4548
2024-12-24,0,-1.35832,-0.46274,-0.46274,1.35832,7,1.43498
2024-12-25,0,-1.28849,-0.3489,-0.3489,1.28849,7,1.33489
2024-12-26,0,-1.11756,-0.30503,-0.30503,1.11756,7,1.15844
2024-12-27,0,-0.91923,-0.30012,-0.30012,0.91923,7,0.96698
2024-12-28,0,-0.77048,-0.3115,-0.3115,0.77048,7,0.83106
2024-12-29,0,-0.63021,-0.40187,-0.40187,0.63021,7,0.74744
2024-12-30,0,-0.47674,-0.488,-0.488,0.47674,8,0.68222
2024-12-31,0,-0.33669,-0.64123,-0.64123,0.33669,8,0.72425
2025-01-01,0,-0.15161,-0.83951,-0.83951,0.15161,8,0.85309
2025-01-02,0,-0.01538,-1.03555,-1.03555,0.01538,8,1.03566
2025-01-03,0,0.04397,-1.19613,-1.19613,-0.04397,1,1.19693
2025-01-04,0,0.09447,-1.28177,-1.28177,-0.09447,1,1.28524
2025-01-05,0,0.16386,-1.34737,-1.34737,-0.16386,1,1.3573
2025-01-06,0,0.25824,-1.37261,-1.37261,-0.25824,1,1.39669
2025-01-07,0,0.44132,-1.33346,-1.33346,-0.44132,1,1.40459
2025-01-08,0,0.61568,-1.29596,-1.29596,-0.61568,1,1.43478
2025-01-09,0,0.82848,-1.19556,-1.19556,-0.82848,1,1.45456
2025-01-10,0,0.97642,-1.05761,-1.05761,-0.97642,1,1.43942
2025-01-11,0,1.1456,-0.87945,-0.87945,-1.1456,2,1.44424
2025-01-12,0,1.30742,-0.68624,-0.68624,-1.30742,2,1.47657
2025-01-13,0,1.44881,-0.55998,-0.55998,-1.44881,2,1.55327
2025-01-14,0,1.50703,-0.44391,-0.44391,-1.50703,2,1.57105
2025-01-15,0,1.591,-0.27509,-0.27509,-1.591,2,1.61461
2025-01-16,0,1.73049,-0.11308,-0.11308,-1.73049,2,1.73418
2025-01-17,0,1.8584,0.09829,0.09829,-1.8584,3,1.861
2025-01-18,0,1.84122,0.25251,0.25251,-1.84122,3,1.85845
2025-01-19,0,1.80488,0.40362,0.40362,-1.80488,3,1.84945
2025-01-20,0,1.74325,0.49621,0.49621,-1.74325,3,1.81249
2025-01-21,0,1.67793,0.5396,0.5396,-1.67793,3,1.76256
2025-01-22,0,1.65515,0.66908,0.66908,-1.65515,3,1.78527
2025-01-23,0,1.65511,0.78314,0.78314,-1.65511,3,1.83104
2025-01-24,0,1.50906,0.85967,0.85967,-1.50906,3,1.73675
2025-01-25,0,1.27893,1.00564,1.00564,-1.27893,3,1.62695
2025-01-26,0,1.06927,1.10933,1.10933,-1.06927,4,1.54077
2025-01-27,0,0.90128,1.24187,1.24187,-0.90128,4,1.53445
2025-01-28,0,0.79338,1.37593,1.37593,-0.79338,4,1.58828
2025-01-29,0,0.72994,1.45193,1.45193,-0.72994,4,1.62509
2025-01-30,0,0.65056,1.52326,1.52326,-0.65056,4,1.65636
2025-01-31,0,0.45257,1.55265,1.55265,-0.45257,4,1.61726
2025-02-01,0,0.23925,1.56166,1.56166,-0.23925,4,1.57988
2025-02-02,0,0.11651,1.50966,1.50966,-0.11651,4,1.51415
2025-02-03,0,-0.02948,1.37047,1.37047,0.02948,5,1.37078
2025-02-04,0,-0.24224,1.25398,1.25398,0.24224,5,1.27717
2025-02-05,0,-0.40738,1.14776,1.14776,0.40738,5,1.21791
2025-02-06,0,-0.53832,1.02953,1.02953,0.53832,5,1.16177
2025-02-07,0,-0.61283,0.87894,0.87894,0.61283,5,1.07149
2025-02-08,0,-0.66758,0.62425,0.62425,0.66758,6,0.91398
2025-02-09,0,-0.69889,0.36244,0.36244,0.69889,6,0.78728
2025-02-10,0,-0.7668,0.16814,0.16814,0.7668,6,0.78502
2025-02-11,0,-0.87964,0.0313,0.0313,0.87964,6,0.8802
2025-02-12,0,-0.9387,-0.11252,-0.11252,0.9387,7,0.94542
2025-02-13,0,-0.97073,-0.31724,-0.31724,0.97073,7,1.02125
2025-02-14,0,-1.08685,-0.50862,-0.50862,1.08685,7,1.19998
2025-02-15,0,-1.28628,-0.58378,-0.58378,1.28628,7,1.41256
2025-02-16,0,-1.483,-0.56308,-0.56308,1.483,7,1.5863
2025-02-17,0,-1.60916,-0.48509,-0.48509,1.60916,7,1.68069
2025-02-18,0,-1.70685,-0.39728,-0.39728,1.70685,7,1.75247
2025-02-19,0,-1.75764,-0.33324,-0.33324,1.75764,7,1.78895
2025-02-20,0,-1.76101,-0.26193,-0.26193,1.76101,7,1.78038
2025-02-21,0,-1.75604,-0.17611,-0.17611,1.75604,7,1.76485
2025-02-22,0,-1.74021,-0.18502,-0.18502,1.74021,7,1.75001
2025-02-23,0,-1.58686,-0.3289,-0.3289,1.58686,7,1.62058
2025-02-24,0,-1.25051,-0.61945,-0.61945,1.25051,7,1.39553
2025-02-25,0,-0.87444,-0.95479,-0.95479,0.87444,8,1.29471
2025-02-26,0,-0.52965,-1.15551,-1.15551,0.52965,8,1.27111
2025-02-27,0,-0.17133,-1.25561,-1.25561,0.17133,8,1.26724
2025-02-28,0,0.18437,-1.33284,-1.33284,-0.18437,1,1.34553
2025-03-01,0,0.51761,-1.49651,-1.49651,-0.51761,1,1.5835
2025-03-02,0,0.80524,-1.63022,-1.63022,-0.80524,1,1.81825
2025-03-03,0,0.99947,-1.705,-1.705,-0.99947,1,1.97635
2025-03-04,0,1.08349,-1.80899,-1.80899,-1.08349,1,2.10865
2025-03-05,0,1.01513,-1.80091,-1.80091,-1.01513,1,2.06731
2025-03-06,0,0.96328,-1.64629,-1.64629,-0.96328,1,1.9074
2025-03-07,0,0.91067,-1.51249,-1.51249,-0.91067,1,1.76549
2025-03-08,0,0.84524,-1.35813,-1.35813,-0.84524,1,1.59967
2025-03-09,0,0.74764,-1.17253,-1.17253,-0.74764,1,1.39061
2025-03-10,0,0.64692,-0.91146,-0.91146,-0.64692,1,1.1177
2025-03-11,0,0.55387,-0.64025,-0.64025,-0.55387,1,0.84658
2025-03-12,0,0.53285,-0.34159,-0.34159,-0.53285,2,0.63294
2025-03-13,0,0.6371,-0.04226,-0.04226,-0.6371,2,0.6385
2025-03-14,0,0.74227,0.22924,0.22924,-0.74227,3,0.77686
2025-03-15,0,0.64727,0.51862,0.51862,-0.64727,3,0.82942
2025-03-16,0,0.48681,0.83223,0.83223,-0.48681,4,0.96415
2025-03-17,0,0.30208,1.03151,1.03151,-0.30208,4,1.07483
2025-03-18,0,0.18391,1.19622,1.19622,-0.18391,4,1.21028
2025-03-19,0,0.02168,1.26305,1.26305,-0.02168,4,1.26324
2025-03-20,0,-0.07715,1.28719,1.28719,0.07715,5,1.2895
2025-03-21,0,-0.08509,1.2632,1.2632,0.08509,5,1.26607
2025-03-22,0,-0.16692,1.1616,1.1616,0.16692,5,1.17354
2025-03-23,0,-0.2728,1.05861,1.05861,0.2728,5,1.09319
2025-03-24,0,-0.29807,0.99619,0.99619,0.29807,5,1.03983
2025-03-25,0,-0.29872,0.91595,0.91595,0.29872,5,0.96343
2025-03-26,0,-0.20091,0.82263,0.82263,0.20091,5,0.84681
2025-03-27,0,-0.1567,0.63108,0.63108,0.1567,5,0.65024
2025-03-28,0,-0.07686,0.51473,0.51473,0.07686,5,0.52043
2025-03-29,0,-0.07862,0.3896,0.3896,0.07862,5,0.39745
2025-03-30,0,-0.20306,0.27428,0.27428,0.20306,5,0.34126
2025-03-31,0,-0.26635,0.22916,0.22916,0.26635,6,0.35136
2025-04-01,0,-0.3055,0.18732,0.18732,0.3055,6,0.35836
2025-04-02,0,-0.35227,0.11945,0.11945,0.35227,6,0.37197
2025-04-03,0,-0.40133,0.04157,0.04157,0.40133,6,0.40348
2025-04-04,0,-0.54376,-0.00464,-0.00464,0.54376,7,0.54378
2025-04-05,0,-0.60608,0.00329,0.00329,0.60608,6,0.60609
2025-04-06,0,-0.64287,-0.03139,-0.03139,0.64287,7,0.64363
2025-04-07,0,-0.57216,-0.06006,-0.06006,0.57216,7,0.5753
2025-04-08,0,-0.55503,-0.13748,-0.13748,0.55503,7,0.5718
2025-04-09,0,-0.61861,-0.18231,-0.18231,0.61861,7,0.64492
2025-04-10,0,-0.67318,-0.21513,-0.21513,0.67318,7,0.70672
2025-04-11,0,-0.67973,-0.24268,-0.24268,0.67973,7,0.72175
2025-04-12,0,-0.70353,-0.27085,-0.27085,0.70353,7,0.75387
2025-04-13,0,-0.72216,-0.25168,-0.25168,0.72216,7,0.76476
2025-04-14,0,-0.80403,-0.19376,-0.19376,0.80403,7,0.82705
2025-04-15,0,-0.83614,-0.15557,-0.15557,0.83614,7,0.85049
2025-04-16,0,-0.95489,-0.11545,-0.11545,0.95489,7,0.96185
2025-04-17,0,-0.97184,0.00408,0.00408,0.97184,6,0.97184
2025-04-18,0,-0.91865,0.10325,0.10325,0.91865,6,0.92444
2025-04-19,0,-0.79678,0.15403,0.15403,0.79678,6,0.81153
2025-04-20,0,-0.77245,0.1749,0.1749,0.77245,6,0.79201
2025-04-21,0,-0.75858,0.18309,0.18309,0.75858,6,0.78036
2025-04-22,0,-0.72177,0.1745,0.1745,0.72177,6,0.74256
2025-04-23,0,-0.65861,0.11136,0.11136,0.65861,6,0.66796
2025-04-24,0,-0.63081,0.0442,0.0442,0.63081,6,0.63236
2025-04-25,0,-0.59229,-0.09685,-0.09685,0.59229,7,0.60016
2025-04-26,0,-0.57334,-0.25372,-0.25372,0.57334,7,0.62697
2025-04-27,0,-0.59736,-0.40547,-0.40547,0.59736,7,0.72197
2025-04-28,0,-0.62971,-0.50693,-0.50693,0.62971,7,0.8084
2025-04-29,0,-0.61506,-0.57392,-0.57392,0.61506,7,0.84124
2025-04-30,0,-0.58924,-0.62796,-0.62796,0.58924,8,0.86113
2025-05-01,0,-0.5569,-0.69727,-0.69727,0.5569,8,0.89237
2025-05-02,0,-0.52561,-0.70517,-0.70517,0.52561,8,0.87951
2025-05-03,0,-0.44122,-0.6741,-0.6741,0.44122,8,0.80566
2025-05-04,0,-0.34069,-0.58936,-0.58936,0.34069,8,0.68075
2025-05-05,0,-0.19857,-0.49136,-0.49136,0.19857,8,0.52997
2025-05-06,0,-0.11809,-0.3498,-0.3498,0.11809,8,0.36919
2025-05-07,0,-0.00652,-0.20393,-0.20393,0.00652,8,0.20403
2025-05-08,0,0.13492,-0.08829,-0.08829,-0.13492,2,0.16123
2025-05-09,0,0.29318,0.023,0.023,-0.29318,3,0.29408
2025-05-10,0,0.43715,0.24743,0.24743,-0.43715,3,0.50232
2025-05-11,0,0.51344,0.38886,0.38886,-0.51344,3,0.64407
2025-05-12,0,0.55768,0.50205,0.50205,-0.55768,3,0.75038
2025-05-13,0,0.5858,0.58315,0.58315,-0.5858,3,0.82657
2025-05-14,0,0.52244,0.66575,0.66575,-0.52244,4,0.84627
2025-05-15,0,0.56341,0.6875,0.6875,-0.56341,4,0.88887
2025-05-16,0,0.55632,0.70089,0.70089,-0.55632,4,0.89484
2025-05-17,0,0.46322,0.76202,0.76202,-0.46322,4,0.89176
2025-05-18,0,0.39458,0.79732,0.79732,-0.39458,4,0.88961
2025-05-19,0,0.33009,0.72364,0.72364,-0.33009,4,0.79537
2025-05-20,0,0.33911,0.65081,0.65081,-0.33911,4,0.73386
2025-05-21,0,0.34968,0.56867,0.56867,-0.34968,4,0.66758
2025-05-22,0,0.34431,0.49267,0.49267,-0.34431,4,0.60106
2025-05-23,0,0.33045,0.43295,0.43295,-0.33045,4,0.54465
2025-05-24,0,0.25021,0.39148,0.39148,-0.25021,4,0.46461
2025-05-25,0,0.18975,0.2487,0.2487,-0.18975,4,0.31282
2025-05-26,0,0.16525,0.0782,0.0782,-0.16525,3,0.18282
2025-05-27,0,0.12277,-0.03427,-0.03427,-0.12277,2,0.12746
2025-05-28,0,0.06407,-0.14853,-0.14853,-0.06407,1,0.16176
2025-05-29,0,-0.01231,-0.20038,-0.20038,0.01231,8,0.20076
2025-05-30,0,-0.06424,-0.25173,-0.25173,0.06424,8,0.2598
2025-05-31,0,-0.13798,-0.25259,-0.25259,0.13798,8,0.28782
2025-06-01,0,-0.18763,-0.28836,-0.28836,0.18763,8,0.34402
2025-06-02,0,-0.16385,-0.36453,-0.36453,0.16385,8,0.39966
2025-06-03,0,-0.17011,-0.32039,-0.32039,0.17011,8,0.36275
2025-06-04,0,-0.17845,-0.27262,-0.27262,0.17845,8,0.32583
2025-06-05,0,-0.21855,-0.21293,-0.21293,0.21855,7,0.30513
2025-06-06,0,-0.24523,-0.12109,-0.12109,0.24523,7,0.2735
2025-06-07,0,-0.27906,-0.11845,-0.11845,0.27906,7,0.30316
2025-06-08,0,-0.35416,-0.107,-0.107,0.35416,7,0.36997
2025-06-09,0,-0.40415,-0.07292,-0.07292,0.40415,7,0.41068
2025-06-10,0,-0.32132,-0.02372,-0.02372,0.32132,7,0.32219
2025-06-11,0,-0.20815,-0.00988,-0.00988,0.20815,7,0.20838
2025-06-12,0,-0.1209,-0.04641,-0.04641,0.1209,7,0.1295
2025-06-13,0,-0.06177,-0.04137,-0.04137,0.06177,7,0.07435
2025-06-14,0,0.01866,-0.03668,-0.03668,-0.01866,1,0.04116
2025-06-15,0,0.06952,-0.07139,-0.07139,-0.06952,1,0.09965
2025-06-16,0,0.09835,-0.07258,-0.07258,-0.09835,2,0.12223
2025-06-17,0,0.13792,-0.0233,-0.0233,-0.13792,2,0.13988
2025-06-18,0,0.24714,0.02671,0.02671,-0.24714,3,0.24858
2025-06-19,0,0.20157,0.02144,0.02144,-0.20157,3,0.20271
2025-06-20,0,0.0574,0.02261,0.02261,-0.0574,3,0.06169
2025-06-21,0,-0.11773,0.06082,0.06082,0.11773,6,0.13251
2025-06-22,0,-0.2696,0.10834,0.10834,0.2696,6,0.29056
2025-06-23,0,-0.39975,0.06371,0.06371,0.39975,6,0.4048
2025-06-24,0,-0.43881,0.00233,0.00233,0.43881,6,0.43881
2025-06-25,0,-0.48935,-0.04809,-0.04809,0.48935,7,0.49171
2025-06-26,0,-0.58475,-0.16275,-0.16275,0.58475,7,0.60698
2025-06-27,0,-0.66268,-0.26311,-0.26311,0.66268,7,0.713
2025-06-28,0,-0.6561,-0.27416,-0.27416,0.6561,7,0.71108
2025-06-29,0,-0.60538,-0.30815,-0.30815,0.60538,7,0.6793
2025-06-30,0,-0.46067,-0.35197,-0.35197,0.46067,7,0.57974
2025-07-01,0,-0.2476,-0.38756,-0.38756,0.2476,8,0.4599
2025-07-02,0,-0.11643,-0.33508,-0.33508,0.11643,8,0.35474
2025-07-03,0,-0.04194,-0.30639,-0.30639,0.04194,8,0.30925
2025-07-04,0,0.16649,-0.28932,-0.28932,-0.16649,1,0.3338
2025-07-05,0,0.36793,-0.28578,-0.28578,-0.36793,2,0.46588
2025-07-06,0,0.4673,-0.24579,-0.24579,-0.4673,2,0.528
2025-07-07,0,0.5215,-0.22465,-0.22465,-0.5215,2,0.56783
2025-07-08,0,0.63792,-0.11035,-0.11035,-0.63792,2,0.64739
2025-07-09,0,0.70091,-0.00898,-0.00898,-0.70091,2,0.70096
2025-07-10,0,0.71958,0.09888,0.09888,-0.71958,3,0.72634
2025-07-11,0,0.68296,0.23459,0.23459,-0.68296,3,0.72213
2025-07-12,0,0.57044,0.37781,0.37781,-0.57044,3,0.6842
2025-07-13,0,0.38952,0.49052,0.49052,-0.38952,4,0.62637
2025-07-14,0,0.15747,0.56967,0.56967,-0.15747,4,0.59103
2025-07-15,0,-0.02897,0.59356,0.59356,0.02897,5,0.59427
2025-07-16,0,-0.1897,0.60077,0.60077,0.1897,5,0.63001
2025-07-17,0,-0.40598,0.51027,0.51027,0.40598,5,0.65207
2025-07-18,0,-0.6044,0.36035,0.36035,0.6044,6,0.70367
2025-07-19,0,-0.83895,0.15842,0.15842,0.83895,6,0.85378
2025-07-20,0,-0.97732,-0.05814,-0.05814,0.97732,7,0.97905
2025-07-21,0,-0.92903,-0.29845,-0.29845,0.92903,7,0.97579
2025-07-22,0,-0.82504,-0.49521,-0.49521,0.82504,7,0.96225
2025-07-23,0,-0.62495,-0.67458,-0.67458,0.62495,8,0.91958
2025-07-24,0,-0.50315,-0.95403,-0.95403,0.50315,8,1.07858
2025-07-25,0,-0.34254,-1.22008,-1.22008,0.34254,8,1.26725
2025-07-26,0,-0.05783,-1.36497,-1.36497,0.05783,8,1.36619
2025-07-27,0,0.25107,-1.44877,-1.44877,-0.25107,1,1.47036
2025-07-28,0,0.65545,-1.44781,-1.44781,-0.65545,1,1.58926
2025-07-29,0,1.05124,-1.45087,-1.45087,-1.05124,1,1.79168
2025-07-30,0,1.32599,-1.39371,-1.39371,-1.32599,1,1.92372
2025-07-31,0,1.50233,-1.34071,-1.34071,-1.50233,2,2.01358
2025-08-01,0,1.58762,-1.21087,-1.21087,-1.58762,2,1.99668
2025-08-02,0,1.67043,-0.90233,-0.90233,-1.67043,2,1.89857
2025-08-03,0,1.72757,-0.61183,-0.61183,-1.72757,2,1.83271
2025-08-04,0,1.67616,-0.34327,-0.34327,-1.67616,2,1.71095
2025-08-05,0,1.54701,-0.09956,-0.09956,-1.54701,2,1.55021
2025-08-06,0,1.29325,0.10306,0.10306,-1.29325,3,1.29735
2025-08-07,0,1.10047,0.31341,0.31341,-1.10047,3,1.14423
2025-08-08,0,0.94504,0.55881,0.55881,-0.94504,3,1.0979
2025-08-09,0,0.75907,0.78699,0.78699,-0.75907,4,1.09341
2025-08-10,0,0.62467,0.98083,0.98083,-0.62467,4,1.16286
2025-08-11,0,0.53239,1.11316,1.11316,-0.53239,4,1.23392
2025-08-12,0,0.33916,1.20736,1.20736,-0.33916,4,1.25409
2025-08-13,0,0.08297,1.25539,1.25539,-0.08297,4,1.25813
2025-08-14,0,-0.0693,1.2755,1.2755,0.0693,5,1.27738
2025-08-15,0,-0.05266,1.27634,1.27634,0.05266,5,1.27743
2025-08-16,0,-0.15118,1.23269,1.23269,0.15118,5,1.24193
2025-08-17,0,-0.35231,1.14647,1.14647,0.35231,5,1.19938
2025-08-18,0,-0.53088,1.08078,1.08078,0.53088,5,1.20412
2025-08-19,0,-0.65102,1.03105,1.03105,0.65102,5,1.21938
2025-08-20,0,-0.77281,0.88531,0.88531,0.77281,5,1.17516
2025-08-21,0,-0.81432,0.74816,0.74816,0.81432,6,1.10583
2025-08-22,0,-0.74336,0.71052,0.71052,0.74336,6,1.02831
2025-08-23,0,-0.6917,0.76599,0.76599,0.6917,5,1.03208
2025-08-24,0,-0.80744,0.81413,0.81413,0.80744,5,1.14663
2025-08-25,0,-0.8413,0.85938,0.85938,0.8413,5,1.20263
2025-08-26,0,-0.77962,0.85084,0.85084,0.77962,5,1.15401
2025-08-27,0,-0.67504,0.86661,0.86661,0.67504,5,1.09849
2025-08-28,0,-0.62119,0.82089,0.82089,0.62119,5,1.02943
2025-08-29,0,-0.52137,0.78069,0.78069,0.52137,5,0.93878
2025-08-30,0,-0.34778,0.74833,0.74833,0.34778,5,0.82519
2025-08-31,0,-0.26495,0.58599,0.58599,0.26495,5,0.6431
2025-09-01,0,-0.25312,0.40797,0.40797,0.25312,5,0.48011
2025-09-02,0,-0.20909,0.33018,0.33018,0.20909,5,0.39082
2025-09-03,0,-0.12584,0.31713,0.31713,0.12584,5,0.34118
2025-09-04,0,-0.02539,0.30832,0.30832,0.02539,5,0.30937
2025-09-05,0,0.06889,0.22533,0.22533,-0.06889,4,0.23562
2025-09-06,0,0.19177,0.16805,0.16805,-0.19177,3,0.25498
2025-09-07,0,0.30378,0.18704,0.18704,-0.30378,3,0.35674
2025-09-08,0,0.34828,0.16533,0.16533,-0.34828,3,0.38553
2025-09-09,0,0.39366,0.19511,0.19511,-0.39366,3,0.43936
2025-09-10,0,0.38199,0.22517,0.22517,-0.38199,3,0.44342
2025-09-11,0,0.34892,0.18114,0.18114,-0.34892,3,0.39314
2025-09-12,0,0.23603,0.07445,0.07445,-0.23603,3,0.2475
2025-09-13,0,0.09692,0.00048,0.00048,-0.09692,3,0.09692
2025-09-14,0,-0.01949,-0.02427,-0.02427,0.01949,8,0.03113
2025-09-15,0,-0.12358,-0.08556,-0.08556,0.12358,7,0.15031
2025-09-16,0,-0.26152,-0.2221,-0.2221,0.26152,7,0.3431
2025-09-17,0,-0.48452,-0.33806,-0.33806,0.48452,7,0.59081
2025-09-18,0,-0.67291,-0.40149,-0.40149,0.67291,7,0.78358
2025-09-19,0,-0.66467,-0.44347,-0.44347,0.66467,7,0.79903
2025-09-20,0,-0.56567,-0.49462,-0.49462,0.56567,7,0.75142
2025-09-21,0,-0.51235,-0.44153,-0.44153,0.51235,7,0.67634
2025-09-22,0,-0.50011,-0.41509,-0.41509,0.50011,7,0.64993
2025-09-23,0,-0.42804,-0.40244,-0.40244,0.42804,7,0.58752
2025-09-24,0,-0.29981,-0.3668,-0.3668,0.29981,8,0.47374
2025-09-25,0,-0.20353,-0.2542,-0.2542,0.20353,8,0.32564
2025-09-26,0,-0.03759,-0.14636,-0.14636,0.03759,8,0.15111
2025-09-27,0,0.10148,-0.1536,-0.1536,-0.10148,1,0.18409
2025-09-28,0,0.10065,-0.26375,-0.26375,-0.10065,1,0.2823
2025-09-29,0,0.0371,-0.37067,-0.37067,-0.0371,1,0.37252
2025-09-30,0,0.02001,-0.49284,-0.49284,-0.02001,1,0.49325
2025-10-01,0,0.09416,-0.5754,-0.5754,-0.09416,1,0.58305
2025-10-02,0,0.0654,-0.65518,-0.65518,-0.0654,1,0.65844
2025-10-03,0,-0.05724,-0.68734,-0.68734,0.05724,8,0.68972
2025-10-04,0,-0.12294,-0.67679,-0.67679,0.12294,8,0.68787
2025-10-05,0,-0.15186,-0.58539,-0.58539,0.15186,8,0.60477
2025-10-06,0,-0.07651,-0.44669,-0.44669,0.07651,8,0.45319
2025-10-07,0,0.06534,-0.28952,-0.28952,-0.06534,1,0.29681
2025-10-08,0,0.31401,-0.18906,-0.18906,-0.31401,2,0.36653
2025-10-09,0,0.50244,-0.17352,-0.17352,-0.50244,2,0.53156
2025-10-10,0,0.68508,-0.17749,-0.17749,-0.68508,2,0.7077
2025-10-11,0,0.94351,-0.12231,-0.12231,-0.94351,2,0.9514
2025-10-12,0,1.24608,0.01439,0.01439,-1.24608,3,1.24616
2025-10-13,0,1.45584,0.12923,0.12923,-1.45584,3,1.46156
2025-10-14,0,1.59921,0.16755,0.16755,-1.59921,3,1.60797
2025-10-15,0,1.68436,0.21566,0.21566,-1.68436,3,1.69811
2025-10-16,0,1.70105,0.27714,0.27714,-1.70105,3,1.72348
2025-10-17,0,1.56945,0.37799,0.37799,-1.56945,3,1.61433
2025-10-18,0,1.48158,0.53097,0.53097,-1.48158,3,1.57385
2025-10-19,0,1.29211,0.74963,0.74963,-1.29211,3,1.49382
2025-10-20,0,1.04414,0.96431,0.96431,-1.04414,3,1.4213
2025-10-21,0,0.67563,1.16139,1.16139,-0.67563,4,1.34362
2025-10-22,0,0.34371,1.26519,1.26519,-0.34371,4,1.31104
2025-10-23,0,0.02111,1.28767,1.28767,-0.02111,4,1.28785
2025-10-24,0,-0.35617,1.20075,1.20075,0.35617,5,1.25247
2025-10-25,0,-0.72034,1.06628,1.06628,0.72034,5,1.28679
2025-10-26,0,-0.98789,0.81895,0.81895,0.98789,6,1.2832
2025-10-27,0,-1.14943,0.5367,0.5367,1.14943,6,1.26856
2025-10-28,0,-1.25962,0.15023,0.15023,1.25962,6,1.26854
2025-10-29,0,-1.3883,-0.17052,-0.17052,1.3883,7,1.39874
2025-10-30,0,-1.46841,-0.3805,-0.3805,1.46841,7,1.51691
2025-10-31,0,-1.4701,-0.53165,-0.53165,1.4701,7,1.56328
2025-11-01,0,-1.39966,-0.57632,-0.57632,1.39966,7,1.51367
2025-11-02,0,-1.29155,-0.57707,-0.57707,1.29155,7,1.41461
2025-11-03,0,-1.17344,-0.57997,-0.57997,1.17344,7,1.30894
2025-11-04,0,-1.14585,-0.53204,-0.53204,1.14585,7,1.26334
2025-11-05,0,-1.22705,-0.37502,-0.37502,1.22705,7,1.28308
2025-11-06,0,-1.26157,-0.12348,-0.12348,1.26157,7,1.2676
2025-11-07,0,-1.14436,0.05288,0.05288,1.14436,6,1.14558
2025-11-08,0,-1.05002,0.16933,0.16933,1.05002,6,1.06359
2025-11-09,0,-1.01626,0.25309,0.25309,1.01626,6,1.0473
2025-11-10,0,-1.0216,0.29341,0.29341,1.0216,6,1.0629
2025-11-11,0,-1.01419,0.43322,0.43322,1.01419,6,1.10284
2025-11-12,0,-0.91473,0.55668,0.55668,0.91473,6,1.0708
2025-11-13,0,-0.79092,0.73207,0.73207,0.79092,6,1.07772
2025-11-14,0,-0.61802,0.84264,0.84264,0.61802,5,1.04499
2025-11-15,0,-0.57025,0.89713,0.89713,0.57025,5,1.06303
2025-11-16,0,-0.58855,0.9671,0.9671,0.58855,5,1.13211
2025-11-17,0,-0.60896,0.95693,0.95693,0.60896,5,1.13426
2025-11-18,0,-0.59662,0.89444,0.89444,0.59662,5,1.07516
2025-11-19,0,-0.66484,0.72646,0.72646,0.66484,5,0.98476
2025-11-20,0,-0.77244,0.55088,0.55088,0.77244,6,0.94876
2025-11-21,0,-0.80072,0.36858,0.36858,0.80072,6,0.88147
2025-11-22,0,-0.68571,0.22702,0.22702,0.68571,6,0.72231
2025-11-23,0,-0.55472,0.0427,0.0427,0.55472,6,0.55636
2025-11-24,0,-0.38142,-0.18778,-0.18778,0.38142,7,0.42514
2025-11-25,0,-0.26326,-0.47288,-0.47288,0.26326,8,0.54122
2025-11-26,0,-0.16606,-0.73564,-0.73564,0.16606,8,0.75415
2025-11-27,0,-0.12521,-1.00364,-1.00364,0.12521,8,1.01142
2025-11-28,0,-0.02484,-1.2346,-1.2346,0.02484,8,1.23485
2025-11-29,0,0.07743,-1.49885,-1.49885,-0.07743,1,1.50085
2025-11-30,0,0.06715,-1.69621,-1.69621,-0.06715,1,1.69754
2025-12-01,0,-0.04005,-1.79298,-1.79298,0.04005,8,1.79342
2025-12-02,0,-0.11297,-1.77845,-1.77845,0.11297,8,1.78204
2025-12-03,0,-0.10021,-1.62311,-1.62311,0.10021,8,1.6262
2025-12-04,0,-0.04867,-1.46322,-1.46322,0.04867,8,1.46403
2025-12-05,0,0.03625,-1.29852,-1.29852,-0.03625,1,1.29902
2025-12-06,0,0.09424,-1.09848,-1.09848,-0.09424,1,1.10252
2025-12-07,0,0.16098,-0.85005,-0.85005,-0.16098,1,0.86516
2025-12-08,0,0.20752,-0.61605,-0.61605,-0.20752,1,0.65006
2025-12-09,0,0.24162,-0.44115,-0.44115,-0.24162,1,0.50299
2025-12-10,0,0.3,-0.37525,-0.37525,-0.3,1,0.48043
2025-12-11,0,0.37588,-0.33475,-0.33475,-0.37588,2,0.50334
2025-12-12,0,0.3497,-0.35256,-0.35256,-0.3497,1,0.49658
2025-12-13,0,0.35219,-0.35253,-0.35253,-0.35219,1,0.49831
2025-12-14,0,0.34827,-0.36788,-0.36788,-0.34827,1,0.50659
2025-12-15,0,0.39505,-0.42638,-0.42638,-0.39505,1,0.58126
2025-12-16,0,0.40352,-0.49366,-0.49366,-0.40352,1,0.63759
2025-12-17,0,0.45621,-0.5314,-0.5314,-0.45621,1,0.70037
2025-12-18,0,0.51437,-0.50573,-0.50573,-0.51437,2,0.72135
2025-12-19,0,0.59568,-0.46547,-0.46547,-0.59568,2,0.75597
2025-12-20,0,0.58457,-0.43627,-0.43627,-0.58457,2,0.72942
2025-12-21,0,0.65982,-0.32223,-0.32223,-0.65982,2,0.7343
2025-12-22,0,0.79939,-0.10288,-0.10288,-0.79939,2,0.80598
2025-12-23,0,0.91318,0.16745,0.16745,-0.91318,3,0.92841
2025-12-24,0,0.97256,0.34241,0.34241,-0.97256,3,1.03108
2025-12-25,0,0.96252,0.48477,0.48477,-0.96252,3,1.07771
2025-12-26,0,0.98596,0.6212,0.6212,-0.98596,3,1.16533
2025-12-27,0,1.06078,0.72548,0.72548,-1.06078,3,1.28514
2025-12-28,0,1.13818,0.87693,0.87693,-1.13818,3,1.43682
2025-12-29,0,1.1986,1.071,1.071,-1.1986,3,1.60739
2025-12-30,0,1.22721,1.19689,1.19689,-1.22721,3,1.71423
2025-12-31,0,1.20011,1.17149,1.17149,-1.20011,3,1.6771
2026-01-01,0,1.07539,1.09784,1.09784,-1.07539,4,1.53678
2026-01-02,0,0.92834,1.10159,1.10159,-0.92834,4,1.4406
2026-01-03,0,0.83016,1.14985,1.14985,-0.83016,4,1.41821
2026-01-04,0,0.70803,1.15985,1.15985,-0.70803,4,1.35888
2026-01-05,0,0.43813,1.14081,1.14081,-0.43813,4,1.22205
2026-01-06,0,0.05605,1.06619,1.06619,-0.05605,4,1.06766
2026-01-07,0,-0.3044,0.94379,0.94379,0.3044,5,0.99167
2026-01-08,0,-0.63603,0.76692,0.76692,0.63603,5,0.99635
2026-01-09,0,-0.92205,0.5727,0.5727,0.92205,6,1.08544
2026-01-10,0,-1.12407,0.42548,0.42548,1.12407,6,1.2019
2026-01-11,0,-1.28143,0.28821,0.28821,1.28143,6,1.31344
2026-01-12,0,-1.41194,0.15434,0.15434,1.41194,6,1.42035
2026-01-13,0,-1.52673,-0.00821,-0.00821,1.52673,7,1.52675
2026-01-14,0,-1.52911,-0.13049,-0.13049,1.52911,7,1.53466
2026-01-15,0,-1.40293,-0.18804,-0.18804,1.40293,7,1.41548
2026-01-16,0,-1.19268,-0.1919,-0.1919,1.19268,7,1.20802
2026-01-17,0,-0.98714,-0.19171,-0.19171,0.98714,7,1.00558
2026-01-18,0,-0.86822,-0.22902,-0.22902,0.86822,7,0.89792
2026-01-19,0,-0.82619,-0.3015,-0.3015,0.82619,7,0.87949
2026-01-20,0,-0.74057,-0.44941,-0.44941,0.74057,7,0.86626
2026-01-21,0,-0.65729,-0.62936,-0.62936,0.65729,7,0.91001
2026-01-22,0,-0.61316,-0.79638,-0.79638,0.61316,8,1.00508
2026-01-23,0,-0.60898,-0.92758,-0.92758,0.60898,8,1.10962
2026-01-24,0,-0.67349,-1.07723,-1.07723,0.67349,8,1.27043
2026-01-25,0,-0.8257,-1.32243,-1.32243,0.8257,8,1.55904
2026-01-26,0,-0.98125,-1.49285,-1.49285,0.98125,8,1.78646
2026-01-27,0,-1.07223,-1.53633,-1.53633,1.07223,8,1.8735
2026-01-28,0,-1.07215,-1.51496,-1.51496,1.07215,8,1.85596
2026-01-29,0,-1.06058,-1.40534,-1.40534,1.06058,8,1.76063
2026-01-30,0,-1.01391,-1.30698,-1.30698,1.01391,8,1.65415
2026-01-31,0,-0.90447,-1.23852,-1.23852,0.90447,8,1.53363
2026-02-01,0,-0.75252,-1.18992,-1.18992,0.75252,8,1.4079
2026-02-02,0,-0.60752,-1.13179,-1.13179,0.60752,8,1.28454
2026-02-03,0,-0.35812,-1.00387,-1.00387,0.35812,8,1.06584
2026-02-04,0,-0.05081,-0.7824,-0.7824,0.05081,8,0.78405
2026-02-05,0,0.26475,-0.54485,-0.54485,-0.26475,1,0.60576
2026-02-06,0,0.53439,-0.32387,-0.32387,-0.53439,2,0.62487
2026-02-07,0,0.77445,-0.09346,-0.09346,-0.77445,2,0.78007
2026-02-08,0,0.96063,0.23109,0.23109,-0.96063,3,0.98803
2026-02-09,0,1.13523,0.59276,0.59276,-1.13523,3,1.28067
2026-02-10,0,1.29198,0.93038,0.93038,-1.29198,3,1.59211
2026-02-11,0,1.49248,1.20043,1.20043,-1.49248,3,1.91534
2026-02-12,0,1.66383,1.3739,1.3739,-1.66383,3,2.15776
2026-02-13,0,1.83638,1.41198,1.41198,-1.83638,3,2.31645
2026-02-14,0,1.99745,1.38781,1.38781,-1.99745,3,2.43225
2026-02-15,0,2.16909,1.36455,1.36455,-2.16909,3,2.56261
2026-02-16,0,2.31519,1.28031,1.28031,-2.31519,3,2.64562
2026-02-17,0,2.4122,1.10941,1.10941,-2.4122,3,2.65509
2026-02-18,0,2.21633,0.83069,0.83069,-2.21633,3,2.36689
2026-02-19,0,2.079,0.71975,0.71975,-2.079,3,2.20007
2026-02-20,0,1.85618,0.62505,0.62505,-1.85618,3,1.95859
2026-02-21,0,1.54676,0.63,0.63,-1.54676,3,1.67013
2026-02-22,0,1.20875,0.71691,0.71691,-1.20875,3,1.40536
2026-02-23,0,0.78332,0.79511,0.79511,-0.78332,4,1.11615
2026-02-24,0,0.30748,0.7993,0.7993,-0.30748,4,0.85641
2026-02-25,0,-0.12531,0.76784,0.76784,0.12531,5,0.778
2026-02-26,0,-0.535,0.67417,0.67417,0.535,5,0.86065
2026-02-27,0,-0.70596,0.77116,0.77116,0.70596,5,1.0455
2026-02-28,0,-0.88974,0.71327,0.71327,0.88974,6,1.14035
2026-03-01,0,-1.02355,0.80168,0.80168,1.02355,6,1.30013
2026-03-02,0,-1.12483,0.83412,0.83412,1.12483,6,1.40036
2026-03-03,0,-1.22532,0.79763,0.79763,1.22532,6,1.46206
2026-03-04,0,-1.23952,0.75495,0.75495,1.23952,6,1.45133
2026-03-05,0,-1.2253,0.71102,0.71102,1.2253,6,1.41665
2026-03-06,0,-1.22914,0.61303,0.61303,1.22914,6,1.37353
2026-03-07,0,-1.25618,0.53825,0.53825,1.25618,6,1.36663
2026-03-08,0,-1.30433,0.41423,0.41423,1.30433,6,1.36853
2026-03-09,0,-1.36499,0.25527,0.25527,1.36499,6,1.38866
2026-03-10,0,-1.40194,0.00433,0.00433,1.40194,6,1.40195
2026-03-11,0,-1.40839,-0.25167,-0.25167,1.40839,7,1.4307
2026-03-12,0,-1.43838,-0.51711,-0.51711,1.43838,7,1.52851
2026-03-13,0,-1.49569,-0.7277,-0.7277,1.49569,7,1.66332
2026-03-14,0,-1.48966,-0.91032,-0.91032,1.48966,7,1.74579
2026-03-15,0,-1.41661,-1.07215,-1.07215,1.41661,7,1.7766
2026-03-16,0,-1.24437,-1.2675,-1.2675,1.24437,8,1.77624
2026-03-17,0,-1.11085,-1.36261,-1.36261,1.11085,8,1.75804
2026-03-18,0,-1.03241,-1.43102,-1.43102,1.03241,8,1.76457
2026-03-19,0,-0.98394,-1.46784,-1.46784,0.98394,8,1.76712
2026-03-20,0,-0.92881,-1.47391,-1.47391,0.92881,8,1.74215
2026-03-21,0,-0.87153,-1.41246,-1.41246,0.87153,8,1.6597
2026-03-22,0,-0.79324,-1.3575,-1.3575,0.79324,8,1.57227
2026-03-23,0,-0.67555,-1.38251,-1.38251,0.67555,8,1.53873
2026-03-24,0,-0.47867,-1.44248,-1.44248,0.47867,8,1.51983
2026-03-25,0,-0.27636,-1.53758,-1.53758,0.27636,8,1.56222
2026-03-26,0,-0.12827,-1.64049,-1.64049,0.12827,8,1.64549
2026-03-27,0,-0.06686,-1.72246,-1.72246,0.06686,8,1.72376
2026-03-28,0,-0.06327,-1.70786,-1.70786,0.06327,8,1.70903
2026-03-29,0,-0.02052,-1.67345,-1.67345,0.02052,8,1.67358
2026-03-30,0,0.08614,-1.63916,-1.63916,-0.08614,1,1.64142
2026-03-31,0,0.15156,-1.58083,-1.58083,-0.15156,1,1.58808
2026-04-01,0,0.21441,-1.41121,-1.41121,-0.21441,1,1.42741
2026-04-02,0,0.30096,-1.20631,-1.20631,-0.30096,1,1.24329
2026-04-03,0,0.39983,-0.90979,-0.90979,-0.39983,1,0.99377
2026-04-04,0,0.53712,-0.65899,-0.65899,-0.53712,1,0.85016
2026-04-05,0,0.64336,-0.37428,-0.37428,-0.64336,2,0.74431
2026-04-06,0,0.72647,-0.13888,-0.13888,-0.72647,2,0.73962
2026-04-07,0,0.69413,0.02567,0.02567,-0.69413,3,0.69461
2026-04-08,0,0.62955,0.08579,0.08579,-0.62955,3,0.63537
2026-04-09,0,0.61432,0.09035,0.09035,-0.61432,3,0.62093
2026-04-10,0,0.60522,-0.00315,-0.00315,-0.60522,2,0.60523
2026-04-11,0,0.52082,-0.17245,-0.17245,-0.52082,2,0.54863
2026-04-12,0,0.43443,-0.44329,-0.44329,-0.43443,1,0.62067
2026-04-13,0,0.29996,-0.61884,-0.61884,-0.29996,1,0.68771
2026-04-14,0,0.28694,-0.7554,-0.7554,-0.28694,1,0.80806
2026-04-15,0,0.30443,-0.87334,-0.87334,-0.30443,1,0.92488
2026-04-16,0,0.35284,-0.93199,-0.93199,-0.35284,1,0.99655
2026-04-17,0,0.32578,-0.96255,-0.96255,-0.32578,1,1.01618
2026-04-18,0,0.31353,-0.99473,-0.99473,-0.31353,1,1.04297
2026-04-19,0,0.30173,-1.06208,-1.06208,-0.30173,1,1.1041
2026-04-20,0,0.31058,-1.05609,-1.05609,-0.31058,1,1.10081
2026-04-21,0,0.32621,-0.93204,-0.93204,-0.32621,1,0.98748
2026-04-22,0,0.36825,-0.80735,-0.80735,-0.36825,1,0.88737
2026-04-23,0,0.43128,-0.75176,-0.75176,-0.43128,1,0.86668
2026-04-24,0,0.45795,-0.70233,-0.70233,-0.45795,1,0.83844
2026-04-25,0,0.51846,-0.59595,-0.59595,-0.51846,1,0.78991
2026-04-26,0,0.61429,-0.44773,-0.44773,-0.61429,2,0.76014
2026-04-27,0,0.71521,-0.24303,-0.24303,-0.71521,2,0.75537
2026-04-28,0,0.81126,0.02446,0.02446,-0.81126,3,0.81163
2026-04-29,0,0.89975,0.22872,0.22872,-0.89975,3,0.92836
2026-04-30,0,1.02213,0.37885,0.37885,-1.02213,3,1.09008
2026-05-01,0,1.06957,0.49569,0.49569,-1.06957,3,1.17885
2026-05-02,0,1.07492,0.61601,0.61601,-1.07492,3,1.23892
2026-05-03,0,1.03126,0.77745,0.77745,-1.03126,3,1.29149
2026-05-04,0,1.0283,0.94222,0.94222,-1.0283,3,1.39469
2026-05-05,0,1.02943,1.08399,1.08399,-1.02943,4,1.49491
2026-05-06,0,1.03315,1.14928,1.14928,-1.03315,4,1.5454
2026-05-07,0,0.99128,1.21569,1.21569,-0.99128,4,1.56862
2026-05-08,0,0.95984,1.28163,1.28163,-0.95984,4,1.60121
2026-05-09,0,0.87354,1.35579,1.35579,-0.87354,4,1.61283
2026-05-10,0,0.86998,1.40154,1.40154,-0.86998,4,1.6496
2026-05-11,0,0.84247,1.48514,1.48514,-0.84247,4,1.70745
2026-05-12,0,0.89704,1.5174,1.5174,-0.89704,4,1.76272
2026-05-13,0,0.81647,1.53539,1.53539,-0.81647,4,1.73898
2026-05-14,0,0.72277,1.55311,1.55311,-0.72277,4,1.71305
2026-05-15,0,0.5304,1.57356,1.57356,-0.5304,4,1.66054
2026-05-16,0,0.39493,1.56666,1.56666,-0.39493,4,1.61567
2026-05-17,0,0.21761,1.53009,1.53009,-0.21761,4,1.54549
2026-05-18,0,0.03216,1.49495,1.49495,-0.03216,4,1.4953
2026-05-19,0,-0.20279,1.45718,1.45718,0.20279,5,1.47123
2026-05-20,0,-0.39188,1.42282,1.42282,0.39188,5,1.4758
2026-05-21,0,-0.60444,1.38698,1.38698,0.60444,5,1.51297
2026-05-22,0,-0.80898,1.29753,1.29753,0.80898,5,1.52907
2026-05-23,0,-0.99786,1.1311,1.1311,0.99786,5,1.50835
2026-05-24,0,-1.138,0.97781,0.97781,1.138,6,1.50039
2026-05-25,0,-1.28771,0.86445,0.86445,1.28771,6,1.55096
2026-05-26,0,-1.40337,0.76846,0.76846,1.40337,6,1.59999
2026-05-27,0,-1.46736,0.5857,0.5857,1.46736,6,1.57993
2026-05-28,0,-1.50017,0.3693,0.3693,1.50017,6,1.54496
2026-05-29,0,-1.59,0.13264,0.13264,1.59,6,1.59553
2026-05-30,0,-1.59166,-0.15921,-0.15921,1.59166,7,1.5996
2026-05-31,0,-1.48378,-0.46553,-0.46553,1.48378,7,1.5551
2026-06-01,0,-1.36974,-0.6271,-0.6271,1.36974,7,1.50647
2026-06-02,0,-1.20949,-0.76588,-0.76588,1.20949,7,1.43159
2026-06-03,0,-1.01515,-0.94282,-0.94282,1.01515,7,1.38544
2026-06-04,0,-0.77862,-1.10188,-1.10188,0.77862,8,1.34921
2026-06-05,0,-0.60952,-1.1682,-1.1682,0.60952,8,1.31765
2026-06-06,0,-0.46047,-1.11092,-1.11092,0.46047,8,1.20257
2026-06-07,0,-0.27027,-1.0361,-1.0361,0.27027,8,1.07077
2026-06-08,0,-0.11606,-1.00815,-1.00815,0.11606,8,1.01481
2026-06-09,0,0.01073,-1.03712,-1.03712,-0.01073,1,1.03718
2026-06-10,0,0.18103,-1.10246,-1.10246,-0.18103,1,1.11723
2026-06-11,0,0.33638,-1.17415,-1.17415,-0.33638,1,1.22139
2026-06-12,0,0.39849,-1.16761,-1.16761,-0.39849,1,1.23374
2026-06-13,0,0.39696,-1.11156,-1.11156,-0.39696,1,1.18032
2026-06-14,0,0.36991,-1.05076,-1.05076,-0.36991,1,1.11397
2026-06-15,0,0.38874,-1.12235,-1.12235,-0.38874,1,1.18776
2026-06-16,0,0.39125,-1.20537,-1.20537,-0.39125,1,1.26728
2026-06-17,0,0.31629,-1.17963,-1.17963,-0.31629,1,1.2213
2026-06-18,0,0.24894,-1.05332,-1.05332,-0.24894,1,1.08234
2026-06-19,0,0.06625,-0.88497,-0.88497,-0.06625,1,0.88745
2026-06-20,0,-0.11128,-0.7316,-0.7316,0.11128,8,0.74002
2026-06-21,0,-0.21825,-0.61251,-0.61251,0.21825,8,0.65023
2026-06-22,0,-0.19619,-0.48569,-0.48569,0.19619,8,0.52382
2026-06-23,0,-0.12132,-0.41,-0.41,0.12132,8,0.42757
2026-06-24,0,-0.10223,-0.23023,-0.23023,0.10223,8,0.25191
2026-06-25,0,-0.1646,-0.02247,-0.02247,0.1646,7,0.16613
2026-06-26,0,-0.18842,0.15585,0.15585,0.18842,6,0.24452
2026-06-27,0,-0.23925,0.28913,0.28913,0.23925,5,0.37528
2026-06-28,0,-0.27019,0.36857,0.36857,0.27019,5,0.457
2026-06-29,0,-0.30758,0.46796,0.46796,0.30758,5,0.56
2026-06-30,0,-0.32632,0.53497,0.53497,0.32632,5,0.62664
2026-07-01,0,-0.41908,0.42453,0.42453,0.41908,5,0.59653
2026-07-02,0,-0.54712,0.2826,0.2826,0.54712,6,0.61579
2026-07-03,0,-0.66919,0.09476,0.09476,0.66919,6,0.67587
2026-07-04,0,-0.73056,-0.0676,-0.0676,0.73056,7,0.73368
2026-07-05,0,-0.77362,-0.25939,-0.25939,0.77362,7,0.81595
2026-07-06,0,-0.85521,-0.45487,-0.45487,0.85521,7,0.96866
2026-07-07,0,-0.93106,-0.56328,-0.56328,0.93106,7,1.08819
2026-07-08,0,-1.02719,-0.6346,-0.6346,1.02719,7,1.20742
2026-07-09,0,-1.07472,-0.75392,-0.75392,1.07472,7,1.31278
2026-07-10,0,-1.05545,-0.75662,-0.75662,1.05545,7,1.29863
2026-07-11,0,-1.03851,-0.75673,-0.75673,1.03851,7,1.28497
2026-07-12,0,-0.91953,-0.79444,-0.79444,0.91953,7,1.21518
2026-07-13,0,-0.79135,-0.87542,-0.87542,0.79135,8,1.18009
2026-07-14,0,-0.61788,-0.87441,-0.87441,0.61788,8,1.07069
2026-07-15,0,-0.44002,-0.84609,-0.84609,0.44002,8,0.95367
2026-07-16,0,-0.22955,-0.80422,-0.80422,0.22955,8,0.83634
2026-07-17,0,-0.06653,-0.76881,-0.76881,0.06653,8,0.77168
2026-07-18,0,-0.0074,-0.65116,-0.65116,0.0074,8,0.6512
2026-07-19,0,-0.03347,-0.5464,-0.5464,0.03347,8,0.54743
2026-07-20,0,-0.0488,-0.44991,-0.44991,0.0488,8,0.45254
2026-07-21,0,-0.10079,-0.33612,-0.33612,0.10079,8,0.3509
2026-07-22,0,-0.1425,-0.18851,-0.18851,0.1425,8,0.23631
2026-07-23,0,-0.21333,-0.06253,-0.06253,0.21333,7,0.22231
2026-07-24,0,-0.28483,0.04586,0.04586,0.28483,6,0.2885
2026-07-25,0,-0.32731,0.08155,0.08155,0.32731,6,0.33732
2026-07-26,0,-0.26618,0.07465,0.07465,0.26618,6,0.27645
2026-07-27,0,-0.11717,0.00355,0.00355,0.11717,6,0.11723
2026-07-28,0,0.05989,-0.0765,-0.0765,-0.05989,1,0.09716
2026-07-29,0,0.28493,-0.16934,-0.16934,-0.28493,2,0.33145
2026-07-30,0,0.49581,-0.20504,-0.20504,-0.49581,2,0.53653
2026-07-31,0,0.66895,-0.23267,-0.23267,-0.66895,2,0.70826
2026-08-01,0,0.76909,-0.23738,-0.23738,-0.76909,2,0.80489
2026-08-02,0,0.88085,-0.23795,-0.23795,-0.88085,2,0.91242
2026-08-03,0,0.91604,-0.2142,-0.2142,-0.91604,2,0.94075
2026-08-04,0,0.88161,-0.21443,-0.21443,-0.88161,2,0.90731
2026-08-05,0,0.78585,-0.15262,-0.15262,-0.78585,2,0.80053
2026-08-06,0,0.62086,-0.0923,-0.0923,-0.62086,2,0.62769
2026-08-07,0,0.4598,0.0,0.0,-0.4598,3,0.4598
2026-08-08,0,0.31463,0.06677,0.06677,-0.31463,3,0.32164
2026-08-09,0,0.25913,0.12467,0.12467,-0.25913,3,0.28756
2026-08-10,0,0.23156,0.12264,0.12264,-0.23156,3,0.26204
2026-08-11,0,0.12462,0.11715,0.11715,-0.12462,3,0.17104
2026-08-12,0,0.04562,0.08978,0.08978,-0.04562,4,0.1007
2026-08-13,0,-0.01661,0.13016,0.13016,0.01661,5,0.13121
2026-08-14,0,-0.08617,0.14688,0.14688,0.08617,5,0.17029
2026-08-15,0,-0.12247,0.19034,0.19034,0.12247,5,0.22633
2026-08-16,0,-0.17347,0.206,0.206,0.17347,5,0.26931
2026-08-17,0,-0.25211,0.15611,0.15611,0.25211,6,0.29653
2026-08-18,0,-0.37393,0.02079,0.02079,0.37393,6,0.3745
2026-08-19,0,-0.47408,-0.10941,-0.10941,0.47408,7,0.48654
2026-08-20,0,-0.5,-0.1724,-0.1724,0.5,7,0.52888
2026-08-21,0,-0.53941,-0.23172,-0.23172,0.53941,7,0.58708
2026-08-22,0,-0.53379,-0.34132,-0.34132,0.53379,7,0.63358
2026-08-23,0,-0.54889,-0.47354,-0.47354,0.54889,7,0.72493
2026-08-24,0,-0.58487,-0.59704,-0.59704,0.58487,8,0.83578
2026-08-25,0,-0.66342,-0.66414,-0.66414,0.66342,8,0.93873
2026-08-26,0,-0.70133,-0.71658,-0.71658,0.70133,8,1.00267
2026-08-27,0,-0.75489,-0.71249,-0.71249,0.75489,7,1.03803
2026-08-28,0,-0.82005,-0.67606,-0.67606,0.82005,7,1.0628
2026-08-29,0,-0.86455,-0.71541,-0.71541,0.86455,7,1.12217
2026-08-30,0,-0.864,-0.76109,-0.76109,0.864,7,1.15141
2026-08-31,0,-0.89611,-0.78088,-0.78088,0.89611,7,1.18861
