date,year,month,day,extent,climatology_1981_2010,anomaly
1978-10-26,1978,10,26,17.624,17.681,-0.057
1978-10-28,1978,10,28,17.803,17.555,0.248
1978-10-30,1978,10,30,17.67,17.449,0.221
1978-11-01,1978,11,1,17.527,17.312,0.215
1978-11-03,1978,11,3,17.486,17.153,0.333
1978-11-05,1978,11,5,17.343,17.011,0.332
1978-11-07,1978,11,7,17.157,16.848,0.309
1978-11-09,1978,11,9,17.028,16.667,0.361
1978-11-11,1978,11,11,16.815,16.472,0.343
1978-11-13,1978,11,13,16.371,16.272,0.099
1978-11-15,1978,11,15,16.176,16.061,0.115
1978-11-17,1978,11,17,15.52,15.797,-0.277
1978-11-19,1978,11,19,15.267,15.509,-0.242
1978-11-21,1978,11,21,15.027,15.213,-0.186
1978-11-23,1978,11,23,14.681,14.896,-0.215
1978-11-25,1978,11,25,14.449,14.575,-0.126
1978-11-27,1978,11,27,13.98,14.239,-0.259
1978-11-29,1978,11,29,13.619,13.868,-0.249
1978-12-01,1978,12,1,13.33,13.513,-0.183
1978-12-03,1978,12,3,13.097,13.105,-0.008
1978-12-05,1978,12,5,12.829,12.703,0.126
1978-12-07,1978,12,7,12.436,12.29,0.146
1978-12-09,1978,12,9,11.963,11.859,0.104
1978-12-11,1978,12,11,11.652,11.436,0.216
1978-12-13,1978,12,13,11.148,10.998,0.15
1978-12-15,1978,12,15,10.664,10.498,0.166
1978-12-17,1978,12,17,10.239,9.984,0.255
1978-12-19,1978,12,19,9.758,9.48,0.278
1978-12-21,1978,12,21,9.362,9.039,0.323
1978-12-23,1978,12,23,8.706,8.631,0.075
1978-12-25,1978,12,25,8.362,8.224,0.138
1978-12-27,1978,12,27,7.907,7.811,0.096
1978-12-29,1978,12,29,7.588,7.406,0.182
1978-12-31,1978,12,31,7.283,7.059,0.224
1979-01-02,1979,1,2,6.945,6.808,0.137
1979-01-04,1979,1,4,6.838,6.451,0.387
1979-01-06,1979,1,6,6.638,6.142,0.496
1979-01-08,1979,1,8,6.27,5.838,0.432
1979-01-10,1979,1,10,6.138,5.547,0.591
1979-01-12,1979,1,12,5.952,5.305,0.647
1979-01-14,1979,1,14,5.564,5.047,0.517
1979-01-16,1979,1,16,5.379,4.819,0.56
1979-01-18,1979,1,18,5.233,4.614,0.619
1979-01-20,1979,1,20,4.984,4.427,0.557
1979-01-22,1979,1,22,4.609,4.24,0.369
1979-01-24,1979,1,24,4.397,4.074,0.323
1979-01-26,1979,1,26,4.184,3.929,0.255
1979-01-28,1979,1,28,4.004,3.808,0.196
1979-01-30,1979,1,30,3.898,3.665,0.233
1979-02-01,1979,2,1,3.704,3.534,0.17
1979-02-03,1979,2,3,3.516,3.43,0.086
1979-02-05,1979,2,5,3.367,3.326,0.041
1979-02-07,1979,2,7,3.326,3.227,0.099
1979-02-09,1979,2,9,3.212,3.141,0.071
1979-02-11,1979,2,11,3.043,3.064,-0.021
1979-02-13,1979,2,13,3.049,2.998,0.051
1979-02-15,1979,2,15,2.916,2.935,-0.019
1979-02-17,1979,2,17,2.911,2.914,-0.003
1979-02-19,1979,2,19,2.95,2.881,0.069
1979-02-21,1979,2,21,2.945,2.881,0.064
1979-02-23,1979,2,23,2.924,2.892,0.032
1979-02-25,1979,2,25,2.996,2.907,0.089
1979-02-27,1979,2,27,3.116,2.96,0.156
1979-03-01,1979,3,1,3.248,3.061,0.187
1979-03-03,1979,3,3,3.079,3.166,-0.087
1979-03-05,1979,3,5,3.228,3.253,-0.025
1979-03-07,1979,3,7,3.308,3.37,-0.062
1979-03-09,1979,3,9,3.366,3.507,-0.141
1979-03-11,1979,3,11,3.443,3.658,-0.215
1979-03-13,1979,3,13,3.594,3.815,-0.221
1979-03-15,1979,3,15,3.721,3.966,-0.245
1979-03-17,1979,3,17,3.832,4.11,-0.278
1979-03-19,1979,3,19,4.091,4.271,-0.18
1979-03-21,1979,3,21,4.248,4.441,-0.193
1979-03-23,1979,3,23,4.5,4.613,-0.113
1979-03-25,1979,3,25,4.818,4.798,0.02
1979-03-27,1979,3,27,4.894,4.956,-0.062
1979-03-29,1979,3,29,5.208,5.139,0.069
1979-03-31,1979,3,31,5.411,5.312,0.099
1979-04-02,1979,4,2,5.649,5.508,0.141
1979-04-04,1979,4,4,5.826,5.708,0.118
1979-04-06,1979,4,6,6.152,5.908,0.244
1979-04-08,1979,4,8,6.409,6.125,0.284
1979-04-10,1979,4,10,6.806,6.329,0.477
1979-04-12,1979,4,12,7.149,6.549,0.6
1979-04-14,1979,4,14,7.309,6.757,0.552
1979-04-16,1979,4,16,7.587,6.977,0.61
1979-04-18,1979,4,18,7.742,7.194,0.548
1979-04-20,1979,4,20,8.01,7.414,0.596
1979-04-22,1979,4,22,8.273,7.624,0.649
1979-04-24,1979,4,24,8.572,7.84,0.732
1979-04-26,1979,4,26,8.791,8.05,0.741
1979-04-28,1979,4,28,8.97,8.28,0.69
1979-04-30,1979,4,30,9.038,8.497,0.541
1979-05-02,1979,5,2,9.162,8.71,0.452
1979-05-04,1979,5,4,9.498,8.94,0.558
1979-05-06,1979,5,6,9.968,9.161,0.807
1979-05-08,1979,5,8,9.848,9.392,0.456
1979-05-10,1979,5,10,10.109,9.588,0.521
1979-05-12,1979,5,12,10.342,9.811,0.531
1979-05-14,1979,5,14,10.656,10.039,0.617
1979-05-16,1979,5,16,10.953,10.26,0.693
1979-05-18,1979,5,18,11.145,10.47,0.675
1979-05-20,1979,5,20,11.273,10.708,0.565
1979-05-22,1979,5,22,11.458,10.909,0.549
1979-05-24,1979,5,24,11.634,11.119,0.515
1979-05-26,1979,5,26,11.868,11.321,0.547
1979-05-28,1979,5,28,12.116,11.532,0.584
1979-05-30,1979,5,30,12.37,11.732,0.638
1979-06-01,1979,6,1,12.654,11.978,0.676
1979-06-03,1979,6,3,13.061,12.168,0.893
1979-06-05,1979,6,5,13.24,12.383,0.857
1979-06-07,1979,6,7,13.452,12.581,0.871
1979-06-09,1979,6,9,13.523,12.792,0.731
1979-06-11,1979,6,11,13.661,12.987,0.674
1979-06-13,1979,6,13,13.748,13.172,0.576
1979-06-15,1979,6,15,13.952,13.384,0.568
1979-06-17,1979,6,17,14.26,13.597,0.663
1979-06-19,1979,6,19,14.588,13.796,0.792
1979-06-21,1979,6,21,14.909,13.991,0.918
1979-06-23,1979,6,23,15.227,14.186,1.041
1979-06-25,1979,6,25,15.371,14.37,1.001
1979-06-27,1979,6,27,15.513,14.524,0.989
1979-06-29,1979,6,29,15.646,14.709,0.937
1979-07-01,1979,7,1,15.685,14.896,0.789
1979-07-03,1979,7,3,15.779,15.039,0.74
1979-07-05,1979,7,5,15.896,15.187,0.709
1979-07-07,1979,7,7,15.947,15.329,0.618
1979-07-09,1979,7,9,16.128,15.482,0.646
1979-07-11,1979,7,11,16.235,15.652,0.583
1979-07-13,1979,7,13,16.408,15.839,0.569
1979-07-15,1979,7,15,16.588,15.971,0.617
1979-07-17,1979,7,17,16.661,16.084,0.577
1979-07-19,1979,7,19,16.794,16.257,0.537
1979-07-21,1979,7,21,16.864,16.437,0.427
1979-07-23,1979,7,23,16.93,16.591,0.339
1979-07-25,1979,7,25,17.144,16.69,0.454
1979-07-27,1979,7,27,17.042,16.801,0.241
1979-07-29,1979,7,29,17.11,16.929,0.181
1979-07-31,1979,7,31,17.059,17.028,0.031
1979-08-02,1979,8,2,16.944,17.135,-0.191
1979-08-04,1979,8,4,17.022,17.236,-0.214
1979-08-06,1979,8,6,16.983,17.35,-0.367
1979-08-08,1979,8,8,17.0,17.481,-0.481
1979-08-10,1979,8,10,17.181,17.547,-0.366
1979-08-12,1979,8,12,17.506,17.642,-0.136
1979-08-14,1979,8,14,17.62,17.738,-0.118
1979-08-16,1979,8,16,17.876,17.827,0.049
1979-08-18,1979,8,18,18.118,17.867,0.251
1979-08-20,1979,8,20,18.136,17.924,0.212
1979-08-22,1979,8,22,18.283,17.983,0.3
1979-08-24,1979,8,24,18.268,18.053,0.215
1979-08-26,1979,8,26,18.203,18.145,0.058
1979-08-28,1979,8,28,18.159,18.195,-0.036
1979-08-30,1979,8,30,18.175,18.241,-0.066
1979-09-01,1979,9,1,18.187,18.288,-0.101
1979-09-03,1979,9,3,18.197,18.333,-0.136
1979-09-05,1979,9,5,18.295,18.373,-0.078
1979-09-07,1979,9,7,18.28,18.416,-0.136
1979-09-09,1979,9,9,18.215,18.47,-0.255
1979-09-11,1979,9,11,18.264,18.502,-0.238
1979-09-13,1979,9,13,18.361,18.522,-0.161
1979-09-15,1979,9,15,18.326,18.533,-0.207
1979-09-17,1979,9,17,18.105,18.565,-0.46
1979-09-19,1979,9,19,17.978,18.572,-0.594
1979-09-21,1979,9,21,18.117,18.576,-0.459
1979-09-23,1979,9,23,17.973,18.57,-0.597
1979-09-25,1979,9,25,18.118,18.566,-0.448
1979-09-27,1979,9,27,18.26,18.541,-0.281
1979-09-29,1979,9,29,18.257,18.525,-0.268
1979-10-01,1979,10,1,18.25,18.508,-0.258
1979-10-03,1979,10,3,18.311,18.476,-0.165
1979-10-05,1979,10,5,18.275,18.44,-0.165
1979-10-07,1979,10,7,18.109,18.394,-0.285
1979-10-09,1979,10,9,18.16,18.329,-0.169
1979-10-11,1979,10,11,18.022,18.287,-0.265
1979-10-13,1979,10,13,18.077,18.235,-0.158
1979-10-15,1979,10,15,17.961,18.193,-0.232
1979-10-17,1979,10,17,17.95,18.116,-0.166
1979-10-19,1979,10,19,17.777,18.012,-0.235
1979-10-21,1979,10,21,17.738,17.921,-0.183
1979-10-23,1979,10,23,17.598,17.833,-0.235
1979-10-25,1979,10,25,17.403,17.736,-0.333
1979-10-27,1979,10,27,17.274,17.633,-0.359
1979-10-29,1979,10,29,17.206,17.509,-0.303
1979-10-31,1979,10,31,17.017,17.367,-0.35
1979-11-02,1979,11,2,16.945,17.229,-0.284
1979-11-04,1979,11,4,16.767,17.081,-0.314
1979-11-06,1979,11,6,16.71,16.934,-0.224
1979-11-08,1979,11,8,16.537,16.762,-0.225
1979-11-10,1979,11,10,16.266,16.562,-0.296
1979-11-12,1979,11,12,15.947,16.378,-0.431
1979-11-14,1979,11,14,15.729,16.175,-0.446
1979-11-16,1979,11,16,15.481,15.925,-0.444
1979-11-18,1979,11,18,15.256,15.665,-0.409
1979-11-20,1979,11,20,14.984,15.368,-0.384
1979-11-22,1979,11,22,14.682,15.069,-0.387
1979-11-24,1979,11,24,14.202,14.74,-0.538
1979-11-26,1979,11,26,13.82,14.417,-0.597
1979-11-28,1979,11,28,13.569,14.055,-0.486
1979-11-30,1979,11,30,13.161,13.685,-0.524
1979-12-02,1979,12,2,12.893,13.294,-0.401
1979-12-04,1979,12,4,12.471,12.904,-0.433
1979-12-06,1979,12,6,12.042,12.495,-0.453
1979-12-08,1979,12,8,11.457,12.068,-0.611
1979-12-10,1979,12,10,10.844,11.659,-0.815
1979-12-12,1979,12,12,10.34,11.222,-0.882
1979-12-14,1979,12,14,9.793,10.755,-0.962
1979-12-16,1979,12,16,9.125,10.247,-1.122
1979-12-18,1979,12,18,8.307,9.732,-1.425
1979-12-20,1979,12,20,7.891,9.255,-1.364
1979-12-22,1979,12,22,7.405,8.835,-1.43
1979-12-24,1979,12,24,6.842,8.416,-1.574
1979-12-26,1979,12,26,6.607,8.018,-1.411
1979-12-28,1979,12,28,6.396,7.624,-1.228
1979-12-30,1979,12,30,6.124,7.222,-1.098
1980-01-01,1980,1,1,5.967,6.999,-1.032
1980-01-03,1980,1,3,5.674,6.621,-0.947
1980-01-05,1980,1,5,5.584,6.296,-0.712
1980-01-07,1980,1,7,5.329,5.999,-0.67
1980-01-09,1980,1,9,5.0,5.681,-0.681
1980-01-11,1980,1,11,4.874,5.423,-0.549
1980-01-13,1980,1,13,4.682,5.16,-0.478
1980-01-15,1980,1,15,4.569,4.926,-0.357
1980-01-17,1980,1,17,4.419,4.709,-0.29
1980-01-19,1980,1,19,4.319,4.521,-0.202
1980-01-21,1980,1,21,4.115,4.335,-0.22
1980-01-23,1980,1,23,3.986,4.154,-0.168
1980-01-25,1980,1,25,3.801,3.998,-0.197
1980-01-27,1980,1,27,3.664,3.861,-0.197
1980-01-29,1980,1,29,3.513,3.734,-0.221
1980-01-31,1980,1,31,3.496,3.605,-0.109
1980-02-02,1980,2,2,3.355,3.489,-0.134
1980-02-04,1980,2,4,3.218,3.377,-0.159
1980-02-06,1980,2,6,3.124,3.28,-0.156
1980-02-08,1980,2,8,3.009,3.181,-0.172
1980-02-10,1980,2,10,2.929,3.097,-0.168
1980-02-12,1980,2,12,2.91,3.025,-0.115
1980-02-14,1980,2,14,2.69,2.969,-0.279
1980-02-16,1980,2,16,2.676,2.918,-0.242
1980-02-18,1980,2,18,2.629,2.903,-0.274
1980-02-20,1980,2,20,2.591,2.876,-0.285
1980-02-22,1980,2,22,2.609,2.885,-0.276
1980-02-24,1980,2,24,2.583,2.889,-0.306
1980-02-26,1980,2,26,2.521,2.931,-0.41
1980-02-28,1980,2,28,2.613,2.994,-0.381
1980-03-01,1980,3,1,2.576,3.061,-0.485
1980-03-03,1980,3,3,2.672,3.166,-0.494
1980-03-05,1980,3,5,2.839,3.253,-0.414
1980-03-07,1980,3,7,2.944,3.37,-0.426
1980-03-09,1980,3,9,3.026,3.507,-0.481
1980-03-11,1980,3,11,3.051,3.658,-0.607
1980-03-13,1980,3,13,3.162,3.815,-0.653
1980-03-15,1980,3,15,3.256,3.966,-0.71
1980-03-17,1980,3,17,3.312,4.11,-0.798
1980-03-19,1980,3,19,3.396,4.271,-0.875
1980-03-21,1980,3,21,3.416,4.441,-1.025
1980-03-23,1980,3,23,3.515,4.613,-1.098
1980-03-25,1980,3,25,3.628,4.798,-1.17
1980-03-27,1980,3,27,3.79,4.956,-1.166
1980-03-29,1980,3,29,3.966,5.139,-1.173
1980-03-31,1980,3,31,4.169,5.312,-1.143
1980-04-02,1980,4,2,4.264,5.508,-1.244
1980-04-04,1980,4,4,4.348,5.708,-1.36
1980-04-06,1980,4,6,4.563,5.908,-1.345
1980-04-08,1980,4,8,4.708,6.125,-1.417
1980-04-10,1980,4,10,4.76,6.329,-1.569
1980-04-12,1980,4,12,4.937,6.549,-1.612
1980-04-14,1980,4,14,5.026,6.757,-1.731
1980-04-16,1980,4,16,5.197,6.977,-1.78
1980-04-18,1980,4,18,5.465,7.194,-1.729
1980-04-20,1980,4,20,5.726,7.414,-1.688
1980-04-22,1980,4,22,6.019,7.624,-1.605
1980-04-24,1980,4,24,6.215,7.84,-1.625
1980-04-26,1980,4,26,6.34,8.05,-1.71
1980-04-28,1980,4,28,6.626,8.28,-1.654
1980-04-30,1980,4,30,6.881,8.497,-1.616
1980-05-02,1980,5,2,7.174,8.71,-1.536
1980-05-04,1980,5,4,7.375,8.94,-1.565
1980-05-06,1980,5,6,7.682,9.161,-1.479
1980-05-08,1980,5,8,7.933,9.392,-1.459
1980-05-10,1980,5,10,8.259,9.588,-1.329
1980-05-12,1980,5,12,8.466,9.811,-1.345
1980-05-14,1980,5,14,8.557,10.039,-1.482
1980-05-16,1980,5,16,8.914,10.26,-1.346
1980-05-18,1980,5,18,9.087,10.47,-1.383
1980-05-20,1980,5,20,9.3,10.708,-1.408
1980-05-22,1980,5,22,9.588,10.909,-1.321
1980-05-24,1980,5,24,9.832,11.119,-1.287
1980-05-26,1980,5,26,10.063,11.321,-1.258
1980-05-28,1980,5,28,10.207,11.532,-1.325
1980-05-30,1980,5,30,10.413,11.732,-1.319
1980-06-01,1980,6,1,10.681,11.978,-1.297
1980-06-03,1980,6,3,10.742,12.168,-1.426
1980-06-05,1980,6,5,11.111,12.383,-1.272
1980-06-07,1980,6,7,11.314,12.581,-1.267
1980-06-09,1980,6,9,11.665,12.792,-1.127
1980-06-11,1980,6,11,11.961,12.987,-1.026
1980-06-13,1980,6,13,12.276,13.172,-0.896
1980-06-15,1980,6,15,12.644,13.384,-0.74
1980-06-17,1980,6,17,12.838,13.597,-0.759
1980-06-19,1980,6,19,13.119,13.796,-0.677
1980-06-21,1980,6,21,13.311,13.991,-0.68
1980-06-23,1980,6,23,13.671,14.186,-0.515
1980-06-25,1980,6,25,14.046,14.37,-0.324
1980-06-27,1980,6,27,13.912,14.524,-0.612
1980-06-29,1980,6,29,14.063,14.709,-0.646
1980-07-01,1980,7,1,14.199,14.896,-0.697
1980-07-03,1980,7,3,14.417,15.039,-0.622
1980-07-05,1980,7,5,14.686,15.187,-0.501
1980-07-07,1980,7,7,14.935,15.329,-0.394
1980-07-09,1980,7,9,15.066,15.482,-0.416
1980-07-11,1980,7,11,15.226,15.652,-0.426
1980-07-13,1980,7,13,15.429,15.839,-0.41
1980-07-15,1980,7,15,15.539,15.971,-0.432
1980-07-17,1980,7,17,15.719,16.084,-0.365
1980-07-19,1980,7,19,15.846,16.257,-0.411
1980-07-21,1980,7,21,15.967,16.437,-0.47
1980-07-23,1980,7,23,16.158,16.591,-0.433
1980-07-25,1980,7,25,16.289,16.69,-0.401
1980-07-27,1980,7,27,16.468,16.801,-0.333
1980-07-29,1980,7,29,16.505,16.929,-0.424
1980-07-31,1980,7,31,16.582,17.028,-0.446
1980-08-02,1980,8,2,16.672,17.135,-0.463
1980-08-04,1980,8,4,17.078,17.236,-0.158
1980-08-06,1980,8,6,17.282,17.35,-0.068
1980-08-08,1980,8,8,17.297,17.481,-0.184
1980-08-10,1980,8,10,17.572,17.547,0.025
1980-08-12,1980,8,12,17.768,17.642,0.126
1980-08-14,1980,8,14,17.932,17.738,0.194
1980-08-16,1980,8,16,17.88,17.827,0.053
1980-08-18,1980,8,18,17.944,17.867,0.077
1980-08-20,1980,8,20,18.14,17.924,0.216
1980-08-22,1980,8,22,18.143,17.983,0.16
1980-08-24,1980,8,24,18.27,18.053,0.217
1980-08-26,1980,8,26,18.338,18.145,0.193
1980-08-28,1980,8,28,18.341,18.195,0.146
1980-08-30,1980,8,30,18.427,18.241,0.186
1980-09-01,1980,9,1,18.612,18.288,0.324
1980-09-03,1980,9,3,18.604,18.333,0.271
1980-09-05,1980,9,5,18.619,18.373,0.246
1980-09-07,1980,9,7,18.653,18.416,0.237
1980-09-09,1980,9,9,18.586,18.47,0.116
1980-09-11,1980,9,11,18.736,18.502,0.234
1980-09-13,1980,9,13,18.784,18.522,0.262
1980-09-15,1980,9,15,18.842,18.533,0.309
1980-09-17,1980,9,17,18.83,18.565,0.265
1980-09-19,1980,9,19,18.977,18.572,0.405
1980-09-21,1980,9,21,19.026,18.576,0.45
1980-09-23,1980,9,23,19.092,18.57,0.522
1980-09-25,1980,9,25,19.02,18.566,0.454
1980-09-27,1980,9,27,18.917,18.541,0.376
1980-09-29,1980,9,29,18.961,18.525,0.436
1980-10-01,1980,10,1,18.877,18.508,0.369
1980-10-03,1980,10,3,18.883,18.476,0.407
1980-10-05,1980,10,5,18.834,18.44,0.394
1980-10-07,1980,10,7,18.725,18.394,0.331
1980-10-09,1980,10,9,18.786,18.329,0.457
1980-10-11,1980,10,11,18.793,18.287,0.506
1980-10-13,1980,10,13,18.794,18.235,0.559
1980-10-15,1980,10,15,18.913,18.193,0.72
1980-10-17,1980,10,17,18.66,18.116,0.544
1980-10-19,1980,10,19,18.536,18.012,0.524
1980-10-21,1980,10,21,18.469,17.921,0.548
1980-10-23,1980,10,23,18.367,17.833,0.534
1980-10-25,1980,10,25,18.312,17.736,0.576
1980-10-27,1980,10,27,18.209,17.633,0.576
1980-10-29,1980,10,29,18.064,17.509,0.555
1980-10-31,1980,10,31,17.864,17.367,0.497
1980-11-02,1980,11,2,17.725,17.229,0.496
1980-11-04,1980,11,4,17.504,17.081,0.423
1980-11-06,1980,11,6,17.321,16.934,0.387
1980-11-08,1980,11,8,17.235,16.762,0.473
1980-11-10,1980,11,10,17.077,16.562,0.515
1980-11-12,1980,11,12,16.9,16.378,0.522
1980-11-14,1980,11,14,16.633,16.175,0.458
1980-11-16,1980,11,16,16.394,15.925,0.469
1980-11-18,1980,11,18,16.133,15.665,0.468
1980-11-20,1980,11,20,15.758,15.368,0.39
1980-11-22,1980,11,22,15.378,15.069,0.309
1980-11-24,1980,11,24,15.015,14.74,0.275
1980-11-26,1980,11,26,14.714,14.417,0.297
1980-11-28,1980,11,28,14.334,14.055,0.279
1980-11-30,1980,11,30,13.876,13.685,0.191
1980-12-02,1980,12,2,13.549,13.294,0.255
1980-12-04,1980,12,4,13.156,12.904,0.252
1980-12-06,1980,12,6,12.601,12.495,0.106
1980-12-08,1980,12,8,12.097,12.068,0.029
1980-12-10,1980,12,10,11.659,11.659,0.0
1980-12-12,1980,12,12,11.17,11.222,-0.052
1980-12-14,1980,12,14,10.702,10.755,-0.053
1980-12-16,1980,12,16,10.212,10.247,-0.035
1980-12-18,1980,12,18,9.676,9.732,-0.056
1980-12-20,1980,12,20,9.342,9.255,0.087
1980-12-22,1980,12,22,8.65,8.835,-0.185
1980-12-24,1980,12,24,8.1,8.416,-0.316
1980-12-26,1980,12,26,7.612,8.018,-0.406
1980-12-28,1980,12,28,7.178,7.624,-0.446
1980-12-30,1980,12,30,6.634,7.222,-0.588
1981-01-01,1981,1,1,6.323,6.999,-0.676
1981-01-03,1981,1,3,5.791,6.621,-0.83
1981-01-05,1981,1,5,5.351,6.296,-0.945
1981-01-07,1981,1,7,5.191,5.999,-0.808
1981-01-09,1981,1,9,4.775,5.681,-0.906
1981-01-11,1981,1,11,4.588,5.423,-0.835
1981-01-13,1981,1,13,4.503,5.16,-0.657
1981-01-15,1981,1,15,4.286,4.926,-0.64
1981-01-17,1981,1,17,4.073,4.709,-0.636
1981-01-19,1981,1,19,3.971,4.521,-0.55
1981-01-21,1981,1,21,3.838,4.335,-0.497
1981-01-23,1981,1,23,3.745,4.154,-0.409
1981-01-25,1981,1,25,3.699,3.998,-0.299
1981-01-27,1981,1,27,3.536,3.861,-0.325
1981-01-29,1981,1,29,3.509,3.734,-0.225
1981-01-31,1981,1,31,3.411,3.605,-0.194
1981-02-02,1981,2,2,3.297,3.489,-0.192
1981-02-04,1981,2,4,3.214,3.377,-0.163
1981-02-06,1981,2,6,3.111,3.28,-0.169
1981-02-08,1981,2,8,2.935,3.181,-0.246
1981-02-10,1981,2,10,2.878,3.097,-0.219
1981-02-12,1981,2,12,2.821,3.025,-0.204
1981-02-14,1981,2,14,2.763,2.969,-0.206
1981-02-16,1981,2,16,2.707,2.918,-0.211
1981-02-18,1981,2,18,2.705,2.903,-0.198
1981-02-20,1981,2,20,2.694,2.876,-0.182
1981-02-22,1981,2,22,2.731,2.885,-0.154
1981-02-24,1981,2,24,2.742,2.889,-0.147
1981-02-26,1981,2,26,2.834,2.931,-0.097
1981-02-28,1981,2,28,2.797,2.994,-0.197
1981-03-02,1981,3,2,2.724,3.105,-0.381
1981-03-04,1981,3,4,2.759,3.211,-0.452
1981-03-06,1981,3,6,2.755,3.306,-0.551
1981-03-08,1981,3,8,2.862,3.433,-0.571
1981-03-10,1981,3,10,3.013,3.592,-0.579
1981-03-12,1981,3,12,3.075,3.735,-0.66
1981-03-14,1981,3,14,3.226,3.892,-0.666
1981-03-16,1981,3,16,3.338,4.035,-0.697
1981-03-18,1981,3,18,3.442,4.199,-0.757
1981-03-20,1981,3,20,3.514,4.362,-0.848
1981-03-22,1981,3,22,3.672,4.521,-0.849
1981-03-24,1981,3,24,3.893,4.701,-0.808
1981-03-26,1981,3,26,4.114,4.884,-0.77
1981-03-28,1981,3,28,4.195,5.047,-0.852
1981-03-30,1981,3,30,4.291,5.219,-0.928
1981-04-01,1981,4,1,4.505,5.405,-0.9
1981-04-03,1981,4,3,4.589,5.607,-1.018
1981-04-05,1981,4,5,4.787,5.806,-1.019
1981-04-07,1981,4,7,5.018,6.018,-1.0
1981-04-09,1981,4,9,5.136,6.218,-1.082
1981-04-11,1981,4,11,5.417,6.434,-1.017
1981-04-13,1981,4,13,5.565,6.656,-1.091
1981-04-15,1981,4,15,5.793,6.862,-1.069
1981-04-17,1981,4,17,5.988,7.089,-1.101
1981-04-19,1981,4,19,6.214,7.303,-1.089
1981-04-21,1981,4,21,6.393,7.516,-1.123
1981-04-23,1981,4,23,6.717,7.733,-1.016
1981-04-25,1981,4,25,6.903,7.947,-1.044
1981-04-27,1981,4,27,7.167,8.165,-0.998
1981-04-29,1981,4,29,7.385,8.387,-1.002
1981-05-01,1981,5,1,7.549,8.604,-1.055
1981-05-03,1981,5,3,7.75,8.825,-1.075
1981-05-05,1981,5,5,8.029,9.053,-1.024
1981-05-07,1981,5,7,8.269,9.28,-1.011
1981-05-09,1981,5,9,8.439,9.487,-1.048
1981-05-11,1981,5,11,8.671,9.705,-1.034
1981-05-13,1981,5,13,8.912,9.928,-1.016
1981-05-15,1981,5,15,9.225,10.147,-0.922
1981-05-17,1981,5,17,9.396,10.366,-0.97
1981-05-19,1981,5,19,9.707,10.583,-0.876
1981-05-21,1981,5,21,9.932,10.809,-0.877
1981-05-23,1981,5,23,10.293,11.019,-0.726
1981-05-25,1981,5,25,10.481,11.219,-0.738
1981-05-27,1981,5,27,10.701,11.422,-0.721
1981-05-29,1981,5,29,10.987,11.629,-0.642
1981-05-31,1981,5,31,11.333,11.859,-0.526
1981-06-02,1981,6,2,11.609,12.077,-0.468
1981-06-04,1981,6,4,11.792,12.271,-0.479
1981-06-06,1981,6,6,11.822,12.49,-0.668
1981-06-08,1981,6,8,11.885,12.69,-0.805
1981-06-10,1981,6,10,12.236,12.894,-0.658
1981-06-12,1981,6,12,12.599,13.074,-0.475
1981-06-14,1981,6,14,12.768,13.279,-0.511
1981-06-16,1981,6,16,13.142,13.487,-0.345
1981-06-18,1981,6,18,13.593,13.692,-0.099
1981-06-20,1981,6,20,13.67,13.898,-0.228
1981-06-22,1981,6,22,13.754,14.085,-0.331
1981-06-24,1981,6,24,14.008,14.279,-0.271
1981-06-26,1981,6,26,14.317,14.448,-0.131
1981-06-28,1981,6,28,14.599,14.622,-0.023
1981-06-30,1981,6,30,14.834,14.812,0.022
1981-07-02,1981,7,2,15.061,14.966,0.095
1981-07-04,1981,7,4,15.235,15.112,0.123
1981-07-06,1981,7,6,15.362,15.265,0.097
1981-07-08,1981,7,8,15.356,15.395,-0.039
1981-07-10,1981,7,10,15.559,15.547,0.012
1981-07-12,1981,7,12,15.757,15.753,0.004
1981-07-14,1981,7,14,15.918,15.909,0.009
1981-07-16,1981,7,16,16.021,16.038,-0.017
1981-07-18,1981,7,18,16.09,16.164,-0.074
1981-07-20,1981,7,20,16.267,16.345,-0.078
1981-07-22,1981,7,22,16.532,16.517,0.015
1981-07-24,1981,7,24,16.803,16.643,0.16
1981-07-26,1981,7,26,16.81,16.746,0.064
1981-07-28,1981,7,28,16.812,16.857,-0.045
1981-07-30,1981,7,30,16.998,16.981,0.017
1981-08-01,1981,8,1,16.968,17.083,-0.115
1981-08-03,1981,8,3,17.137,17.19,-0.053
1981-08-05,1981,8,5,17.27,17.287,-0.017
1981-08-07,1981,8,7,17.29,17.421,-0.131
1981-08-09,1981,8,9,17.475,17.514,-0.039
1981-08-11,1981,8,11,17.687,17.593,0.094
1981-08-13,1981,8,13,17.712,17.683,0.029
1981-08-15,1981,8,15,17.841,17.782,0.059
1981-08-17,1981,8,17,18.051,17.845,0.206
1981-08-19,1981,8,19,17.993,17.888,0.105
1981-08-21,1981,8,21,17.948,17.964,-0.016
1981-08-23,1981,8,23,17.9,18.018,-0.118
1981-08-25,1981,8,25,17.983,18.105,-0.122
1981-08-27,1981,8,27,18.125,18.159,-0.034
1981-08-29,1981,8,29,18.203,18.222,-0.019
1981-08-31,1981,8,31,18.201,18.264,-0.063
1981-09-02,1981,9,2,18.2,18.308,-0.108
1981-09-04,1981,9,4,18.301,18.352,-0.051
1981-09-06,1981,9,6,18.33,18.397,-0.067
1981-09-08,1981,9,8,18.427,18.445,-0.018
1981-09-10,1981,9,10,18.445,18.49,-0.045
1981-09-12,1981,9,12,18.479,18.521,-0.042
1981-09-14,1981,9,14,18.636,18.529,0.107
1981-09-16,1981,9,16,18.689,18.546,0.143
1981-09-18,1981,9,18,18.856,18.567,0.289
1981-09-20,1981,9,20,18.778,18.574,0.204
1981-09-22,1981,9,22,18.706,18.569,0.137
1981-09-24,1981,9,24,18.763,18.571,0.192
1981-09-26,1981,9,26,18.789,18.552,0.237
1981-09-28,1981,9,28,18.778,18.525,0.253
1981-09-30,1981,9,30,18.77,18.508,0.262
1981-10-02,1981,10,2,18.717,18.504,0.213
1981-10-04,1981,10,4,18.67,18.448,0.222
1981-10-06,1981,10,6,18.7,18.425,0.275
1981-10-08,1981,10,8,18.701,18.361,0.34
1981-10-10,1981,10,10,18.621,18.299,0.322
1981-10-12,1981,10,12,18.689,18.265,0.424
1981-10-14,1981,10,14,18.478,18.224,0.254
1981-10-16,1981,10,16,18.452,18.158,0.294
1981-10-18,1981,10,18,18.469,18.062,0.407
1981-10-20,1981,10,20,18.216,17.97,0.246
1981-10-22,1981,10,22,17.968,17.872,0.096
1981-10-24,1981,10,24,17.882,17.791,0.091
1981-10-26,1981,10,26,17.723,17.681,0.042
1981-10-28,1981,10,28,17.654,17.555,0.099
1981-10-30,1981,10,30,17.466,17.449,0.017
1981-11-01,1981,11,1,17.213,17.312,-0.099
1981-11-03,1981,11,3,17.098,17.153,-0.055
1981-11-05,1981,11,5,16.83,17.011,-0.181
1981-11-07,1981,11,7,16.769,16.848,-0.079
1981-11-09,1981,11,9,16.708,16.667,0.041
1981-11-11,1981,11,11,16.497,16.472,0.025
1981-11-13,1981,11,13,16.446,16.272,0.174
1981-11-15,1981,11,15,16.301,16.061,0.24
1981-11-17,1981,11,17,15.997,15.797,0.2
1981-11-19,1981,11,19,15.922,15.509,0.413
1981-11-21,1981,11,21,15.792,15.213,0.579
1981-11-23,1981,11,23,15.379,14.896,0.483
1981-11-25,1981,11,25,15.168,14.575,0.593
1981-11-27,1981,11,27,14.92,14.239,0.681
1981-11-29,1981,11,29,14.63,13.868,0.762
1981-12-01,1981,12,1,14.323,13.513,0.81
1981-12-03,1981,12,3,13.957,13.105,0.852
1981-12-05,1981,12,5,13.615,12.703,0.912
1981-12-07,1981,12,7,13.135,12.29,0.845
1981-12-09,1981,12,9,12.725,11.859,0.866
1981-12-11,1981,12,11,12.432,11.436,0.996
1981-12-13,1981,12,13,12.133,10.998,1.135
1981-12-15,1981,12,15,11.485,10.498,0.987
1981-12-17,1981,12,17,10.775,9.984,0.791
1981-12-19,1981,12,19,10.038,9.48,0.558
1981-12-21,1981,12,21,9.355,9.039,0.316
1981-12-23,1981,12,23,8.9,8.631,0.269
1981-12-25,1981,12,25,8.397,8.224,0.173
1981-12-27,1981,12,27,8.005,7.811,0.194
1981-12-29,1981,12,29,7.716,7.406,0.31
1981-12-31,1981,12,31,7.326,7.059,0.267
1982-01-02,1982,1,2,7.039,6.808,0.231
1982-01-04,1982,1,4,6.689,6.451,0.238
1982-01-06,1982,1,6,6.393,6.142,0.251
1982-01-08,1982,1,8,6.084,5.838,0.246
1982-01-10,1982,1,10,5.862,5.547,0.315
1982-01-12,1982,1,12,5.625,5.305,0.32
1982-01-14,1982,1,14,5.367,5.047,0.32
1982-01-16,1982,1,16,5.26,4.819,0.441
1982-01-18,1982,1,18,5.046,4.614,0.432
1982-01-20,1982,1,20,4.801,4.427,0.374
1982-01-22,1982,1,22,4.528,4.24,0.288
1982-01-24,1982,1,24,4.28,4.074,0.206
1982-01-26,1982,1,26,4.099,3.929,0.17
1982-01-28,1982,1,28,4.028,3.808,0.22
1982-01-30,1982,1,30,3.8,3.665,0.135
1982-02-01,1982,2,1,3.65,3.534,0.116
1982-02-03,1982,2,3,3.555,3.43,0.125
1982-02-05,1982,2,5,3.378,3.326,0.052
1982-02-07,1982,2,7,3.316,3.227,0.089
1982-02-09,1982,2,9,3.185,3.141,0.044
1982-02-11,1982,2,11,3.071,3.064,0.007
1982-02-13,1982,2,13,3.027,2.998,0.029
1982-02-15,1982,2,15,2.964,2.935,0.029
1982-02-17,1982,2,17,2.912,2.914,-0.002
1982-02-19,1982,2,19,2.973,2.881,0.092
1982-02-21,1982,2,21,2.891,2.881,0.01
1982-02-23,1982,2,23,2.89,2.892,-0.002
1982-02-25,1982,2,25,2.977,2.907,0.07
1982-02-27,1982,2,27,3.01,2.96,0.05
1982-03-01,1982,3,1,3.048,3.061,-0.013
1982-03-03,1982,3,3,3.148,3.166,-0.018
1982-03-05,1982,3,5,3.271,3.253,0.018
1982-03-07,1982,3,7,3.298,3.37,-0.072
1982-03-09,1982,3,9,3.434,3.507,-0.073
1982-03-11,1982,3,11,3.657,3.658,-0.001
1982-03-13,1982,3,13,3.959,3.815,0.144
1982-03-15,1982,3,15,4.168,3.966,0.202
1982-03-17,1982,3,17,4.29,4.11,0.18
1982-03-19,1982,3,19,4.433,4.271,0.162
1982-03-21,1982,3,21,4.737,4.441,0.296
1982-03-23,1982,3,23,4.941,4.613,0.328
1982-03-25,1982,3,25,5.104,4.798,0.306
1982-03-27,1982,3,27,5.437,4.956,0.481
1982-03-29,1982,3,29,5.708,5.139,0.569
1982-03-31,1982,3,31,5.972,5.312,0.66
1982-04-02,1982,4,2,6.262,5.508,0.754
1982-04-04,1982,4,4,6.483,5.708,0.775
1982-04-06,1982,4,6,6.613,5.908,0.705
1982-04-08,1982,4,8,6.76,6.125,0.635
1982-04-10,1982,4,10,6.999,6.329,0.67
1982-04-12,1982,4,12,7.229,6.549,0.68
1982-04-14,1982,4,14,7.495,6.757,0.738
1982-04-16,1982,4,16,7.788,6.977,0.811
1982-04-18,1982,4,18,8.049,7.194,0.855
1982-04-20,1982,4,20,8.183,7.414,0.769
1982-04-22,1982,4,22,8.442,7.624,0.818
1982-04-24,1982,4,24,8.538,7.84,0.698
1982-04-26,1982,4,26,8.785,8.05,0.735
1982-04-28,1982,4,28,9.037,8.28,0.757
1982-04-30,1982,4,30,9.181,8.497,0.684
1982-05-02,1982,5,2,9.541,8.71,0.831
1982-05-04,1982,5,4,9.593,8.94,0.653
1982-05-06,1982,5,6,9.749,9.161,0.588
1982-05-08,1982,5,8,10.024,9.392,0.632
1982-05-10,1982,5,10,10.34,9.588,0.752
1982-05-12,1982,5,12,10.507,9.811,0.696
1982-05-14,1982,5,14,10.564,10.039,0.525
1982-05-16,1982,5,16,10.644,10.26,0.384
1982-05-18,1982,5,18,10.944,10.47,0.474
1982-05-20,1982,5,20,11.098,10.708,0.39
1982-05-22,1982,5,22,11.385,10.909,0.476
1982-05-24,1982,5,24,11.405,11.119,0.286
1982-05-26,1982,5,26,11.721,11.321,0.4
1982-05-28,1982,5,28,11.881,11.532,0.349
1982-05-30,1982,5,30,11.979,11.732,0.247
1982-06-01,1982,6,1,12.18,11.978,0.202
1982-06-03,1982,6,3,12.318,12.168,0.15
1982-06-05,1982,6,5,12.625,12.383,0.242
1982-06-07,1982,6,7,12.773,12.581,0.192
1982-06-09,1982,6,9,12.938,12.792,0.146
1982-06-11,1982,6,11,13.271,12.987,0.284
1982-06-13,1982,6,13,13.415,13.172,0.243
1982-06-15,1982,6,15,13.562,13.384,0.178
1982-06-17,1982,6,17,13.661,13.597,0.064
1982-06-19,1982,6,19,13.74,13.796,-0.056
1982-06-21,1982,6,21,13.829,13.991,-0.162
1982-06-23,1982,6,23,13.994,14.186,-0.192
1982-06-25,1982,6,25,14.161,14.37,-0.209
1982-06-27,1982,6,27,14.248,14.524,-0.276
1982-06-29,1982,6,29,14.536,14.709,-0.173
1982-07-01,1982,7,1,14.696,14.896,-0.2
1982-07-03,1982,7,3,14.951,15.039,-0.088
1982-07-05,1982,7,5,15.108,15.187,-0.079
1982-07-07,1982,7,7,15.147,15.329,-0.182
1982-07-09,1982,7,9,15.25,15.482,-0.232
1982-07-11,1982,7,11,15.38,15.652,-0.272
1982-07-13,1982,7,13,15.764,15.839,-0.075
1982-07-15,1982,7,15,16.107,15.971,0.136
1982-07-17,1982,7,17,15.997,16.084,-0.087
1982-07-19,1982,7,19,15.906,16.257,-0.351
1982-07-21,1982,7,21,16.09,16.437,-0.347
1982-07-23,1982,7,23,16.45,16.591,-0.141
1982-07-25,1982,7,25,16.633,16.69,-0.057
1982-07-27,1982,7,27,16.747,16.801,-0.054
1982-07-29,1982,7,29,16.766,16.929,-0.163
1982-07-31,1982,7,31,16.963,17.028,-0.065
1982-08-02,1982,8,2,17.095,17.135,-0.04
1982-08-04,1982,8,4,17.298,17.236,0.062
1982-08-06,1982,8,6,17.318,17.35,-0.032
1982-08-08,1982,8,8,17.481,17.481,0.0
1982-08-10,1982,8,10,17.579,17.547,0.032
1982-08-12,1982,8,12,17.787,17.642,0.145
1982-08-14,1982,8,14,17.96,17.738,0.222
1982-08-16,1982,8,16,17.963,17.827,0.136
1982-08-18,1982,8,18,17.854,17.867,-0.013
1982-08-20,1982,8,20,17.989,17.924,0.065
1982-08-22,1982,8,22,18.056,17.983,0.073
1982-08-24,1982,8,24,18.071,18.053,0.018
1982-08-26,1982,8,26,18.071,18.145,-0.074
1982-08-28,1982,8,28,18.082,18.195,-0.113
1982-08-30,1982,8,30,18.234,18.241,-0.007
1982-09-01,1982,9,1,18.336,18.288,0.048
1982-09-03,1982,9,3,18.55,18.333,0.217
1982-09-05,1982,9,5,18.528,18.373,0.155
1982-09-07,1982,9,7,18.443,18.416,0.027
1982-09-09,1982,9,9,18.387,18.47,-0.083
1982-09-11,1982,9,11,18.291,18.502,-0.211
1982-09-13,1982,9,13,18.338,18.522,-0.184
1982-09-15,1982,9,15,18.25,18.533,-0.283
1982-09-17,1982,9,17,18.452,18.565,-0.113
1982-09-19,1982,9,19,18.357,18.572,-0.215
1982-09-21,1982,9,21,18.287,18.576,-0.289
1982-09-23,1982,9,23,18.296,18.57,-0.274
1982-09-25,1982,9,25,18.31,18.566,-0.256
1982-09-27,1982,9,27,18.259,18.541,-0.282
1982-09-29,1982,9,29,18.218,18.525,-0.307
1982-10-01,1982,10,1,18.234,18.508,-0.274
1982-10-03,1982,10,3,18.092,18.476,-0.384
1982-10-05,1982,10,5,18.035,18.44,-0.405
1982-10-07,1982,10,7,18.097,18.394,-0.297
1982-10-09,1982,10,9,18.154,18.329,-0.175
1982-10-11,1982,10,11,17.988,18.287,-0.299
1982-10-13,1982,10,13,17.921,18.235,-0.314
1982-10-15,1982,10,15,17.856,18.193,-0.337
1982-10-17,1982,10,17,17.787,18.116,-0.329
1982-10-19,1982,10,19,17.657,18.012,-0.355
1982-10-21,1982,10,21,17.762,17.921,-0.159
1982-10-23,1982,10,23,17.67,17.833,-0.163
1982-10-25,1982,10,25,17.552,17.736,-0.184
1982-10-27,1982,10,27,17.374,17.633,-0.259
1982-10-29,1982,10,29,17.307,17.509,-0.202
1982-10-31,1982,10,31,17.128,17.367,-0.239
1982-11-02,1982,11,2,17.048,17.229,-0.181
1982-11-04,1982,11,4,16.832,17.081,-0.249
1982-11-06,1982,11,6,16.684,16.934,-0.25
1982-11-08,1982,11,8,16.613,16.762,-0.149
1982-11-10,1982,11,10,16.527,16.562,-0.035
1982-11-12,1982,11,12,16.322,16.378,-0.056
1982-11-14,1982,11,14,16.123,16.175,-0.052
1982-11-16,1982,11,16,15.868,15.925,-0.057
1982-11-18,1982,11,18,15.559,15.665,-0.106
1982-11-20,1982,11,20,15.28,15.368,-0.088
1982-11-22,1982,11,22,15.035,15.069,-0.034
1982-11-24,1982,11,24,14.498,14.74,-0.242
1982-11-26,1982,11,26,14.047,14.417,-0.37
1982-11-28,1982,11,28,13.604,14.055,-0.451
1982-11-30,1982,11,30,13.009,13.685,-0.676
1982-12-02,1982,12,2,12.34,13.294,-0.954
1982-12-04,1982,12,4,11.789,12.904,-1.115
1982-12-06,1982,12,6,11.287,12.495,-1.208
1982-12-08,1982,12,8,10.863,12.068,-1.205
1982-12-10,1982,12,10,10.547,11.659,-1.112
1982-12-12,1982,12,12,10.089,11.222,-1.133
1982-12-14,1982,12,14,9.499,10.755,-1.256
1982-12-16,1982,12,16,9.018,10.247,-1.229
1982-12-18,1982,12,18,8.611,9.732,-1.121
1982-12-20,1982,12,20,8.148,9.255,-1.107
1982-12-22,1982,12,22,7.763,8.835,-1.072
1982-12-24,1982,12,24,7.481,8.416,-0.935
1982-12-26,1982,12,26,7.18,8.018,-0.838
1982-12-28,1982,12,28,6.912,7.624,-0.712
1982-12-30,1982,12,30,6.708,7.222,-0.514
1983-01-01,1983,1,1,6.508,6.999,-0.491
1983-01-03,1983,1,3,6.17,6.621,-0.451
1983-01-05,1983,1,5,5.869,6.296,-0.427
1983-01-07,1983,1,7,5.66,5.999,-0.339
1983-01-09,1983,1,9,5.305,5.681,-0.376
1983-01-11,1983,1,11,5.058,5.423,-0.365
1983-01-13,1983,1,13,4.81,5.16,-0.35
1983-01-15,1983,1,15,4.639,4.926,-0.287
1983-01-17,1983,1,17,4.465,4.709,-0.244
1983-01-19,1983,1,19,4.313,4.521,-0.208
1983-01-21,1983,1,21,4.21,4.335,-0.125
1983-01-23,1983,1,23,4.062,4.154,-0.092
1983-01-25,1983,1,25,3.932,3.998,-0.066
1983-01-27,1983,1,27,3.871,3.861,0.01
1983-01-29,1983,1,29,3.823,3.734,0.089
1983-01-31,1983,1,31,3.633,3.605,0.028
1983-02-02,1983,2,2,3.574,3.489,0.085
1983-02-04,1983,2,4,3.422,3.377,0.045
1983-02-06,1983,2,6,3.287,3.28,0.007
1983-02-08,1983,2,8,3.221,3.181,0.04
1983-02-10,1983,2,10,3.057,3.097,-0.04
1983-02-12,1983,2,12,3.015,3.025,-0.01
1983-02-14,1983,2,14,3.023,2.969,0.054
1983-02-16,1983,2,16,2.921,2.918,0.003
1983-02-18,1983,2,18,2.932,2.903,0.029
1983-02-20,1983,2,20,2.966,2.876,0.09
1983-02-22,1983,2,22,2.885,2.885,0.0
1983-02-24,1983,2,24,2.843,2.889,-0.046
1983-02-26,1983,2,26,2.887,2.931,-0.044
1983-02-28,1983,2,28,2.951,2.994,-0.043
1983-03-02,1983,3,2,3.138,3.105,0.033
1983-03-04,1983,3,4,3.299,3.211,0.088
1983-03-06,1983,3,6,3.382,3.306,0.076
1983-03-08,1983,3,8,3.471,3.433,0.038
1983-03-10,1983,3,10,3.512,3.592,-0.08
1983-03-12,1983,3,12,3.634,3.735,-0.101
1983-03-14,1983,3,14,3.819,3.892,-0.073
1983-03-16,1983,3,16,3.952,4.035,-0.083
1983-03-18,1983,3,18,4.098,4.199,-0.101
1983-03-20,1983,3,20,4.274,4.362,-0.088
1983-03-22,1983,3,22,4.459,4.521,-0.062
1983-03-24,1983,3,24,4.626,4.701,-0.075
1983-03-26,1983,3,26,4.769,4.884,-0.115
1983-03-28,1983,3,28,4.835,5.047,-0.212
1983-03-30,1983,3,30,4.967,5.219,-0.252
1983-04-01,1983,4,1,5.139,5.405,-0.266
1983-04-03,1983,4,3,5.369,5.607,-0.238
1983-04-05,1983,4,5,5.559,5.806,-0.247
1983-04-07,1983,4,7,5.724,6.018,-0.294
1983-04-09,1983,4,9,6.004,6.218,-0.214
1983-04-11,1983,4,11,6.125,6.434,-0.309
1983-04-13,1983,4,13,6.303,6.656,-0.353
1983-04-15,1983,4,15,6.412,6.862,-0.45
1983-04-17,1983,4,17,6.671,7.089,-0.418
1983-04-19,1983,4,19,6.829,7.303,-0.474
1983-04-21,1983,4,21,6.997,7.516,-0.519
1983-04-23,1983,4,23,7.172,7.733,-0.561
1983-04-25,1983,4,25,7.346,7.947,-0.601
1983-04-27,1983,4,27,7.572,8.165,-0.593
1983-04-29,1983,4,29,7.834,8.387,-0.553
1983-05-01,1983,5,1,8.116,8.604,-0.488
1983-05-03,1983,5,3,8.341,8.825,-0.484
1983-05-05,1983,5,5,8.448,9.053,-0.605
1983-05-07,1983,5,7,8.55,9.28,-0.73
1983-05-09,1983,5,9,8.897,9.487,-0.59
1983-05-11,1983,5,11,9.122,9.705,-0.583
1983-05-13,1983,5,13,9.307,9.928,-0.621
1983-05-15,1983,5,15,9.539,10.147,-0.608
1983-05-17,1983,5,17,9.746,10.366,-0.62
1983-05-19,1983,5,19,9.874,10.583,-0.709
1983-05-21,1983,5,21,9.921,10.809,-0.888
1983-05-23,1983,5,23,10.036,11.019,-0.983
1983-05-25,1983,5,25,10.399,11.219,-0.82
1983-05-27,1983,5,27,10.523,11.422,-0.899
1983-05-29,1983,5,29,10.719,11.629,-0.91
1983-05-31,1983,5,31,10.878,11.859,-0.981
1983-06-02,1983,6,2,11.003,12.077,-1.074
1983-06-04,1983,6,4,11.225,12.271,-1.046
1983-06-06,1983,6,6,11.612,12.49,-0.878
1983-06-08,1983,6,8,11.884,12.69,-0.806
1983-06-10,1983,6,10,12.058,12.894,-0.836
1983-06-12,1983,6,12,12.31,13.074,-0.764
1983-06-14,1983,6,14,12.432,13.279,-0.847
1983-06-16,1983,6,16,12.797,13.487,-0.69
1983-06-18,1983,6,18,12.927,13.692,-0.765
1983-06-20,1983,6,20,13.004,13.898,-0.894
1983-06-22,1983,6,22,13.251,14.085,-0.834
1983-06-24,1983,6,24,13.517,14.279,-0.762
1983-06-26,1983,6,26,13.678,14.448,-0.77
1983-06-28,1983,6,28,13.904,14.622,-0.718
1983-06-30,1983,6,30,14.037,14.812,-0.775
1983-07-02,1983,7,2,14.46,14.966,-0.506
1983-07-04,1983,7,4,14.718,15.112,-0.394
1983-07-06,1983,7,6,14.858,15.265,-0.407
1983-07-08,1983,7,8,14.979,15.395,-0.416
1983-07-10,1983,7,10,15.088,15.547,-0.459
1983-07-12,1983,7,12,15.273,15.753,-0.48
1983-07-14,1983,7,14,15.429,15.909,-0.48
1983-07-16,1983,7,16,15.481,16.038,-0.557
1983-07-18,1983,7,18,15.52,16.164,-0.644
1983-07-20,1983,7,20,15.702,16.345,-0.643
1983-07-22,1983,7,22,15.897,16.517,-0.62
1983-07-24,1983,7,24,15.888,16.643,-0.755
1983-07-26,1983,7,26,16.093,16.746,-0.653
1983-07-28,1983,7,28,16.175,16.857,-0.682
1983-07-30,1983,7,30,16.439,16.981,-0.542
1983-08-01,1983,8,1,16.586,17.083,-0.497
1983-08-03,1983,8,3,16.639,17.19,-0.551
1983-08-05,1983,8,5,16.713,17.287,-0.574
1983-08-07,1983,8,7,16.887,17.421,-0.534
1983-08-09,1983,8,9,16.71,17.514,-0.804
1983-08-11,1983,8,11,16.765,17.593,-0.828
1983-08-13,1983,8,13,16.888,17.683,-0.795
1983-08-15,1983,8,15,17.114,17.782,-0.668
1983-08-17,1983,8,17,17.181,17.845,-0.664
1983-08-19,1983,8,19,17.268,17.888,-0.62
1983-08-21,1983,8,21,17.577,17.964,-0.387
1983-08-23,1983,8,23,17.86,18.018,-0.158
1983-08-25,1983,8,25,17.799,18.105,-0.306
1983-08-27,1983,8,27,17.945,18.159,-0.214
1983-08-29,1983,8,29,17.981,18.222,-0.241
1983-08-31,1983,8,31,18.1,18.264,-0.164
1983-09-02,1983,9,2,18.284,18.308,-0.024
1983-09-04,1983,9,4,18.419,18.352,0.067
1983-09-06,1983,9,6,18.417,18.397,0.02
1983-09-08,1983,9,8,18.499,18.445,0.054
1983-09-10,1983,9,10,18.691,18.49,0.201
1983-09-12,1983,9,12,18.708,18.521,0.187
1983-09-14,1983,9,14,18.724,18.529,0.195
1983-09-16,1983,9,16,18.671,18.546,0.125
1983-09-18,1983,9,18,18.763,18.567,0.196
1983-09-20,1983,9,20,18.811,18.574,0.237
1983-09-22,1983,9,22,18.736,18.569,0.167
1983-09-24,1983,9,24,18.645,18.571,0.074
1983-09-26,1983,9,26,18.522,18.552,-0.03
1983-09-28,1983,9,28,18.432,18.525,-0.093
1983-09-30,1983,9,30,18.456,18.508,-0.052
1983-10-02,1983,10,2,18.363,18.504,-0.141
1983-10-04,1983,10,4,18.271,18.448,-0.177
1983-10-06,1983,10,6,18.107,18.425,-0.318
1983-10-08,1983,10,8,17.99,18.361,-0.371
1983-10-10,1983,10,10,17.985,18.299,-0.314
1983-10-12,1983,10,12,18.076,18.265,-0.189
1983-10-14,1983,10,14,18.002,18.224,-0.222
1983-10-16,1983,10,16,18.032,18.158,-0.126
1983-10-18,1983,10,18,18.028,18.062,-0.034
1983-10-20,1983,10,20,17.867,17.97,-0.103
1983-10-22,1983,10,22,17.715,17.872,-0.157
1983-10-24,1983,10,24,17.625,17.791,-0.166
1983-10-26,1983,10,26,17.68,17.681,-0.001
1983-10-28,1983,10,28,17.557,17.555,0.002
1983-10-30,1983,10,30,17.432,17.449,-0.017
1983-11-01,1983,11,1,17.283,17.312,-0.029
1983-11-03,1983,11,3,17.174,17.153,0.021
1983-11-05,1983,11,5,17.02,17.011,0.009
1983-11-07,1983,11,7,16.939,16.848,0.091
1983-11-09,1983,11,9,16.699,16.667,0.032
1983-11-11,1983,11,11,16.626,16.472,0.154
1983-11-13,1983,11,13,16.394,16.272,0.122
1983-11-15,1983,11,15,16.199,16.061,0.138
1983-11-17,1983,11,17,15.98,15.797,0.183
1983-11-19,1983,11,19,15.766,15.509,0.257
1983-11-21,1983,11,21,15.473,15.213,0.26
1983-11-23,1983,11,23,15.232,14.896,0.336
1983-11-25,1983,11,25,14.817,14.575,0.242
1983-11-27,1983,11,27,14.447,14.239,0.208
1983-11-29,1983,11,29,14.164,13.868,0.296
1983-12-01,1983,12,1,13.871,13.513,0.358
1983-12-03,1983,12,3,13.371,13.105,0.266
1983-12-05,1983,12,5,12.858,12.703,0.155
1983-12-07,1983,12,7,12.359,12.29,0.069
1983-12-09,1983,12,9,11.991,11.859,0.132
1983-12-11,1983,12,11,11.617,11.436,0.181
1983-12-13,1983,12,13,11.161,10.998,0.163
1983-12-15,1983,12,15,10.634,10.498,0.136
1983-12-17,1983,12,17,10.157,9.984,0.173
1983-12-19,1983,12,19,9.544,9.48,0.064
1983-12-21,1983,12,21,9.166,9.039,0.127
1983-12-23,1983,12,23,8.649,8.631,0.018
1983-12-25,1983,12,25,8.248,8.224,0.024
1983-12-27,1983,12,27,7.888,7.811,0.077
1983-12-29,1983,12,29,7.588,7.406,0.182
1983-12-31,1983,12,31,7.2,7.059,0.141
1984-01-02,1984,1,2,6.944,6.808,0.136
1984-01-04,1984,1,4,6.653,6.451,0.202
1984-01-06,1984,1,6,6.296,6.142,0.154
1984-01-08,1984,1,8,5.935,5.838,0.097
1984-01-10,1984,1,10,5.629,5.547,0.082
1984-01-12,1984,1,12,5.299,5.305,-0.006
1984-01-14,1984,1,14,5.142,5.047,0.095
1984-01-16,1984,1,16,4.526,4.819,-0.293
1984-01-18,1984,1,18,4.23,4.614,-0.384
1984-01-20,1984,1,20,3.997,4.427,-0.43
1984-01-22,1984,1,22,3.679,4.24,-0.561
1984-01-24,1984,1,24,3.489,4.074,-0.585
1984-01-26,1984,1,26,3.424,3.929,-0.505
1984-01-28,1984,1,28,3.265,3.808,-0.543
1984-01-30,1984,1,30,3.172,3.665,-0.493
1984-02-01,1984,2,1,3.039,3.534,-0.495
1984-02-03,1984,2,3,2.982,3.43,-0.448
1984-02-05,1984,2,5,2.983,3.326,-0.343
1984-02-07,1984,2,7,2.875,3.227,-0.352
1984-02-09,1984,2,9,2.796,3.141,-0.345
1984-02-11,1984,2,11,2.663,3.064,-0.401
1984-02-13,1984,2,13,2.639,2.998,-0.359
1984-02-15,1984,2,15,2.577,2.935,-0.358
1984-02-17,1984,2,17,2.602,2.914,-0.312
1984-02-19,1984,2,19,2.552,2.881,-0.329
1984-02-21,1984,2,21,2.539,2.881,-0.342
1984-02-23,1984,2,23,2.544,2.892,-0.348
1984-02-25,1984,2,25,2.468,2.907,-0.439
1984-02-27,1984,2,27,2.382,2.96,-0.578
1984-02-29,1984,2,29,2.518,3.014,-0.496
1984-03-02,1984,3,2,2.701,3.105,-0.404
1984-03-04,1984,3,4,2.889,3.211,-0.322
1984-03-06,1984,3,6,3.043,3.306,-0.263
1984-03-08,1984,3,8,3.11,3.433,-0.323
1984-03-10,1984,3,10,3.214,3.592,-0.378
1984-03-12,1984,3,12,3.316,3.735,-0.419
1984-03-14,1984,3,14,3.433,3.892,-0.459
1984-03-16,1984,3,16,3.549,4.035,-0.486
1984-03-18,1984,3,18,3.679,4.199,-0.52
1984-03-20,1984,3,20,3.803,4.362,-0.559
1984-03-22,1984,3,22,3.922,4.521,-0.599
1984-03-24,1984,3,24,4.09,4.701,-0.611
1984-03-26,1984,3,26,4.295,4.884,-0.589
1984-03-28,1984,3,28,4.465,5.047,-0.582
1984-03-30,1984,3,30,4.676,5.219,-0.543
1984-04-01,1984,4,1,4.928,5.405,-0.477
1984-04-03,1984,4,3,5.134,5.607,-0.473
1984-04-05,1984,4,5,5.327,5.806,-0.479
1984-04-07,1984,4,7,5.592,6.018,-0.426
1984-04-09,1984,4,9,5.718,6.218,-0.5
1984-04-11,1984,4,11,5.922,6.434,-0.512
1984-04-13,1984,4,13,6.107,6.656,-0.549
1984-04-15,1984,4,15,6.339,6.862,-0.523
1984-04-17,1984,4,17,6.655,7.089,-0.434
1984-04-19,1984,4,19,6.837,7.303,-0.466
1984-04-21,1984,4,21,7.018,7.516,-0.498
1984-04-23,1984,4,23,7.35,7.733,-0.383
1984-04-25,1984,4,25,7.577,7.947,-0.37
1984-04-27,1984,4,27,7.794,8.165,-0.371
1984-04-29,1984,4,29,8.032,8.387,-0.355
1984-05-01,1984,5,1,8.158,8.604,-0.446
1984-05-03,1984,5,3,8.345,8.825,-0.48
1984-05-05,1984,5,5,8.608,9.053,-0.445
1984-05-07,1984,5,7,8.807,9.28,-0.473
1984-05-09,1984,5,9,8.978,9.487,-0.509
1984-05-11,1984,5,11,9.288,9.705,-0.417
1984-05-13,1984,5,13,9.534,9.928,-0.394
1984-05-15,1984,5,15,9.618,10.147,-0.529
1984-05-17,1984,5,17,9.919,10.366,-0.447
1984-05-19,1984,5,19,10.094,10.583,-0.489
1984-05-21,1984,5,21,10.251,10.809,-0.558
1984-05-23,1984,5,23,10.549,11.019,-0.47
1984-05-25,1984,5,25,10.679,11.219,-0.54
1984-05-27,1984,5,27,10.789,11.422,-0.633
1984-05-29,1984,5,29,11.027,11.629,-0.602
1984-05-31,1984,5,31,11.331,11.859,-0.528
1984-06-02,1984,6,2,11.57,12.077,-0.507
1984-06-04,1984,6,4,11.785,12.271,-0.486
1984-06-06,1984,6,6,11.943,12.49,-0.547
1984-06-08,1984,6,8,12.273,12.69,-0.417
1984-06-10,1984,6,10,12.567,12.894,-0.327
1984-06-12,1984,6,12,12.736,13.074,-0.338
1984-06-14,1984,6,14,13.064,13.279,-0.215
1984-06-16,1984,6,16,13.25,13.487,-0.237
1984-06-18,1984,6,18,13.351,13.692,-0.341
1984-06-20,1984,6,20,13.721,13.898,-0.177
1984-06-22,1984,6,22,13.862,14.085,-0.223
1984-06-24,1984,6,24,14.151,14.279,-0.128
1984-06-26,1984,6,26,14.389,14.448,-0.059
1984-06-28,1984,6,28,14.695,14.622,0.073
1984-06-30,1984,6,30,15.1,14.812,0.288
1984-07-02,1984,7,2,15.403,14.966,0.437
1984-07-04,1984,7,4,15.623,15.112,0.511
1984-07-06,1984,7,6,15.95,15.265,0.685
1984-07-08,1984,7,8,15.922,15.395,0.527
1984-07-10,1984,7,10,16.063,15.547,0.516
1984-07-12,1984,7,12,16.302,15.753,0.549
1984-07-14,1984,7,14,16.282,15.909,0.373
1984-07-16,1984,7,16,16.367,16.038,0.329
1984-07-18,1984,7,18,16.434,16.164,0.27
1984-07-20,1984,7,20,16.5,16.345,0.155
1984-07-22,1984,7,22,16.698,16.517,0.181
1984-07-24,1984,7,24,16.959,16.643,0.316
1984-07-26,1984,7,26,17.055,16.746,0.309
1984-07-28,1984,7,28,17.159,16.857,0.302
1984-07-30,1984,7,30,17.206,16.981,0.225
1984-08-01,1984,8,1,17.466,17.083,0.383
1984-08-03,1984,8,3,17.655,17.19,0.465
1984-08-05,1984,8,5,17.722,17.287,0.435
1984-08-07,1984,8,7,17.838,17.421,0.417
1984-08-09,1984,8,9,17.789,17.514,0.275
1984-08-11,1984,8,11,17.632,17.593,0.039
1984-08-13,1984,8,13,17.684,17.683,0.001
1984-08-15,1984,8,15,17.951,17.782,0.169
1984-08-17,1984,8,17,18.162,17.845,0.317
1984-08-19,1984,8,19,18.205,17.888,0.317
1984-08-21,1984,8,21,18.144,17.964,0.18
1984-08-23,1984,8,23,18.039,18.018,0.021
1984-08-25,1984,8,25,18.036,18.105,-0.069
1984-08-27,1984,8,27,18.224,18.159,0.065
1984-08-29,1984,8,29,18.173,18.222,-0.049
1984-08-31,1984,8,31,18.123,18.264,-0.141
1984-09-02,1984,9,2,18.151,18.308,-0.157
1984-09-04,1984,9,4,18.077,18.352,-0.275
1984-09-06,1984,9,6,18.116,18.397,-0.281
1984-09-08,1984,9,8,18.182,18.445,-0.263
1984-09-10,1984,9,10,18.163,18.49,-0.327
1984-09-12,1984,9,12,18.249,18.521,-0.272
1984-09-14,1984,9,14,18.298,18.529,-0.231
1984-09-16,1984,9,16,18.312,18.546,-0.234
1984-09-18,1984,9,18,18.288,18.567,-0.279
1984-09-20,1984,9,20,18.275,18.574,-0.299
1984-09-22,1984,9,22,18.37,18.569,-0.199
1984-09-24,1984,9,24,18.242,18.571,-0.329
1984-09-26,1984,9,26,18.055,18.552,-0.497
1984-09-28,1984,9,28,17.93,18.525,-0.595
1984-09-30,1984,9,30,17.864,18.508,-0.644
1984-10-02,1984,10,2,17.958,18.504,-0.546
1984-10-04,1984,10,4,17.813,18.448,-0.635
1984-10-06,1984,10,6,17.958,18.425,-0.467
1984-10-08,1984,10,8,17.758,18.361,-0.603
1984-10-10,1984,10,10,17.61,18.299,-0.689
1984-10-12,1984,10,12,17.687,18.265,-0.578
1984-10-14,1984,10,14,17.581,18.224,-0.643
1984-10-16,1984,10,16,17.462,18.158,-0.696
1984-10-18,1984,10,18,17.425,18.062,-0.637
1984-10-20,1984,10,20,17.364,17.97,-0.606
1984-10-22,1984,10,22,17.448,17.872,-0.424
1984-10-24,1984,10,24,17.443,17.791,-0.348
1984-10-26,1984,10,26,17.345,17.681,-0.336
1984-10-28,1984,10,28,17.379,17.555,-0.176
1984-10-30,1984,10,30,17.358,17.449,-0.091
1984-11-01,1984,11,1,17.286,17.312,-0.026
1984-11-03,1984,11,3,17.282,17.153,0.129
1984-11-05,1984,11,5,17.211,17.011,0.2
1984-11-07,1984,11,7,17.062,16.848,0.214
1984-11-09,1984,11,9,16.853,16.667,0.186
1984-11-11,1984,11,11,16.676,16.472,0.204
1984-11-13,1984,11,13,16.527,16.272,0.255
1984-11-15,1984,11,15,16.358,16.061,0.297
1984-11-17,1984,11,17,16.115,15.797,0.318
1984-11-19,1984,11,19,15.846,15.509,0.337
1984-11-21,1984,11,21,15.572,15.213,0.359
1984-11-23,1984,11,23,15.299,14.896,0.403
1984-11-25,1984,11,25,15.04,14.575,0.465
1984-11-27,1984,11,27,14.681,14.239,0.442
1984-11-29,1984,11,29,14.202,13.868,0.334
1984-12-01,1984,12,1,13.863,13.513,0.35
1984-12-03,1984,12,3,13.355,13.105,0.25
1984-12-05,1984,12,5,12.968,12.703,0.265
1984-12-07,1984,12,7,12.527,12.29,0.237
1984-12-09,1984,12,9,12.113,11.859,0.254
1984-12-11,1984,12,11,11.464,11.436,0.028
1984-12-13,1984,12,13,11.14,10.998,0.142
1984-12-15,1984,12,15,10.744,10.498,0.246
1984-12-17,1984,12,17,10.245,9.984,0.261
1984-12-19,1984,12,19,9.766,9.48,0.286
1984-12-21,1984,12,21,9.225,9.039,0.186
1984-12-23,1984,12,23,8.749,8.631,0.118
1984-12-25,1984,12,25,8.479,8.224,0.255
1984-12-27,1984,12,27,8.052,7.811,0.241
1984-12-29,1984,12,29,7.707,7.406,0.301
1984-12-31,1984,12,31,7.171,7.059,0.112
1985-01-02,1985,1,2,6.527,6.808,-0.281
1985-01-04,1985,1,4,6.061,6.451,-0.39
1985-01-06,1985,1,6,5.665,6.142,-0.477
1985-01-08,1985,1,8,5.31,5.838,-0.528
1985-01-10,1985,1,10,4.934,5.547,-0.613
1985-01-12,1985,1,12,4.685,5.305,-0.62
1985-01-14,1985,1,14,4.419,5.047,-0.628
1985-01-16,1985,1,16,4.198,4.819,-0.621
1985-01-18,1985,1,18,4.037,4.614,-0.577
1985-01-20,1985,1,20,3.797,4.427,-0.63
1985-01-22,1985,1,22,3.649,4.24,-0.591
1985-01-24,1985,1,24,3.505,4.074,-0.569
1985-01-26,1985,1,26,3.403,3.929,-0.526
1985-01-28,1985,1,28,3.405,3.808,-0.403
1985-01-30,1985,1,30,3.236,3.665,-0.429
1985-02-01,1985,2,1,3.159,3.534,-0.375
1985-02-03,1985,2,3,3.117,3.43,-0.313
1985-02-05,1985,2,5,2.994,3.326,-0.332
1985-02-07,1985,2,7,2.888,3.227,-0.339
1985-02-09,1985,2,9,2.843,3.141,-0.298
1985-02-11,1985,2,11,2.774,3.064,-0.29
1985-02-13,1985,2,13,2.711,2.998,-0.287
1985-02-15,1985,2,15,2.691,2.935,-0.244
1985-02-17,1985,2,17,2.69,2.914,-0.224
1985-02-19,1985,2,19,2.602,2.881,-0.279
1985-02-21,1985,2,21,2.699,2.881,-0.182
1985-02-23,1985,2,23,2.702,2.892,-0.19
1985-02-25,1985,2,25,2.886,2.907,-0.021
1985-02-27,1985,2,27,2.954,2.96,-0.006
1985-03-01,1985,3,1,3.039,3.061,-0.022
1985-03-03,1985,3,3,3.057,3.166,-0.109
1985-03-05,1985,3,5,3.245,3.253,-0.008
1985-03-07,1985,3,7,3.218,3.37,-0.152
1985-03-09,1985,3,9,3.386,3.507,-0.121
1985-03-11,1985,3,11,3.406,3.658,-0.252
1985-03-13,1985,3,13,3.431,3.815,-0.384
1985-03-15,1985,3,15,3.562,3.966,-0.404
1985-03-17,1985,3,17,3.665,4.11,-0.445
1985-03-19,1985,3,19,3.813,4.271,-0.458
1985-03-21,1985,3,21,3.913,4.441,-0.528
1985-03-23,1985,3,23,4.014,4.613,-0.599
1985-03-25,1985,3,25,4.182,4.798,-0.616
1985-03-27,1985,3,27,4.304,4.956,-0.652
1985-03-29,1985,3,29,4.576,5.139,-0.563
1985-03-31,1985,3,31,4.664,5.312,-0.648
1985-04-02,1985,4,2,4.899,5.508,-0.609
1985-04-04,1985,4,4,5.083,5.708,-0.625
1985-04-06,1985,4,6,5.418,5.908,-0.49
1985-04-08,1985,4,8,5.751,6.125,-0.374
1985-04-10,1985,4,10,5.747,6.329,-0.582
1985-04-12,1985,4,12,6.083,6.549,-0.466
1985-04-14,1985,4,14,6.215,6.757,-0.542
1985-04-16,1985,4,16,6.432,6.977,-0.545
1985-04-18,1985,4,18,6.683,7.194,-0.511
1985-04-20,1985,4,20,7.03,7.414,-0.384
1985-04-22,1985,4,22,7.221,7.624,-0.403
1985-04-24,1985,4,24,7.391,7.84,-0.449
1985-04-26,1985,4,26,7.493,8.05,-0.557
1985-04-28,1985,4,28,7.826,8.28,-0.454
1985-04-30,1985,4,30,8.126,8.497,-0.371
1985-05-02,1985,5,2,8.316,8.71,-0.394
1985-05-04,1985,5,4,8.651,8.94,-0.289
1985-05-06,1985,5,6,8.929,9.161,-0.232
1985-05-08,1985,5,8,9.176,9.392,-0.216
1985-05-10,1985,5,10,9.393,9.588,-0.195
1985-05-12,1985,5,12,9.694,9.811,-0.117
1985-05-14,1985,5,14,9.95,10.039,-0.089
1985-05-16,1985,5,16,10.285,10.26,0.025
1985-05-18,1985,5,18,10.449,10.47,-0.021
1985-05-20,1985,5,20,10.698,10.708,-0.01
1985-05-22,1985,5,22,10.913,10.909,0.004
1985-05-24,1985,5,24,11.271,11.119,0.152
1985-05-26,1985,5,26,11.435,11.321,0.114
1985-05-28,1985,5,28,11.466,11.532,-0.066
1985-05-30,1985,5,30,11.666,11.732,-0.066
1985-06-01,1985,6,1,11.817,11.978,-0.161
1985-06-03,1985,6,3,12.109,12.168,-0.059
1985-06-05,1985,6,5,12.281,12.383,-0.102
1985-06-07,1985,6,7,12.658,12.581,0.077
1985-06-09,1985,6,9,13.023,12.792,0.231
1985-06-11,1985,6,11,13.13,12.987,0.143
1985-06-13,1985,6,13,13.342,13.172,0.17
1985-06-15,1985,6,15,13.586,13.384,0.202
1985-06-17,1985,6,17,13.797,13.597,0.2
1985-06-19,1985,6,19,13.926,13.796,0.13
1985-06-21,1985,6,21,13.983,13.991,-0.008
1985-06-23,1985,6,23,14.17,14.186,-0.016
1985-06-25,1985,6,25,14.249,14.37,-0.121
1985-06-27,1985,6,27,14.555,14.524,0.031
1985-06-29,1985,6,29,14.802,14.709,0.093
1985-07-01,1985,7,1,14.935,14.896,0.039
1985-07-03,1985,7,3,15.048,15.039,0.009
1985-07-05,1985,7,5,15.291,15.187,0.104
1985-07-07,1985,7,7,15.365,15.329,0.036
1985-07-09,1985,7,9,15.398,15.482,-0.084
1985-07-11,1985,7,11,15.54,15.652,-0.112
1985-07-13,1985,7,13,15.732,15.839,-0.107
1985-07-15,1985,7,15,15.817,15.971,-0.154
1985-07-17,1985,7,17,15.744,16.084,-0.34
1985-07-19,1985,7,19,15.788,16.257,-0.469
1985-07-21,1985,7,21,16.006,16.437,-0.431
1985-07-23,1985,7,23,16.187,16.591,-0.404
1985-07-25,1985,7,25,16.207,16.69,-0.483
1985-07-27,1985,7,27,16.181,16.801,-0.62
1985-07-29,1985,7,29,16.057,16.929,-0.872
1985-07-31,1985,7,31,16.239,17.028,-0.789
1985-08-02,1985,8,2,16.359,17.135,-0.776
1985-08-04,1985,8,4,16.679,17.236,-0.557
1985-08-06,1985,8,6,16.898,17.35,-0.452
1985-08-08,1985,8,8,17.081,17.481,-0.4
1985-08-10,1985,8,10,17.278,17.547,-0.269
1985-08-12,1985,8,12,17.382,17.642,-0.26
1985-08-14,1985,8,14,17.542,17.738,-0.196
1985-08-16,1985,8,16,17.708,17.827,-0.119
1985-08-18,1985,8,18,17.883,17.867,0.016
1985-08-20,1985,8,20,18.042,17.924,0.118
1985-08-22,1985,8,22,18.018,17.983,0.035
1985-08-24,1985,8,24,18.178,18.053,0.125
1985-08-26,1985,8,26,18.419,18.145,0.274
1985-08-28,1985,8,28,18.374,18.195,0.179
1985-08-30,1985,8,30,18.642,18.241,0.401
1985-09-01,1985,9,1,18.614,18.288,0.326
1985-09-03,1985,9,3,18.725,18.333,0.392
1985-09-05,1985,9,5,18.745,18.373,0.372
1985-09-07,1985,9,7,18.783,18.416,0.367
1985-09-09,1985,9,9,18.868,18.47,0.398
1985-09-11,1985,9,11,18.931,18.502,0.429
1985-09-13,1985,9,13,18.909,18.522,0.387
1985-09-15,1985,9,15,18.753,18.533,0.22
1985-09-17,1985,9,17,18.744,18.565,0.179
1985-09-19,1985,9,19,18.643,18.572,0.071
1985-09-21,1985,9,21,18.579,18.576,0.003
1985-09-23,1985,9,23,18.599,18.57,0.029
1985-09-25,1985,9,25,18.535,18.566,-0.031
1985-09-27,1985,9,27,18.587,18.541,0.046
1985-09-29,1985,9,29,18.533,18.525,0.008
1985-10-01,1985,10,1,18.581,18.508,0.073
1985-10-03,1985,10,3,18.701,18.476,0.225
1985-10-05,1985,10,5,18.523,18.44,0.083
1985-10-07,1985,10,7,18.596,18.394,0.202
1985-10-09,1985,10,9,18.476,18.329,0.147
1985-10-11,1985,10,11,18.481,18.287,0.194
1985-10-13,1985,10,13,18.368,18.235,0.133
1985-10-15,1985,10,15,18.263,18.193,0.07
1985-10-17,1985,10,17,18.114,18.116,-0.002
1985-10-19,1985,10,19,18.07,18.012,0.058
1985-10-21,1985,10,21,18.133,17.921,0.212
1985-10-23,1985,10,23,17.98,17.833,0.147
1985-10-25,1985,10,25,17.9,17.736,0.164
1985-10-27,1985,10,27,17.815,17.633,0.182
1985-10-29,1985,10,29,17.607,17.509,0.098
1985-10-31,1985,10,31,17.663,17.367,0.296
1985-11-02,1985,11,2,17.417,17.229,0.188
1985-11-04,1985,11,4,17.238,17.081,0.157
1985-11-06,1985,11,6,17.125,16.934,0.191
1985-11-08,1985,11,8,16.999,16.762,0.237
1985-11-10,1985,11,10,16.789,16.562,0.227
1985-11-12,1985,11,12,16.592,16.378,0.214
1985-11-14,1985,11,14,16.343,16.175,0.168
1985-11-16,1985,11,16,16.173,15.925,0.248
1985-11-18,1985,11,18,16.062,15.665,0.397
1985-11-20,1985,11,20,15.881,15.368,0.513
1985-11-22,1985,11,22,15.585,15.069,0.516
1985-11-24,1985,11,24,15.404,14.74,0.664
1985-11-26,1985,11,26,15.115,14.417,0.698
1985-11-28,1985,11,28,14.877,14.055,0.822
1985-11-30,1985,11,30,14.503,13.685,0.818
1985-12-02,1985,12,2,14.157,13.294,0.863
1985-12-04,1985,12,4,13.718,12.904,0.814
1985-12-06,1985,12,6,13.579,12.495,1.084
1985-12-08,1985,12,8,13.223,12.068,1.155
1985-12-10,1985,12,10,12.831,11.659,1.172
1985-12-12,1985,12,12,12.529,11.222,1.307
1985-12-14,1985,12,14,12.221,10.755,1.466
1985-12-16,1985,12,16,11.796,10.247,1.549
1985-12-18,1985,12,18,10.955,9.732,1.223
1985-12-20,1985,12,20,10.306,9.255,1.051
1985-12-22,1985,12,22,9.886,8.835,1.051
1985-12-24,1985,12,24,9.415,8.416,0.999
1985-12-26,1985,12,26,8.907,8.018,0.889
1985-12-28,1985,12,28,8.628,7.624,1.004
1985-12-30,1985,12,30,8.132,7.222,0.91
1986-01-01,1986,1,1,7.718,6.999,0.719
1986-01-03,1986,1,3,7.572,6.621,0.951
1986-01-05,1986,1,5,7.243,6.296,0.947
1986-01-07,1986,1,7,6.811,5.999,0.812
1986-01-09,1986,1,9,6.28,5.681,0.599
1986-01-11,1986,1,11,6.002,5.423,0.579
1986-01-13,1986,1,13,5.585,5.16,0.425
1986-01-15,1986,1,15,5.213,4.926,0.287
1986-01-17,1986,1,17,4.931,4.709,0.222
1986-01-19,1986,1,19,4.759,4.521,0.238
1986-01-21,1986,1,21,4.524,4.335,0.189
1986-01-23,1986,1,23,4.35,4.154,0.196
1986-01-25,1986,1,25,4.194,3.998,0.196
1986-01-27,1986,1,27,4.045,3.861,0.184
1986-01-29,1986,1,29,3.824,3.734,0.09
1986-01-31,1986,1,31,3.705,3.605,0.1
1986-02-02,1986,2,2,3.606,3.489,0.117
1986-02-04,1986,2,4,3.527,3.377,0.15
1986-02-06,1986,2,6,3.429,3.28,0.149
1986-02-08,1986,2,8,3.319,3.181,0.138
1986-02-10,1986,2,10,3.254,3.097,0.157
1986-02-12,1986,2,12,3.233,3.025,0.208
1986-02-14,1986,2,14,3.139,2.969,0.17
1986-02-16,1986,2,16,3.051,2.918,0.133
1986-02-18,1986,2,18,3.106,2.903,0.203
1986-02-20,1986,2,20,3.042,2.876,0.166
1986-02-22,1986,2,22,2.993,2.885,0.108
1986-02-24,1986,2,24,3.008,2.889,0.119
1986-02-26,1986,2,26,3.01,2.931,0.079
1986-02-28,1986,2,28,2.987,2.994,-0.007
1986-03-02,1986,3,2,2.981,3.105,-0.124
1986-03-04,1986,3,4,3.017,3.211,-0.194
1986-03-06,1986,3,6,2.953,3.306,-0.353
1986-03-08,1986,3,8,3.044,3.433,-0.389
1986-03-10,1986,3,10,3.139,3.592,-0.453
1986-03-12,1986,3,12,3.189,3.735,-0.546
1986-03-14,1986,3,14,3.404,3.892,-0.488
1986-03-16,1986,3,16,3.624,4.035,-0.411
1986-03-18,1986,3,18,3.812,4.199,-0.387
1986-03-20,1986,3,20,3.923,4.362,-0.439
1986-03-22,1986,3,22,4.111,4.521,-0.41
1986-03-24,1986,3,24,4.353,4.701,-0.348
1986-03-26,1986,3,26,4.449,4.884,-0.435
1986-03-28,1986,3,28,4.565,5.047,-0.482
1986-03-30,1986,3,30,4.912,5.219,-0.307
1986-04-01,1986,4,1,5.177,5.405,-0.228
1986-04-03,1986,4,3,5.313,5.607,-0.294
1986-04-05,1986,4,5,5.496,5.806,-0.31
1986-04-07,1986,4,7,5.671,6.018,-0.347
1986-04-09,1986,4,9,5.891,6.218,-0.327
1986-04-11,1986,4,11,6.002,6.434,-0.432
1986-04-13,1986,4,13,6.149,6.656,-0.507
1986-04-15,1986,4,15,6.332,6.862,-0.53
1986-04-17,1986,4,17,6.507,7.089,-0.582
1986-04-19,1986,4,19,6.645,7.303,-0.658
1986-04-21,1986,4,21,6.988,7.516,-0.528
1986-04-23,1986,4,23,7.105,7.733,-0.628
1986-04-25,1986,4,25,7.383,7.947,-0.564
1986-04-27,1986,4,27,7.507,8.165,-0.658
1986-04-29,1986,4,29,7.617,8.387,-0.77
1986-05-01,1986,5,1,7.872,8.604,-0.732
1986-05-03,1986,5,3,8.123,8.825,-0.702
1986-05-05,1986,5,5,8.254,9.053,-0.799
1986-05-07,1986,5,7,8.491,9.28,-0.789
1986-05-09,1986,5,9,8.735,9.487,-0.752
1986-05-11,1986,5,11,8.956,9.705,-0.749
1986-05-13,1986,5,13,9.3,9.928,-0.628
1986-05-15,1986,5,15,9.616,10.147,-0.531
1986-05-17,1986,5,17,9.685,10.366,-0.681
1986-05-19,1986,5,19,9.679,10.583,-0.904
1986-05-21,1986,5,21,9.887,10.809,-0.922
1986-05-23,1986,5,23,9.931,11.019,-1.088
1986-05-25,1986,5,25,10.026,11.219,-1.193
1986-05-27,1986,5,27,9.947,11.422,-1.475
1986-05-29,1986,5,29,10.02,11.629,-1.609
1986-05-31,1986,5,31,10.208,11.859,-1.651
1986-06-02,1986,6,2,11.37,12.077,-0.707
1986-06-04,1986,6,4,11.496,12.271,-0.775
1986-06-06,1986,6,6,11.912,12.49,-0.578
1986-06-08,1986,6,8,12.152,12.69,-0.538
1986-06-10,1986,6,10,12.147,12.894,-0.747
1986-06-12,1986,6,12,12.191,13.074,-0.883
1986-06-14,1986,6,14,12.363,13.279,-0.916
1986-06-16,1986,6,16,12.541,13.487,-0.946
1986-06-18,1986,6,18,12.796,13.692,-0.896
1986-06-20,1986,6,20,13.281,13.898,-0.617
1986-06-22,1986,6,22,13.434,14.085,-0.651
1986-06-24,1986,6,24,13.376,14.279,-0.903
1986-06-26,1986,6,26,13.557,14.448,-0.891
1986-06-28,1986,6,28,13.696,14.622,-0.926
1986-06-30,1986,6,30,13.993,14.812,-0.819
1986-07-02,1986,7,2,14.152,14.966,-0.814
1986-07-04,1986,7,4,14.224,15.112,-0.888
1986-07-06,1986,7,6,14.163,15.265,-1.102
1986-07-08,1986,7,8,14.397,15.395,-0.998
1986-07-10,1986,7,10,14.604,15.547,-0.943
1986-07-12,1986,7,12,14.714,15.753,-1.039
1986-07-14,1986,7,14,15.157,15.909,-0.752
1986-07-16,1986,7,16,15.481,16.038,-0.557
1986-07-18,1986,7,18,15.697,16.164,-0.467
1986-07-20,1986,7,20,15.918,16.345,-0.427
1986-07-22,1986,7,22,16.161,16.517,-0.356
1986-07-24,1986,7,24,16.177,16.643,-0.466
1986-07-26,1986,7,26,16.237,16.746,-0.509
1986-07-28,1986,7,28,16.282,16.857,-0.575
1986-07-30,1986,7,30,16.388,16.981,-0.593
1986-08-01,1986,8,1,16.334,17.083,-0.749
1986-08-03,1986,8,3,16.374,17.19,-0.816
1986-08-05,1986,8,5,16.315,17.287,-0.972
1986-08-07,1986,8,7,16.424,17.421,-0.997
1986-08-09,1986,8,9,16.416,17.514,-1.098
1986-08-11,1986,8,11,16.665,17.593,-0.928
1986-08-13,1986,8,13,16.879,17.683,-0.804
1986-08-15,1986,8,15,16.997,17.782,-0.785
1986-08-17,1986,8,17,17.189,17.845,-0.656
1986-08-19,1986,8,19,17.394,17.888,-0.494
1986-08-21,1986,8,21,17.38,17.964,-0.584
1986-08-23,1986,8,23,17.438,18.018,-0.58
1986-08-25,1986,8,25,17.401,18.105,-0.704
1986-08-27,1986,8,27,17.495,18.159,-0.664
1986-08-29,1986,8,29,17.596,18.222,-0.626
1986-08-31,1986,8,31,17.684,18.264,-0.58
1986-09-02,1986,9,2,17.58,18.308,-0.728
1986-09-04,1986,9,4,17.627,18.352,-0.725
1986-09-06,1986,9,6,17.586,18.397,-0.811
1986-09-08,1986,9,8,17.549,18.445,-0.896
1986-09-10,1986,9,10,17.597,18.49,-0.893
1986-09-12,1986,9,12,17.655,18.521,-0.866
1986-09-14,1986,9,14,17.75,18.529,-0.779
1986-09-16,1986,9,16,17.917,18.546,-0.629
1986-09-18,1986,9,18,18.027,18.567,-0.54
1986-09-20,1986,9,20,17.945,18.574,-0.629
1986-09-22,1986,9,22,17.788,18.569,-0.781
1986-09-24,1986,9,24,17.57,18.571,-1.001
1986-09-26,1986,9,26,17.615,18.552,-0.937
1986-09-28,1986,9,28,17.57,18.525,-0.955
1986-09-30,1986,9,30,17.471,18.508,-1.037
1986-10-02,1986,10,2,17.557,18.504,-0.947
1986-10-04,1986,10,4,17.678,18.448,-0.77
1986-10-06,1986,10,6,17.658,18.425,-0.767
1986-10-08,1986,10,8,17.624,18.361,-0.737
1986-10-10,1986,10,10,17.449,18.299,-0.85
1986-10-12,1986,10,12,17.369,18.265,-0.896
1986-10-14,1986,10,14,17.292,18.224,-0.932
1986-10-16,1986,10,16,17.299,18.158,-0.859
1986-10-18,1986,10,18,17.129,18.062,-0.933
1986-10-20,1986,10,20,17.022,17.97,-0.948
1986-10-22,1986,10,22,16.919,17.872,-0.953
1986-10-24,1986,10,24,16.846,17.791,-0.945
1986-10-26,1986,10,26,16.828,17.681,-0.853
1986-10-28,1986,10,28,16.611,17.555,-0.944
1986-10-30,1986,10,30,16.475,17.449,-0.974
1986-11-01,1986,11,1,16.372,17.312,-0.94
1986-11-03,1986,11,3,16.348,17.153,-0.805
1986-11-05,1986,11,5,16.193,17.011,-0.818
1986-11-07,1986,11,7,16.078,16.848,-0.77
1986-11-09,1986,11,9,15.888,16.667,-0.779
1986-11-11,1986,11,11,15.723,16.472,-0.749
1986-11-13,1986,11,13,15.535,16.272,-0.737
1986-11-15,1986,11,15,15.194,16.061,-0.867
1986-11-17,1986,11,17,15.002,15.797,-0.795
1986-11-19,1986,11,19,14.798,15.509,-0.711
1986-11-21,1986,11,21,14.301,15.213,-0.912
1986-11-23,1986,11,23,13.973,14.896,-0.923
1986-11-25,1986,11,25,13.541,14.575,-1.034
1986-11-27,1986,11,27,13.298,14.239,-0.941
1986-11-29,1986,11,29,12.855,13.868,-1.013
1986-12-01,1986,12,1,12.505,13.513,-1.008
1986-12-03,1986,12,3,12.215,13.105,-0.89
1986-12-05,1986,12,5,12.014,12.703,-0.689
1986-12-07,1986,12,7,11.433,12.29,-0.857
1986-12-09,1986,12,9,10.606,11.859,-1.253
1986-12-11,1986,12,11,10.434,11.436,-1.002
1986-12-13,1986,12,13,9.999,10.998,-0.999
1986-12-15,1986,12,15,9.739,10.498,-0.759
1986-12-17,1986,12,17,9.285,9.984,-0.699
1986-12-19,1986,12,19,8.999,9.48,-0.481
1986-12-21,1986,12,21,8.743,9.039,-0.296
1986-12-23,1986,12,23,8.412,8.631,-0.219
1986-12-25,1986,12,25,8.013,8.224,-0.211
1986-12-27,1986,12,27,7.731,7.811,-0.08
1986-12-29,1986,12,29,7.284,7.406,-0.122
1986-12-31,1986,12,31,7.051,7.059,-0.008
1987-01-02,1987,1,2,6.765,6.808,-0.043
1987-01-04,1987,1,4,6.458,6.451,0.007
1987-01-06,1987,1,6,6.287,6.142,0.145
1987-01-08,1987,1,8,5.981,5.838,0.143
1987-01-10,1987,1,10,5.552,5.547,0.005
1987-01-12,1987,1,12,5.375,5.305,0.07
1987-01-14,1987,1,14,5.241,5.047,0.194
1987-01-16,1987,1,16,4.954,4.819,0.135
1987-01-18,1987,1,18,4.847,4.614,0.233
1987-01-20,1987,1,20,4.669,4.427,0.242
1987-01-22,1987,1,22,4.426,4.24,0.186
1987-01-24,1987,1,24,4.294,4.074,0.22
1987-01-26,1987,1,26,4.135,3.929,0.206
1987-01-28,1987,1,28,4.027,3.808,0.219
1987-01-30,1987,1,30,3.879,3.665,0.214
1987-02-01,1987,2,1,3.77,3.534,0.236
1987-02-03,1987,2,3,3.622,3.43,0.192
1987-02-05,1987,2,5,3.503,3.326,0.177
1987-02-07,1987,2,7,3.398,3.227,0.171
1987-02-09,1987,2,9,3.291,3.141,0.15
1987-02-11,1987,2,11,3.285,3.064,0.221
1987-02-13,1987,2,13,3.208,2.998,0.21
1987-02-15,1987,2,15,3.078,2.935,0.143
1987-02-17,1987,2,17,3.106,2.914,0.192
1987-02-19,1987,2,19,3.05,2.881,0.169
1987-02-21,1987,2,21,3.01,2.881,0.129
1987-02-23,1987,2,23,3.075,2.892,0.183
1987-02-25,1987,2,25,3.011,2.907,0.104
1987-02-27,1987,2,27,3.145,2.96,0.185
1987-03-01,1987,3,1,3.198,3.061,0.137
1987-03-03,1987,3,3,3.264,3.166,0.098
1987-03-05,1987,3,5,3.386,3.253,0.133
1987-03-07,1987,3,7,3.544,3.37,0.174
1987-03-09,1987,3,9,3.596,3.507,0.089
1987-03-11,1987,3,11,3.758,3.658,0.1
1987-03-13,1987,3,13,3.879,3.815,0.064
1987-03-15,1987,3,15,3.954,3.966,-0.012
1987-03-17,1987,3,17,4.023,4.11,-0.087
1987-03-19,1987,3,19,4.265,4.271,-0.006
1987-03-21,1987,3,21,4.417,4.441,-0.024
1987-03-23,1987,3,23,4.562,4.613,-0.051
1987-03-25,1987,3,25,4.73,4.798,-0.068
1987-03-27,1987,3,27,4.991,4.956,0.035
1987-03-29,1987,3,29,5.048,5.139,-0.091
1987-03-31,1987,3,31,5.189,5.312,-0.123
1987-04-02,1987,4,2,5.318,5.508,-0.19
1987-04-04,1987,4,4,5.548,5.708,-0.16
1987-04-06,1987,4,6,5.689,5.908,-0.219
1987-04-08,1987,4,8,5.975,6.125,-0.15
1987-04-10,1987,4,10,6.246,6.329,-0.083
1987-04-12,1987,4,12,6.483,6.549,-0.066
1987-04-14,1987,4,14,6.761,6.757,0.004
1987-04-16,1987,4,16,6.925,6.977,-0.052
1987-04-18,1987,4,18,7.065,7.194,-0.129
1987-04-20,1987,4,20,7.254,7.414,-0.16
1987-04-22,1987,4,22,7.456,7.624,-0.168
1987-04-24,1987,4,24,7.652,7.84,-0.188
1987-04-26,1987,4,26,7.737,8.05,-0.313
1987-04-28,1987,4,28,7.856,8.28,-0.424
1987-04-30,1987,4,30,7.989,8.497,-0.508
1987-05-02,1987,5,2,8.181,8.71,-0.529
1987-05-04,1987,5,4,8.517,8.94,-0.423
1987-05-06,1987,5,6,8.747,9.161,-0.414
1987-05-08,1987,5,8,8.953,9.392,-0.439
1987-05-10,1987,5,10,9.133,9.588,-0.455
1987-05-12,1987,5,12,9.357,9.811,-0.454
1987-05-14,1987,5,14,9.508,10.039,-0.531
1987-05-16,1987,5,16,9.721,10.26,-0.539
1987-05-18,1987,5,18,9.951,10.47,-0.519
1987-05-20,1987,5,20,10.099,10.708,-0.609
1987-05-22,1987,5,22,10.231,10.909,-0.678
1987-05-24,1987,5,24,10.442,11.119,-0.677
1987-05-26,1987,5,26,10.676,11.321,-0.645
1987-05-28,1987,5,28,10.859,11.532,-0.673
1987-05-30,1987,5,30,11.036,11.732,-0.696
1987-06-01,1987,6,1,11.397,11.978,-0.581
1987-06-03,1987,6,3,11.588,12.168,-0.58
1987-06-05,1987,6,5,11.579,12.383,-0.804
1987-06-07,1987,6,7,11.91,12.581,-0.671
1987-06-09,1987,6,9,12.04,12.792,-0.752
1987-06-11,1987,6,11,12.135,12.987,-0.852
1987-06-13,1987,6,13,12.361,13.172,-0.811
1987-06-15,1987,6,15,12.693,13.384,-0.691
1987-06-17,1987,6,17,12.806,13.597,-0.791
1987-06-19,1987,6,19,12.957,13.796,-0.839
1987-06-21,1987,6,21,13.236,13.991,-0.755
1987-06-23,1987,6,23,13.497,14.186,-0.689
1987-06-25,1987,6,25,13.731,14.37,-0.639
1987-06-27,1987,6,27,14.008,14.524,-0.516
1987-06-29,1987,6,29,14.327,14.709,-0.382
1987-07-01,1987,7,1,14.667,14.896,-0.229
1987-07-03,1987,7,3,14.746,15.039,-0.293
1987-07-05,1987,7,5,14.912,15.187,-0.275
1987-07-07,1987,7,7,15.091,15.329,-0.238
1987-07-09,1987,7,9,15.107,15.482,-0.375
1987-07-11,1987,7,11,15.3,15.652,-0.352
1987-07-13,1987,7,13,15.393,15.839,-0.446
1987-07-15,1987,7,15,15.655,15.971,-0.316
1987-07-17,1987,7,17,15.809,16.084,-0.275
1987-07-19,1987,7,19,15.915,16.257,-0.342
1987-07-21,1987,7,21,16.018,16.437,-0.419
1987-07-23,1987,7,23,16.233,16.591,-0.358
1987-07-25,1987,7,25,16.494,16.69,-0.196
1987-07-27,1987,7,27,16.786,16.801,-0.015
1987-07-29,1987,7,29,16.938,16.929,0.009
1987-07-31,1987,7,31,16.961,17.028,-0.067
1987-08-02,1987,8,2,17.099,17.135,-0.036
1987-08-04,1987,8,4,17.358,17.236,0.122
1987-08-06,1987,8,6,17.519,17.35,0.169
1987-08-08,1987,8,8,17.599,17.481,0.118
1987-08-10,1987,8,10,17.631,17.547,0.084
1987-08-12,1987,8,12,17.425,17.642,-0.217
1987-08-14,1987,8,14,17.505,17.738,-0.233
1987-08-16,1987,8,16,17.606,17.827,-0.221
1987-08-18,1987,8,18,17.409,17.867,-0.458
1987-08-20,1987,8,20,17.488,17.924,-0.436
1987-08-21,1987,8,21,17.681,17.964,-0.283
1987-08-22,1987,8,22,17.771,17.983,-0.212
1987-08-23,1987,8,23,17.73,18.018,-0.288
1987-08-24,1987,8,24,17.814,18.053,-0.239
1987-08-25,1987,8,25,17.897,18.105,-0.208
1987-08-26,1987,8,26,17.931,18.145,-0.214
1987-08-27,1987,8,27,17.846,18.159,-0.313
1987-08-28,1987,8,28,17.892,18.195,-0.303
1987-08-29,1987,8,29,17.934,18.222,-0.288
1987-08-30,1987,8,30,17.898,18.241,-0.343
1987-08-31,1987,8,31,17.857,18.264,-0.407
1987-09-01,1987,9,1,17.918,18.288,-0.37
1987-09-02,1987,9,2,17.966,18.308,-0.342
1987-09-03,1987,9,3,17.908,18.333,-0.425
1987-09-04,1987,9,4,17.89,18.352,-0.462
1987-09-05,1987,9,5,17.919,18.373,-0.454
1987-09-06,1987,9,6,17.955,18.397,-0.442
1987-09-07,1987,9,7,17.975,18.416,-0.441
1987-09-08,1987,9,8,17.938,18.445,-0.507
1987-09-09,1987,9,9,18.08,18.47,-0.39
1987-09-10,1987,9,10,18.181,18.49,-0.309
1987-09-11,1987,9,11,18.24,18.502,-0.262
1987-09-12,1987,9,12,18.317,18.521,-0.204
1987-09-13,1987,9,13,18.442,18.522,-0.08
1987-09-14,1987,9,14,18.484,18.529,-0.045
1987-09-15,1987,9,15,18.524,18.533,-0.009
1987-09-16,1987,9,16,18.518,18.546,-0.028
1987-09-17,1987,9,17,18.513,18.565,-0.052
1987-09-18,1987,9,18,18.499,18.567,-0.068
1987-09-19,1987,9,19,18.487,18.572,-0.085
1987-09-20,1987,9,20,18.452,18.574,-0.122
1987-09-21,1987,9,21,18.406,18.576,-0.17
1987-09-22,1987,9,22,18.268,18.569,-0.301
1987-09-23,1987,9,23,18.173,18.57,-0.397
1987-09-24,1987,9,24,18.253,18.571,-0.318
1987-09-25,1987,9,25,18.275,18.566,-0.291
1987-09-26,1987,9,26,18.349,18.552,-0.203
1987-09-27,1987,9,27,18.388,18.541,-0.153
1987-09-28,1987,9,28,18.347,18.525,-0.178
1987-09-29,1987,9,29,18.345,18.525,-0.18
1987-09-30,1987,9,30,18.372,18.508,-0.136
1987-10-01,1987,10,1,18.411,18.508,-0.097
1987-10-02,1987,10,2,18.402,18.504,-0.102
1987-10-03,1987,10,3,18.387,18.476,-0.089
1987-10-04,1987,10,4,18.21,18.448,-0.238
1987-10-05,1987,10,5,18.13,18.44,-0.31
1987-10-06,1987,10,6,18.066,18.425,-0.359
1987-10-07,1987,10,7,17.899,18.394,-0.495
1987-10-08,1987,10,8,17.788,18.361,-0.573
1987-10-09,1987,10,9,17.746,18.329,-0.583
1987-10-10,1987,10,10,17.761,18.299,-0.538
1987-10-11,1987,10,11,17.831,18.287,-0.456
1987-10-12,1987,10,12,17.752,18.265,-0.513
1987-10-13,1987,10,13,17.797,18.235,-0.438
1987-10-14,1987,10,14,17.854,18.224,-0.37
1987-10-15,1987,10,15,17.843,18.193,-0.35
1987-10-16,1987,10,16,17.794,18.158,-0.364
1987-10-17,1987,10,17,17.777,18.116,-0.339
1987-10-18,1987,10,18,17.719,18.062,-0.343
1987-10-19,1987,10,19,17.609,18.012,-0.403
1987-10-20,1987,10,20,17.431,17.97,-0.539
1987-10-21,1987,10,21,17.41,17.921,-0.511
1987-10-22,1987,10,22,17.379,17.872,-0.493
1987-10-23,1987,10,23,17.369,17.833,-0.464
1987-10-24,1987,10,24,17.324,17.791,-0.467
1987-10-25,1987,10,25,17.286,17.736,-0.45
1987-10-26,1987,10,26,17.281,17.681,-0.4
1987-10-27,1987,10,27,17.205,17.633,-0.428
1987-10-28,1987,10,28,17.15,17.555,-0.405
1987-10-29,1987,10,29,17.118,17.509,-0.391
1987-10-30,1987,10,30,17.131,17.449,-0.318
1987-10-31,1987,10,31,17.037,17.367,-0.33
1987-11-01,1987,11,1,16.873,17.312,-0.439
1987-11-02,1987,11,2,16.805,17.229,-0.424
1987-11-03,1987,11,3,16.717,17.153,-0.436
1987-11-04,1987,11,4,16.753,17.081,-0.328
1987-11-05,1987,11,5,16.594,17.011,-0.417
1987-11-06,1987,11,6,16.572,16.934,-0.362
1987-11-07,1987,11,7,16.502,16.848,-0.346
1987-11-08,1987,11,8,16.424,16.762,-0.338
1987-11-09,1987,11,9,16.385,16.667,-0.282
1987-11-10,1987,11,10,16.295,16.562,-0.267
1987-11-11,1987,11,11,16.147,16.472,-0.325
1987-11-12,1987,11,12,16.005,16.378,-0.373
1987-11-13,1987,11,13,16.018,16.272,-0.254
1987-11-14,1987,11,14,15.849,16.175,-0.326
1987-11-15,1987,11,15,15.755,16.061,-0.306
1987-11-16,1987,11,16,15.67,15.925,-0.255
1987-11-17,1987,11,17,15.556,15.797,-0.241
1987-11-18,1987,11,18,15.52,15.665,-0.145
1987-11-19,1987,11,19,15.436,15.509,-0.073
1987-11-20,1987,11,20,15.294,15.368,-0.074
1987-11-21,1987,11,21,15.176,15.213,-0.037
1987-11-22,1987,11,22,14.957,15.069,-0.112
1987-11-23,1987,11,23,14.836,14.896,-0.06
1987-11-24,1987,11,24,14.697,14.74,-0.043
1987-11-25,1987,11,25,14.577,14.575,0.002
1987-11-26,1987,11,26,14.431,14.417,0.014
1987-11-27,1987,11,27,14.215,14.239,-0.024
1987-11-28,1987,11,28,14.023,14.055,-0.032
1987-11-29,1987,11,29,13.806,13.868,-0.062
1987-11-30,1987,11,30,13.635,13.685,-0.05
1987-12-01,1987,12,1,13.447,13.513,-0.066
1987-12-02,1987,12,2,13.311,13.294,0.017
1988-01-13,1988,1,13,4.45,5.16,-0.71
1988-01-14,1988,1,14,4.417,5.047,-0.63
1988-01-15,1988,1,15,4.369,4.926,-0.557
1988-01-16,1988,1,16,4.261,4.819,-0.558
1988-01-17,1988,1,17,4.175,4.709,-0.534
1988-01-18,1988,1,18,4.06,4.614,-0.554
1988-01-19,1988,1,19,4.01,4.521,-0.511
1988-01-20,1988,1,20,3.986,4.427,-0.441
1988-01-21,1988,1,21,3.889,4.335,-0.446
1988-01-22,1988,1,22,3.728,4.24,-0.512
1988-01-23,1988,1,23,3.671,4.154,-0.483
1988-01-24,1988,1,24,3.616,4.074,-0.458
1988-01-25,1988,1,25,3.541,3.998,-0.457
1988-01-26,1988,1,26,3.497,3.929,-0.432
1988-01-27,1988,1,27,3.505,3.861,-0.356
1988-01-28,1988,1,28,3.451,3.808,-0.357
1988-01-29,1988,1,29,3.373,3.734,-0.361
1988-01-30,1988,1,30,3.294,3.665,-0.371
1988-01-31,1988,1,31,3.233,3.605,-0.372
1988-02-01,1988,2,1,3.226,3.534,-0.308
1988-02-02,1988,2,2,3.19,3.489,-0.299
1988-02-03,1988,2,3,3.165,3.43,-0.265
1988-02-04,1988,2,4,3.081,3.377,-0.296
1988-02-05,1988,2,5,3.091,3.326,-0.235
1988-02-06,1988,2,6,3.124,3.28,-0.156
1988-02-07,1988,2,7,3.081,3.227,-0.146
1988-02-08,1988,2,8,3.022,3.181,-0.159
1988-02-09,1988,2,9,2.975,3.141,-0.166
1988-02-10,1988,2,10,2.935,3.097,-0.162
1988-02-11,1988,2,11,2.913,3.064,-0.151
1988-02-12,1988,2,12,2.903,3.025,-0.122
1988-02-13,1988,2,13,2.875,2.998,-0.123
1988-02-14,1988,2,14,2.834,2.969,-0.135
1988-02-15,1988,2,15,2.831,2.935,-0.104
1988-02-16,1988,2,16,2.797,2.918,-0.121
1988-02-17,1988,2,17,2.783,2.914,-0.131
1988-02-18,1988,2,18,2.751,2.903,-0.152
1988-02-19,1988,2,19,2.772,2.881,-0.109
1988-02-20,1988,2,20,2.828,2.876,-0.048
1988-02-21,1988,2,21,2.765,2.881,-0.116
1988-02-22,1988,2,22,2.764,2.885,-0.121
1988-02-23,1988,2,23,2.771,2.892,-0.121
1988-02-24,1988,2,24,2.639,2.889,-0.25
1988-02-25,1988,2,25,2.68,2.907,-0.227
1988-02-26,1988,2,26,2.679,2.931,-0.252
1988-02-27,1988,2,27,2.715,2.96,-0.245
1988-02-28,1988,2,28,2.758,2.994,-0.236
1988-02-29,1988,2,29,2.737,3.014,-0.277
1988-03-01,1988,3,1,2.751,3.061,-0.31
1988-03-02,1988,3,2,2.809,3.105,-0.296
1988-03-03,1988,3,3,2.904,3.166,-0.262
1988-03-04,1988,3,4,3.046,3.211,-0.165
1988-03-05,1988,3,5,3.109,3.253,-0.144
1988-03-06,1988,3,6,3.131,3.306,-0.175
1988-03-07,1988,3,7,3.196,3.37,-0.174
1988-03-08,1988,3,8,3.237,3.433,-0.196
1988-03-09,1988,3,9,3.367,3.507,-0.14
1988-03-10,1988,3,10,3.459,3.592,-0.133
1988-03-11,1988,3,11,3.547,3.658,-0.111
1988-03-12,1988,3,12,3.734,3.735,-0.001
1988-03-13,1988,3,13,3.918,3.815,0.103
1988-03-14,1988,3,14,3.969,3.892,0.077
1988-03-15,1988,3,15,4.079,3.966,0.113
1988-03-16,1988,3,16,4.116,4.035,0.081
1988-03-17,1988,3,17,4.135,4.11,0.025
1988-03-18,1988,3,18,4.226,4.199,0.027
1988-03-19,1988,3,19,4.31,4.271,0.039
1988-03-20,1988,3,20,4.376,4.362,0.014
1988-03-21,1988,3,21,4.398,4.441,-0.043
1988-03-22,1988,3,22,4.44,4.521,-0.081
1988-03-23,1988,3,23,4.51,4.613,-0.103
1988-03-24,1988,3,24,4.554,4.701,-0.147
1988-03-25,1988,3,25,4.654,4.798,-0.144
1988-03-26,1988,3,26,4.71,4.884,-0.174
1988-03-27,1988,3,27,4.839,4.956,-0.117
1988-03-28,1988,3,28,4.831,5.047,-0.216
1988-03-29,1988,3,29,4.838,5.139,-0.301
1988-03-30,1988,3,30,4.869,5.219,-0.35
1988-03-31,1988,3,31,4.89,5.312,-0.422
1988-04-01,1988,4,1,4.944,5.405,-0.461
1988-04-02,1988,4,2,5.037,5.508,-0.471
1988-04-03,1988,4,3,5.081,5.607,-0.526
1988-04-04,1988,4,4,5.148,5.708,-0.56
1988-04-05,1988,4,5,5.202,5.806,-0.604
1988-04-06,1988,4,6,5.282,5.908,-0.626
1988-04-07,1988,4,7,5.417,6.018,-0.601
1988-04-08,1988,4,8,5.513,6.125,-0.612
1988-04-09,1988,4,9,5.547,6.218,-0.671
1988-04-10,1988,4,10,5.614,6.329,-0.715
1988-04-11,1988,4,11,5.705,6.434,-0.729
1988-04-12,1988,4,12,5.824,6.549,-0.725
1988-04-13,1988,4,13,5.992,6.656,-0.664
1988-04-14,1988,4,14,6.137,6.757,-0.62
1988-04-15,1988,4,15,6.27,6.862,-0.592
1988-04-16,1988,4,16,6.414,6.977,-0.563
1988-04-17,1988,4,17,6.538,7.089,-0.551
1988-04-18,1988,4,18,6.622,7.194,-0.572
1988-04-19,1988,4,19,6.683,7.303,-0.62
1988-04-20,1988,4,20,6.768,7.414,-0.646
1988-04-21,1988,4,21,6.836,7.516,-0.68
1988-04-22,1988,4,22,6.962,7.624,-0.662
1988-04-23,1988,4,23,7.008,7.733,-0.725
1988-04-24,1988,4,24,7.172,7.84,-0.668
1988-04-25,1988,4,25,7.218,7.947,-0.729
1988-04-26,1988,4,26,7.328,8.05,-0.722
1988-04-27,1988,4,27,7.421,8.165,-0.744
1988-04-28,1988,4,28,7.522,8.28,-0.758
1988-04-29,1988,4,29,7.665,8.387,-0.722
1988-04-30,1988,4,30,7.752,8.497,-0.745
1988-05-01,1988,5,1,7.797,8.604,-0.807
1988-05-02,1988,5,2,7.951,8.71,-0.759
1988-05-03,1988,5,3,8.106,8.825,-0.719
1988-05-04,1988,5,4,8.234,8.94,-0.706
1988-05-05,1988,5,5,8.349,9.053,-0.704
1988-05-06,1988,5,6,8.445,9.161,-0.716
1988-05-07,1988,5,7,8.607,9.28,-0.673
1988-05-08,1988,5,8,8.69,9.392,-0.702
1988-05-09,1988,5,9,8.7,9.487,-0.787
1988-05-10,1988,5,10,8.688,9.588,-0.9
1988-05-11,1988,5,11,8.831,9.705,-0.874
1988-05-12,1988,5,12,8.933,9.811,-0.878
1988-05-13,1988,5,13,9.09,9.928,-0.838
1988-05-14,1988,5,14,9.285,10.039,-0.754
1988-05-15,1988,5,15,9.475,10.147,-0.672
1988-05-16,1988,5,16,9.611,10.26,-0.649
1988-05-17,1988,5,17,9.767,10.366,-0.599
1988-05-18,1988,5,18,9.904,10.47,-0.566
1988-05-19,1988,5,19,10.104,10.583,-0.479
1988-05-20,1988,5,20,10.19,10.708,-0.518
1988-05-21,1988,5,21,10.274,10.809,-0.535
1988-05-22,1988,5,22,10.331,10.909,-0.578
1988-05-23,1988,5,23,10.44,11.019,-0.579
1988-05-24,1988,5,24,10.486,11.119,-0.633
1988-05-25,1988,5,25,10.61,11.219,-0.609
1988-05-26,1988,5,26,10.778,11.321,-0.543
1988-05-27,1988,5,27,10.949,11.422,-0.473
1988-05-28,1988,5,28,11.072,11.532,-0.46
1988-05-29,1988,5,29,11.183,11.629,-0.446
1988-05-30,1988,5,30,11.35,11.732,-0.382
1988-05-31,1988,5,31,11.441,11.859,-0.418
1988-06-01,1988,6,1,11.523,11.978,-0.455
1988-06-02,1988,6,2,11.677,12.077,-0.4
1988-06-03,1988,6,3,11.841,12.168,-0.327
1988-06-04,1988,6,4,12.083,12.271,-0.188
1988-06-05,1988,6,5,12.183,12.383,-0.2
1988-06-06,1988,6,6,12.221,12.49,-0.269
1988-06-07,1988,6,7,12.286,12.581,-0.295
1988-06-08,1988,6,8,12.297,12.69,-0.393
1988-06-09,1988,6,9,12.408,12.792,-0.384
1988-06-10,1988,6,10,12.397,12.894,-0.497
1988-06-11,1988,6,11,12.501,12.987,-0.486
1988-06-12,1988,6,12,12.63,13.074,-0.444
1988-06-13,1988,6,13,12.686,13.172,-0.486
1988-06-14,1988,6,14,12.775,13.279,-0.504
1988-06-15,1988,6,15,12.942,13.384,-0.442
1988-06-16,1988,6,16,13.171,13.487,-0.316
1988-06-17,1988,6,17,13.408,13.597,-0.189
1988-06-18,1988,6,18,13.547,13.692,-0.145
1988-06-19,1988,6,19,13.639,13.796,-0.157
1988-06-20,1988,6,20,13.7,13.898,-0.198
1988-06-21,1988,6,21,13.684,13.991,-0.307
1988-06-22,1988,6,22,13.69,14.085,-0.395
1988-06-23,1988,6,23,13.826,14.186,-0.36
1988-06-24,1988,6,24,13.939,14.279,-0.34
1988-06-25,1988,6,25,14.123,14.37,-0.247
1988-06-26,1988,6,26,14.165,14.448,-0.283
1988-06-27,1988,6,27,14.204,14.524,-0.32
1988-06-28,1988,6,28,14.325,14.622,-0.297
1988-06-29,1988,6,29,14.412,14.709,-0.297
1988-06-30,1988,6,30,14.501,14.812,-0.311
1988-07-01,1988,7,1,14.521,14.896,-0.375
1988-07-02,1988,7,2,14.568,14.966,-0.398
1988-07-03,1988,7,3,14.614,15.039,-0.425
1988-07-04,1988,7,4,14.74,15.112,-0.372
1988-07-05,1988,7,5,14.8,15.187,-0.387
1988-07-06,1988,7,6,14.862,15.265,-0.403
1988-07-07,1988,7,7,14.943,15.329,-0.386
1988-07-08,1988,7,8,15.033,15.395,-0.362
1988-07-09,1988,7,9,15.107,15.482,-0.375
1988-07-10,1988,7,10,15.209,15.547,-0.338
1988-07-11,1988,7,11,15.342,15.652,-0.31
1988-07-12,1988,7,12,15.479,15.753,-0.274
1988-07-13,1988,7,13,15.673,15.839,-0.166
1988-07-14,1988,7,14,15.773,15.909,-0.136
1988-07-15,1988,7,15,15.876,15.971,-0.095
1988-07-16,1988,7,16,15.937,16.038,-0.101
1988-07-17,1988,7,17,15.932,16.084,-0.152
1988-07-18,1988,7,18,16.007,16.164,-0.157
1988-07-19,1988,7,19,16.005,16.257,-0.252
1988-07-20,1988,7,20,16.104,16.345,-0.241
1988-07-21,1988,7,21,16.16,16.437,-0.277
1988-07-22,1988,7,22,16.293,16.517,-0.224
1988-07-23,1988,7,23,16.308,16.591,-0.283
1988-07-24,1988,7,24,16.287,16.643,-0.356
1988-07-25,1988,7,25,16.378,16.69,-0.312
1988-07-26,1988,7,26,16.482,16.746,-0.264
1988-07-27,1988,7,27,16.584,16.801,-0.217
1988-07-28,1988,7,28,16.662,16.857,-0.195
1988-07-29,1988,7,29,16.734,16.929,-0.195
1988-07-30,1988,7,30,16.867,16.981,-0.114
1988-07-31,1988,7,31,16.929,17.028,-0.099
1988-08-01,1988,8,1,17.024,17.083,-0.059
1988-08-02,1988,8,2,17.083,17.135,-0.052
1988-08-03,1988,8,3,17.165,17.19,-0.025
1988-08-04,1988,8,4,17.264,17.236,0.028
1988-08-05,1988,8,5,17.371,17.287,0.084
1988-08-06,1988,8,6,17.419,17.35,0.069
1988-08-07,1988,8,7,17.515,17.421,0.094
1988-08-08,1988,8,8,17.441,17.481,-0.04
1988-08-09,1988,8,9,17.43,17.514,-0.084
1988-08-10,1988,8,10,17.441,17.547,-0.106
1988-08-11,1988,8,11,17.482,17.593,-0.111
1988-08-12,1988,8,12,17.575,17.642,-0.067
1988-08-13,1988,8,13,17.487,17.683,-0.196
1988-08-14,1988,8,14,17.514,17.738,-0.224
1988-08-15,1988,8,15,17.564,17.782,-0.218
1988-08-16,1988,8,16,17.611,17.827,-0.216
1988-08-17,1988,8,17,17.671,17.845,-0.174
1988-08-18,1988,8,18,17.573,17.867,-0.294
1988-08-19,1988,8,19,17.6,17.888,-0.288
1988-08-20,1988,8,20,17.628,17.924,-0.296
1988-08-21,1988,8,21,17.678,17.964,-0.286
1988-08-22,1988,8,22,17.745,17.983,-0.238
1988-08-23,1988,8,23,17.702,18.018,-0.316
1988-08-24,1988,8,24,17.697,18.053,-0.356
1988-08-25,1988,8,25,17.78,18.105,-0.325
1988-08-26,1988,8,26,17.798,18.145,-0.347
1988-08-27,1988,8,27,17.87,18.159,-0.289
1988-08-28,1988,8,28,17.875,18.195,-0.32
1988-08-29,1988,8,29,17.794,18.222,-0.428
1988-08-30,1988,8,30,17.836,18.241,-0.405
1988-08-31,1988,8,31,17.758,18.264,-0.506
1988-09-01,1988,9,1,17.751,18.288,-0.537
1988-09-02,1988,9,2,17.657,18.308,-0.651
1988-09-03,1988,9,3,17.712,18.333,-0.621
1988-09-04,1988,9,4,17.835,18.352,-0.517
1988-09-05,1988,9,5,17.898,18.373,-0.475
1988-09-06,1988,9,6,17.936,18.397,-0.461
1988-09-07,1988,9,7,17.993,18.416,-0.423
1988-09-08,1988,9,8,18.037,18.445,-0.408
1988-09-09,1988,9,9,18.17,18.47,-0.3
1988-09-10,1988,9,10,18.332,18.49,-0.158
1988-09-11,1988,9,11,18.376,18.502,-0.126
1988-09-12,1988,9,12,18.434,18.521,-0.087
1988-09-13,1988,9,13,18.387,18.522,-0.135
1988-09-14,1988,9,14,18.5,18.529,-0.029
1988-09-15,1988,9,15,18.507,18.533,-0.026
1988-09-16,1988,9,16,18.518,18.546,-0.028
1988-09-17,1988,9,17,18.578,18.565,0.013
1988-09-18,1988,9,18,18.64,18.567,0.073
1988-09-19,1988,9,19,18.56,18.572,-0.012
1988-09-20,1988,9,20,18.573,18.574,-0.001
1988-09-21,1988,9,21,18.516,18.576,-0.06
1988-09-22,1988,9,22,18.443,18.569,-0.126
1988-09-23,1988,9,23,18.437,18.57,-0.133
1988-09-24,1988,9,24,18.434,18.571,-0.137
1988-09-25,1988,9,25,18.446,18.566,-0.12
1988-09-26,1988,9,26,18.508,18.552,-0.044
1988-09-27,1988,9,27,18.474,18.541,-0.067
1988-09-28,1988,9,28,18.483,18.525,-0.042
1988-09-29,1988,9,29,18.518,18.525,-0.007
1988-09-30,1988,9,30,18.563,18.508,0.055
1988-10-01,1988,10,1,18.657,18.508,0.149
1988-10-02,1988,10,2,18.731,18.504,0.227
1988-10-03,1988,10,3,18.785,18.476,0.309
1988-10-04,1988,10,4,18.748,18.448,0.3
1988-10-05,1988,10,5,18.71,18.44,0.27
1988-10-06,1988,10,6,18.666,18.425,0.241
1988-10-07,1988,10,7,18.679,18.394,0.285
1988-10-08,1988,10,8,18.661,18.361,0.3
1988-10-09,1988,10,9,18.677,18.329,0.348
1988-10-10,1988,10,10,18.621,18.299,0.322
1988-10-11,1988,10,11,18.645,18.287,0.358
1988-10-12,1988,10,12,18.608,18.265,0.343
1988-10-13,1988,10,13,18.491,18.235,0.256
1988-10-14,1988,10,14,18.447,18.224,0.223
1988-10-15,1988,10,15,18.435,18.193,0.242
1988-10-16,1988,10,16,18.458,18.158,0.3
1988-10-17,1988,10,17,18.455,18.116,0.339
1988-10-18,1988,10,18,18.324,18.062,0.262
1988-10-19,1988,10,19,18.173,18.012,0.161
1988-10-20,1988,10,20,18.214,17.97,0.244
1988-10-21,1988,10,21,18.256,17.921,0.335
1988-10-22,1988,10,22,18.192,17.872,0.32
1988-10-23,1988,10,23,18.174,17.833,0.341
1988-10-24,1988,10,24,18.166,17.791,0.375
1988-10-25,1988,10,25,18.017,17.736,0.281
1988-10-26,1988,10,26,17.984,17.681,0.303
1988-10-27,1988,10,27,17.991,17.633,0.358
1988-10-28,1988,10,28,17.957,17.555,0.402
1988-10-29,1988,10,29,17.822,17.509,0.313
1988-10-30,1988,10,30,17.761,17.449,0.312
1988-10-31,1988,10,31,17.687,17.367,0.32
1988-11-01,1988,11,1,17.576,17.312,0.264
1988-11-02,1988,11,2,17.47,17.229,0.241
1988-11-03,1988,11,3,17.445,17.153,0.292
1988-11-04,1988,11,4,17.375,17.081,0.294
1988-11-05,1988,11,5,17.233,17.011,0.222
1988-11-06,1988,11,6,17.115,16.934,0.181
1988-11-07,1988,11,7,17.109,16.848,0.261
1988-11-08,1988,11,8,17.036,16.762,0.274
1988-11-09,1988,11,9,16.96,16.667,0.293
1988-11-10,1988,11,10,16.89,16.562,0.328
1988-11-11,1988,11,11,16.77,16.472,0.298
1988-11-12,1988,11,12,16.712,16.378,0.334
1988-11-13,1988,11,13,16.653,16.272,0.381
1988-11-14,1988,11,14,16.575,16.175,0.4
1988-11-15,1988,11,15,16.448,16.061,0.387
1988-11-16,1988,11,16,16.295,15.925,0.37
1988-11-17,1988,11,17,16.153,15.797,0.356
1988-11-18,1988,11,18,15.968,15.665,0.303
1988-11-19,1988,11,19,15.861,15.509,0.352
1988-11-20,1988,11,20,15.7,15.368,0.332
1988-11-21,1988,11,21,15.517,15.213,0.304
1988-11-22,1988,11,22,15.411,15.069,0.342
1988-11-23,1988,11,23,15.258,14.896,0.362
1988-11-24,1988,11,24,15.121,14.74,0.381
1988-11-25,1988,11,25,14.989,14.575,0.414
1988-11-26,1988,11,26,14.853,14.417,0.436
1988-11-27,1988,11,27,14.674,14.239,0.435
1988-11-28,1988,11,28,14.552,14.055,0.497
1988-11-29,1988,11,29,14.443,13.868,0.575
1988-11-30,1988,11,30,14.268,13.685,0.583
1988-12-01,1988,12,1,14.078,13.513,0.565
1988-12-02,1988,12,2,13.908,13.294,0.614
1988-12-03,1988,12,3,13.761,13.105,0.656
1988-12-04,1988,12,4,13.604,12.904,0.7
1988-12-05,1988,12,5,13.431,12.703,0.728
1988-12-06,1988,12,6,13.237,12.495,0.742
1988-12-07,1988,12,7,13.08,12.29,0.79
1988-12-08,1988,12,8,12.942,12.068,0.874
1988-12-09,1988,12,9,12.765,11.859,0.906
1988-12-10,1988,12,10,12.659,11.659,1.0
1988-12-11,1988,12,11,12.491,11.436,1.055
1988-12-12,1988,12,12,12.267,11.222,1.045
1988-12-13,1988,12,13,12.033,10.998,1.035
1988-12-14,1988,12,14,11.787,10.755,1.032
1988-12-15,1988,12,15,11.477,10.498,0.979
1988-12-16,1988,12,16,11.251,10.247,1.004
1988-12-17,1988,12,17,11.008,9.984,1.024
1988-12-18,1988,12,18,10.807,9.732,1.075
1988-12-19,1988,12,19,10.551,9.48,1.071
1988-12-20,1988,12,20,10.308,9.255,1.053
1988-12-21,1988,12,21,10.015,9.039,0.976
1988-12-22,1988,12,22,9.938,8.835,1.103
1988-12-23,1988,12,23,9.579,8.631,0.948
1988-12-24,1988,12,24,9.298,8.416,0.882
1988-12-25,1988,12,25,9.073,8.224,0.849
1988-12-26,1988,12,26,8.735,8.018,0.717
1988-12-27,1988,12,27,8.366,7.811,0.555
1988-12-28,1988,12,28,8.01,7.624,0.386
1988-12-29,1988,12,29,7.68,7.406,0.274
1988-12-30,1988,12,30,7.479,7.222,0.257
1988-12-31,1988,12,31,7.261,7.059,0.202
1989-01-01,1989,1,1,7.084,6.999,0.085
1989-01-02,1989,1,2,6.682,6.808,-0.126
1989-01-03,1989,1,3,6.563,6.621,-0.058
1989-01-04,1989,1,4,6.217,6.451,-0.234
1989-01-05,1989,1,5,5.999,6.296,-0.297
1989-01-06,1989,1,6,5.754,6.142,-0.388
1989-01-07,1989,1,7,5.56,5.999,-0.439
1989-01-08,1989,1,8,5.362,5.838,-0.476
1989-01-09,1989,1,9,5.261,5.681,-0.42
1989-01-10,1989,1,10,5.213,5.547,-0.334
1989-01-11,1989,1,11,5.095,5.423,-0.328
1989-01-12,1989,1,12,4.989,5.305,-0.316
1989-01-13,1989,1,13,4.905,5.16,-0.255
1989-01-14,1989,1,14,4.798,5.047,-0.249
1989-01-15,1989,1,15,4.631,4.926,-0.295
1989-01-16,1989,1,16,4.507,4.819,-0.312
1989-01-17,1989,1,17,4.419,4.709,-0.29
1989-01-18,1989,1,18,4.403,4.614,-0.211
1989-01-19,1989,1,19,4.29,4.521,-0.231
1989-01-20,1989,1,20,4.167,4.427,-0.26
1989-01-21,1989,1,21,4.07,4.335,-0.265
1989-01-22,1989,1,22,3.977,4.24,-0.263
1989-01-23,1989,1,23,3.887,4.154,-0.267
1989-01-24,1989,1,24,3.779,4.074,-0.295
1989-01-25,1989,1,25,3.781,3.998,-0.217
1989-01-26,1989,1,26,3.712,3.929,-0.217
1989-01-27,1989,1,27,3.664,3.861,-0.197
1989-01-28,1989,1,28,3.634,3.808,-0.174
1989-01-29,1989,1,29,3.514,3.734,-0.22
1989-01-30,1989,1,30,3.482,3.665,-0.183
1989-01-31,1989,1,31,3.442,3.605,-0.163
1989-02-01,1989,2,1,3.42,3.534,-0.114
1989-02-02,1989,2,2,3.368,3.489,-0.121
1989-02-03,1989,2,3,3.333,3.43,-0.097
1989-02-04,1989,2,4,3.286,3.377,-0.091
1989-02-05,1989,2,5,3.29,3.326,-0.036
1989-02-06,1989,2,6,3.238,3.28,-0.042
1989-02-07,1989,2,7,3.211,3.227,-0.016
1989-02-08,1989,2,8,3.131,3.181,-0.05
1989-02-09,1989,2,9,3.078,3.141,-0.063
1989-02-10,1989,2,10,3.037,3.097,-0.06
1989-02-11,1989,2,11,2.962,3.064,-0.102
1989-02-12,1989,2,12,2.846,3.025,-0.179
1989-02-13,1989,2,13,2.855,2.998,-0.143
1989-02-14,1989,2,14,2.819,2.969,-0.15
1989-02-15,1989,2,15,2.772,2.935,-0.163
1989-02-16,1989,2,16,2.748,2.918,-0.17
1989-02-17,1989,2,17,2.724,2.914,-0.19
1989-02-18,1989,2,18,2.729,2.903,-0.174
1989-02-19,1989,2,19,2.731,2.881,-0.15
1989-02-20,1989,2,20,2.723,2.876,-0.153
1989-02-21,1989,2,21,2.747,2.881,-0.134
1989-02-22,1989,2,22,2.825,2.885,-0.06
1989-02-23,1989,2,23,2.846,2.892,-0.046
1989-02-24,1989,2,24,2.869,2.889,-0.02
1989-02-25,1989,2,25,2.898,2.907,-0.009
1989-02-26,1989,2,26,2.918,2.931,-0.013
1989-02-27,1989,2,27,2.974,2.96,0.014
1989-02-28,1989,2,28,2.995,2.994,0.001
1989-03-01,1989,3,1,3.05,3.061,-0.011
1989-03-02,1989,3,2,3.09,3.105,-0.015
1989-03-03,1989,3,3,3.129,3.166,-0.037
1989-03-04,1989,3,4,3.242,3.211,0.031
1989-03-05,1989,3,5,3.305,3.253,0.052
1989-03-06,1989,3,6,3.345,3.306,0.039
1989-03-07,1989,3,7,3.395,3.37,0.025
1989-03-08,1989,3,8,3.434,3.433,0.001
1989-03-09,1989,3,9,3.478,3.507,-0.029
1989-03-10,1989,3,10,3.444,3.592,-0.148
1989-03-11,1989,3,11,3.496,3.658,-0.162
1989-03-12,1989,3,12,3.545,3.735,-0.19
1989-03-13,1989,3,13,3.619,3.815,-0.196
1989-03-14,1989,3,14,3.765,3.892,-0.127
1989-03-15,1989,3,15,3.908,3.966,-0.058
1989-03-16,1989,3,16,3.959,4.035,-0.076
1989-03-17,1989,3,17,3.899,4.11,-0.211
1989-03-18,1989,3,18,4.009,4.199,-0.19
1989-03-19,1989,3,19,4.078,4.271,-0.193
1989-03-20,1989,3,20,4.105,4.362,-0.257
1989-03-21,1989,3,21,4.214,4.441,-0.227
1989-03-22,1989,3,22,4.282,4.521,-0.239
1989-03-23,1989,3,23,4.35,4.613,-0.263
1989-03-24,1989,3,24,4.425,4.701,-0.276
1989-03-25,1989,3,25,4.556,4.798,-0.242
1989-03-26,1989,3,26,4.668,4.884,-0.216
1989-03-27,1989,3,27,4.731,4.956,-0.225
1989-03-28,1989,3,28,4.726,5.047,-0.321
1989-03-29,1989,3,29,4.806,5.139,-0.333
1989-03-30,1989,3,30,4.837,5.219,-0.382
1989-03-31,1989,3,31,4.856,5.312,-0.456
1989-04-01,1989,4,1,4.98,5.405,-0.425
1989-04-02,1989,4,2,5.006,5.508,-0.502
1989-04-03,1989,4,3,5.09,5.607,-0.517
1989-04-04,1989,4,4,5.18,5.708,-0.528
1989-04-05,1989,4,5,5.283,5.806,-0.523
1989-04-06,1989,4,6,5.339,5.908,-0.569
1989-04-07,1989,4,7,5.41,6.018,-0.608
1989-04-08,1989,4,8,5.52,6.125,-0.605
1989-04-09,1989,4,9,5.577,6.218,-0.641
1989-04-10,1989,4,10,5.62,6.329,-0.709
1989-04-11,1989,4,11,5.744,6.434,-0.69
1989-04-12,1989,4,12,5.823,6.549,-0.726
1989-04-13,1989,4,13,5.936,6.656,-0.72
1989-04-14,1989,4,14,5.982,6.757,-0.775
1989-04-15,1989,4,15,6.111,6.862,-0.751
1989-04-16,1989,4,16,6.225,6.977,-0.752
1989-04-17,1989,4,17,6.328,7.089,-0.761
1989-04-18,1989,4,18,6.471,7.194,-0.723
1989-04-19,1989,4,19,6.587,7.303,-0.716
1989-04-20,1989,4,20,6.763,7.414,-0.651
1989-04-21,1989,4,21,6.905,7.516,-0.611
1989-04-22,1989,4,22,7.024,7.624,-0.6
1989-04-23,1989,4,23,7.125,7.733,-0.608
1989-04-24,1989,4,24,7.164,7.84,-0.676
1989-04-25,1989,4,25,7.311,7.947,-0.636
1989-04-26,1989,4,26,7.458,8.05,-0.592
1989-04-27,1989,4,27,7.541,8.165,-0.624
1989-04-28,1989,4,28,7.748,8.28,-0.532
1989-04-29,1989,4,29,7.889,8.387,-0.498
1989-04-30,1989,4,30,8.048,8.497,-0.449
1989-05-01,1989,5,1,8.333,8.604,-0.271
1989-05-02,1989,5,2,8.477,8.71,-0.233
1989-05-03,1989,5,3,8.539,8.825,-0.286
1989-05-04,1989,5,4,8.692,8.94,-0.248
1989-05-05,1989,5,5,8.839,9.053,-0.214
1989-05-06,1989,5,6,8.94,9.161,-0.221
1989-05-07,1989,5,7,9.065,9.28,-0.215
1989-05-08,1989,5,8,9.212,9.392,-0.18
1989-05-09,1989,5,9,9.413,9.487,-0.074
1989-05-10,1989,5,10,9.521,9.588,-0.067
1989-05-11,1989,5,11,9.64,9.705,-0.065
1989-05-12,1989,5,12,9.781,9.811,-0.03
1989-05-13,1989,5,13,9.951,9.928,0.023
1989-05-14,1989,5,14,10.082,10.039,0.043
1989-05-15,1989,5,15,10.215,10.147,0.068
1989-05-16,1989,5,16,10.366,10.26,0.106
1989-05-17,1989,5,17,10.495,10.366,0.129
1989-05-18,1989,5,18,10.585,10.47,0.115
1989-05-19,1989,5,19,10.755,10.583,0.172
1989-05-20,1989,5,20,10.87,10.708,0.162
1989-05-21,1989,5,21,10.973,10.809,0.164
1989-05-22,1989,5,22,11.099,10.909,0.19
1989-05-23,1989,5,23,11.248,11.019,0.229
1989-05-24,1989,5,24,11.359,11.119,0.24
1989-05-25,1989,5,25,11.435,11.219,0.216
1989-05-26,1989,5,26,11.612,11.321,0.291
1989-05-27,1989,5,27,11.775,11.422,0.353
1989-05-28,1989,5,28,11.83,11.532,0.298
1989-05-29,1989,5,29,12.013,11.629,0.384
1989-05-30,1989,5,30,12.041,11.732,0.309
1989-05-31,1989,5,31,12.056,11.859,0.197
1989-06-01,1989,6,1,12.151,11.978,0.173
1989-06-02,1989,6,2,12.234,12.077,0.157
1989-06-03,1989,6,3,12.373,12.168,0.205
1989-06-04,1989,6,4,12.458,12.271,0.187
1989-06-05,1989,6,5,12.537,12.383,0.154
1989-06-06,1989,6,6,12.561,12.49,0.071
1989-06-07,1989,6,7,12.671,12.581,0.09
1989-06-08,1989,6,8,12.687,12.69,-0.003
1989-06-09,1989,6,9,12.743,12.792,-0.049
1989-06-10,1989,6,10,12.874,12.894,-0.02
1989-06-11,1989,6,11,13.014,12.987,0.027
1989-06-12,1989,6,12,13.172,13.074,0.098
1989-06-13,1989,6,13,13.289,13.172,0.117
1989-06-14,1989,6,14,13.377,13.279,0.098
1989-06-15,1989,6,15,13.528,13.384,0.144
1989-06-16,1989,6,16,13.645,13.487,0.158
1989-06-17,1989,6,17,13.745,13.597,0.148
1989-06-18,1989,6,18,13.87,13.692,0.178
1989-06-19,1989,6,19,14.04,13.796,0.244
1989-06-20,1989,6,20,14.193,13.898,0.295
1989-06-21,1989,6,21,14.333,13.991,0.342
1989-06-22,1989,6,22,14.407,14.085,0.322
1989-06-23,1989,6,23,14.418,14.186,0.232
1989-06-24,1989,6,24,14.458,14.279,0.179
1989-06-25,1989,6,25,14.562,14.37,0.192
1989-06-26,1989,6,26,14.648,14.448,0.2
1989-06-27,1989,6,27,14.763,14.524,0.239
1989-06-28,1989,6,28,14.807,14.622,0.185
1989-06-29,1989,6,29,14.881,14.709,0.172
1989-06-30,1989,6,30,14.974,14.812,0.162
1989-07-01,1989,7,1,15.021,14.896,0.125
1989-07-02,1989,7,2,15.048,14.966,0.082
1989-07-03,1989,7,3,15.033,15.039,-0.006
1989-07-04,1989,7,4,15.094,15.112,-0.018
1989-07-05,1989,7,5,15.096,15.187,-0.091
1989-07-06,1989,7,6,15.151,15.265,-0.114
1989-07-07,1989,7,7,15.217,15.329,-0.112
1989-07-08,1989,7,8,15.186,15.395,-0.209
1989-07-09,1989,7,9,15.167,15.482,-0.315
1989-07-10,1989,7,10,15.212,15.547,-0.335
1989-07-11,1989,7,11,15.26,15.652,-0.392
1989-07-12,1989,7,12,15.368,15.753,-0.385
1989-07-13,1989,7,13,15.437,15.839,-0.402
1989-07-14,1989,7,14,15.499,15.909,-0.41
1989-07-15,1989,7,15,15.542,15.971,-0.429
1989-07-16,1989,7,16,15.593,16.038,-0.445
1989-07-17,1989,7,17,15.69,16.084,-0.394
1989-07-18,1989,7,18,15.757,16.164,-0.407
1989-07-19,1989,7,19,15.821,16.257,-0.436
1989-07-20,1989,7,20,15.957,16.345,-0.388
1989-07-21,1989,7,21,16.031,16.437,-0.406
1989-07-22,1989,7,22,16.007,16.517,-0.51
1989-07-23,1989,7,23,16.13,16.591,-0.461
1989-07-24,1989,7,24,16.212,16.643,-0.431
1989-07-25,1989,7,25,16.232,16.69,-0.458
1989-07-26,1989,7,26,16.292,16.746,-0.454
1989-07-27,1989,7,27,16.388,16.801,-0.413
1989-07-28,1989,7,28,16.526,16.857,-0.331
1989-07-29,1989,7,29,16.653,16.929,-0.276
1989-07-30,1989,7,30,16.731,16.981,-0.25
1989-07-31,1989,7,31,16.677,17.028,-0.351
1989-08-01,1989,8,1,16.802,17.083,-0.281
1989-08-02,1989,8,2,16.858,17.135,-0.277
1989-08-03,1989,8,3,16.823,17.19,-0.367
1989-08-04,1989,8,4,16.865,17.236,-0.371
1989-08-05,1989,8,5,16.916,17.287,-0.371
1989-08-06,1989,8,6,17.017,17.35,-0.333
1989-08-07,1989,8,7,17.08,17.421,-0.341
1989-08-08,1989,8,8,17.132,17.481,-0.349
1989-08-09,1989,8,9,17.187,17.514,-0.327
1989-08-10,1989,8,10,17.205,17.547,-0.342
1989-08-11,1989,8,11,17.264,17.593,-0.329
1989-08-12,1989,8,12,17.325,17.642,-0.317
1989-08-13,1989,8,13,17.302,17.683,-0.381
1989-08-14,1989,8,14,17.39,17.738,-0.348
1989-08-15,1989,8,15,17.496,17.782,-0.286
1989-08-16,1989,8,16,17.533,17.827,-0.294
1989-08-17,1989,8,17,17.723,17.845,-0.122
1989-08-18,1989,8,18,17.683,17.867,-0.184
1989-08-19,1989,8,19,17.701,17.888,-0.187
1989-08-20,1989,8,20,17.703,17.924,-0.221
1989-08-21,1989,8,21,17.673,17.964,-0.291
1989-08-22,1989,8,22,17.703,17.983,-0.28
1989-08-23,1989,8,23,17.77,18.018,-0.248
1989-08-24,1989,8,24,17.805,18.053,-0.248
1989-08-25,1989,8,25,17.785,18.105,-0.32
1989-08-26,1989,8,26,17.803,18.145,-0.342
1989-08-27,1989,8,27,17.858,18.159,-0.301
1989-08-28,1989,8,28,17.932,18.195,-0.263
1989-08-29,1989,8,29,18.004,18.222,-0.218
1989-08-30,1989,8,30,18.052,18.241,-0.189
1989-08-31,1989,8,31,18.045,18.264,-0.219
1989-09-01,1989,9,1,18.112,18.288,-0.176
1989-09-02,1989,9,2,18.053,18.308,-0.255
1989-09-03,1989,9,3,18.037,18.333,-0.296
1989-09-04,1989,9,4,18.038,18.352,-0.314
1989-09-05,1989,9,5,18.07,18.373,-0.303
1989-09-06,1989,9,6,18.149,18.397,-0.248
1989-09-07,1989,9,7,18.151,18.416,-0.265
1989-09-08,1989,9,8,18.13,18.445,-0.315
1989-09-09,1989,9,9,18.133,18.47,-0.337
1989-09-10,1989,9,10,18.128,18.49,-0.362
1989-09-11,1989,9,11,18.184,18.502,-0.318
1989-09-12,1989,9,12,18.186,18.521,-0.335
1989-09-13,1989,9,13,18.191,18.522,-0.331
1989-09-14,1989,9,14,18.225,18.529,-0.304
1989-09-15,1989,9,15,18.139,18.533,-0.394
1989-09-16,1989,9,16,18.144,18.546,-0.402
1989-09-17,1989,9,17,18.141,18.565,-0.424
1989-09-18,1989,9,18,18.093,18.567,-0.474
1989-09-19,1989,9,19,18.087,18.572,-0.485
1989-09-20,1989,9,20,18.136,18.574,-0.438
1989-09-21,1989,9,21,18.134,18.576,-0.442
1989-09-22,1989,9,22,18.232,18.569,-0.337
1989-09-23,1989,9,23,18.274,18.57,-0.296
1989-09-24,1989,9,24,18.245,18.571,-0.326
1989-09-25,1989,9,25,18.226,18.566,-0.34
1989-09-26,1989,9,26,18.103,18.552,-0.449
1989-09-27,1989,9,27,18.016,18.541,-0.525
1989-09-28,1989,9,28,17.973,18.525,-0.552
1989-09-29,1989,9,29,17.937,18.525,-0.588
1989-09-30,1989,9,30,17.965,18.508,-0.543
1989-10-01,1989,10,1,17.924,18.508,-0.584
1989-10-02,1989,10,2,17.917,18.504,-0.587
1989-10-03,1989,10,3,17.929,18.476,-0.547
1989-10-04,1989,10,4,17.905,18.448,-0.543
1989-10-05,1989,10,5,17.959,18.44,-0.481
1989-10-06,1989,10,6,18.013,18.425,-0.412
1989-10-07,1989,10,7,18.072,18.394,-0.322
1989-10-08,1989,10,8,18.068,18.361,-0.293
1989-10-09,1989,10,9,18.064,18.329,-0.265
1989-10-10,1989,10,10,18.087,18.299,-0.212
1989-10-11,1989,10,11,18.101,18.287,-0.186
1989-10-12,1989,10,12,18.072,18.265,-0.193
1989-10-13,1989,10,13,18.047,18.235,-0.188
1989-10-14,1989,10,14,18.08,18.224,-0.144
1989-10-15,1989,10,15,18.056,18.193,-0.137
1989-10-16,1989,10,16,18.061,18.158,-0.097
1989-10-17,1989,10,17,18.107,18.116,-0.009
1989-10-18,1989,10,18,18.052,18.062,-0.01
1989-10-19,1989,10,19,17.925,18.012,-0.087
1989-10-20,1989,10,20,17.906,17.97,-0.064
1989-10-21,1989,10,21,17.866,17.921,-0.055
1989-10-22,1989,10,22,17.856,17.872,-0.016
1989-10-23,1989,10,23,17.8,17.833,-0.033
1989-10-24,1989,10,24,17.722,17.791,-0.069
1989-10-25,1989,10,25,17.69,17.736,-0.046
1989-10-26,1989,10,26,17.692,17.681,0.011
1989-10-27,1989,10,27,17.602,17.633,-0.031
1989-10-28,1989,10,28,17.453,17.555,-0.102
1989-10-29,1989,10,29,17.253,17.509,-0.256
1989-10-30,1989,10,30,17.195,17.449,-0.254
1989-10-31,1989,10,31,17.065,17.367,-0.302
1989-11-01,1989,11,1,17.007,17.312,-0.305
1989-11-02,1989,11,2,17.002,17.229,-0.227
1989-11-03,1989,11,3,16.964,17.153,-0.189
1989-11-04,1989,11,4,16.915,17.081,-0.166
1989-11-05,1989,11,5,16.822,17.011,-0.189
1989-11-06,1989,11,6,16.768,16.934,-0.166
1989-11-07,1989,11,7,16.723,16.848,-0.125
1989-11-08,1989,11,8,16.653,16.762,-0.109
1989-11-09,1989,11,9,16.527,16.667,-0.14
1989-11-10,1989,11,10,16.438,16.562,-0.124
1989-11-11,1989,11,11,16.35,16.472,-0.122
1989-11-12,1989,11,12,16.261,16.378,-0.117
1989-11-13,1989,11,13,16.175,16.272,-0.097
1989-11-14,1989,11,14,16.13,16.175,-0.045
1989-11-15,1989,11,15,16.047,16.061,-0.014
1989-11-16,1989,11,16,15.948,15.925,0.023
1989-11-17,1989,11,17,15.818,15.797,0.021
1989-11-18,1989,11,18,15.705,15.665,0.04
1989-11-19,1989,11,19,15.61,15.509,0.101
1989-11-20,1989,11,20,15.382,15.368,0.014
1989-11-21,1989,11,21,15.23,15.213,0.017
1989-11-22,1989,11,22,15.113,15.069,0.044
1989-11-23,1989,11,23,14.919,14.896,0.023
1989-11-24,1989,11,24,14.757,14.74,0.017
1989-11-25,1989,11,25,14.603,14.575,0.028
1989-11-26,1989,11,26,14.428,14.417,0.011
1989-11-27,1989,11,27,14.26,14.239,0.021
1989-11-28,1989,11,28,14.121,14.055,0.066
1989-11-29,1989,11,29,13.827,13.868,-0.041
1989-11-30,1989,11,30,13.5,13.685,-0.185
1989-12-01,1989,12,1,13.383,13.513,-0.13
1989-12-02,1989,12,2,13.215,13.294,-0.079
1989-12-03,1989,12,3,12.997,13.105,-0.108
1989-12-04,1989,12,4,12.794,12.904,-0.11
1989-12-05,1989,12,5,12.584,12.703,-0.119
1989-12-06,1989,12,6,12.319,12.495,-0.176
1989-12-07,1989,12,7,12.037,12.29,-0.253
1989-12-08,1989,12,8,11.805,12.068,-0.263
1989-12-09,1989,12,9,11.566,11.859,-0.293
1989-12-10,1989,12,10,11.324,11.659,-0.335
1989-12-11,1989,12,11,11.05,11.436,-0.386
1989-12-12,1989,12,12,10.808,11.222,-0.414
1989-12-13,1989,12,13,10.536,10.998,-0.462
1989-12-14,1989,12,14,10.135,10.755,-0.62
1989-12-15,1989,12,15,9.747,10.498,-0.751
1989-12-16,1989,12,16,9.441,10.247,-0.806
1989-12-17,1989,12,17,9.203,9.984,-0.781
1989-12-18,1989,12,18,9.016,9.732,-0.716
1989-12-19,1989,12,19,8.816,9.48,-0.664
1989-12-20,1989,12,20,8.536,9.255,-0.719
1989-12-21,1989,12,21,8.288,9.039,-0.751
1989-12-22,1989,12,22,8.189,8.835,-0.646
1989-12-23,1989,12,23,8.089,8.631,-0.542
1989-12-24,1989,12,24,7.922,8.416,-0.494
1989-12-25,1989,12,25,7.729,8.224,-0.495
1989-12-26,1989,12,26,7.661,8.018,-0.357
1989-12-27,1989,12,27,7.415,7.811,-0.396
1989-12-28,1989,12,28,7.282,7.624,-0.342
1989-12-29,1989,12,29,7.138,7.406,-0.268
1989-12-30,1989,12,30,7.053,7.222,-0.169
1989-12-31,1989,12,31,6.885,7.059,-0.174
1990-01-01,1990,1,1,6.771,6.999,-0.228
1990-01-02,1990,1,2,6.621,6.808,-0.187
1990-01-03,1990,1,3,6.449,6.621,-0.172
1990-01-04,1990,1,4,6.316,6.451,-0.135
1990-01-05,1990,1,5,6.198,6.296,-0.098
1990-01-06,1990,1,6,6.147,6.142,0.005
1990-01-07,1990,1,7,5.968,5.999,-0.031
1990-01-08,1990,1,8,5.771,5.838,-0.067
1990-01-09,1990,1,9,5.53,5.681,-0.151
1990-01-10,1990,1,10,5.425,5.547,-0.122
1990-01-11,1990,1,11,5.328,5.423,-0.095
1990-01-12,1990,1,12,5.248,5.305,-0.057
1990-01-13,1990,1,13,5.187,5.16,0.027
1990-01-14,1990,1,14,5.032,5.047,-0.015
1990-01-15,1990,1,15,4.867,4.926,-0.059
1990-01-16,1990,1,16,4.759,4.819,-0.06
1990-01-17,1990,1,17,4.589,4.709,-0.12
1990-01-18,1990,1,18,4.377,4.614,-0.237
1990-01-19,1990,1,19,4.244,4.521,-0.277
1990-01-20,1990,1,20,4.158,4.427,-0.269
1990-01-21,1990,1,21,4.101,4.335,-0.234
1990-01-22,1990,1,22,4.041,4.24,-0.199
1990-01-23,1990,1,23,3.981,4.154,-0.173
1990-01-24,1990,1,24,3.965,4.074,-0.109
1990-01-25,1990,1,25,3.823,3.998,-0.175
1990-01-26,1990,1,26,3.76,3.929,-0.169
1990-01-27,1990,1,27,3.711,3.861,-0.15
1990-01-28,1990,1,28,3.706,3.808,-0.102
1990-01-29,1990,1,29,3.634,3.734,-0.1
1990-01-30,1990,1,30,3.622,3.665,-0.043
1990-01-31,1990,1,31,3.56,3.605,-0.045
1990-02-01,1990,2,1,3.46,3.534,-0.074
1990-02-02,1990,2,2,3.454,3.489,-0.035
1990-02-03,1990,2,3,3.407,3.43,-0.023
1990-02-04,1990,2,4,3.36,3.377,-0.017
1990-02-05,1990,2,5,3.289,3.326,-0.037
1990-02-06,1990,2,6,3.239,3.28,-0.041
1990-02-07,1990,2,7,3.173,3.227,-0.054
1990-02-08,1990,2,8,3.119,3.181,-0.062
1990-02-09,1990,2,9,3.117,3.141,-0.024
1990-02-10,1990,2,10,3.082,3.097,-0.015
1990-02-11,1990,2,11,3.058,3.064,-0.006
1990-02-12,1990,2,12,3.027,3.025,0.002
1990-02-13,1990,2,13,3.01,2.998,0.012
1990-02-14,1990,2,14,2.982,2.969,0.013
1990-02-15,1990,2,15,2.962,2.935,0.027
1990-02-16,1990,2,16,2.94,2.918,0.022
1990-02-17,1990,2,17,2.928,2.914,0.014
1990-02-18,1990,2,18,2.942,2.903,0.039
1990-02-19,1990,2,19,2.881,2.881,0.0
1990-02-20,1990,2,20,2.903,2.876,0.027
1990-02-21,1990,2,21,2.841,2.881,-0.04
1990-02-22,1990,2,22,2.784,2.885,-0.101
1990-02-23,1990,2,23,2.79,2.892,-0.102
1990-02-24,1990,2,24,2.81,2.889,-0.079
1990-02-25,1990,2,25,2.833,2.907,-0.074
1990-02-26,1990,2,26,2.862,2.931,-0.069
1990-02-27,1990,2,27,2.861,2.96,-0.099
1990-02-28,1990,2,28,2.899,2.994,-0.095
1990-03-01,1990,3,1,2.902,3.061,-0.159
1990-03-02,1990,3,2,2.931,3.105,-0.174
1990-03-03,1990,3,3,2.971,3.166,-0.195
1990-03-04,1990,3,4,3.018,3.211,-0.193
1990-03-05,1990,3,5,3.129,3.253,-0.124
1990-03-06,1990,3,6,3.148,3.306,-0.158
1990-03-07,1990,3,7,3.169,3.37,-0.201
1990-03-08,1990,3,8,3.21,3.433,-0.223
1990-03-09,1990,3,9,3.243,3.507,-0.264
1990-03-10,1990,3,10,3.343,3.592,-0.249
1990-03-11,1990,3,11,3.506,3.658,-0.152
1990-03-12,1990,3,12,3.556,3.735,-0.179
1990-03-13,1990,3,13,3.601,3.815,-0.214
1990-03-14,1990,3,14,3.703,3.892,-0.189
1990-03-15,1990,3,15,3.806,3.966,-0.16
1990-03-16,1990,3,16,3.913,4.035,-0.122
1990-03-17,1990,3,17,3.975,4.11,-0.135
1990-03-18,1990,3,18,4.033,4.199,-0.166
1990-03-19,1990,3,19,4.101,4.271,-0.17
1990-03-20,1990,3,20,4.212,4.362,-0.15
1990-03-21,1990,3,21,4.319,4.441,-0.122
1990-03-22,1990,3,22,4.45,4.521,-0.071
1990-03-23,1990,3,23,4.543,4.613,-0.07
1990-03-24,1990,3,24,4.671,4.701,-0.03
1990-03-25,1990,3,25,4.71,4.798,-0.088
1990-03-26,1990,3,26,4.838,4.884,-0.046
1990-03-27,1990,3,27,4.952,4.956,-0.004
1990-03-28,1990,3,28,5.062,5.047,0.015
1990-03-29,1990,3,29,5.231,5.139,0.092
1990-03-30,1990,3,30,5.285,5.219,0.066
1990-03-31,1990,3,31,5.414,5.312,0.102
1990-04-01,1990,4,1,5.571,5.405,0.166
1990-04-02,1990,4,2,5.674,5.508,0.166
1990-04-03,1990,4,3,5.824,5.607,0.217
1990-04-04,1990,4,4,5.936,5.708,0.228
1990-04-05,1990,4,5,6.052,5.806,0.246
1990-04-06,1990,4,6,6.127,5.908,0.219
1990-04-07,1990,4,7,6.2,6.018,0.182
1990-04-08,1990,4,8,6.263,6.125,0.138
1990-04-09,1990,4,9,6.314,6.218,0.096
1990-04-10,1990,4,10,6.396,6.329,0.067
1990-04-11,1990,4,11,6.529,6.434,0.095
1990-04-12,1990,4,12,6.688,6.549,0.139
1990-04-13,1990,4,13,6.755,6.656,0.099
1990-04-14,1990,4,14,6.862,6.757,0.105
1990-04-15,1990,4,15,6.944,6.862,0.082
1990-04-16,1990,4,16,7.006,6.977,0.029
1990-04-17,1990,4,17,7.106,7.089,0.017
1990-04-18,1990,4,18,7.18,7.194,-0.014
1990-04-19,1990,4,19,7.323,7.303,0.02
1990-04-20,1990,4,20,7.408,7.414,-0.006
1990-04-21,1990,4,21,7.458,7.516,-0.058
1990-04-22,1990,4,22,7.498,7.624,-0.126
1990-04-23,1990,4,23,7.691,7.733,-0.042
1990-04-24,1990,4,24,7.849,7.84,0.009
1990-04-25,1990,4,25,8.037,7.947,0.09
1990-04-26,1990,4,26,8.131,8.05,0.081
1990-04-27,1990,4,27,8.239,8.165,0.074
1990-04-28,1990,4,28,8.259,8.28,-0.021
1990-04-29,1990,4,29,8.313,8.387,-0.074
1990-04-30,1990,4,30,8.363,8.497,-0.134
1990-05-01,1990,5,1,8.357,8.604,-0.247
1990-05-02,1990,5,2,8.356,8.71,-0.354
1990-05-03,1990,5,3,8.401,8.825,-0.424
1990-05-04,1990,5,4,8.506,8.94,-0.434
1990-05-05,1990,5,5,8.61,9.053,-0.443
1990-05-06,1990,5,6,8.693,9.161,-0.468
1990-05-07,1990,5,7,8.821,9.28,-0.459
1990-05-08,1990,5,8,8.905,9.392,-0.487
1990-05-09,1990,5,9,8.953,9.487,-0.534
1990-05-10,1990,5,10,8.982,9.588,-0.606
1990-05-11,1990,5,11,9.072,9.705,-0.633
1990-05-12,1990,5,12,9.123,9.811,-0.688
1990-05-13,1990,5,13,9.272,9.928,-0.656
1990-05-14,1990,5,14,9.464,10.039,-0.575
1990-05-15,1990,5,15,9.568,10.147,-0.579
1990-05-16,1990,5,16,9.676,10.26,-0.584
1990-05-17,1990,5,17,9.708,10.366,-0.658
1990-05-18,1990,5,18,9.757,10.47,-0.713
1990-05-19,1990,5,19,9.894,10.583,-0.689
1990-05-20,1990,5,20,10.02,10.708,-0.688
1990-05-21,1990,5,21,10.225,10.809,-0.584
1990-05-22,1990,5,22,10.446,10.909,-0.463
1990-05-23,1990,5,23,10.509,11.019,-0.51
1990-05-24,1990,5,24,10.565,11.119,-0.554
1990-05-25,1990,5,25,10.678,11.219,-0.541
1990-05-26,1990,5,26,10.8,11.321,-0.521
1990-05-27,1990,5,27,10.979,11.422,-0.443
1990-05-28,1990,5,28,11.122,11.532,-0.41
1990-05-29,1990,5,29,11.133,11.629,-0.496
1990-05-30,1990,5,30,11.23,11.732,-0.502
1990-05-31,1990,5,31,11.354,11.859,-0.505
1990-06-01,1990,6,1,11.495,11.978,-0.483
1990-06-02,1990,6,2,11.669,12.077,-0.408
1990-06-03,1990,6,3,11.763,12.168,-0.405
1990-06-04,1990,6,4,11.825,12.271,-0.446
1990-06-05,1990,6,5,11.913,12.383,-0.47
1990-06-06,1990,6,6,12.057,12.49,-0.433
1990-06-07,1990,6,7,12.181,12.581,-0.4
1990-06-08,1990,6,8,12.239,12.69,-0.451
1990-06-09,1990,6,9,12.28,12.792,-0.512
1990-06-10,1990,6,10,12.339,12.894,-0.555
1990-06-11,1990,6,11,12.458,12.987,-0.529
1990-06-12,1990,6,12,12.599,13.074,-0.475
1990-06-13,1990,6,13,12.767,13.172,-0.405
1990-06-14,1990,6,14,12.865,13.279,-0.414
1990-06-15,1990,6,15,13.033,13.384,-0.351
1990-06-16,1990,6,16,13.247,13.487,-0.24
1990-06-17,1990,6,17,13.409,13.597,-0.188
1990-06-18,1990,6,18,13.5,13.692,-0.192
1990-06-19,1990,6,19,13.629,13.796,-0.167
1990-06-20,1990,6,20,13.77,13.898,-0.128
1990-06-21,1990,6,21,13.889,13.991,-0.102
1990-06-22,1990,6,22,13.974,14.085,-0.111
1990-06-23,1990,6,23,14.013,14.186,-0.173
1990-06-24,1990,6,24,14.097,14.279,-0.182
1990-06-25,1990,6,25,14.117,14.37,-0.253
1990-06-26,1990,6,26,14.231,14.448,-0.217
1990-06-27,1990,6,27,14.224,14.524,-0.3
1990-06-28,1990,6,28,14.237,14.622,-0.385
1990-06-29,1990,6,29,14.289,14.709,-0.42
1990-06-30,1990,6,30,14.378,14.812,-0.434
1990-07-01,1990,7,1,14.469,14.896,-0.427
1990-07-02,1990,7,2,14.553,14.966,-0.413
1990-07-03,1990,7,3,14.604,15.039,-0.435
1990-07-04,1990,7,4,14.75,15.112,-0.362
1990-07-05,1990,7,5,14.777,15.187,-0.41
1990-07-06,1990,7,6,14.792,15.265,-0.473
1990-07-07,1990,7,7,14.836,15.329,-0.493
1990-07-08,1990,7,8,14.877,15.395,-0.518
1990-07-09,1990,7,9,14.909,15.482,-0.573
1990-07-10,1990,7,10,15.03,15.547,-0.517
1990-07-11,1990,7,11,15.106,15.652,-0.546
1990-07-12,1990,7,12,15.276,15.753,-0.477
1990-07-13,1990,7,13,15.351,15.839,-0.488
1990-07-14,1990,7,14,15.428,15.909,-0.481
1990-07-15,1990,7,15,15.453,15.971,-0.518
1990-07-16,1990,7,16,15.503,16.038,-0.535
1990-07-17,1990,7,17,15.601,16.084,-0.483
1990-07-18,1990,7,18,15.694,16.164,-0.47
1990-07-19,1990,7,19,15.75,16.257,-0.507
1990-07-20,1990,7,20,15.933,16.345,-0.412
1990-07-21,1990,7,21,15.99,16.437,-0.447
1990-07-22,1990,7,22,16.117,16.517,-0.4
1990-07-23,1990,7,23,16.173,16.591,-0.418
1990-07-24,1990,7,24,16.213,16.643,-0.43
1990-07-25,1990,7,25,16.301,16.69,-0.389
1990-07-26,1990,7,26,16.341,16.746,-0.405
1990-07-27,1990,7,27,16.424,16.801,-0.377
1990-07-28,1990,7,28,16.488,16.857,-0.369
1990-07-29,1990,7,29,16.555,16.929,-0.374
1990-07-30,1990,7,30,16.675,16.981,-0.306
1990-07-31,1990,7,31,16.73,17.028,-0.298
1990-08-01,1990,8,1,16.776,17.083,-0.307
1990-08-02,1990,8,2,16.927,17.135,-0.208
1990-08-03,1990,8,3,17.006,17.19,-0.184
1990-08-04,1990,8,4,17.019,17.236,-0.217
1990-08-05,1990,8,5,17.098,17.287,-0.189
1990-08-06,1990,8,6,17.166,17.35,-0.184
1990-08-07,1990,8,7,17.273,17.421,-0.148
1990-08-08,1990,8,8,17.28,17.481,-0.201
1990-08-09,1990,8,9,17.385,17.514,-0.129
1990-08-10,1990,8,10,17.389,17.547,-0.158
1990-08-11,1990,8,11,17.322,17.593,-0.271
1990-08-12,1990,8,12,17.339,17.642,-0.303
1990-08-13,1990,8,13,17.454,17.683,-0.229
1990-08-14,1990,8,14,17.52,17.738,-0.218
1990-08-15,1990,8,15,17.571,17.782,-0.211
1990-08-16,1990,8,16,17.618,17.827,-0.209
1990-08-17,1990,8,17,17.651,17.845,-0.194
1990-08-18,1990,8,18,17.775,17.867,-0.092
1990-08-19,1990,8,19,17.819,17.888,-0.069
1990-08-20,1990,8,20,17.755,17.924,-0.169
1990-08-21,1990,8,21,17.766,17.964,-0.198
1990-08-22,1990,8,22,17.779,17.983,-0.204
1990-08-23,1990,8,23,17.761,18.018,-0.257
1990-08-24,1990,8,24,17.766,18.053,-0.287
1990-08-25,1990,8,25,17.839,18.105,-0.266
1990-08-26,1990,8,26,17.944,18.145,-0.201
1990-08-27,1990,8,27,17.993,18.159,-0.166
1990-08-28,1990,8,28,18.042,18.195,-0.153
1990-08-29,1990,8,29,18.15,18.222,-0.072
1990-08-30,1990,8,30,18.221,18.241,-0.02
1990-08-31,1990,8,31,18.187,18.264,-0.077
1990-09-01,1990,9,1,18.182,18.288,-0.106
1990-09-02,1990,9,2,18.21,18.308,-0.098
1990-09-03,1990,9,3,18.215,18.333,-0.118
1990-09-04,1990,9,4,18.247,18.352,-0.105
1990-09-05,1990,9,5,18.232,18.373,-0.141
1990-09-06,1990,9,6,18.236,18.397,-0.161
1990-09-07,1990,9,7,18.141,18.416,-0.275
1990-09-08,1990,9,8,18.116,18.445,-0.329
1990-09-09,1990,9,9,18.123,18.47,-0.347
1990-09-10,1990,9,10,18.07,18.49,-0.42
1990-09-11,1990,9,11,17.986,18.502,-0.516
1990-09-12,1990,9,12,18.014,18.521,-0.507
1990-09-13,1990,9,13,18.002,18.522,-0.52
1990-09-14,1990,9,14,18.06,18.529,-0.469
1990-09-15,1990,9,15,18.075,18.533,-0.458
1990-09-16,1990,9,16,18.081,18.546,-0.465
1990-09-17,1990,9,17,18.132,18.565,-0.433
1990-09-18,1990,9,18,18.26,18.567,-0.307
1990-09-19,1990,9,19,18.265,18.572,-0.307
1990-09-20,1990,9,20,18.201,18.574,-0.373
1990-09-21,1990,9,21,18.219,18.576,-0.357
1990-09-22,1990,9,22,18.233,18.569,-0.336
1990-09-23,1990,9,23,18.222,18.57,-0.348
1990-09-24,1990,9,24,18.265,18.571,-0.306
1990-09-25,1990,9,25,18.294,18.566,-0.272
1990-09-26,1990,9,26,18.303,18.552,-0.249
1990-09-27,1990,9,27,18.336,18.541,-0.205
1990-09-28,1990,9,28,18.324,18.525,-0.201
1990-09-29,1990,9,29,18.367,18.525,-0.158
1990-09-30,1990,9,30,18.379,18.508,-0.129
1990-10-01,1990,10,1,18.322,18.508,-0.186
1990-10-02,1990,10,2,18.291,18.504,-0.213
1990-10-03,1990,10,3,18.295,18.476,-0.181
1990-10-04,1990,10,4,18.199,18.448,-0.249
1990-10-05,1990,10,5,18.228,18.44,-0.212
1990-10-06,1990,10,6,18.207,18.425,-0.218
1990-10-07,1990,10,7,18.179,18.394,-0.215
1990-10-08,1990,10,8,18.255,18.361,-0.106
1990-10-09,1990,10,9,18.221,18.329,-0.108
1990-10-10,1990,10,10,18.256,18.299,-0.043
1990-10-11,1990,10,11,18.218,18.287,-0.069
1990-10-12,1990,10,12,18.197,18.265,-0.068
1990-10-13,1990,10,13,18.264,18.235,0.029
1990-10-14,1990,10,14,18.146,18.224,-0.078
1990-10-15,1990,10,15,18.094,18.193,-0.099
1990-10-16,1990,10,16,18.071,18.158,-0.087
1990-10-17,1990,10,17,18.182,18.116,0.066
1990-10-18,1990,10,18,18.127,18.062,0.065
1990-10-19,1990,10,19,18.047,18.012,0.035
1990-10-20,1990,10,20,18.002,17.97,0.032
1990-10-21,1990,10,21,17.955,17.921,0.034
1990-10-22,1990,10,22,17.807,17.872,-0.065
1990-10-23,1990,10,23,17.7,17.833,-0.133
1990-10-24,1990,10,24,17.656,17.791,-0.135
1990-10-25,1990,10,25,17.628,17.736,-0.108
1990-10-26,1990,10,26,17.564,17.681,-0.117
1990-10-27,1990,10,27,17.432,17.633,-0.201
1990-10-28,1990,10,28,17.301,17.555,-0.254
1990-10-29,1990,10,29,17.199,17.509,-0.31
1990-10-30,1990,10,30,17.19,17.449,-0.259
1990-10-31,1990,10,31,17.072,17.367,-0.295
1990-11-01,1990,11,1,17.005,17.312,-0.307
1990-11-02,1990,11,2,16.894,17.229,-0.335
1990-11-03,1990,11,3,16.811,17.153,-0.342
1990-11-04,1990,11,4,16.778,17.081,-0.303
1990-11-05,1990,11,5,16.672,17.011,-0.339
1990-11-06,1990,11,6,16.657,16.934,-0.277
1990-11-07,1990,11,7,16.589,16.848,-0.259
1990-11-08,1990,11,8,16.522,16.762,-0.24
1990-11-09,1990,11,9,16.45,16.667,-0.217
1990-11-10,1990,11,10,16.393,16.562,-0.169
1990-11-11,1990,11,11,16.317,16.472,-0.155
1990-11-12,1990,11,12,16.257,16.378,-0.121
1990-11-13,1990,11,13,16.072,16.272,-0.2
1990-11-14,1990,11,14,15.925,16.175,-0.25
1990-11-15,1990,11,15,15.908,16.061,-0.153
1990-11-16,1990,11,16,15.773,15.925,-0.152
1990-11-17,1990,11,17,15.63,15.797,-0.167
1990-11-18,1990,11,18,15.434,15.665,-0.231
1990-11-19,1990,11,19,15.239,15.509,-0.27
1990-11-20,1990,11,20,15.111,15.368,-0.257
1990-11-21,1990,11,21,14.881,15.213,-0.332
1990-11-22,1990,11,22,14.688,15.069,-0.381
1990-11-23,1990,11,23,14.474,14.896,-0.422
1990-11-24,1990,11,24,14.262,14.74,-0.478
1990-11-25,1990,11,25,14.041,14.575,-0.534
1990-11-26,1990,11,26,13.833,14.417,-0.584
1990-11-27,1990,11,27,13.657,14.239,-0.582
1990-11-28,1990,11,28,13.452,14.055,-0.603
1990-11-29,1990,11,29,13.264,13.868,-0.604
1990-11-30,1990,11,30,13.06,13.685,-0.625
1990-12-01,1990,12,1,12.892,13.513,-0.621
1990-12-02,1990,12,2,12.715,13.294,-0.579
1990-12-03,1990,12,3,12.546,13.105,-0.559
1990-12-04,1990,12,4,12.374,12.904,-0.53
1990-12-05,1990,12,5,12.126,12.703,-0.577
1990-12-06,1990,12,6,11.939,12.495,-0.556
1990-12-07,1990,12,7,11.808,12.29,-0.482
1990-12-08,1990,12,8,11.581,12.068,-0.487
1990-12-09,1990,12,9,11.4,11.859,-0.459
1990-12-10,1990,12,10,11.248,11.659,-0.411
1990-12-11,1990,12,11,10.999,11.436,-0.437
1990-12-12,1990,12,12,10.725,11.222,-0.497
1990-12-13,1990,12,13,10.548,10.998,-0.45
1990-12-14,1990,12,14,10.284,10.755,-0.471
1990-12-15,1990,12,15,9.983,10.498,-0.515
1990-12-16,1990,12,16,9.671,10.247,-0.576
1990-12-17,1990,12,17,9.543,9.984,-0.441
1990-12-18,1990,12,18,9.391,9.732,-0.341
1990-12-19,1990,12,19,9.191,9.48,-0.289
1990-12-20,1990,12,20,8.988,9.255,-0.267
1990-12-21,1990,12,21,8.823,9.039,-0.216
1990-12-22,1990,12,22,8.701,8.835,-0.134
1990-12-23,1990,12,23,8.564,8.631,-0.067
1990-12-24,1990,12,24,8.375,8.416,-0.041
1990-12-25,1990,12,25,8.207,8.224,-0.017
1990-12-26,1990,12,26,8.061,8.018,0.043
1990-12-27,1990,12,27,7.916,7.811,0.105
1990-12-28,1990,12,28,7.815,7.624,0.191
1990-12-29,1990,12,29,7.592,7.406,0.186
1990-12-30,1990,12,30,7.35,7.222,0.128
1990-12-31,1990,12,31,7.203,7.059,0.144
1991-01-01,1991,1,1,7.095,6.999,0.096
1991-01-02,1991,1,2,6.928,6.808,0.12
1991-01-03,1991,1,3,6.795,6.621,0.174
1991-01-04,1991,1,4,6.684,6.451,0.233
1991-01-05,1991,1,5,6.519,6.296,0.223
1991-01-06,1991,1,6,6.336,6.142,0.194
1991-01-07,1991,1,7,6.216,5.999,0.217
1991-01-08,1991,1,8,6.127,5.838,0.289
1991-01-09,1991,1,9,5.993,5.681,0.312
1991-01-10,1991,1,10,5.9,5.547,0.353
1991-01-11,1991,1,11,5.73,5.423,0.307
1991-01-12,1991,1,12,5.679,5.305,0.374
1991-01-13,1991,1,13,5.525,5.16,0.365
1991-01-14,1991,1,14,5.363,5.047,0.316
1991-01-15,1991,1,15,5.215,4.926,0.289
1991-01-16,1991,1,16,5.159,4.819,0.34
1991-01-17,1991,1,17,5.154,4.709,0.445
1991-01-18,1991,1,18,5.014,4.614,0.4
1991-01-19,1991,1,19,4.905,4.521,0.384
1991-01-20,1991,1,20,4.871,4.427,0.444
1991-01-21,1991,1,21,4.743,4.335,0.408
1991-01-22,1991,1,22,4.677,4.24,0.437
1991-01-23,1991,1,23,4.595,4.154,0.441
1991-01-24,1991,1,24,4.545,4.074,0.471
1991-01-25,1991,1,25,4.471,3.998,0.473
1991-01-26,1991,1,26,4.442,3.929,0.513
1991-01-27,1991,1,27,4.316,3.861,0.455
1991-01-28,1991,1,28,4.232,3.808,0.424
1991-01-29,1991,1,29,4.177,3.734,0.443
1991-01-30,1991,1,30,4.078,3.665,0.413
1991-01-31,1991,1,31,4.002,3.605,0.397
1991-02-01,1991,2,1,3.97,3.534,0.436
1991-02-02,1991,2,2,3.907,3.489,0.418
1991-02-03,1991,2,3,3.803,3.43,0.373
1991-02-04,1991,2,4,3.768,3.377,0.391
1991-02-05,1991,2,5,3.654,3.326,0.328
1991-02-06,1991,2,6,3.497,3.28,0.217
1991-02-07,1991,2,7,3.428,3.227,0.201
1991-02-08,1991,2,8,3.408,3.181,0.227
1991-02-09,1991,2,9,3.367,3.141,0.226
1991-02-10,1991,2,10,3.304,3.097,0.207
1991-02-11,1991,2,11,3.285,3.064,0.221
1991-02-12,1991,2,12,3.235,3.025,0.21
1991-02-13,1991,2,13,3.185,2.998,0.187
1991-02-14,1991,2,14,3.124,2.969,0.155
1991-02-15,1991,2,15,3.092,2.935,0.157
1991-02-16,1991,2,16,3.093,2.918,0.175
1991-02-17,1991,2,17,3.093,2.914,0.179
1991-02-18,1991,2,18,3.105,2.903,0.202
1991-02-19,1991,2,19,2.985,2.881,0.104
1991-02-20,1991,2,20,2.887,2.876,0.011
1991-02-21,1991,2,21,2.799,2.881,-0.082
1991-02-22,1991,2,22,2.765,2.885,-0.12
1991-02-23,1991,2,23,2.73,2.892,-0.162
1991-02-24,1991,2,24,2.704,2.889,-0.185
1991-02-25,1991,2,25,2.628,2.907,-0.279
1991-02-26,1991,2,26,2.563,2.931,-0.368
1991-02-27,1991,2,27,2.554,2.96,-0.406
1991-02-28,1991,2,28,2.578,2.994,-0.416
1991-03-01,1991,3,1,2.575,3.061,-0.486
1991-03-02,1991,3,2,2.595,3.105,-0.51
1991-03-03,1991,3,3,2.631,3.166,-0.535
1991-03-04,1991,3,4,2.677,3.211,-0.534
1991-03-05,1991,3,5,2.686,3.253,-0.567
1991-03-06,1991,3,6,2.723,3.306,-0.583
1991-03-07,1991,3,7,2.748,3.37,-0.622
1991-03-08,1991,3,8,2.845,3.433,-0.588
1991-03-09,1991,3,9,2.911,3.507,-0.596
1991-03-10,1991,3,10,2.971,3.592,-0.621
1991-03-11,1991,3,11,3.051,3.658,-0.607
1991-03-12,1991,3,12,3.207,3.735,-0.528
1991-03-13,1991,3,13,3.273,3.815,-0.542
1991-03-14,1991,3,14,3.415,3.892,-0.477
1991-03-15,1991,3,15,3.571,3.966,-0.395
1991-03-16,1991,3,16,3.655,4.035,-0.38
1991-03-17,1991,3,17,3.733,4.11,-0.377
1991-03-18,1991,3,18,3.896,4.199,-0.303
1991-03-19,1991,3,19,4.056,4.271,-0.215
1991-03-20,1991,3,20,4.152,4.362,-0.21
1991-03-21,1991,3,21,4.3,4.441,-0.141
1991-03-22,1991,3,22,4.394,4.521,-0.127
1991-03-23,1991,3,23,4.558,4.613,-0.055
1991-03-24,1991,3,24,4.725,4.701,0.024
1991-03-25,1991,3,25,4.913,4.798,0.115
1991-03-26,1991,3,26,5.091,4.884,0.207
1991-03-27,1991,3,27,5.139,4.956,0.183
1991-03-28,1991,3,28,5.225,5.047,0.178
1991-03-29,1991,3,29,5.329,5.139,0.19
1991-03-30,1991,3,30,5.461,5.219,0.242
1991-03-31,1991,3,31,5.506,5.312,0.194
1991-04-01,1991,4,1,5.558,5.405,0.153
1991-04-02,1991,4,2,5.668,5.508,0.16
1991-04-03,1991,4,3,5.818,5.607,0.211
1991-04-04,1991,4,4,5.954,5.708,0.246
1991-04-05,1991,4,5,6.045,5.806,0.239
1991-04-06,1991,4,6,6.14,5.908,0.232
1991-04-07,1991,4,7,6.223,6.018,0.205
1991-04-08,1991,4,8,6.334,6.125,0.209
1991-04-09,1991,4,9,6.554,6.218,0.336
1991-04-10,1991,4,10,6.591,6.329,0.262
1991-04-11,1991,4,11,6.675,6.434,0.241
1991-04-12,1991,4,12,6.74,6.549,0.191
1991-04-13,1991,4,13,6.864,6.656,0.208
1991-04-14,1991,4,14,6.991,6.757,0.234
1991-04-15,1991,4,15,7.067,6.862,0.205
1991-04-16,1991,4,16,7.085,6.977,0.108
1991-04-17,1991,4,17,7.153,7.089,0.064
1991-04-18,1991,4,18,7.269,7.194,0.075
1991-04-19,1991,4,19,7.36,7.303,0.057
1991-04-20,1991,4,20,7.421,7.414,0.007
1991-04-21,1991,4,21,7.562,7.516,0.046
1991-04-22,1991,4,22,7.634,7.624,0.01
1991-04-23,1991,4,23,7.695,7.733,-0.038
1991-04-24,1991,4,24,7.829,7.84,-0.011
1991-04-25,1991,4,25,7.924,7.947,-0.023
1991-04-26,1991,4,26,8.009,8.05,-0.041
1991-04-27,1991,4,27,8.153,8.165,-0.012
1991-04-28,1991,4,28,8.307,8.28,0.027
1991-04-29,1991,4,29,8.386,8.387,-0.001
1991-04-30,1991,4,30,8.595,8.497,0.098
1991-05-01,1991,5,1,8.692,8.604,0.088
1991-05-02,1991,5,2,8.844,8.71,0.134
1991-05-03,1991,5,3,8.926,8.825,0.101
1991-05-04,1991,5,4,9.023,8.94,0.083
1991-05-05,1991,5,5,9.148,9.053,0.095
1991-05-06,1991,5,6,9.24,9.161,0.079
1991-05-07,1991,5,7,9.307,9.28,0.027
1991-05-08,1991,5,8,9.412,9.392,0.02
1991-05-09,1991,5,9,9.574,9.487,0.087
1991-05-10,1991,5,10,9.681,9.588,0.093
1991-05-11,1991,5,11,9.78,9.705,0.075
1991-05-12,1991,5,12,9.964,9.811,0.153
1991-05-13,1991,5,13,10.071,9.928,0.143
1991-05-14,1991,5,14,10.165,10.039,0.126
1991-05-15,1991,5,15,10.297,10.147,0.15
1991-05-16,1991,5,16,10.436,10.26,0.176
1991-05-17,1991,5,17,10.588,10.366,0.222
1991-05-18,1991,5,18,10.652,10.47,0.182
1991-05-19,1991,5,19,10.752,10.583,0.169
1991-05-20,1991,5,20,10.79,10.708,0.082
1991-05-21,1991,5,21,10.867,10.809,0.058
1991-05-22,1991,5,22,10.897,10.909,-0.012
1991-05-23,1991,5,23,10.931,11.019,-0.088
1991-05-24,1991,5,24,11.026,11.119,-0.093
1991-05-25,1991,5,25,11.13,11.219,-0.089
1991-05-26,1991,5,26,11.206,11.321,-0.115
1991-05-27,1991,5,27,11.289,11.422,-0.133
1991-05-28,1991,5,28,11.346,11.532,-0.186
1991-05-29,1991,5,29,11.413,11.629,-0.216
1991-05-30,1991,5,30,11.542,11.732,-0.19
1991-05-31,1991,5,31,11.674,11.859,-0.185
1991-06-01,1991,6,1,11.697,11.978,-0.281
1991-06-02,1991,6,2,11.727,12.077,-0.35
1991-06-03,1991,6,3,11.866,12.168,-0.302
1991-06-04,1991,6,4,11.95,12.271,-0.321
1991-06-05,1991,6,5,12.119,12.383,-0.264
1991-06-06,1991,6,6,12.159,12.49,-0.331
1991-06-07,1991,6,7,12.29,12.581,-0.291
1991-06-08,1991,6,8,12.404,12.69,-0.286
1991-06-09,1991,6,9,12.592,12.792,-0.2
1991-06-10,1991,6,10,12.686,12.894,-0.208
1991-06-11,1991,6,11,12.825,12.987,-0.162
1991-06-12,1991,6,12,12.831,13.074,-0.243
1991-06-13,1991,6,13,12.886,13.172,-0.286
1991-06-14,1991,6,14,12.965,13.279,-0.314
1991-06-15,1991,6,15,13.07,13.384,-0.314
1991-06-16,1991,6,16,13.139,13.487,-0.348
1991-06-17,1991,6,17,13.18,13.597,-0.417
1991-06-18,1991,6,18,13.163,13.692,-0.529
1991-06-19,1991,6,19,13.29,13.796,-0.506
1991-06-20,1991,6,20,13.368,13.898,-0.53
1991-06-21,1991,6,21,13.522,13.991,-0.469
1991-06-22,1991,6,22,13.692,14.085,-0.393
1991-06-23,1991,6,23,13.773,14.186,-0.413
1991-06-24,1991,6,24,13.879,14.279,-0.4
1991-06-25,1991,6,25,14.006,14.37,-0.364
1991-06-26,1991,6,26,14.091,14.448,-0.357
1991-06-27,1991,6,27,14.154,14.524,-0.37
1991-06-28,1991,6,28,14.155,14.622,-0.467
1991-06-29,1991,6,29,14.223,14.709,-0.486
1991-06-30,1991,6,30,14.268,14.812,-0.544
1991-07-01,1991,7,1,14.418,14.896,-0.478
1991-07-02,1991,7,2,14.423,14.966,-0.543
1991-07-03,1991,7,3,14.452,15.039,-0.587
1991-07-04,1991,7,4,14.472,15.112,-0.64
1991-07-05,1991,7,5,14.599,15.187,-0.588
1991-07-06,1991,7,6,14.612,15.265,-0.653
1991-07-07,1991,7,7,14.705,15.329,-0.624
1991-07-08,1991,7,8,14.789,15.395,-0.606
1991-07-09,1991,7,9,14.858,15.482,-0.624
1991-07-10,1991,7,10,14.974,15.547,-0.573
1991-07-11,1991,7,11,15.011,15.652,-0.641
1991-07-12,1991,7,12,15.061,15.753,-0.692
1991-07-13,1991,7,13,15.122,15.839,-0.717
1991-07-14,1991,7,14,15.198,15.909,-0.711
1991-07-15,1991,7,15,15.329,15.971,-0.642
1991-07-16,1991,7,16,15.451,16.038,-0.587
1991-07-17,1991,7,17,15.546,16.084,-0.538
1991-07-18,1991,7,18,15.63,16.164,-0.534
1991-07-19,1991,7,19,15.826,16.257,-0.431
1991-07-20,1991,7,20,15.963,16.345,-0.382
1991-07-21,1991,7,21,16.158,16.437,-0.279
1991-07-22,1991,7,22,16.377,16.517,-0.14
1991-07-23,1991,7,23,16.446,16.591,-0.145
1991-07-24,1991,7,24,16.44,16.643,-0.203
1991-07-25,1991,7,25,16.463,16.69,-0.227
1991-07-26,1991,7,26,16.482,16.746,-0.264
1991-07-27,1991,7,27,16.562,16.801,-0.239
1991-07-28,1991,7,28,16.546,16.857,-0.311
1991-07-29,1991,7,29,16.632,16.929,-0.297
1991-07-30,1991,7,30,16.744,16.981,-0.237
1991-07-31,1991,7,31,16.774,17.028,-0.254
1991-08-01,1991,8,1,16.878,17.083,-0.205
1991-08-02,1991,8,2,16.99,17.135,-0.145
1991-08-03,1991,8,3,16.967,17.19,-0.223
1991-08-04,1991,8,4,17.031,17.236,-0.205
1991-08-05,1991,8,5,17.14,17.287,-0.147
1991-08-06,1991,8,6,17.243,17.35,-0.107
1991-08-07,1991,8,7,17.453,17.421,0.032
1991-08-08,1991,8,8,17.543,17.481,0.062
1991-08-09,1991,8,9,17.704,17.514,0.19
1991-08-10,1991,8,10,17.815,17.547,0.268
1991-08-11,1991,8,11,17.897,17.593,0.304
1991-08-12,1991,8,12,17.864,17.642,0.222
1991-08-13,1991,8,13,17.888,17.683,0.205
1991-08-14,1991,8,14,17.926,17.738,0.188
1991-08-15,1991,8,15,18.101,17.782,0.319
1991-08-16,1991,8,16,18.038,17.827,0.211
1991-08-17,1991,8,17,18.032,17.845,0.187
1991-08-18,1991,8,18,17.901,17.867,0.034
1991-08-19,1991,8,19,17.797,17.888,-0.091
1991-08-20,1991,8,20,17.783,17.924,-0.141
1991-08-21,1991,8,21,17.824,17.964,-0.14
1991-08-22,1991,8,22,17.925,17.983,-0.058
1991-08-23,1991,8,23,17.838,18.018,-0.18
1991-08-24,1991,8,24,17.781,18.053,-0.272
1991-08-25,1991,8,25,17.825,18.105,-0.28
1991-08-26,1991,8,26,17.855,18.145,-0.29
1991-08-27,1991,8,27,17.936,18.159,-0.223
1991-08-28,1991,8,28,17.988,18.195,-0.207
1991-08-29,1991,8,29,18.111,18.222,-0.111
1991-08-30,1991,8,30,18.153,18.241,-0.088
1991-08-31,1991,8,31,18.061,18.264,-0.203
1991-09-01,1991,9,1,17.969,18.288,-0.319
1991-09-02,1991,9,2,17.849,18.308,-0.459
1991-09-03,1991,9,3,17.853,18.333,-0.48
1991-09-04,1991,9,4,17.962,18.352,-0.39
1991-09-05,1991,9,5,17.908,18.373,-0.465
1991-09-06,1991,9,6,17.919,18.397,-0.478
1991-09-07,1991,9,7,18.141,18.416,-0.275
1991-09-08,1991,9,8,18.224,18.445,-0.221
1991-09-09,1991,9,9,18.242,18.47,-0.228
1991-09-10,1991,9,10,18.301,18.49,-0.189
1991-09-11,1991,9,11,18.303,18.502,-0.199
1991-09-12,1991,9,12,18.319,18.521,-0.202
1991-09-13,1991,9,13,18.292,18.522,-0.23
1991-09-14,1991,9,14,18.332,18.529,-0.197
1991-09-15,1991,9,15,18.322,18.533,-0.211
1991-09-16,1991,9,16,18.278,18.546,-0.268
1991-09-17,1991,9,17,18.264,18.565,-0.301
1991-09-18,1991,9,18,18.294,18.567,-0.273
1991-09-19,1991,9,19,18.366,18.572,-0.206
1991-09-20,1991,9,20,18.413,18.574,-0.161
1991-09-21,1991,9,21,18.473,18.576,-0.103
1991-09-22,1991,9,22,18.539,18.569,-0.03
1991-09-23,1991,9,23,18.523,18.57,-0.047
1991-09-24,1991,9,24,18.555,18.571,-0.016
1991-09-25,1991,9,25,18.525,18.566,-0.041
1991-09-26,1991,9,26,18.608,18.552,0.056
1991-09-27,1991,9,27,18.661,18.541,0.12
1991-09-28,1991,9,28,18.629,18.525,0.104
1991-09-29,1991,9,29,18.643,18.525,0.118
1991-09-30,1991,9,30,18.671,18.508,0.163
1991-10-01,1991,10,1,18.554,18.508,0.046
1991-10-02,1991,10,2,18.515,18.504,0.011
1991-10-03,1991,10,3,18.481,18.476,0.005
1991-10-04,1991,10,4,18.392,18.448,-0.056
1991-10-05,1991,10,5,18.32,18.44,-0.12
1991-10-06,1991,10,6,18.382,18.425,-0.043
1991-10-07,1991,10,7,18.466,18.394,0.072
1991-10-08,1991,10,8,18.405,18.361,0.044
1991-10-09,1991,10,9,18.484,18.329,0.155
1991-10-10,1991,10,10,18.398,18.299,0.099
1991-10-11,1991,10,11,18.319,18.287,0.032
1991-10-12,1991,10,12,18.247,18.265,-0.018
1991-10-13,1991,10,13,18.218,18.235,-0.017
1991-10-14,1991,10,14,18.122,18.224,-0.102
1991-10-15,1991,10,15,18.161,18.193,-0.032
1991-10-16,1991,10,16,18.138,18.158,-0.02
1991-10-17,1991,10,17,18.046,18.116,-0.07
1991-10-18,1991,10,18,17.883,18.062,-0.179
1991-10-19,1991,10,19,17.691,18.012,-0.321
1991-10-20,1991,10,20,17.586,17.97,-0.384
1991-10-21,1991,10,21,17.591,17.921,-0.33
1991-10-22,1991,10,22,17.611,17.872,-0.261
1991-10-23,1991,10,23,17.497,17.833,-0.336
1991-10-24,1991,10,24,17.431,17.791,-0.36
1991-10-25,1991,10,25,17.473,17.736,-0.263
1991-10-26,1991,10,26,17.353,17.681,-0.328
1991-10-27,1991,10,27,17.216,17.633,-0.417
1991-10-28,1991,10,28,17.211,17.555,-0.344
1991-10-29,1991,10,29,17.094,17.509,-0.415
1991-10-30,1991,10,30,17.081,17.449,-0.368
1991-10-31,1991,10,31,17.07,17.367,-0.297
1991-11-01,1991,11,1,17.02,17.312,-0.292
1991-11-02,1991,11,2,16.971,17.229,-0.258
1991-11-03,1991,11,3,16.926,17.153,-0.227
1991-11-04,1991,11,4,16.881,17.081,-0.2
1991-11-05,1991,11,5,16.883,17.011,-0.128
1991-11-06,1991,11,6,16.728,16.934,-0.206
1991-11-07,1991,11,7,16.66,16.848,-0.188
1991-11-08,1991,11,8,16.549,16.762,-0.213
1991-11-09,1991,11,9,16.449,16.667,-0.218
1991-11-10,1991,11,10,16.382,16.562,-0.18
1991-11-11,1991,11,11,16.374,16.472,-0.098
1991-11-12,1991,11,12,16.219,16.378,-0.159
1991-11-13,1991,11,13,16.134,16.272,-0.138
1991-11-14,1991,11,14,15.931,16.175,-0.244
1991-11-15,1991,11,15,15.92,16.061,-0.141
1991-11-16,1991,11,16,15.806,15.925,-0.119
1991-11-17,1991,11,17,15.645,15.797,-0.152
1991-11-18,1991,11,18,15.399,15.665,-0.266
1991-11-19,1991,11,19,15.192,15.509,-0.317
1991-11-20,1991,11,20,15.006,15.368,-0.362
1991-11-21,1991,11,21,14.867,15.213,-0.346
1991-11-22,1991,11,22,14.756,15.069,-0.313
1991-11-23,1991,11,23,14.532,14.896,-0.364
1991-11-24,1991,11,24,14.427,14.74,-0.313
1991-11-25,1991,11,25,14.367,14.575,-0.208
1991-11-26,1991,11,26,14.188,14.417,-0.229
1991-11-27,1991,11,27,13.988,14.239,-0.251
1991-11-28,1991,11,28,13.887,14.055,-0.168
1991-11-29,1991,11,29,13.842,13.868,-0.026
1991-11-30,1991,11,30,13.577,13.685,-0.108
1991-12-01,1991,12,1,13.354,13.513,-0.159
1991-12-02,1991,12,2,13.211,13.294,-0.083
1991-12-03,1991,12,3,13.152,13.105,0.047
1991-12-04,1991,12,4,12.938,12.904,0.034
1991-12-05,1991,12,5,12.677,12.703,-0.026
1991-12-06,1991,12,6,12.519,12.495,0.024
1991-12-07,1991,12,7,12.35,12.29,0.06
1991-12-08,1991,12,8,12.132,12.068,0.064
1991-12-09,1991,12,9,11.812,11.859,-0.047
1991-12-10,1991,12,10,11.544,11.659,-0.115
1991-12-11,1991,12,11,11.4,11.436,-0.036
1991-12-12,1991,12,12,11.113,11.222,-0.109
1991-12-13,1991,12,13,10.95,10.998,-0.048
1991-12-14,1991,12,14,10.781,10.755,0.026
1991-12-15,1991,12,15,10.499,10.498,0.001
1991-12-16,1991,12,16,10.28,10.247,0.033
1991-12-17,1991,12,17,10.069,9.984,0.085
1991-12-18,1991,12,18,9.668,9.732,-0.064
1991-12-19,1991,12,19,9.254,9.48,-0.226
1991-12-20,1991,12,20,9.153,9.255,-0.102
1991-12-21,1991,12,21,8.931,9.039,-0.108
1991-12-22,1991,12,22,8.67,8.835,-0.165
1991-12-23,1991,12,23,8.537,8.631,-0.094
1991-12-24,1991,12,24,8.347,8.416,-0.069
1991-12-25,1991,12,25,8.084,8.224,-0.14
1991-12-26,1991,12,26,7.898,8.018,-0.12
1991-12-27,1991,12,27,7.716,7.811,-0.095
1991-12-28,1991,12,28,7.611,7.624,-0.013
1991-12-29,1991,12,29,7.372,7.406,-0.034
1991-12-30,1991,12,30,7.111,7.222,-0.111
1991-12-31,1991,12,31,6.829,7.059,-0.23
1992-01-01,1992,1,1,6.656,6.999,-0.343
1992-01-02,1992,1,2,6.458,6.808,-0.35
1992-01-03,1992,1,3,6.278,6.621,-0.343
1992-01-04,1992,1,4,6.053,6.451,-0.398
1992-01-05,1992,1,5,5.963,6.296,-0.333
1992-01-06,1992,1,6,5.788,6.142,-0.354
1992-01-07,1992,1,7,5.702,5.999,-0.297
1992-01-08,1992,1,8,5.574,5.838,-0.264
1992-01-09,1992,1,9,5.354,5.681,-0.327
1992-01-10,1992,1,10,5.229,5.547,-0.318
1992-01-11,1992,1,11,5.089,5.423,-0.334
1992-01-12,1992,1,12,4.978,5.305,-0.327
1992-01-13,1992,1,13,4.872,5.16,-0.288
1992-01-14,1992,1,14,4.762,5.047,-0.285
1992-01-15,1992,1,15,4.698,4.926,-0.228
1992-01-16,1992,1,16,4.61,4.819,-0.209
1992-01-17,1992,1,17,4.493,4.709,-0.216
1992-01-18,1992,1,18,4.414,4.614,-0.2
1992-01-19,1992,1,19,4.279,4.521,-0.242
1992-01-20,1992,1,20,4.232,4.427,-0.195
1992-01-21,1992,1,21,4.219,4.335,-0.116
1992-01-22,1992,1,22,4.105,4.24,-0.135
1992-01-23,1992,1,23,3.975,4.154,-0.179
1992-01-24,1992,1,24,3.99,4.074,-0.084
1992-01-25,1992,1,25,3.833,3.998,-0.165
1992-01-26,1992,1,26,3.744,3.929,-0.185
1992-01-27,1992,1,27,3.687,3.861,-0.174
1992-01-28,1992,1,28,3.612,3.808,-0.196
1992-01-29,1992,1,29,3.576,3.734,-0.158
1992-01-30,1992,1,30,3.514,3.665,-0.151
1992-01-31,1992,1,31,3.478,3.605,-0.127
1992-02-01,1992,2,1,3.401,3.534,-0.133
1992-02-02,1992,2,2,3.37,3.489,-0.119
1992-02-03,1992,2,3,3.341,3.43,-0.089
1992-02-04,1992,2,4,3.275,3.377,-0.102
1992-02-05,1992,2,5,3.148,3.326,-0.178
1992-02-06,1992,2,6,3.141,3.28,-0.139
1992-02-07,1992,2,7,3.166,3.227,-0.061
1992-02-08,1992,2,8,3.074,3.181,-0.107
1992-02-09,1992,2,9,3.005,3.141,-0.136
1992-02-10,1992,2,10,2.952,3.097,-0.145
1992-02-11,1992,2,11,2.943,3.064,-0.121
1992-02-12,1992,2,12,2.906,3.025,-0.119
1992-02-13,1992,2,13,2.833,2.998,-0.165
1992-02-14,1992,2,14,2.811,2.969,-0.158
1992-02-15,1992,2,15,2.74,2.935,-0.195
1992-02-16,1992,2,16,2.725,2.918,-0.193
1992-02-17,1992,2,17,2.698,2.914,-0.216
1992-02-18,1992,2,18,2.62,2.903,-0.283
1992-02-19,1992,2,19,2.582,2.881,-0.299
1992-02-20,1992,2,20,2.567,2.876,-0.309
1992-02-21,1992,2,21,2.521,2.881,-0.36
1992-02-22,1992,2,22,2.512,2.885,-0.373
1992-02-23,1992,2,23,2.492,2.892,-0.4
1992-02-24,1992,2,24,2.551,2.889,-0.338
1992-02-25,1992,2,25,2.537,2.907,-0.37
1992-02-26,1992,2,26,2.522,2.931,-0.409
1992-02-27,1992,2,27,2.621,2.96,-0.339
1992-02-28,1992,2,28,2.634,2.994,-0.36
1992-02-29,1992,2,29,2.596,3.014,-0.418
1992-03-01,1992,3,1,2.659,3.061,-0.402
1992-03-02,1992,3,2,2.759,3.105,-0.346
1992-03-03,1992,3,3,2.822,3.166,-0.344
1992-03-04,1992,3,4,2.834,3.211,-0.377
1992-03-05,1992,3,5,2.828,3.253,-0.425
1992-03-06,1992,3,6,2.793,3.306,-0.513
1992-03-07,1992,3,7,2.878,3.37,-0.492
1992-03-08,1992,3,8,2.91,3.433,-0.523
1992-03-09,1992,3,9,2.926,3.507,-0.581
1992-03-10,1992,3,10,2.989,3.592,-0.603
1992-03-11,1992,3,11,3.043,3.658,-0.615
1992-03-12,1992,3,12,3.146,3.735,-0.589
1992-03-13,1992,3,13,3.227,3.815,-0.588
1992-03-14,1992,3,14,3.291,3.892,-0.601
1992-03-15,1992,3,15,3.402,3.966,-0.564
1992-03-16,1992,3,16,3.389,4.035,-0.646
1992-03-17,1992,3,17,3.449,4.11,-0.661
1992-03-18,1992,3,18,3.626,4.199,-0.573
1992-03-19,1992,3,19,3.713,4.271,-0.558
1992-03-20,1992,3,20,3.798,4.362,-0.564
1992-03-21,1992,3,21,3.878,4.441,-0.563
1992-03-22,1992,3,22,3.948,4.521,-0.573
1992-03-23,1992,3,23,4.059,4.613,-0.554
1992-03-24,1992,3,24,4.212,4.701,-0.489
1992-03-25,1992,3,25,4.342,4.798,-0.456
1992-03-26,1992,3,26,4.423,4.884,-0.461
1992-03-27,1992,3,27,4.495,4.956,-0.461
1992-03-28,1992,3,28,4.581,5.047,-0.466
1992-03-29,1992,3,29,4.656,5.139,-0.483
1992-03-30,1992,3,30,4.782,5.219,-0.437
1992-03-31,1992,3,31,4.914,5.312,-0.398
1992-04-01,1992,4,1,5.061,5.405,-0.344
1992-04-02,1992,4,2,5.187,5.508,-0.321
1992-04-03,1992,4,3,5.3,5.607,-0.307
1992-04-04,1992,4,4,5.482,5.708,-0.226
1992-04-05,1992,4,5,5.611,5.806,-0.195
1992-04-06,1992,4,6,5.777,5.908,-0.131
1992-04-07,1992,4,7,5.946,6.018,-0.072
1992-04-08,1992,4,8,6.038,6.125,-0.087
1992-04-09,1992,4,9,6.149,6.218,-0.069
1992-04-10,1992,4,10,6.291,6.329,-0.038
1992-04-11,1992,4,11,6.353,6.434,-0.081
1992-04-12,1992,4,12,6.477,6.549,-0.072
1992-04-13,1992,4,13,6.61,6.656,-0.046
1992-04-14,1992,4,14,6.687,6.757,-0.07
1992-04-15,1992,4,15,6.789,6.862,-0.073
1992-04-16,1992,4,16,6.889,6.977,-0.088
1992-04-17,1992,4,17,6.959,7.089,-0.13
1992-04-18,1992,4,18,7.117,7.194,-0.077
1992-04-19,1992,4,19,7.202,7.303,-0.101
1992-04-20,1992,4,20,7.229,7.414,-0.185
1992-04-21,1992,4,21,7.324,7.516,-0.192
1992-04-22,1992,4,22,7.453,7.624,-0.171
1992-04-23,1992,4,23,7.573,7.733,-0.16
1992-04-24,1992,4,24,7.683,7.84,-0.157
1992-04-25,1992,4,25,7.821,7.947,-0.126
1992-04-26,1992,4,26,7.919,8.05,-0.131
1992-04-27,1992,4,27,8.063,8.165,-0.102
1992-04-28,1992,4,28,8.2,8.28,-0.08
1992-04-29,1992,4,29,8.272,8.387,-0.115
1992-04-30,1992,4,30,8.361,8.497,-0.136
1992-05-01,1992,5,1,8.507,8.604,-0.097
1992-05-02,1992,5,2,8.592,8.71,-0.118
1992-05-03,1992,5,3,8.633,8.825,-0.192
1992-05-04,1992,5,4,8.749,8.94,-0.191
1992-05-05,1992,5,5,8.865,9.053,-0.188
1992-05-06,1992,5,6,8.953,9.161,-0.208
1992-05-07,1992,5,7,9.015,9.28,-0.265
1992-05-08,1992,5,8,9.146,9.392,-0.246
1992-05-09,1992,5,9,9.227,9.487,-0.26
1992-05-10,1992,5,10,9.29,9.588,-0.298
1992-05-11,1992,5,11,9.369,9.705,-0.336
1992-05-12,1992,5,12,9.464,9.811,-0.347
1992-05-13,1992,5,13,9.619,9.928,-0.309
1992-05-14,1992,5,14,9.773,10.039,-0.266
1992-05-15,1992,5,15,9.862,10.147,-0.285
1992-05-16,1992,5,16,9.959,10.26,-0.301
1992-05-17,1992,5,17,10.097,10.366,-0.269
1992-05-18,1992,5,18,10.228,10.47,-0.242
1992-05-19,1992,5,19,10.386,10.583,-0.197
1992-05-20,1992,5,20,10.457,10.708,-0.251
1992-05-21,1992,5,21,10.567,10.809,-0.242
1992-05-22,1992,5,22,10.637,10.909,-0.272
1992-05-23,1992,5,23,10.623,11.019,-0.396
1992-05-24,1992,5,24,10.648,11.119,-0.471
1992-05-25,1992,5,25,10.773,11.219,-0.446
1992-05-26,1992,5,26,10.808,11.321,-0.513
1992-05-27,1992,5,27,10.878,11.422,-0.544
1992-05-28,1992,5,28,11.01,11.532,-0.522
1992-05-29,1992,5,29,11.068,11.629,-0.561
1992-05-30,1992,5,30,11.137,11.732,-0.595
1992-05-31,1992,5,31,11.328,11.859,-0.531
1992-06-01,1992,6,1,11.426,11.978,-0.552
1992-06-02,1992,6,2,11.518,12.077,-0.559
1992-06-03,1992,6,3,11.568,12.168,-0.6
1992-06-04,1992,6,4,11.651,12.271,-0.62
1992-06-05,1992,6,5,11.819,12.383,-0.564
1992-06-06,1992,6,6,11.905,12.49,-0.585
1992-06-07,1992,6,7,11.969,12.581,-0.612
1992-06-08,1992,6,8,11.998,12.69,-0.692
1992-06-09,1992,6,9,12.094,12.792,-0.698
1992-06-10,1992,6,10,12.219,12.894,-0.675
1992-06-11,1992,6,11,12.29,12.987,-0.697
1992-06-12,1992,6,12,12.437,13.074,-0.637
1992-06-13,1992,6,13,12.521,13.172,-0.651
1992-06-14,1992,6,14,12.7,13.279,-0.579
1992-06-15,1992,6,15,12.765,13.384,-0.619
1992-06-16,1992,6,16,12.841,13.487,-0.646
1992-06-17,1992,6,17,12.881,13.597,-0.716
1992-06-18,1992,6,18,13.092,13.692,-0.6
1992-06-19,1992,6,19,13.221,13.796,-0.575
1992-06-20,1992,6,20,13.255,13.898,-0.643
1992-06-21,1992,6,21,13.2,13.991,-0.791
1992-06-22,1992,6,22,13.269,14.085,-0.816
1992-06-23,1992,6,23,13.467,14.186,-0.719
1992-06-24,1992,6,24,13.607,14.279,-0.672
1992-06-25,1992,6,25,13.697,14.37,-0.673
1992-06-26,1992,6,26,13.922,14.448,-0.526
1992-06-27,1992,6,27,14.072,14.524,-0.452
1992-06-28,1992,6,28,14.209,14.622,-0.413
1992-06-29,1992,6,29,14.284,14.709,-0.425
1992-06-30,1992,6,30,14.358,14.812,-0.454
1992-07-01,1992,7,1,14.53,14.896,-0.366
1992-07-02,1992,7,2,14.474,14.966,-0.492
1992-07-03,1992,7,3,14.489,15.039,-0.55
1992-07-04,1992,7,4,14.6,15.112,-0.512
1992-07-05,1992,7,5,14.728,15.187,-0.459
1992-07-06,1992,7,6,14.755,15.265,-0.51
1992-07-07,1992,7,7,14.93,15.329,-0.399
1992-07-08,1992,7,8,15.232,15.395,-0.163
1992-07-09,1992,7,9,15.376,15.482,-0.106
1992-07-10,1992,7,10,15.431,15.547,-0.116
1992-07-11,1992,7,11,15.586,15.652,-0.066
1992-07-12,1992,7,12,15.709,15.753,-0.044
1992-07-13,1992,7,13,15.795,15.839,-0.044
1992-07-14,1992,7,14,15.799,15.909,-0.11
1992-07-15,1992,7,15,15.912,15.971,-0.059
1992-07-16,1992,7,16,16.023,16.038,-0.015
1992-07-17,1992,7,17,16.031,16.084,-0.053
1992-07-18,1992,7,18,16.129,16.164,-0.035
1992-07-19,1992,7,19,16.219,16.257,-0.038
1992-07-20,1992,7,20,16.31,16.345,-0.035
1992-07-21,1992,7,21,16.455,16.437,0.018
1992-07-22,1992,7,22,16.516,16.517,-0.001
1992-07-23,1992,7,23,16.571,16.591,-0.02
1992-07-24,1992,7,24,16.672,16.643,0.029
1992-07-25,1992,7,25,16.671,16.69,-0.019
1992-07-26,1992,7,26,16.82,16.746,0.074
1992-07-27,1992,7,27,16.931,16.801,0.13
1992-07-28,1992,7,28,17.027,16.857,0.17
1992-07-29,1992,7,29,17.037,16.929,0.108
1992-07-30,1992,7,30,16.987,16.981,0.006
1992-07-31,1992,7,31,16.982,17.028,-0.046
1992-08-01,1992,8,1,17.01,17.083,-0.073
1992-08-02,1992,8,2,17.069,17.135,-0.066
1992-08-03,1992,8,3,17.156,17.19,-0.034
1992-08-04,1992,8,4,17.31,17.236,0.074
1992-08-05,1992,8,5,17.35,17.287,0.063
1992-08-06,1992,8,6,17.443,17.35,0.093
1992-08-07,1992,8,7,17.446,17.421,0.025
1992-08-08,1992,8,8,17.49,17.481,0.009
1992-08-09,1992,8,9,17.554,17.514,0.04
1992-08-10,1992,8,10,17.587,17.547,0.04
1992-08-11,1992,8,11,17.532,17.593,-0.061
1992-08-12,1992,8,12,17.582,17.642,-0.06
1992-08-13,1992,8,13,17.66,17.683,-0.023
1992-08-14,1992,8,14,17.706,17.738,-0.032
1992-08-15,1992,8,15,17.801,17.782,0.019
1992-08-16,1992,8,16,17.929,17.827,0.102
1992-08-17,1992,8,17,17.873,17.845,0.028
1992-08-18,1992,8,18,17.835,17.867,-0.032
1992-08-19,1992,8,19,17.833,17.888,-0.055
1992-08-20,1992,8,20,17.902,17.924,-0.022
1992-08-21,1992,8,21,17.977,17.964,0.013
1992-08-22,1992,8,22,18.05,17.983,0.067
1992-08-23,1992,8,23,18.067,18.018,0.049
1992-08-24,1992,8,24,18.07,18.053,0.017
1992-08-25,1992,8,25,18.126,18.105,0.021
1992-08-26,1992,8,26,18.135,18.145,-0.01
1992-08-27,1992,8,27,18.021,18.159,-0.138
1992-08-28,1992,8,28,17.985,18.195,-0.21
1992-08-29,1992,8,29,17.987,18.222,-0.235
1992-08-30,1992,8,30,18.009,18.241,-0.232
1992-08-31,1992,8,31,18.043,18.264,-0.221
1992-09-01,1992,9,1,18.072,18.288,-0.216
1992-09-02,1992,9,2,18.138,18.308,-0.17
1992-09-03,1992,9,3,18.156,18.333,-0.177
1992-09-04,1992,9,4,18.195,18.352,-0.157
1992-09-05,1992,9,5,18.19,18.373,-0.183
1992-09-06,1992,9,6,18.311,18.397,-0.086
1992-09-07,1992,9,7,18.319,18.416,-0.097
1992-09-08,1992,9,8,18.355,18.445,-0.09
1992-09-09,1992,9,9,18.359,18.47,-0.111
1992-09-10,1992,9,10,18.395,18.49,-0.095
1992-09-11,1992,9,11,18.467,18.502,-0.035
1992-09-12,1992,9,12,18.43,18.521,-0.091
1992-09-13,1992,9,13,18.384,18.522,-0.138
1992-09-14,1992,9,14,18.458,18.529,-0.071
1992-09-15,1992,9,15,18.302,18.533,-0.231
1992-09-16,1992,9,16,18.205,18.546,-0.341
1992-09-17,1992,9,17,18.137,18.565,-0.428
1992-09-18,1992,9,18,17.977,18.567,-0.59
1992-09-19,1992,9,19,17.851,18.572,-0.721
1992-09-20,1992,9,20,17.927,18.574,-0.647
1992-09-21,1992,9,21,18.063,18.576,-0.513
1992-09-22,1992,9,22,18.047,18.569,-0.522
1992-09-23,1992,9,23,17.97,18.57,-0.6
1992-09-24,1992,9,24,17.998,18.571,-0.573
1992-09-25,1992,9,25,17.983,18.566,-0.583
1992-09-26,1992,9,26,17.897,18.552,-0.655
1992-09-27,1992,9,27,17.975,18.541,-0.566
1992-09-28,1992,9,28,17.934,18.525,-0.591
1992-09-29,1992,9,29,17.936,18.525,-0.589
1992-09-30,1992,9,30,17.985,18.508,-0.523
1992-10-01,1992,10,1,17.939,18.508,-0.569
1992-10-02,1992,10,2,18.069,18.504,-0.435
1992-10-03,1992,10,3,18.136,18.476,-0.34
1992-10-04,1992,10,4,18.121,18.448,-0.327
1992-10-05,1992,10,5,18.117,18.44,-0.323
1992-10-06,1992,10,6,18.114,18.425,-0.311
1992-10-07,1992,10,7,18.183,18.394,-0.211
1992-10-08,1992,10,8,18.209,18.361,-0.152
1992-10-09,1992,10,9,18.147,18.329,-0.182
1992-10-10,1992,10,10,18.098,18.299,-0.201
1992-10-11,1992,10,11,18.107,18.287,-0.18
1992-10-12,1992,10,12,18.155,18.265,-0.11
1992-10-13,1992,10,13,18.175,18.235,-0.06
1992-10-14,1992,10,14,18.228,18.224,0.004
1992-10-15,1992,10,15,18.206,18.193,0.013
1992-10-16,1992,10,16,18.143,18.158,-0.015
1992-10-17,1992,10,17,18.018,18.116,-0.098
1992-10-18,1992,10,18,18.015,18.062,-0.047
1992-10-19,1992,10,19,17.977,18.012,-0.035
1992-10-20,1992,10,20,17.926,17.97,-0.044
1992-10-21,1992,10,21,17.875,17.921,-0.046
1992-10-22,1992,10,22,17.84,17.872,-0.032
1992-10-23,1992,10,23,17.825,17.833,-0.008
1992-10-24,1992,10,24,17.774,17.791,-0.017
1992-10-25,1992,10,25,17.685,17.736,-0.051
1992-10-26,1992,10,26,17.648,17.681,-0.033
1992-10-27,1992,10,27,17.612,17.633,-0.021
1992-10-28,1992,10,28,17.52,17.555,-0.035
1992-10-29,1992,10,29,17.481,17.509,-0.028
1992-10-30,1992,10,30,17.374,17.449,-0.075
1992-10-31,1992,10,31,17.236,17.367,-0.131
1992-11-01,1992,11,1,17.168,17.312,-0.144
1992-11-02,1992,11,2,17.065,17.229,-0.164
1992-11-03,1992,11,3,17.057,17.153,-0.096
1992-11-04,1992,11,4,17.011,17.081,-0.07
1992-11-05,1992,11,5,16.991,17.011,-0.02
1992-11-06,1992,11,6,16.983,16.934,0.049
1992-11-07,1992,11,7,16.941,16.848,0.093
1992-11-08,1992,11,8,16.846,16.762,0.084
1992-11-09,1992,11,9,16.777,16.667,0.11
1992-11-10,1992,11,10,16.605,16.562,0.043
1992-11-11,1992,11,11,16.515,16.472,0.043
1992-11-12,1992,11,12,16.328,16.378,-0.05
1992-11-13,1992,11,13,16.192,16.272,-0.08
1992-11-14,1992,11,14,16.125,16.175,-0.05
1992-11-15,1992,11,15,16.159,16.061,0.098
1992-11-16,1992,11,16,16.086,15.925,0.161
1992-11-17,1992,11,17,16.032,15.797,0.235
1992-11-18,1992,11,18,15.88,15.665,0.215
1992-11-19,1992,11,19,15.79,15.509,0.281
1992-11-20,1992,11,20,15.612,15.368,0.244
1992-11-21,1992,11,21,15.297,15.213,0.084
1992-11-22,1992,11,22,15.266,15.069,0.197
1992-11-23,1992,11,23,15.068,14.896,0.172
1992-11-24,1992,11,24,14.96,14.74,0.22
1992-11-25,1992,11,25,14.842,14.575,0.267
1992-11-26,1992,11,26,14.704,14.417,0.287
1992-11-27,1992,11,27,14.465,14.239,0.226
1992-11-28,1992,11,28,14.242,14.055,0.187
1992-11-29,1992,11,29,14.005,13.868,0.137
1992-11-30,1992,11,30,13.853,13.685,0.168
1992-12-01,1992,12,1,13.689,13.513,0.176
1992-12-02,1992,12,2,13.535,13.294,0.241
1992-12-03,1992,12,3,13.266,13.105,0.161
1992-12-04,1992,12,4,13.108,12.904,0.204
1992-12-05,1992,12,5,12.854,12.703,0.151
1992-12-06,1992,12,6,12.725,12.495,0.23
1992-12-07,1992,12,7,12.515,12.29,0.225
1992-12-08,1992,12,8,12.336,12.068,0.268
1992-12-09,1992,12,9,12.146,11.859,0.287
1992-12-10,1992,12,10,11.961,11.659,0.302
1992-12-11,1992,12,11,11.71,11.436,0.274
1992-12-12,1992,12,12,11.457,11.222,0.235
1992-12-13,1992,12,13,11.168,10.998,0.17
1992-12-14,1992,12,14,10.795,10.755,0.04
1992-12-15,1992,12,15,10.485,10.498,-0.013
1992-12-16,1992,12,16,10.275,10.247,0.028
1992-12-17,1992,12,17,10.015,9.984,0.031
1992-12-18,1992,12,18,9.705,9.732,-0.027
1992-12-19,1992,12,19,9.452,9.48,-0.028
1992-12-20,1992,12,20,9.208,9.255,-0.047
1992-12-21,1992,12,21,8.949,9.039,-0.09
1992-12-22,1992,12,22,8.647,8.835,-0.188
1992-12-23,1992,12,23,8.439,8.631,-0.192
1992-12-24,1992,12,24,8.223,8.416,-0.193
1992-12-25,1992,12,25,7.928,8.224,-0.296
1992-12-26,1992,12,26,7.632,8.018,-0.386
1992-12-27,1992,12,27,7.345,7.811,-0.466
1992-12-28,1992,12,28,7.062,7.624,-0.562
1992-12-29,1992,12,29,6.772,7.406,-0.634
1992-12-30,1992,12,30,6.573,7.222,-0.649
1992-12-31,1992,12,31,6.403,7.059,-0.656
1993-01-01,1993,1,1,6.284,6.999,-0.715
1993-01-02,1993,1,2,6.079,6.808,-0.729
1993-01-03,1993,1,3,5.884,6.621,-0.737
1993-01-04,1993,1,4,5.721,6.451,-0.73
1993-01-05,1993,1,5,5.555,6.296,-0.741
1993-01-06,1993,1,6,5.439,6.142,-0.703
1993-01-07,1993,1,7,5.374,5.999,-0.625
1993-01-08,1993,1,8,5.227,5.838,-0.611
1993-01-09,1993,1,9,5.2,5.681,-0.481
1993-01-10,1993,1,10,4.965,5.547,-0.582
1993-01-11,1993,1,11,4.88,5.423,-0.543
1993-01-12,1993,1,12,4.788,5.305,-0.517
1993-01-13,1993,1,13,4.696,5.16,-0.464
1993-01-14,1993,1,14,4.547,5.047,-0.5
1993-01-15,1993,1,15,4.4,4.926,-0.526
1993-01-16,1993,1,16,4.3,4.819,-0.519
1993-01-17,1993,1,17,4.169,4.709,-0.54
1993-01-18,1993,1,18,4.075,4.614,-0.539
1993-01-19,1993,1,19,3.967,4.521,-0.554
1993-01-20,1993,1,20,3.86,4.427,-0.567
1993-01-21,1993,1,21,3.821,4.335,-0.514
1993-01-22,1993,1,22,3.698,4.24,-0.542
1993-01-23,1993,1,23,3.618,4.154,-0.536
1993-01-24,1993,1,24,3.486,4.074,-0.588
1993-01-25,1993,1,25,3.449,3.998,-0.549
1993-01-26,1993,1,26,3.436,3.929,-0.493
1993-01-27,1993,1,27,3.384,3.861,-0.477
1993-01-28,1993,1,28,3.261,3.808,-0.547
1993-01-29,1993,1,29,3.113,3.734,-0.621
1993-01-30,1993,1,30,3.055,3.665,-0.61
1993-01-31,1993,1,31,2.96,3.605,-0.645
1993-02-01,1993,2,1,2.963,3.534,-0.571
1993-02-02,1993,2,2,2.926,3.489,-0.563
1993-02-03,1993,2,3,2.815,3.43,-0.615
1993-02-04,1993,2,4,2.762,3.377,-0.615
1993-02-05,1993,2,5,2.703,3.326,-0.623
1993-02-06,1993,2,6,2.663,3.28,-0.617
1993-02-07,1993,2,7,2.61,3.227,-0.617
1993-02-08,1993,2,8,2.568,3.181,-0.613
1993-02-09,1993,2,9,2.494,3.141,-0.647
1993-02-10,1993,2,10,2.463,3.097,-0.634
1993-02-11,1993,2,11,2.436,3.064,-0.628
1993-02-12,1993,2,12,2.421,3.025,-0.604
1993-02-13,1993,2,13,2.387,2.998,-0.611
1993-02-14,1993,2,14,2.364,2.969,-0.605
1993-02-15,1993,2,15,2.309,2.935,-0.626
1993-02-16,1993,2,16,2.333,2.918,-0.585
1993-02-17,1993,2,17,2.336,2.914,-0.578
1993-02-18,1993,2,18,2.301,2.903,-0.602
1993-02-19,1993,2,19,2.281,2.881,-0.6
1993-02-20,1993,2,20,2.342,2.876,-0.534
1993-02-21,1993,2,21,2.381,2.881,-0.5
1993-02-22,1993,2,22,2.334,2.885,-0.551
1993-02-23,1993,2,23,2.376,2.892,-0.516
1993-02-24,1993,2,24,2.377,2.889,-0.512
1993-02-25,1993,2,25,2.409,2.907,-0.498
1993-02-26,1993,2,26,2.352,2.931,-0.579
1993-02-27,1993,2,27,2.385,2.96,-0.575
1993-02-28,1993,2,28,2.41,2.994,-0.584
1993-03-01,1993,3,1,2.398,3.061,-0.663
1993-03-02,1993,3,2,2.393,3.105,-0.712
1993-03-03,1993,3,3,2.371,3.166,-0.795
1993-03-04,1993,3,4,2.375,3.211,-0.836
1993-03-05,1993,3,5,2.346,3.253,-0.907
1993-03-06,1993,3,6,2.433,3.306,-0.873
1993-03-07,1993,3,7,2.554,3.37,-0.816
1993-03-08,1993,3,8,2.629,3.433,-0.804
1993-03-09,1993,3,9,2.732,3.507,-0.775
1993-03-10,1993,3,10,2.891,3.592,-0.701
1993-03-11,1993,3,11,3.081,3.658,-0.577
1993-03-12,1993,3,12,3.182,3.735,-0.553
1993-03-13,1993,3,13,3.305,3.815,-0.51
1993-03-14,1993,3,14,3.42,3.892,-0.472
1993-03-15,1993,3,15,3.54,3.966,-0.426
1993-03-16,1993,3,16,3.746,4.035,-0.289
1993-03-17,1993,3,17,3.887,4.11,-0.223
1993-03-18,1993,3,18,4.021,4.199,-0.178
1993-03-19,1993,3,19,4.166,4.271,-0.105
1993-03-20,1993,3,20,4.233,4.362,-0.129
1993-03-21,1993,3,21,4.265,4.441,-0.176
1993-03-22,1993,3,22,4.369,4.521,-0.152
1993-03-23,1993,3,23,4.441,4.613,-0.172
1993-03-24,1993,3,24,4.541,4.701,-0.16
1993-03-25,1993,3,25,4.682,4.798,-0.116
1993-03-26,1993,3,26,4.834,4.884,-0.05
1993-03-27,1993,3,27,4.872,4.956,-0.084
1993-03-28,1993,3,28,4.872,5.047,-0.175
1993-03-29,1993,3,29,4.938,5.139,-0.201
1993-03-30,1993,3,30,5.051,5.219,-0.168
1993-03-31,1993,3,31,5.146,5.312,-0.166
1993-04-01,1993,4,1,5.159,5.405,-0.246
1993-04-02,1993,4,2,5.263,5.508,-0.245
1993-04-03,1993,4,3,5.388,5.607,-0.219
1993-04-04,1993,4,4,5.478,5.708,-0.23
1993-04-05,1993,4,5,5.58,5.806,-0.226
1993-04-06,1993,4,6,5.642,5.908,-0.266
1993-04-07,1993,4,7,5.747,6.018,-0.271
1993-04-08,1993,4,8,5.874,6.125,-0.251
1993-04-09,1993,4,9,5.955,6.218,-0.263
1993-04-10,1993,4,10,6.047,6.329,-0.282
1993-04-11,1993,4,11,6.191,6.434,-0.243
1993-04-12,1993,4,12,6.314,6.549,-0.235
1993-04-13,1993,4,13,6.469,6.656,-0.187
1993-04-14,1993,4,14,6.558,6.757,-0.199
1993-04-15,1993,4,15,6.639,6.862,-0.223
1993-04-16,1993,4,16,6.702,6.977,-0.275
1993-04-17,1993,4,17,6.838,7.089,-0.251
1993-04-18,1993,4,18,6.863,7.194,-0.331
1993-04-19,1993,4,19,6.905,7.303,-0.398
1993-04-20,1993,4,20,6.981,7.414,-0.433
1993-04-21,1993,4,21,7.072,7.516,-0.444
1993-04-22,1993,4,22,7.188,7.624,-0.436
1993-04-23,1993,4,23,7.334,7.733,-0.399
1993-04-24,1993,4,24,7.507,7.84,-0.333
1993-04-25,1993,4,25,7.632,7.947,-0.315
1993-04-26,1993,4,26,7.746,8.05,-0.304
1993-04-27,1993,4,27,7.884,8.165,-0.281
1993-04-28,1993,4,28,8.082,8.28,-0.198
1993-04-29,1993,4,29,8.187,8.387,-0.2
1993-04-30,1993,4,30,8.323,8.497,-0.174
1993-05-01,1993,5,1,8.496,8.604,-0.108
1993-05-02,1993,5,2,8.641,8.71,-0.069
1993-05-03,1993,5,3,8.727,8.825,-0.098
1993-05-04,1993,5,4,8.885,8.94,-0.055
1993-05-05,1993,5,5,9.025,9.053,-0.028
1993-05-06,1993,5,6,9.123,9.161,-0.038
1993-05-07,1993,5,7,9.287,9.28,0.007
1993-05-08,1993,5,8,9.384,9.392,-0.008
1993-05-09,1993,5,9,9.327,9.487,-0.16
1993-05-10,1993,5,10,9.334,9.588,-0.254
1993-05-11,1993,5,11,9.474,9.705,-0.231
1993-05-12,1993,5,12,9.653,9.811,-0.158
1993-05-13,1993,5,13,9.739,9.928,-0.189
1993-05-14,1993,5,14,9.881,10.039,-0.158
1993-05-15,1993,5,15,10.016,10.147,-0.131
1993-05-16,1993,5,16,10.167,10.26,-0.093
1993-05-17,1993,5,17,10.313,10.366,-0.053
1993-05-18,1993,5,18,10.368,10.47,-0.102
1993-05-19,1993,5,19,10.416,10.583,-0.167
1993-05-20,1993,5,20,10.513,10.708,-0.195
1993-05-21,1993,5,21,10.655,10.809,-0.154
1993-05-22,1993,5,22,10.745,10.909,-0.164
1993-05-23,1993,5,23,10.841,11.019,-0.178
1993-05-24,1993,5,24,10.932,11.119,-0.187
1993-05-25,1993,5,25,11.039,11.219,-0.18
1993-05-26,1993,5,26,11.175,11.321,-0.146
1993-05-27,1993,5,27,11.23,11.422,-0.192
1993-05-28,1993,5,28,11.354,11.532,-0.178
1993-05-29,1993,5,29,11.433,11.629,-0.196
1993-05-30,1993,5,30,11.455,11.732,-0.277
1993-05-31,1993,5,31,11.589,11.859,-0.27
1993-06-01,1993,6,1,11.746,11.978,-0.232
1993-06-02,1993,6,2,11.856,12.077,-0.221
1993-06-03,1993,6,3,12.005,12.168,-0.163
1993-06-04,1993,6,4,12.104,12.271,-0.167
1993-06-05,1993,6,5,12.21,12.383,-0.173
1993-06-06,1993,6,6,12.348,12.49,-0.142
1993-06-07,1993,6,7,12.531,12.581,-0.05
1993-06-08,1993,6,8,12.607,12.69,-0.083
1993-06-09,1993,6,9,12.678,12.792,-0.114
1993-06-10,1993,6,10,12.74,12.894,-0.154
1993-06-11,1993,6,11,12.85,12.987,-0.137
1993-06-12,1993,6,12,12.91,13.074,-0.164
1993-06-13,1993,6,13,12.954,13.172,-0.218
1993-06-14,1993,6,14,12.99,13.279,-0.289
1993-06-15,1993,6,15,13.032,13.384,-0.352
1993-06-16,1993,6,16,13.082,13.487,-0.405
1993-06-17,1993,6,17,13.108,13.597,-0.489
1993-06-18,1993,6,18,13.268,13.692,-0.424
1993-06-19,1993,6,19,13.395,13.796,-0.401
1993-06-20,1993,6,20,13.497,13.898,-0.401
1993-06-21,1993,6,21,13.599,13.991,-0.392
1993-06-22,1993,6,22,13.694,14.085,-0.391
1993-06-23,1993,6,23,13.76,14.186,-0.426
1993-06-24,1993,6,24,13.848,14.279,-0.431
1993-06-25,1993,6,25,14.001,14.37,-0.369
1993-06-26,1993,6,26,14.081,14.448,-0.367
1993-06-27,1993,6,27,14.185,14.524,-0.339
1993-06-28,1993,6,28,14.27,14.622,-0.352
1993-06-29,1993,6,29,14.441,14.709,-0.268
1993-06-30,1993,6,30,14.625,14.812,-0.187
1993-07-01,1993,7,1,14.686,14.896,-0.21
1993-07-02,1993,7,2,14.725,14.966,-0.241
1993-07-03,1993,7,3,14.824,15.039,-0.215
1993-07-04,1993,7,4,14.946,15.112,-0.166
1993-07-05,1993,7,5,14.937,15.187,-0.25
1993-07-06,1993,7,6,14.985,15.265,-0.28
1993-07-07,1993,7,7,15.08,15.329,-0.249
1993-07-08,1993,7,8,15.098,15.395,-0.297
1993-07-09,1993,7,9,15.247,15.482,-0.235
1993-07-10,1993,7,10,15.492,15.547,-0.055
1993-07-11,1993,7,11,15.589,15.652,-0.063
1993-07-12,1993,7,12,15.779,15.753,0.026
1993-07-13,1993,7,13,15.849,15.839,0.01
1993-07-14,1993,7,14,15.883,15.909,-0.026
1993-07-15,1993,7,15,15.811,15.971,-0.16
1993-07-16,1993,7,16,15.881,16.038,-0.157
1993-07-17,1993,7,17,15.914,16.084,-0.17
1993-07-18,1993,7,18,15.893,16.164,-0.271
1993-07-19,1993,7,19,16.096,16.257,-0.161
1993-07-20,1993,7,20,16.158,16.345,-0.187
1993-07-21,1993,7,21,16.158,16.437,-0.279
1993-07-22,1993,7,22,16.262,16.517,-0.255
1993-07-23,1993,7,23,16.393,16.591,-0.198
1993-07-24,1993,7,24,16.529,16.643,-0.114
1993-07-25,1993,7,25,16.577,16.69,-0.113
1993-07-26,1993,7,26,16.66,16.746,-0.086
1993-07-27,1993,7,27,16.806,16.801,0.005
1993-07-28,1993,7,28,16.792,16.857,-0.065
1993-07-29,1993,7,29,16.75,16.929,-0.179
1993-07-30,1993,7,30,16.809,16.981,-0.172
1993-07-31,1993,7,31,16.892,17.028,-0.136
1993-08-01,1993,8,1,16.824,17.083,-0.259
1993-08-02,1993,8,2,16.745,17.135,-0.39
1993-08-03,1993,8,3,16.717,17.19,-0.473
1993-08-04,1993,8,4,16.777,17.236,-0.459
1993-08-05,1993,8,5,16.817,17.287,-0.47
1993-08-06,1993,8,6,16.759,17.35,-0.591
1993-08-07,1993,8,7,16.816,17.421,-0.605
1993-08-08,1993,8,8,16.943,17.481,-0.538
1993-08-09,1993,8,9,17.053,17.514,-0.461
1993-08-10,1993,8,10,17.171,17.547,-0.376
1993-08-11,1993,8,11,17.17,17.593,-0.423
1993-08-12,1993,8,12,17.208,17.642,-0.434
1993-08-13,1993,8,13,17.194,17.683,-0.489
1993-08-14,1993,8,14,17.22,17.738,-0.518
1993-08-15,1993,8,15,17.359,17.782,-0.423
1993-08-16,1993,8,16,17.448,17.827,-0.379
1993-08-17,1993,8,17,17.508,17.845,-0.337
1993-08-18,1993,8,18,17.578,17.867,-0.289
1993-08-19,1993,8,19,17.715,17.888,-0.173
1993-08-20,1993,8,20,17.782,17.924,-0.142
1993-08-21,1993,8,21,17.908,17.964,-0.056
1993-08-22,1993,8,22,17.991,17.983,0.008
1993-08-23,1993,8,23,17.908,18.018,-0.11
1993-08-24,1993,8,24,17.905,18.053,-0.148
1993-08-25,1993,8,25,17.936,18.105,-0.169
1993-08-26,1993,8,26,18.054,18.145,-0.091
1993-08-27,1993,8,27,18.179,18.159,0.02
1993-08-28,1993,8,28,18.244,18.195,0.049
1993-08-29,1993,8,29,18.355,18.222,0.133
1993-08-30,1993,8,30,18.457,18.241,0.216
1993-08-31,1993,8,31,18.504,18.264,0.24
1993-09-01,1993,9,1,18.485,18.288,0.197
1993-09-02,1993,9,2,18.527,18.308,0.219
1993-09-03,1993,9,3,18.535,18.333,0.202
1993-09-04,1993,9,4,18.514,18.352,0.162
1993-09-05,1993,9,5,18.55,18.373,0.177
1993-09-06,1993,9,6,18.488,18.397,0.091
1993-09-07,1993,9,7,18.47,18.416,0.054
1993-09-08,1993,9,8,18.426,18.445,-0.019
1993-09-09,1993,9,9,18.356,18.47,-0.114
1993-09-10,1993,9,10,18.405,18.49,-0.085
1993-09-11,1993,9,11,18.416,18.502,-0.086
1993-09-12,1993,9,12,18.425,18.521,-0.096
1993-09-13,1993,9,13,18.471,18.522,-0.051
1993-09-14,1993,9,14,18.561,18.529,0.032
1993-09-15,1993,9,15,18.618,18.533,0.085
1993-09-16,1993,9,16,18.646,18.546,0.1
1993-09-17,1993,9,17,18.636,18.565,0.071
1993-09-18,1993,9,18,18.667,18.567,0.1
1993-09-19,1993,9,19,18.672,18.572,0.1
1993-09-20,1993,9,20,18.71,18.574,0.136
1993-09-21,1993,9,21,18.619,18.576,0.043
1993-09-22,1993,9,22,18.568,18.569,-0.001
1993-09-23,1993,9,23,18.574,18.57,0.004
1993-09-24,1993,9,24,18.48,18.571,-0.091
1993-09-25,1993,9,25,18.468,18.566,-0.098
1993-09-26,1993,9,26,18.548,18.552,-0.004
1993-09-27,1993,9,27,18.559,18.541,0.018
1993-09-28,1993,9,28,18.669,18.525,0.144
1993-09-29,1993,9,29,18.619,18.525,0.094
1993-09-30,1993,9,30,18.614,18.508,0.106
1993-10-01,1993,10,1,18.626,18.508,0.118
1993-10-02,1993,10,2,18.581,18.504,0.077
1993-10-03,1993,10,3,18.522,18.476,0.046
1993-10-04,1993,10,4,18.515,18.448,0.067
1993-10-05,1993,10,5,18.533,18.44,0.093
1993-10-06,1993,10,6,18.54,18.425,0.115
1993-10-07,1993,10,7,18.524,18.394,0.13
1993-10-08,1993,10,8,18.536,18.361,0.175
1993-10-09,1993,10,9,18.561,18.329,0.232
1993-10-10,1993,10,10,18.573,18.299,0.274
1993-10-11,1993,10,11,18.496,18.287,0.209
1993-10-12,1993,10,12,18.405,18.265,0.14
1993-10-13,1993,10,13,18.351,18.235,0.116
1993-10-14,1993,10,14,18.222,18.224,-0.002
1993-10-15,1993,10,15,18.23,18.193,0.037
1993-10-16,1993,10,16,18.237,18.158,0.079
1993-10-17,1993,10,17,18.25,18.116,0.134
1993-10-18,1993,10,18,18.184,18.062,0.122
1993-10-19,1993,10,19,18.076,18.012,0.064
1993-10-20,1993,10,20,18.093,17.97,0.123
1993-10-21,1993,10,21,17.979,17.921,0.058
1993-10-22,1993,10,22,17.899,17.872,0.027
1993-10-23,1993,10,23,17.846,17.833,0.013
1993-10-24,1993,10,24,17.755,17.791,-0.036
1993-10-25,1993,10,25,17.646,17.736,-0.09
1993-10-26,1993,10,26,17.535,17.681,-0.146
1993-10-27,1993,10,27,17.466,17.633,-0.167
1993-10-28,1993,10,28,17.461,17.555,-0.094
1993-10-29,1993,10,29,17.422,17.509,-0.087
1993-10-30,1993,10,30,17.434,17.449,-0.015
1993-10-31,1993,10,31,17.456,17.367,0.089
1993-11-01,1993,11,1,17.434,17.312,0.122
1993-11-02,1993,11,2,17.414,17.229,0.185
1993-11-03,1993,11,3,17.359,17.153,0.206
1993-11-04,1993,11,4,17.253,17.081,0.172
1993-11-05,1993,11,5,17.216,17.011,0.205
1993-11-06,1993,11,6,17.2,16.934,0.266
1993-11-07,1993,11,7,17.111,16.848,0.263
1993-11-08,1993,11,8,16.974,16.762,0.212
1993-11-09,1993,11,9,16.895,16.667,0.228
1993-11-10,1993,11,10,16.767,16.562,0.205
1993-11-11,1993,11,11,16.667,16.472,0.195
1993-11-12,1993,11,12,16.62,16.378,0.242
1993-11-13,1993,11,13,16.474,16.272,0.202
1993-11-14,1993,11,14,16.377,16.175,0.202
1993-11-15,1993,11,15,16.285,16.061,0.224
1993-11-16,1993,11,16,16.24,15.925,0.315
1993-11-17,1993,11,17,16.115,15.797,0.318
1993-11-18,1993,11,18,15.893,15.665,0.228
1993-11-19,1993,11,19,15.827,15.509,0.318
1993-11-20,1993,11,20,15.658,15.368,0.29
1993-11-21,1993,11,21,15.538,15.213,0.325
1993-11-22,1993,11,22,15.436,15.069,0.367
1993-11-23,1993,11,23,15.2,14.896,0.304
1993-11-24,1993,11,24,15.003,14.74,0.263
1993-11-25,1993,11,25,14.821,14.575,0.246
1993-11-26,1993,11,26,14.628,14.417,0.211
1993-11-27,1993,11,27,14.477,14.239,0.238
1993-11-28,1993,11,28,14.352,14.055,0.297
1993-11-29,1993,11,29,14.137,13.868,0.269
1993-11-30,1993,11,30,13.891,13.685,0.206
1993-12-01,1993,12,1,13.758,13.513,0.245
1993-12-02,1993,12,2,13.472,13.294,0.178
1993-12-03,1993,12,3,13.131,13.105,0.026
1993-12-04,1993,12,4,12.83,12.904,-0.074
1993-12-05,1993,12,5,12.509,12.703,-0.194
1993-12-06,1993,12,6,12.297,12.495,-0.198
1993-12-07,1993,12,7,12.124,12.29,-0.166
1993-12-08,1993,12,8,11.958,12.068,-0.11
1993-12-09,1993,12,9,11.706,11.859,-0.153
1993-12-10,1993,12,10,11.52,11.659,-0.139
1993-12-11,1993,12,11,11.208,11.436,-0.228
1993-12-12,1993,12,12,10.962,11.222,-0.26
1993-12-13,1993,12,13,10.717,10.998,-0.281
1993-12-14,1993,12,14,10.467,10.755,-0.288
1993-12-15,1993,12,15,10.206,10.498,-0.292
1993-12-16,1993,12,16,9.964,10.247,-0.283
1993-12-17,1993,12,17,9.592,9.984,-0.392
1993-12-18,1993,12,18,9.352,9.732,-0.38
1993-12-19,1993,12,19,9.079,9.48,-0.401
1993-12-20,1993,12,20,8.694,9.255,-0.561
1993-12-21,1993,12,21,8.403,9.039,-0.636
1993-12-22,1993,12,22,8.215,8.835,-0.62
1993-12-23,1993,12,23,7.954,8.631,-0.677
1993-12-24,1993,12,24,7.731,8.416,-0.685
1993-12-25,1993,12,25,7.498,8.224,-0.726
1993-12-26,1993,12,26,7.422,8.018,-0.596
1993-12-27,1993,12,27,7.225,7.811,-0.586
1993-12-28,1993,12,28,7.132,7.624,-0.492
1993-12-29,1993,12,29,7.008,7.406,-0.398
1993-12-30,1993,12,30,6.907,7.222,-0.315
1993-12-31,1993,12,31,6.893,7.059,-0.166
1994-01-01,1994,1,1,6.724,6.999,-0.275
1994-01-02,1994,1,2,6.527,6.808,-0.281
1994-01-03,1994,1,3,6.501,6.621,-0.12
1994-01-04,1994,1,4,6.356,6.451,-0.095
1994-01-05,1994,1,5,6.166,6.296,-0.13
1994-01-06,1994,1,6,6.046,6.142,-0.096
1994-01-07,1994,1,7,5.964,5.999,-0.035
1994-01-08,1994,1,8,5.772,5.838,-0.066
1994-01-09,1994,1,9,5.642,5.681,-0.039
1994-01-10,1994,1,10,5.53,5.547,-0.017
1994-01-11,1994,1,11,5.425,5.423,0.002
1994-01-12,1994,1,12,5.256,5.305,-0.049
1994-01-13,1994,1,13,5.101,5.16,-0.059
1994-01-14,1994,1,14,4.946,5.047,-0.101
1994-01-15,1994,1,15,4.892,4.926,-0.034
1994-01-16,1994,1,16,4.854,4.819,0.035
1994-01-17,1994,1,17,4.746,4.709,0.037
1994-01-18,1994,1,18,4.652,4.614,0.038
1994-01-19,1994,1,19,4.592,4.521,0.071
1994-01-20,1994,1,20,4.514,4.427,0.087
1994-01-21,1994,1,21,4.362,4.335,0.027
1994-01-22,1994,1,22,4.277,4.24,0.037
1994-01-23,1994,1,23,4.202,4.154,0.048
1994-01-24,1994,1,24,4.129,4.074,0.055
1994-01-25,1994,1,25,4.075,3.998,0.077
1994-01-26,1994,1,26,3.928,3.929,-0.001
1994-01-27,1994,1,27,3.875,3.861,0.014
1994-01-28,1994,1,28,3.87,3.808,0.062
1994-01-29,1994,1,29,3.748,3.734,0.014
1994-01-30,1994,1,30,3.657,3.665,-0.008
1994-01-31,1994,1,31,3.608,3.605,0.003
1994-02-01,1994,2,1,3.499,3.534,-0.035
1994-02-02,1994,2,2,3.494,3.489,0.005
1994-02-03,1994,2,3,3.443,3.43,0.013
1994-02-04,1994,2,4,3.394,3.377,0.017
1994-02-05,1994,2,5,3.316,3.326,-0.01
1994-02-06,1994,2,6,3.286,3.28,0.006
1994-02-07,1994,2,7,3.276,3.227,0.049
1994-02-08,1994,2,8,3.258,3.181,0.077
1994-02-09,1994,2,9,3.203,3.141,0.062
1994-02-10,1994,2,10,3.168,3.097,0.071
1994-02-11,1994,2,11,3.099,3.064,0.035
1994-02-12,1994,2,12,3.083,3.025,0.058
1994-02-13,1994,2,13,3.086,2.998,0.088
1994-02-14,1994,2,14,3.091,2.969,0.122
1994-02-15,1994,2,15,3.129,2.935,0.194
1994-02-16,1994,2,16,3.107,2.918,0.189
1994-02-17,1994,2,17,3.119,2.914,0.205
1994-02-18,1994,2,18,3.104,2.903,0.201
1994-02-19,1994,2,19,3.097,2.881,0.216
1994-02-20,1994,2,20,3.098,2.876,0.222
1994-02-21,1994,2,21,3.089,2.881,0.208
1994-02-22,1994,2,22,3.126,2.885,0.241
1994-02-23,1994,2,23,3.098,2.892,0.206
1994-02-24,1994,2,24,3.092,2.889,0.203
1994-02-25,1994,2,25,3.109,2.907,0.202
1994-02-26,1994,2,26,3.144,2.931,0.213
1994-02-27,1994,2,27,3.214,2.96,0.254
1994-02-28,1994,2,28,3.309,2.994,0.315
1994-03-01,1994,3,1,3.363,3.061,0.302
1994-03-02,1994,3,2,3.459,3.105,0.354
1994-03-03,1994,3,3,3.53,3.166,0.364
1994-03-04,1994,3,4,3.595,3.211,0.384
1994-03-05,1994,3,5,3.642,3.253,0.389
1994-03-06,1994,3,6,3.66,3.306,0.354
1994-03-07,1994,3,7,3.641,3.37,0.271
1994-03-08,1994,3,8,3.735,3.433,0.302
1994-03-09,1994,3,9,3.768,3.507,0.261
1994-03-10,1994,3,10,3.884,3.592,0.292
1994-03-11,1994,3,11,4.002,3.658,0.344
1994-03-12,1994,3,12,4.04,3.735,0.305
1994-03-13,1994,3,13,4.221,3.815,0.406
1994-03-14,1994,3,14,4.287,3.892,0.395
1994-03-15,1994,3,15,4.39,3.966,0.424
1994-03-16,1994,3,16,4.509,4.035,0.474
1994-03-17,1994,3,17,4.61,4.11,0.5
1994-03-18,1994,3,18,4.706,4.199,0.507
1994-03-19,1994,3,19,4.795,4.271,0.524
1994-03-20,1994,3,20,4.887,4.362,0.525
1994-03-21,1994,3,21,4.974,4.441,0.533
1994-03-22,1994,3,22,5.075,4.521,0.554
1994-03-23,1994,3,23,5.164,4.613,0.551
1994-03-24,1994,3,24,5.253,4.701,0.552
1994-03-25,1994,3,25,5.368,4.798,0.57
1994-03-26,1994,3,26,5.487,4.884,0.603
1994-03-27,1994,3,27,5.614,4.956,0.658
1994-03-28,1994,3,28,5.734,5.047,0.687
1994-03-29,1994,3,29,5.841,5.139,0.702
1994-03-30,1994,3,30,5.875,5.219,0.656
1994-03-31,1994,3,31,5.921,5.312,0.609
1994-04-01,1994,4,1,6.001,5.405,0.596
1994-04-02,1994,4,2,6.071,5.508,0.563
1994-04-03,1994,4,3,6.134,5.607,0.527
1994-04-04,1994,4,4,6.189,5.708,0.481
1994-04-05,1994,4,5,6.233,5.806,0.427
1994-04-06,1994,4,6,6.31,5.908,0.402
1994-04-07,1994,4,7,6.411,6.018,0.393
1994-04-08,1994,4,8,6.493,6.125,0.368
1994-04-09,1994,4,9,6.565,6.218,0.347
1994-04-10,1994,4,10,6.653,6.329,0.324
1994-04-11,1994,4,11,6.81,6.434,0.376
1994-04-12,1994,4,12,6.877,6.549,0.328
1994-04-13,1994,4,13,6.971,6.656,0.315
1994-04-14,1994,4,14,7.074,6.757,0.317
1994-04-15,1994,4,15,7.128,6.862,0.266
1994-04-16,1994,4,16,7.184,6.977,0.207
1994-04-17,1994,4,17,7.327,7.089,0.238
1994-04-18,1994,4,18,7.445,7.194,0.251
1994-04-19,1994,4,19,7.565,7.303,0.262
1994-04-20,1994,4,20,7.708,7.414,0.294
1994-04-21,1994,4,21,7.755,7.516,0.239
1994-04-22,1994,4,22,7.828,7.624,0.204
1994-04-23,1994,4,23,7.882,7.733,0.149
1994-04-24,1994,4,24,7.999,7.84,0.159
1994-04-25,1994,4,25,8.1,7.947,0.153
1994-04-26,1994,4,26,8.161,8.05,0.111
1994-04-27,1994,4,27,8.3,8.165,0.135
1994-04-28,1994,4,28,8.365,8.28,0.085
1994-04-29,1994,4,29,8.499,8.387,0.112
1994-04-30,1994,4,30,8.609,8.497,0.112
1994-05-01,1994,5,1,8.733,8.604,0.129
1994-05-02,1994,5,2,8.847,8.71,0.137
1994-05-03,1994,5,3,8.968,8.825,0.143
1994-05-04,1994,5,4,9.037,8.94,0.097
1994-05-05,1994,5,5,9.159,9.053,0.106
1994-05-06,1994,5,6,9.308,9.161,0.147
1994-05-07,1994,5,7,9.449,9.28,0.169
1994-05-08,1994,5,8,9.582,9.392,0.19
1994-05-09,1994,5,9,9.692,9.487,0.205
1994-05-10,1994,5,10,9.79,9.588,0.202
1994-05-11,1994,5,11,9.912,9.705,0.207
1994-05-12,1994,5,12,9.995,9.811,0.184
1994-05-13,1994,5,13,10.109,9.928,0.181
1994-05-14,1994,5,14,10.208,10.039,0.169
1994-05-15,1994,5,15,10.342,10.147,0.195
1994-05-16,1994,5,16,10.466,10.26,0.206
1994-05-17,1994,5,17,10.558,10.366,0.192
1994-05-18,1994,5,18,10.725,10.47,0.255
1994-05-19,1994,5,19,10.905,10.583,0.322
1994-05-20,1994,5,20,11.032,10.708,0.324
1994-05-21,1994,5,21,11.14,10.809,0.331
1994-05-22,1994,5,22,11.141,10.909,0.232
1994-05-23,1994,5,23,11.139,11.019,0.12
1994-05-24,1994,5,24,11.208,11.119,0.089
1994-05-25,1994,5,25,11.277,11.219,0.058
1994-05-26,1994,5,26,11.358,11.321,0.037
1994-05-27,1994,5,27,11.445,11.422,0.023
1994-05-28,1994,5,28,11.536,11.532,0.004
1994-05-29,1994,5,29,11.681,11.629,0.052
1994-05-30,1994,5,30,11.907,11.732,0.175
1994-05-31,1994,5,31,11.999,11.859,0.14
1994-06-01,1994,6,1,12.108,11.978,0.13
1994-06-02,1994,6,2,12.162,12.077,0.085
1994-06-03,1994,6,3,12.23,12.168,0.062
1994-06-04,1994,6,4,12.325,12.271,0.054
1994-06-05,1994,6,5,12.468,12.383,0.085
1994-06-06,1994,6,6,12.634,12.49,0.144
1994-06-07,1994,6,7,12.798,12.581,0.217
1994-06-08,1994,6,8,12.9,12.69,0.21
1994-06-09,1994,6,9,12.959,12.792,0.167
1994-06-10,1994,6,10,12.969,12.894,0.075
1994-06-11,1994,6,11,13.04,12.987,0.053
1994-06-12,1994,6,12,13.129,13.074,0.055
1994-06-13,1994,6,13,13.23,13.172,0.058
1994-06-14,1994,6,14,13.3,13.279,0.021
1994-06-15,1994,6,15,13.389,13.384,0.005
1994-06-16,1994,6,16,13.526,13.487,0.039
1994-06-17,1994,6,17,13.639,13.597,0.042
1994-06-18,1994,6,18,13.84,13.692,0.148
1994-06-19,1994,6,19,13.972,13.796,0.176
1994-06-20,1994,6,20,14.17,13.898,0.272
1994-06-21,1994,6,21,14.31,13.991,0.319
1994-06-22,1994,6,22,14.438,14.085,0.353
1994-06-23,1994,6,23,14.474,14.186,0.288
1994-06-24,1994,6,24,14.513,14.279,0.234
1994-06-25,1994,6,25,14.537,14.37,0.167
1994-06-26,1994,6,26,14.693,14.448,0.245
1994-06-27,1994,6,27,14.7,14.524,0.176
1994-06-28,1994,6,28,14.723,14.622,0.101
1994-06-29,1994,6,29,14.781,14.709,0.072
1994-06-30,1994,6,30,14.847,14.812,0.035
1994-07-01,1994,7,1,14.933,14.896,0.037
1994-07-02,1994,7,2,14.964,14.966,-0.002
1994-07-03,1994,7,3,15.055,15.039,0.016
1994-07-04,1994,7,4,15.201,15.112,0.089
1994-07-05,1994,7,5,15.365,15.187,0.178
1994-07-06,1994,7,6,15.548,15.265,0.283
1994-07-07,1994,7,7,15.643,15.329,0.314
1994-07-08,1994,7,8,15.611,15.395,0.216
1994-07-09,1994,7,9,15.604,15.482,0.122
1994-07-10,1994,7,10,15.667,15.547,0.12
1994-07-11,1994,7,11,15.76,15.652,0.108
1994-07-12,1994,7,12,15.887,15.753,0.134
1994-07-13,1994,7,13,15.995,15.839,0.156
1994-07-14,1994,7,14,16.11,15.909,0.201
1994-07-15,1994,7,15,16.275,15.971,0.304
1994-07-16,1994,7,16,16.391,16.038,0.353
1994-07-17,1994,7,17,16.476,16.084,0.392
1994-07-18,1994,7,18,16.525,16.164,0.361
1994-07-19,1994,7,19,16.629,16.257,0.372
1994-07-20,1994,7,20,16.793,16.345,0.448
1994-07-21,1994,7,21,16.938,16.437,0.501
1994-07-22,1994,7,22,17.044,16.517,0.527
1994-07-23,1994,7,23,17.097,16.591,0.506
1994-07-24,1994,7,24,17.177,16.643,0.534
1994-07-25,1994,7,25,17.198,16.69,0.508
1994-07-26,1994,7,26,17.168,16.746,0.422
1994-07-27,1994,7,27,17.125,16.801,0.324
1994-07-28,1994,7,28,17.223,16.857,0.366
1994-07-29,1994,7,29,17.227,16.929,0.298
1994-07-30,1994,7,30,17.283,16.981,0.302
1994-07-31,1994,7,31,17.263,17.028,0.235
1994-08-01,1994,8,1,17.287,17.083,0.204
1994-08-02,1994,8,2,17.246,17.135,0.111
1994-08-03,1994,8,3,17.226,17.19,0.036
1994-08-04,1994,8,4,17.28,17.236,0.044
1994-08-05,1994,8,5,17.342,17.287,0.055
1994-08-06,1994,8,6,17.425,17.35,0.075
1994-08-07,1994,8,7,17.484,17.421,0.063
1994-08-08,1994,8,8,17.519,17.481,0.038
1994-08-09,1994,8,9,17.521,17.514,0.007
1994-08-10,1994,8,10,17.581,17.547,0.034
1994-08-11,1994,8,11,17.554,17.593,-0.039
1994-08-12,1994,8,12,17.504,17.642,-0.138
1994-08-13,1994,8,13,17.594,17.683,-0.089
1994-08-14,1994,8,14,17.687,17.738,-0.051
1994-08-15,1994,8,15,17.721,17.782,-0.061
1994-08-16,1994,8,16,17.806,17.827,-0.021
1994-08-17,1994,8,17,17.774,17.845,-0.071
1994-08-18,1994,8,18,17.697,17.867,-0.17
1994-08-19,1994,8,19,17.68,17.888,-0.208
1994-08-20,1994,8,20,17.786,17.924,-0.138
1994-08-21,1994,8,21,17.929,17.964,-0.035
1994-08-22,1994,8,22,17.938,17.983,-0.045
1994-08-23,1994,8,23,18.075,18.018,0.057
1994-08-24,1994,8,24,18.217,18.053,0.164
1994-08-25,1994,8,25,18.32,18.105,0.215
1994-08-26,1994,8,26,18.446,18.145,0.301
1994-08-27,1994,8,27,18.524,18.159,0.365
1994-08-28,1994,8,28,18.604,18.195,0.409
1994-08-29,1994,8,29,18.671,18.222,0.449
1994-08-30,1994,8,30,18.762,18.241,0.521
1994-08-31,1994,8,31,18.827,18.264,0.563
1994-09-01,1994,9,1,18.737,18.288,0.449
1994-09-02,1994,9,2,18.743,18.308,0.435
1994-09-03,1994,9,3,18.719,18.333,0.386
1994-09-04,1994,9,4,18.744,18.352,0.392
1994-09-05,1994,9,5,18.752,18.373,0.379
1994-09-06,1994,9,6,18.735,18.397,0.338
1994-09-07,1994,9,7,18.677,18.416,0.261
1994-09-08,1994,9,8,18.599,18.445,0.154
1994-09-09,1994,9,9,18.531,18.47,0.061
1994-09-10,1994,9,10,18.52,18.49,0.03
1994-09-11,1994,9,11,18.574,18.502,0.072
1994-09-12,1994,9,12,18.564,18.521,0.043
1994-09-13,1994,9,13,18.574,18.522,0.052
1994-09-14,1994,9,14,18.526,18.529,-0.003
1994-09-15,1994,9,15,18.565,18.533,0.032
1994-09-16,1994,9,16,18.512,18.546,-0.034
1994-09-17,1994,9,17,18.46,18.565,-0.105
1994-09-18,1994,9,18,18.529,18.567,-0.038
1994-09-19,1994,9,19,18.558,18.572,-0.014
1994-09-20,1994,9,20,18.581,18.574,0.007
1994-09-21,1994,9,21,18.545,18.576,-0.031
1994-09-22,1994,9,22,18.552,18.569,-0.017
1994-09-23,1994,9,23,18.514,18.57,-0.056
1994-09-24,1994,9,24,18.56,18.571,-0.011
1994-09-25,1994,9,25,18.634,18.566,0.068
1994-09-26,1994,9,26,18.588,18.552,0.036
1994-09-27,1994,9,27,18.649,18.541,0.108
1994-09-28,1994,9,28,18.676,18.525,0.151
1994-09-29,1994,9,29,18.71,18.525,0.185
1994-09-30,1994,9,30,18.751,18.508,0.243
1994-10-01,1994,10,1,18.706,18.508,0.198
1994-10-02,1994,10,2,18.668,18.504,0.164
1994-10-03,1994,10,3,18.578,18.476,0.102
1994-10-04,1994,10,4,18.503,18.448,0.055
1994-10-05,1994,10,5,18.45,18.44,0.01
1994-10-06,1994,10,6,18.377,18.425,-0.048
1994-10-07,1994,10,7,18.256,18.394,-0.138
1994-10-08,1994,10,8,18.221,18.361,-0.14
1994-10-09,1994,10,9,18.152,18.329,-0.177
1994-10-10,1994,10,10,18.102,18.299,-0.197
1994-10-11,1994,10,11,18.116,18.287,-0.171
1994-10-12,1994,10,12,18.097,18.265,-0.168
1994-10-13,1994,10,13,18.14,18.235,-0.095
1994-10-14,1994,10,14,18.09,18.224,-0.134
1994-10-15,1994,10,15,18.082,18.193,-0.111
1994-10-16,1994,10,16,18.016,18.158,-0.142
1994-10-17,1994,10,17,17.987,18.116,-0.129
1994-10-18,1994,10,18,17.988,18.062,-0.074
1994-10-19,1994,10,19,18.002,18.012,-0.01
1994-10-20,1994,10,20,18.058,17.97,0.088
1994-10-21,1994,10,21,17.968,17.921,0.047
1994-10-22,1994,10,22,17.958,17.872,0.086
1994-10-23,1994,10,23,17.907,17.833,0.074
1994-10-24,1994,10,24,17.898,17.791,0.107
1994-10-25,1994,10,25,17.833,17.736,0.097
1994-10-26,1994,10,26,17.811,17.681,0.13
1994-10-27,1994,10,27,17.809,17.633,0.176
1994-10-28,1994,10,28,17.768,17.555,0.213
1994-10-29,1994,10,29,17.756,17.509,0.247
1994-10-30,1994,10,30,17.75,17.449,0.301
1994-10-31,1994,10,31,17.745,17.367,0.378
1994-11-01,1994,11,1,17.65,17.312,0.338
1994-11-02,1994,11,2,17.589,17.229,0.36
1994-11-03,1994,11,3,17.561,17.153,0.408
1994-11-04,1994,11,4,17.51,17.081,0.429
1994-11-05,1994,11,5,17.455,17.011,0.444
1994-11-06,1994,11,6,17.33,16.934,0.396
1994-11-07,1994,11,7,17.301,16.848,0.453
1994-11-08,1994,11,8,17.188,16.762,0.426
1994-11-09,1994,11,9,17.126,16.667,0.459
1994-11-10,1994,11,10,16.958,16.562,0.396
1994-11-11,1994,11,11,16.676,16.472,0.204
1994-11-12,1994,11,12,16.593,16.378,0.215
1994-11-13,1994,11,13,16.441,16.272,0.169
1994-11-14,1994,11,14,16.3,16.175,0.125
1994-11-15,1994,11,15,16.167,16.061,0.106
1994-11-16,1994,11,16,15.985,15.925,0.06
1994-11-17,1994,11,17,15.772,15.797,-0.025
1994-11-18,1994,11,18,15.614,15.665,-0.051
1994-11-19,1994,11,19,15.389,15.509,-0.12
1994-11-20,1994,11,20,15.235,15.368,-0.133
1994-11-21,1994,11,21,15.048,15.213,-0.165
1994-11-22,1994,11,22,14.914,15.069,-0.155
1994-11-23,1994,11,23,14.781,14.896,-0.115
1994-11-24,1994,11,24,14.556,14.74,-0.184
1994-11-25,1994,11,25,14.335,14.575,-0.24
1994-11-26,1994,11,26,14.197,14.417,-0.22
1994-11-27,1994,11,27,14.049,14.239,-0.19
1994-11-28,1994,11,28,13.787,14.055,-0.268
1994-11-29,1994,11,29,13.569,13.868,-0.299
1994-11-30,1994,11,30,13.337,13.685,-0.348
1994-12-01,1994,12,1,13.135,13.513,-0.378
1994-12-02,1994,12,2,12.984,13.294,-0.31
1994-12-03,1994,12,3,12.647,13.105,-0.458
1994-12-04,1994,12,4,12.504,12.904,-0.4
1994-12-05,1994,12,5,12.23,12.703,-0.473
1994-12-06,1994,12,6,11.918,12.495,-0.577
1994-12-07,1994,12,7,11.723,12.29,-0.567
1994-12-08,1994,12,8,11.53,12.068,-0.538
1994-12-09,1994,12,9,11.348,11.859,-0.511
1994-12-10,1994,12,10,11.122,11.659,-0.537
1994-12-11,1994,12,11,10.959,11.436,-0.477
1994-12-12,1994,12,12,10.826,11.222,-0.396
1994-12-13,1994,12,13,10.537,10.998,-0.461
1994-12-14,1994,12,14,10.375,10.755,-0.38
1994-12-15,1994,12,15,10.22,10.498,-0.278
1994-12-16,1994,12,16,10.015,10.247,-0.232
1994-12-17,1994,12,17,9.836,9.984,-0.148
1994-12-18,1994,12,18,9.685,9.732,-0.047
1994-12-19,1994,12,19,9.492,9.48,0.012
1994-12-20,1994,12,20,9.313,9.255,0.058
1994-12-21,1994,12,21,9.143,9.039,0.104
1994-12-22,1994,12,22,8.951,8.835,0.116
1994-12-23,1994,12,23,8.753,8.631,0.122
1994-12-24,1994,12,24,8.593,8.416,0.177
1994-12-25,1994,12,25,8.321,8.224,0.097
1994-12-26,1994,12,26,8.266,8.018,0.248
1994-12-27,1994,12,27,8.015,7.811,0.204
1994-12-28,1994,12,28,7.854,7.624,0.23
1994-12-29,1994,12,29,7.686,7.406,0.28
1994-12-30,1994,12,30,7.606,7.222,0.384
1994-12-31,1994,12,31,7.529,7.059,0.47
1995-01-01,1995,1,1,7.41,6.999,0.411
1995-01-02,1995,1,2,7.256,6.808,0.448
1995-01-03,1995,1,3,7.022,6.621,0.401
1995-01-04,1995,1,4,6.903,6.451,0.452
1995-01-05,1995,1,5,6.84,6.296,0.544
1995-01-06,1995,1,6,6.779,6.142,0.637
1995-01-07,1995,1,7,6.605,5.999,0.606
1995-01-08,1995,1,8,6.368,5.838,0.53
1995-01-09,1995,1,9,6.228,5.681,0.547
1995-01-10,1995,1,10,6.148,5.547,0.601
1995-01-11,1995,1,11,6.034,5.423,0.611
1995-01-12,1995,1,12,5.909,5.305,0.604
1995-01-13,1995,1,13,5.835,5.16,0.675
1995-01-14,1995,1,14,5.753,5.047,0.706
1995-01-15,1995,1,15,5.649,4.926,0.723
1995-01-16,1995,1,16,5.541,4.819,0.722
1995-01-17,1995,1,17,5.418,4.709,0.709
1995-01-18,1995,1,18,5.324,4.614,0.71
1995-01-19,1995,1,19,5.272,4.521,0.751
1995-01-20,1995,1,20,5.131,4.427,0.704
1995-01-21,1995,1,21,5.071,4.335,0.736
1995-01-22,1995,1,22,4.978,4.24,0.738
1995-01-23,1995,1,23,4.896,4.154,0.742
1995-01-24,1995,1,24,4.813,4.074,0.739
1995-01-25,1995,1,25,4.741,3.998,0.743
1995-01-26,1995,1,26,4.681,3.929,0.752
1995-01-27,1995,1,27,4.56,3.861,0.699
1995-01-28,1995,1,28,4.475,3.808,0.667
1995-01-29,1995,1,29,4.416,3.734,0.682
1995-01-30,1995,1,30,4.374,3.665,0.709
1995-01-31,1995,1,31,4.286,3.605,0.681
1995-02-01,1995,2,1,4.131,3.534,0.597
1995-02-02,1995,2,2,4.048,3.489,0.559
1995-02-03,1995,2,3,3.993,3.43,0.563
1995-02-04,1995,2,4,3.954,3.377,0.577
1995-02-05,1995,2,5,3.843,3.326,0.517
1995-02-06,1995,2,6,3.874,3.28,0.594
1995-02-07,1995,2,7,3.738,3.227,0.511
1995-02-08,1995,2,8,3.683,3.181,0.502
1995-02-09,1995,2,9,3.615,3.141,0.474
1995-02-10,1995,2,10,3.539,3.097,0.442
1995-02-11,1995,2,11,3.508,3.064,0.444
1995-02-12,1995,2,12,3.48,3.025,0.455
1995-02-13,1995,2,13,3.419,2.998,0.421
1995-02-14,1995,2,14,3.37,2.969,0.401
1995-02-15,1995,2,15,3.37,2.935,0.435
1995-02-16,1995,2,16,3.418,2.918,0.5
1995-02-17,1995,2,17,3.355,2.914,0.441
1995-02-18,1995,2,18,3.38,2.903,0.477
1995-02-19,1995,2,19,3.414,2.881,0.533
1995-02-20,1995,2,20,3.401,2.876,0.525
1995-02-21,1995,2,21,3.395,2.881,0.514
1995-02-22,1995,2,22,3.401,2.885,0.516
1995-02-23,1995,2,23,3.339,2.892,0.447
1995-02-24,1995,2,24,3.33,2.889,0.441
1995-02-25,1995,2,25,3.358,2.907,0.451
1995-02-26,1995,2,26,3.352,2.931,0.421
1995-02-27,1995,2,27,3.448,2.96,0.488
1995-02-28,1995,2,28,3.546,2.994,0.552
1995-03-01,1995,3,1,3.618,3.061,0.557
1995-03-02,1995,3,2,3.635,3.105,0.53
1995-03-03,1995,3,3,3.689,3.166,0.523
1995-03-04,1995,3,4,3.749,3.211,0.538
1995-03-05,1995,3,5,3.825,3.253,0.572
1995-03-06,1995,3,6,3.908,3.306,0.602
1995-03-07,1995,3,7,3.921,3.37,0.551
1995-03-08,1995,3,8,3.99,3.433,0.557
1995-03-09,1995,3,9,4.049,3.507,0.542
1995-03-10,1995,3,10,4.131,3.592,0.539
1995-03-11,1995,3,11,4.191,3.658,0.533
1995-03-12,1995,3,12,4.311,3.735,0.576
1995-03-13,1995,3,13,4.363,3.815,0.548
1995-03-14,1995,3,14,4.425,3.892,0.533
1995-03-15,1995,3,15,4.516,3.966,0.55
1995-03-16,1995,3,16,4.602,4.035,0.567
1995-03-17,1995,3,17,4.733,4.11,0.623
1995-03-18,1995,3,18,4.807,4.199,0.608
1995-03-19,1995,3,19,4.815,4.271,0.544
1995-03-20,1995,3,20,4.799,4.362,0.437
1995-03-21,1995,3,21,4.986,4.441,0.545
1995-03-22,1995,3,22,5.106,4.521,0.585
1995-03-23,1995,3,23,5.194,4.613,0.581
1995-03-24,1995,3,24,5.272,4.701,0.571
1995-03-25,1995,3,25,5.387,4.798,0.589
1995-03-26,1995,3,26,5.484,4.884,0.6
1995-03-27,1995,3,27,5.466,4.956,0.51
1995-03-28,1995,3,28,5.499,5.047,0.452
1995-03-29,1995,3,29,5.612,5.139,0.473
1995-03-30,1995,3,30,5.606,5.219,0.387
1995-03-31,1995,3,31,5.73,5.312,0.418
1995-04-01,1995,4,1,5.814,5.405,0.409
1995-04-02,1995,4,2,5.977,5.508,0.469
1995-04-03,1995,4,3,6.113,5.607,0.506
1995-04-04,1995,4,4,6.16,5.708,0.452
1995-04-05,1995,4,5,6.225,5.806,0.419
1995-04-06,1995,4,6,6.34,5.908,0.432
1995-04-07,1995,4,7,6.467,6.018,0.449
1995-04-08,1995,4,8,6.619,6.125,0.494
1995-04-09,1995,4,9,6.685,6.218,0.467
1995-04-10,1995,4,10,6.757,6.329,0.428
1995-04-11,1995,4,11,6.819,6.434,0.385
1995-04-12,1995,4,12,6.899,6.549,0.35
1995-04-13,1995,4,13,6.962,6.656,0.306
1995-04-14,1995,4,14,7.085,6.757,0.328
1995-04-15,1995,4,15,7.163,6.862,0.301
1995-04-16,1995,4,16,7.277,6.977,0.3
1995-04-17,1995,4,17,7.391,7.089,0.302
1995-04-18,1995,4,18,7.517,7.194,0.323
1995-04-19,1995,4,19,7.599,7.303,0.296
1995-04-20,1995,4,20,7.683,7.414,0.269
1995-04-21,1995,4,21,7.801,7.516,0.285
1995-04-22,1995,4,22,7.917,7.624,0.293
1995-04-23,1995,4,23,8.02,7.733,0.287
1995-04-24,1995,4,24,8.111,7.84,0.271
1995-04-25,1995,4,25,8.192,7.947,0.245
1995-04-26,1995,4,26,8.303,8.05,0.253
1995-04-27,1995,4,27,8.397,8.165,0.232
1995-04-28,1995,4,28,8.531,8.28,0.251
1995-04-29,1995,4,29,8.575,8.387,0.188
1995-04-30,1995,4,30,8.63,8.497,0.133
1995-05-01,1995,5,1,8.64,8.604,0.036
1995-05-02,1995,5,2,8.68,8.71,-0.03
1995-05-03,1995,5,3,8.809,8.825,-0.016
1995-05-04,1995,5,4,8.964,8.94,0.024
1995-05-05,1995,5,5,9.112,9.053,0.059
1995-05-06,1995,5,6,9.216,9.161,0.055
1995-05-07,1995,5,7,9.366,9.28,0.086
1995-05-08,1995,5,8,9.546,9.392,0.154
1995-05-09,1995,5,9,9.669,9.487,0.182
1995-05-10,1995,5,10,9.839,9.588,0.251
1995-05-11,1995,5,11,9.968,9.705,0.263
1995-05-12,1995,5,12,10.024,9.811,0.213
1995-05-13,1995,5,13,10.121,9.928,0.193
1995-05-14,1995,5,14,10.278,10.039,0.239
1995-05-15,1995,5,15,10.399,10.147,0.252
1995-05-16,1995,5,16,10.5,10.26,0.24
1995-05-17,1995,5,17,10.587,10.366,0.221
1995-05-18,1995,5,18,10.684,10.47,0.214
1995-05-19,1995,5,19,10.771,10.583,0.188
1995-05-20,1995,5,20,10.911,10.708,0.203
1995-05-21,1995,5,21,11.065,10.809,0.256
1995-05-22,1995,5,22,11.112,10.909,0.203
1995-05-23,1995,5,23,11.198,11.019,0.179
1995-05-24,1995,5,24,11.375,11.119,0.256
1995-05-25,1995,5,25,11.484,11.219,0.265
1995-05-26,1995,5,26,11.542,11.321,0.221
1995-05-27,1995,5,27,11.652,11.422,0.23
1995-05-28,1995,5,28,11.695,11.532,0.163
1995-05-29,1995,5,29,11.809,11.629,0.18
1995-05-30,1995,5,30,11.906,11.732,0.174
1995-05-31,1995,5,31,11.958,11.859,0.099
1995-06-01,1995,6,1,12.099,11.978,0.121
1995-06-02,1995,6,2,12.204,12.077,0.127
1995-06-03,1995,6,3,12.283,12.168,0.115
1995-06-04,1995,6,4,12.432,12.271,0.161
1995-06-05,1995,6,5,12.55,12.383,0.167
1995-06-06,1995,6,6,12.668,12.49,0.178
1995-06-07,1995,6,7,12.705,12.581,0.124
1995-06-08,1995,6,8,12.72,12.69,0.03
1995-06-09,1995,6,9,12.769,12.792,-0.023
1995-06-10,1995,6,10,12.863,12.894,-0.031
1995-06-11,1995,6,11,12.886,12.987,-0.101
1995-06-12,1995,6,12,12.896,13.074,-0.178
1995-06-13,1995,6,13,13.02,13.172,-0.152
1995-06-14,1995,6,14,13.064,13.279,-0.215
1995-06-15,1995,6,15,13.107,13.384,-0.277
1995-06-16,1995,6,16,13.112,13.487,-0.375
1995-06-17,1995,6,17,13.165,13.597,-0.432
1995-06-18,1995,6,18,13.293,13.692,-0.399
1995-06-19,1995,6,19,13.368,13.796,-0.428
1995-06-20,1995,6,20,13.617,13.898,-0.281
1995-06-21,1995,6,21,13.749,13.991,-0.242
1995-06-22,1995,6,22,13.905,14.085,-0.18
1995-06-23,1995,6,23,14.02,14.186,-0.166
1995-06-24,1995,6,24,14.073,14.279,-0.206
1995-06-25,1995,6,25,14.122,14.37,-0.248
1995-06-26,1995,6,26,14.241,14.448,-0.207
1995-06-27,1995,6,27,14.363,14.524,-0.161
1995-06-28,1995,6,28,14.4,14.622,-0.222
1995-06-29,1995,6,29,14.461,14.709,-0.248
1995-06-30,1995,6,30,14.541,14.812,-0.271
1995-07-01,1995,7,1,14.665,14.896,-0.231
1995-07-02,1995,7,2,14.792,14.966,-0.174
1995-07-03,1995,7,3,14.91,15.039,-0.129
1995-07-04,1995,7,4,14.974,15.112,-0.138
1995-07-05,1995,7,5,15.027,15.187,-0.16
1995-07-06,1995,7,6,15.081,15.265,-0.184
1995-07-07,1995,7,7,15.147,15.329,-0.182
1995-07-08,1995,7,8,15.164,15.395,-0.231
1995-07-09,1995,7,9,15.231,15.482,-0.251
1995-07-10,1995,7,10,15.37,15.547,-0.177
1995-07-11,1995,7,11,15.416,15.652,-0.236
1995-07-12,1995,7,12,15.53,15.753,-0.223
1995-07-13,1995,7,13,15.566,15.839,-0.273
1995-07-14,1995,7,14,15.7,15.909,-0.209
1995-07-15,1995,7,15,15.754,15.971,-0.217
1995-07-16,1995,7,16,15.732,16.038,-0.306
1995-07-17,1995,7,17,15.722,16.084,-0.362
1995-07-18,1995,7,18,15.711,16.164,-0.453
1995-07-19,1995,7,19,15.746,16.257,-0.511
1995-07-20,1995,7,20,15.859,16.345,-0.486
1995-07-21,1995,7,21,15.926,16.437,-0.511
1995-07-22,1995,7,22,16.083,16.517,-0.434
1995-07-23,1995,7,23,16.234,16.591,-0.357
1995-07-24,1995,7,24,16.403,16.643,-0.24
1995-07-25,1995,7,25,16.482,16.69,-0.208
1995-07-26,1995,7,26,16.508,16.746,-0.238
1995-07-27,1995,7,27,16.5,16.801,-0.301
1995-07-28,1995,7,28,16.564,16.857,-0.293
1995-07-29,1995,7,29,16.656,16.929,-0.273
1995-07-30,1995,7,30,16.763,16.981,-0.218
1995-07-31,1995,7,31,16.844,17.028,-0.184
1995-08-01,1995,8,1,16.899,17.083,-0.184
1995-08-02,1995,8,2,17.017,17.135,-0.118
1995-08-03,1995,8,3,17.099,17.19,-0.091
1995-08-04,1995,8,4,17.14,17.236,-0.096
1995-08-05,1995,8,5,17.151,17.287,-0.136
1995-08-06,1995,8,6,17.289,17.35,-0.061
1995-08-07,1995,8,7,17.38,17.421,-0.041
1995-08-08,1995,8,8,17.461,17.481,-0.02
1995-08-09,1995,8,9,17.652,17.514,0.138
1995-08-10,1995,8,10,17.759,17.547,0.212
1995-08-11,1995,8,11,17.794,17.593,0.201
1995-08-12,1995,8,12,17.936,17.642,0.294
1995-08-13,1995,8,13,17.992,17.683,0.309
1995-08-14,1995,8,14,17.96,17.738,0.222
1995-08-15,1995,8,15,17.867,17.782,0.085
1995-08-16,1995,8,16,17.923,17.827,0.096
1995-08-17,1995,8,17,17.957,17.845,0.112
1995-08-18,1995,8,18,17.935,17.867,0.068
1995-08-19,1995,8,19,17.957,17.888,0.069
1995-08-20,1995,8,20,18.077,17.924,0.153
1995-08-21,1995,8,21,18.123,17.964,0.159
1995-08-22,1995,8,22,18.167,17.983,0.184
1995-08-23,1995,8,23,18.174,18.018,0.156
1995-08-24,1995,8,24,18.358,18.053,0.305
1995-08-25,1995,8,25,18.261,18.105,0.156
1995-08-26,1995,8,26,18.064,18.145,-0.081
1995-08-27,1995,8,27,18.016,18.159,-0.143
1995-08-28,1995,8,28,17.922,18.195,-0.273
1995-08-29,1995,8,29,17.947,18.222,-0.275
1995-08-30,1995,8,30,17.924,18.241,-0.317
1995-08-31,1995,8,31,17.985,18.264,-0.279
1995-09-01,1995,9,1,17.968,18.288,-0.32
1995-09-02,1995,9,2,18.006,18.308,-0.302
1995-09-03,1995,9,3,17.999,18.333,-0.334
1995-09-04,1995,9,4,18.038,18.352,-0.314
1995-09-05,1995,9,5,18.052,18.373,-0.321
1995-09-06,1995,9,6,18.076,18.397,-0.321
1995-09-07,1995,9,7,18.086,18.416,-0.33
1995-09-08,1995,9,8,18.099,18.445,-0.346
1995-09-09,1995,9,9,18.19,18.47,-0.28
1995-09-10,1995,9,10,18.271,18.49,-0.219
1995-09-11,1995,9,11,18.354,18.502,-0.148
1995-09-12,1995,9,12,18.379,18.521,-0.142
1995-09-13,1995,9,13,18.453,18.522,-0.069
1995-09-14,1995,9,14,18.427,18.529,-0.102
1995-09-15,1995,9,15,18.401,18.533,-0.132
1995-09-16,1995,9,16,18.417,18.546,-0.129
1995-09-17,1995,9,17,18.499,18.565,-0.066
1995-09-18,1995,9,18,18.52,18.567,-0.047
1995-09-19,1995,9,19,18.662,18.572,0.09
1995-09-20,1995,9,20,18.606,18.574,0.032
1995-09-21,1995,9,21,18.573,18.576,-0.003
1995-09-22,1995,9,22,18.526,18.569,-0.043
1995-09-23,1995,9,23,18.552,18.57,-0.018
1995-09-24,1995,9,24,18.589,18.571,0.018
1995-09-25,1995,9,25,18.613,18.566,0.047
1995-09-26,1995,9,26,18.762,18.552,0.21
1995-09-27,1995,9,27,18.588,18.541,0.047
1995-09-28,1995,9,28,18.487,18.525,-0.038
1995-09-29,1995,9,29,18.45,18.525,-0.075
1995-09-30,1995,9,30,18.539,18.508,0.031
1995-10-01,1995,10,1,18.537,18.508,0.029
1995-10-02,1995,10,2,18.558,18.504,0.054
1995-10-03,1995,10,3,18.533,18.476,0.057
1995-10-04,1995,10,4,18.474,18.448,0.026
1995-10-05,1995,10,5,18.462,18.44,0.022
1995-10-06,1995,10,6,18.418,18.425,-0.007
1995-10-07,1995,10,7,18.439,18.394,0.045
1995-10-08,1995,10,8,18.375,18.361,0.014
1995-10-09,1995,10,9,18.393,18.329,0.064
1995-10-10,1995,10,10,18.383,18.299,0.084
1995-10-11,1995,10,11,18.439,18.287,0.152
1995-10-12,1995,10,12,18.466,18.265,0.201
1995-10-13,1995,10,13,18.423,18.235,0.188
1995-10-14,1995,10,14,18.322,18.224,0.098
1995-10-15,1995,10,15,18.293,18.193,0.1
1995-10-16,1995,10,16,18.263,18.158,0.105
1995-10-17,1995,10,17,18.176,18.116,0.06
1995-10-18,1995,10,18,18.065,18.062,0.003
1995-10-19,1995,10,19,18.021,18.012,0.009
1995-10-20,1995,10,20,17.992,17.97,0.022
1995-10-21,1995,10,21,17.866,17.921,-0.055
1995-10-22,1995,10,22,17.765,17.872,-0.107
1995-10-23,1995,10,23,17.681,17.833,-0.152
1995-10-24,1995,10,24,17.55,17.791,-0.241
1995-10-25,1995,10,25,17.559,17.736,-0.177
1995-10-26,1995,10,26,17.483,17.681,-0.198
1995-10-27,1995,10,27,17.383,17.633,-0.25
1995-10-28,1995,10,28,17.349,17.555,-0.206
1995-10-29,1995,10,29,17.076,17.509,-0.433
1995-10-30,1995,10,30,17.091,17.449,-0.358
1995-10-31,1995,10,31,17.084,17.367,-0.283
1995-11-01,1995,11,1,17.004,17.312,-0.308
1995-11-02,1995,11,2,17.031,17.229,-0.198
1995-11-03,1995,11,3,16.865,17.153,-0.288
1995-11-04,1995,11,4,16.783,17.081,-0.298
1995-11-05,1995,11,5,16.728,17.011,-0.283
1995-11-06,1995,11,6,16.638,16.934,-0.296
1995-11-07,1995,11,7,16.599,16.848,-0.249
1995-11-08,1995,11,8,16.517,16.762,-0.245
1995-11-09,1995,11,9,16.485,16.667,-0.182
1995-11-10,1995,11,10,16.351,16.562,-0.211
1995-11-11,1995,11,11,16.183,16.472,-0.289
1995-11-12,1995,11,12,16.039,16.378,-0.339
1995-11-13,1995,11,13,16.018,16.272,-0.254
1995-11-14,1995,11,14,15.956,16.175,-0.219
1995-11-15,1995,11,15,15.904,16.061,-0.157
1995-11-16,1995,11,16,15.821,15.925,-0.104
1995-11-17,1995,11,17,15.627,15.797,-0.17
1995-11-18,1995,11,18,15.494,15.665,-0.171
1995-11-19,1995,11,19,15.318,15.509,-0.191
1995-11-20,1995,11,20,15.201,15.368,-0.167
1995-11-21,1995,11,21,15.139,15.213,-0.074
1995-11-22,1995,11,22,15.033,15.069,-0.036
1995-11-23,1995,11,23,14.9,14.896,0.004
1995-11-24,1995,11,24,14.736,14.74,-0.004
1995-11-25,1995,11,25,14.564,14.575,-0.011
1995-11-26,1995,11,26,14.417,14.417,0.0
1995-11-27,1995,11,27,14.248,14.239,0.009
1995-11-28,1995,11,28,14.026,14.055,-0.029
1995-11-29,1995,11,29,13.822,13.868,-0.046
1995-11-30,1995,11,30,13.571,13.685,-0.114
1995-12-01,1995,12,1,13.422,13.513,-0.091
1995-12-02,1995,12,2,13.26,13.294,-0.034
1995-12-03,1995,12,3,13.059,13.105,-0.046
1995-12-04,1995,12,4,12.832,12.904,-0.072
1995-12-05,1995,12,5,12.734,12.703,0.031
1995-12-06,1995,12,6,12.616,12.495,0.121
1995-12-07,1995,12,7,12.504,12.29,0.214
1995-12-08,1995,12,8,12.24,12.068,0.172
1995-12-09,1995,12,9,12.084,11.859,0.225
1995-12-10,1995,12,10,12.002,11.659,0.343
1995-12-11,1995,12,11,11.855,11.436,0.419
1995-12-12,1995,12,12,11.482,11.222,0.26
1995-12-13,1995,12,13,11.236,10.998,0.238
1995-12-14,1995,12,14,11.076,10.755,0.321
1995-12-15,1995,12,15,10.882,10.498,0.384
1995-12-16,1995,12,16,10.601,10.247,0.354
1995-12-17,1995,12,17,10.415,9.984,0.431
1995-12-18,1995,12,18,10.219,9.732,0.487
1995-12-19,1995,12,19,9.943,9.48,0.463
1995-12-20,1995,12,20,9.607,9.255,0.352
1995-12-21,1995,12,21,9.46,9.039,0.421
1995-12-22,1995,12,22,9.297,8.835,0.462
1995-12-23,1995,12,23,9.004,8.631,0.373
1995-12-24,1995,12,24,8.886,8.416,0.47
1995-12-25,1995,12,25,8.841,8.224,0.617
1995-12-26,1995,12,26,8.65,8.018,0.632
1995-12-27,1995,12,27,8.511,7.811,0.7
1995-12-28,1995,12,28,8.396,7.624,0.772
1995-12-29,1995,12,29,8.297,7.406,0.891
1995-12-30,1995,12,30,8.031,7.222,0.809
1995-12-31,1995,12,31,7.837,7.059,0.778
1996-01-01,1996,1,1,7.729,6.999,0.73
1996-01-02,1996,1,2,7.618,6.808,0.81
1996-01-03,1996,1,3,7.483,6.621,0.862
1996-01-04,1996,1,4,7.344,6.451,0.893
1996-01-05,1996,1,5,7.367,6.296,1.071
1996-01-06,1996,1,6,7.161,6.142,1.019
1996-01-07,1996,1,7,7.041,5.999,1.042
1996-01-08,1996,1,8,6.891,5.838,1.053
1996-01-09,1996,1,9,6.815,5.681,1.134
1996-01-10,1996,1,10,6.737,5.547,1.19
1996-01-11,1996,1,11,6.581,5.423,1.158
1996-01-12,1996,1,12,6.354,5.305,1.049
1996-01-13,1996,1,13,6.207,5.16,1.047
1996-01-14,1996,1,14,6.089,5.047,1.042
1996-01-15,1996,1,15,6.017,4.926,1.091
1996-01-16,1996,1,16,5.875,4.819,1.056
1996-01-17,1996,1,17,5.737,4.709,1.028
1996-01-18,1996,1,18,5.689,4.614,1.075
1996-01-19,1996,1,19,5.56,4.521,1.039
1996-01-20,1996,1,20,5.361,4.427,0.934
1996-01-21,1996,1,21,5.244,4.335,0.909
1996-01-22,1996,1,22,5.061,4.24,0.821
1996-01-23,1996,1,23,4.901,4.154,0.747
1996-01-24,1996,1,24,4.818,4.074,0.744
1996-01-25,1996,1,25,4.644,3.998,0.646
1996-01-26,1996,1,26,4.559,3.929,0.63
1996-01-27,1996,1,27,4.412,3.861,0.551
1996-01-28,1996,1,28,4.372,3.808,0.564
1996-01-29,1996,1,29,4.246,3.734,0.512
1996-01-30,1996,1,30,4.137,3.665,0.472
1996-01-31,1996,1,31,3.955,3.605,0.35
1996-02-01,1996,2,1,3.717,3.534,0.183
1996-02-02,1996,2,2,3.588,3.489,0.099
1996-02-03,1996,2,3,3.5,3.43,0.07
1996-02-04,1996,2,4,3.467,3.377,0.09
1996-02-05,1996,2,5,3.433,3.326,0.107
1996-02-06,1996,2,6,3.316,3.28,0.036
1996-02-07,1996,2,7,3.227,3.227,0.0
1996-02-08,1996,2,8,3.208,3.181,0.027
1996-02-09,1996,2,9,3.202,3.141,0.061
1996-02-10,1996,2,10,3.116,3.097,0.019
1996-02-11,1996,2,11,3.1,3.064,0.036
1996-02-12,1996,2,12,3.018,3.025,-0.007
1996-02-13,1996,2,13,2.998,2.998,0.0
1996-02-14,1996,2,14,2.967,2.969,-0.002
1996-02-15,1996,2,15,2.821,2.935,-0.114
1996-02-16,1996,2,16,2.8,2.918,-0.118
1996-02-17,1996,2,17,2.821,2.914,-0.093
1996-02-18,1996,2,18,2.776,2.903,-0.127
1996-02-19,1996,2,19,2.705,2.881,-0.176
1996-02-20,1996,2,20,2.688,2.876,-0.188
1996-02-21,1996,2,21,2.69,2.881,-0.191
1996-02-22,1996,2,22,2.673,2.885,-0.212
1996-02-23,1996,2,23,2.666,2.892,-0.226
1996-02-24,1996,2,24,2.614,2.889,-0.275
1996-02-25,1996,2,25,2.597,2.907,-0.31
1996-02-26,1996,2,26,2.61,2.931,-0.321
1996-02-27,1996,2,27,2.66,2.96,-0.3
1996-02-28,1996,2,28,2.776,2.994,-0.218
1996-02-29,1996,2,29,2.799,3.014,-0.215
1996-03-01,1996,3,1,2.818,3.061,-0.243
1996-03-02,1996,3,2,2.941,3.105,-0.164
1996-03-03,1996,3,3,3.072,3.166,-0.094
1996-03-04,1996,3,4,3.071,3.211,-0.14
1996-03-05,1996,3,5,3.096,3.253,-0.157
1996-03-06,1996,3,6,3.214,3.306,-0.092
1996-03-07,1996,3,7,3.332,3.37,-0.038
1996-03-08,1996,3,8,3.472,3.433,0.039
1996-03-09,1996,3,9,3.57,3.507,0.063
1996-03-10,1996,3,10,3.672,3.592,0.08
1996-03-11,1996,3,11,3.73,3.658,0.072
1996-03-12,1996,3,12,3.832,3.735,0.097
1996-03-13,1996,3,13,3.914,3.815,0.099
1996-03-14,1996,3,14,3.991,3.892,0.099
1996-03-15,1996,3,15,4.169,3.966,0.203
1996-03-16,1996,3,16,4.243,4.035,0.208
1996-03-17,1996,3,17,4.228,4.11,0.118
1996-03-18,1996,3,18,4.312,4.199,0.113
1996-03-19,1996,3,19,4.398,4.271,0.127
1996-03-20,1996,3,20,4.552,4.362,0.19
1996-03-21,1996,3,21,4.609,4.441,0.168
1996-03-22,1996,3,22,4.668,4.521,0.147
1996-03-23,1996,3,23,4.791,4.613,0.178
1996-03-24,1996,3,24,4.818,4.701,0.117
1996-03-25,1996,3,25,4.925,4.798,0.127
1996-03-26,1996,3,26,5.073,4.884,0.189
1996-03-27,1996,3,27,5.204,4.956,0.248
1996-03-28,1996,3,28,5.339,5.047,0.292
1996-03-29,1996,3,29,5.439,5.139,0.3
1996-03-30,1996,3,30,5.554,5.219,0.335
1996-03-31,1996,3,31,5.641,5.312,0.329
1996-04-01,1996,4,1,5.7,5.405,0.295
1996-04-02,1996,4,2,5.807,5.508,0.299
1996-04-03,1996,4,3,5.87,5.607,0.263
1996-04-04,1996,4,4,6.006,5.708,0.298
1996-04-05,1996,4,5,6.058,5.806,0.252
1996-04-06,1996,4,6,6.158,5.908,0.25
1996-04-07,1996,4,7,6.268,6.018,0.25
1996-04-08,1996,4,8,6.403,6.125,0.278
1996-04-09,1996,4,9,6.501,6.218,0.283
1996-04-10,1996,4,10,6.622,6.329,0.293
1996-04-11,1996,4,11,6.742,6.434,0.308
1996-04-12,1996,4,12,6.909,6.549,0.36
1996-04-13,1996,4,13,6.992,6.656,0.336
1996-04-14,1996,4,14,7.055,6.757,0.298
1996-04-15,1996,4,15,7.171,6.862,0.309
1996-04-16,1996,4,16,7.291,6.977,0.314
1996-04-17,1996,4,17,7.404,7.089,0.315
1996-04-18,1996,4,18,7.531,7.194,0.337
1996-04-19,1996,4,19,7.654,7.303,0.351
1996-04-20,1996,4,20,7.885,7.414,0.471
1996-04-21,1996,4,21,7.983,7.516,0.467
1996-04-22,1996,4,22,7.988,7.624,0.364
1996-04-23,1996,4,23,8.075,7.733,0.342
1996-04-24,1996,4,24,8.235,7.84,0.395
1996-04-25,1996,4,25,8.38,7.947,0.433
1996-04-26,1996,4,26,8.437,8.05,0.387
1996-04-27,1996,4,27,8.624,8.165,0.459
1996-04-28,1996,4,28,8.75,8.28,0.47
1996-04-29,1996,4,29,8.883,8.387,0.496
1996-04-30,1996,4,30,9.016,8.497,0.519
1996-05-01,1996,5,1,9.138,8.604,0.534
1996-05-02,1996,5,2,9.294,8.71,0.584
1996-05-03,1996,5,3,9.441,8.825,0.616
1996-05-04,1996,5,4,9.628,8.94,0.688
1996-05-05,1996,5,5,9.766,9.053,0.713
1996-05-06,1996,5,6,9.87,9.161,0.709
1996-05-07,1996,5,7,10.015,9.28,0.735
1996-05-08,1996,5,8,10.151,9.392,0.759
1996-05-09,1996,5,9,10.257,9.487,0.77
1996-05-10,1996,5,10,10.277,9.588,0.689
1996-05-11,1996,5,11,10.307,9.705,0.602
1996-05-12,1996,5,12,10.373,9.811,0.562
1996-05-13,1996,5,13,10.464,9.928,0.536
1996-05-14,1996,5,14,10.508,10.039,0.469
1996-05-15,1996,5,15,10.698,10.147,0.551
1996-05-16,1996,5,16,10.836,10.26,0.576
1996-05-17,1996,5,17,10.956,10.366,0.59
1996-05-18,1996,5,18,11.045,10.47,0.575
1996-05-19,1996,5,19,11.184,10.583,0.601
1996-05-20,1996,5,20,11.365,10.708,0.657
1996-05-21,1996,5,21,11.482,10.809,0.673
1996-05-22,1996,5,22,11.591,10.909,0.682
1996-05-23,1996,5,23,11.691,11.019,0.672
1996-05-24,1996,5,24,11.876,11.119,0.757
1996-05-25,1996,5,25,11.992,11.219,0.773
1996-05-26,1996,5,26,12.147,11.321,0.826
1996-05-27,1996,5,27,12.262,11.422,0.84
1996-05-28,1996,5,28,12.295,11.532,0.763
1996-05-29,1996,5,29,12.367,11.629,0.738
1996-05-30,1996,5,30,12.517,11.732,0.785
1996-05-31,1996,5,31,12.626,11.859,0.767
1996-06-01,1996,6,1,12.77,11.978,0.792
1996-06-02,1996,6,2,12.882,12.077,0.805
1996-06-03,1996,6,3,12.892,12.168,0.724
1996-06-04,1996,6,4,12.936,12.271,0.665
1996-06-05,1996,6,5,12.928,12.383,0.545
1996-06-06,1996,6,6,12.987,12.49,0.497
1996-06-07,1996,6,7,13.006,12.581,0.425
1996-06-08,1996,6,8,13.091,12.69,0.401
1996-06-09,1996,6,9,13.227,12.792,0.435
1996-06-10,1996,6,10,13.323,12.894,0.429
1996-06-11,1996,6,11,13.354,12.987,0.367
1996-06-12,1996,6,12,13.467,13.074,0.393
1996-06-13,1996,6,13,13.73,13.172,0.558
1996-06-14,1996,6,14,13.83,13.279,0.551
1996-06-15,1996,6,15,13.877,13.384,0.493
1996-06-16,1996,6,16,13.972,13.487,0.485
1996-06-17,1996,6,17,14.126,13.597,0.529
1996-06-18,1996,6,18,14.204,13.692,0.512
1996-06-19,1996,6,19,14.231,13.796,0.435
1996-06-20,1996,6,20,14.356,13.898,0.458
1996-06-21,1996,6,21,14.443,13.991,0.452
1996-06-22,1996,6,22,14.481,14.085,0.396
1996-06-23,1996,6,23,14.599,14.186,0.413
1996-06-24,1996,6,24,14.695,14.279,0.416
1996-06-25,1996,6,25,14.707,14.37,0.337
1996-06-26,1996,6,26,14.737,14.448,0.289
1996-06-27,1996,6,27,14.799,14.524,0.275
1996-06-28,1996,6,28,14.795,14.622,0.173
1996-06-29,1996,6,29,14.815,14.709,0.106
1996-06-30,1996,6,30,14.851,14.812,0.039
1996-07-01,1996,7,1,14.922,14.896,0.026
1996-07-02,1996,7,2,14.961,14.966,-0.005
1996-07-03,1996,7,3,15.065,15.039,0.026
1996-07-04,1996,7,4,15.203,15.112,0.091
1996-07-05,1996,7,5,15.217,15.187,0.03
1996-07-06,1996,7,6,15.236,15.265,-0.029
1996-07-07,1996,7,7,15.349,15.329,0.02
1996-07-08,1996,7,8,15.423,15.395,0.028
1996-07-09,1996,7,9,15.416,15.482,-0.066
1996-07-10,1996,7,10,15.485,15.547,-0.062
1996-07-11,1996,7,11,15.568,15.652,-0.084
1996-07-12,1996,7,12,15.721,15.753,-0.032
1996-07-13,1996,7,13,15.862,15.839,0.023
1996-07-14,1996,7,14,15.911,15.909,0.002
1996-07-15,1996,7,15,16.021,15.971,0.05
1996-07-16,1996,7,16,16.198,16.038,0.16
1996-07-17,1996,7,17,16.35,16.084,0.266
1996-07-18,1996,7,18,16.438,16.164,0.274
1996-07-19,1996,7,19,16.58,16.257,0.323
1996-07-20,1996,7,20,16.673,16.345,0.328
1996-07-21,1996,7,21,16.709,16.437,0.272
1996-07-22,1996,7,22,16.813,16.517,0.296
1996-07-23,1996,7,23,16.75,16.591,0.159
1996-07-24,1996,7,24,16.706,16.643,0.063
1996-07-25,1996,7,25,16.819,16.69,0.129
1996-07-26,1996,7,26,16.927,16.746,0.181
1996-07-27,1996,7,27,17.018,16.801,0.217
1996-07-28,1996,7,28,17.088,16.857,0.231
1996-07-29,1996,7,29,17.049,16.929,0.12
1996-07-30,1996,7,30,17.112,16.981,0.131
1996-07-31,1996,7,31,17.12,17.028,0.092
1996-08-01,1996,8,1,17.131,17.083,0.048
1996-08-02,1996,8,2,17.237,17.135,0.102
1996-08-03,1996,8,3,17.297,17.19,0.107
1996-08-04,1996,8,4,17.31,17.236,0.074
1996-08-05,1996,8,5,17.329,17.287,0.042
1996-08-06,1996,8,6,17.395,17.35,0.045
1996-08-07,1996,8,7,17.459,17.421,0.038
1996-08-08,1996,8,8,17.423,17.481,-0.058
1996-08-09,1996,8,9,17.36,17.514,-0.154
1996-08-10,1996,8,10,17.41,17.547,-0.137
1996-08-11,1996,8,11,17.557,17.593,-0.036
1996-08-12,1996,8,12,17.53,17.642,-0.112
1996-08-13,1996,8,13,17.57,17.683,-0.113
1996-08-14,1996,8,14,17.619,17.738,-0.119
1996-08-15,1996,8,15,17.735,17.782,-0.047
1996-08-16,1996,8,16,17.808,17.827,-0.019
1996-08-17,1996,8,17,17.842,17.845,-0.003
1996-08-18,1996,8,18,17.843,17.867,-0.024
1996-08-19,1996,8,19,17.86,17.888,-0.028
1996-08-20,1996,8,20,17.816,17.924,-0.108
1996-08-21,1996,8,21,17.802,17.964,-0.162
1996-08-22,1996,8,22,17.853,17.983,-0.13
1996-08-23,1996,8,23,17.858,18.018,-0.16
1996-08-24,1996,8,24,17.952,18.053,-0.101
1996-08-25,1996,8,25,18.121,18.105,0.016
1996-08-26,1996,8,26,18.261,18.145,0.116
1996-08-27,1996,8,27,18.277,18.159,0.118
1996-08-28,1996,8,28,18.262,18.195,0.067
1996-08-29,1996,8,29,18.272,18.222,0.05
1996-08-30,1996,8,30,18.385,18.241,0.144
1996-08-31,1996,8,31,18.409,18.264,0.145
1996-09-01,1996,9,1,18.468,18.288,0.18
1996-09-02,1996,9,2,18.439,18.308,0.131
1996-09-03,1996,9,3,18.456,18.333,0.123
1996-09-04,1996,9,4,18.456,18.352,0.104
1996-09-05,1996,9,5,18.526,18.373,0.153
1996-09-06,1996,9,6,18.586,18.397,0.189
1996-09-07,1996,9,7,18.654,18.416,0.238
1996-09-08,1996,9,8,18.734,18.445,0.289
1996-09-09,1996,9,9,18.774,18.47,0.304
1996-09-10,1996,9,10,18.808,18.49,0.318
1996-09-11,1996,9,11,18.773,18.502,0.271
1996-09-12,1996,9,12,18.686,18.521,0.165
1996-09-13,1996,9,13,18.615,18.522,0.093
1996-09-14,1996,9,14,18.551,18.529,0.022
1996-09-15,1996,9,15,18.551,18.533,0.018
1996-09-16,1996,9,16,18.62,18.546,0.074
1996-09-17,1996,9,17,18.703,18.565,0.138
1996-09-18,1996,9,18,18.779,18.567,0.212
1996-09-19,1996,9,19,18.795,18.572,0.223
1996-09-20,1996,9,20,18.773,18.574,0.199
1996-09-21,1996,9,21,18.802,18.576,0.226
1996-09-22,1996,9,22,18.821,18.569,0.252
1996-09-23,1996,9,23,18.831,18.57,0.261
1996-09-24,1996,9,24,18.75,18.571,0.179
1996-09-25,1996,9,25,18.653,18.566,0.087
1996-09-26,1996,9,26,18.57,18.552,0.018
1996-09-27,1996,9,27,18.517,18.541,-0.024
1996-09-28,1996,9,28,18.457,18.525,-0.068
1996-09-29,1996,9,29,18.382,18.525,-0.143
1996-09-30,1996,9,30,18.418,18.508,-0.09
1996-10-01,1996,10,1,18.444,18.508,-0.064
1996-10-02,1996,10,2,18.342,18.504,-0.162
1996-10-03,1996,10,3,18.281,18.476,-0.195
1996-10-04,1996,10,4,18.306,18.448,-0.142
1996-10-05,1996,10,5,18.39,18.44,-0.05
1996-10-06,1996,10,6,18.387,18.425,-0.038
1996-10-07,1996,10,7,18.399,18.394,0.005
1996-10-08,1996,10,8,18.277,18.361,-0.084
1996-10-09,1996,10,9,18.228,18.329,-0.101
1996-10-10,1996,10,10,18.166,18.299,-0.133
1996-10-11,1996,10,11,18.152,18.287,-0.135
1996-10-12,1996,10,12,18.079,18.265,-0.186
1996-10-13,1996,10,13,18.114,18.235,-0.121
1996-10-14,1996,10,14,18.112,18.224,-0.112
1996-10-15,1996,10,15,18.121,18.193,-0.072
1996-10-16,1996,10,16,18.081,18.158,-0.077
1996-10-17,1996,10,17,18.113,18.116,-0.003
1996-10-18,1996,10,18,18.083,18.062,0.021
1996-10-19,1996,10,19,18.09,18.012,0.078
1996-10-20,1996,10,20,18.005,17.97,0.035
1996-10-21,1996,10,21,17.904,17.921,-0.017
1996-10-22,1996,10,22,17.855,17.872,-0.017
1996-10-23,1996,10,23,17.708,17.833,-0.125
1996-10-24,1996,10,24,17.594,17.791,-0.197
1996-10-25,1996,10,25,17.559,17.736,-0.177
1996-10-26,1996,10,26,17.526,17.681,-0.155
1996-10-27,1996,10,27,17.425,17.633,-0.208
1996-10-28,1996,10,28,17.348,17.555,-0.207
1996-10-29,1996,10,29,17.295,17.509,-0.214
1996-10-30,1996,10,30,17.263,17.449,-0.186
1996-10-31,1996,10,31,17.254,17.367,-0.113
1996-11-01,1996,11,1,17.275,17.312,-0.037
1996-11-02,1996,11,2,17.177,17.229,-0.052
1996-11-03,1996,11,3,17.123,17.153,-0.03
1996-11-04,1996,11,4,17.077,17.081,-0.004
1996-11-05,1996,11,5,17.019,17.011,0.008
1996-11-06,1996,11,6,16.974,16.934,0.04
1996-11-07,1996,11,7,16.891,16.848,0.043
1996-11-08,1996,11,8,16.793,16.762,0.031
1996-11-09,1996,11,9,16.678,16.667,0.011
1996-11-10,1996,11,10,16.612,16.562,0.05
1996-11-11,1996,11,11,16.555,16.472,0.083
1996-11-12,1996,11,12,16.465,16.378,0.087
1996-11-13,1996,11,13,16.365,16.272,0.093
1996-11-14,1996,11,14,16.292,16.175,0.117
1996-11-15,1996,11,15,16.139,16.061,0.078
1996-11-16,1996,11,16,16.027,15.925,0.102
1996-11-17,1996,11,17,15.822,15.797,0.025
1996-11-18,1996,11,18,15.614,15.665,-0.051
1996-11-19,1996,11,19,15.451,15.509,-0.058
1996-11-20,1996,11,20,15.341,15.368,-0.027
1996-11-21,1996,11,21,15.123,15.213,-0.09
1996-11-22,1996,11,22,14.844,15.069,-0.225
1996-11-23,1996,11,23,14.707,14.896,-0.189
1996-11-24,1996,11,24,14.485,14.74,-0.255
1996-11-25,1996,11,25,14.292,14.575,-0.283
1996-11-26,1996,11,26,14.187,14.417,-0.23
1996-11-27,1996,11,27,13.872,14.239,-0.367
1996-11-28,1996,11,28,13.62,14.055,-0.435
1996-11-29,1996,11,29,13.427,13.868,-0.441
1996-11-30,1996,11,30,13.29,13.685,-0.395
1996-12-01,1996,12,1,13.116,13.513,-0.397
1996-12-02,1996,12,2,12.881,13.294,-0.413
1996-12-03,1996,12,3,12.804,13.105,-0.301
1996-12-04,1996,12,4,12.684,12.904,-0.22
1996-12-05,1996,12,5,12.38,12.703,-0.323
1996-12-06,1996,12,6,12.109,12.495,-0.386
1996-12-07,1996,12,7,12.02,12.29,-0.27
1996-12-08,1996,12,8,11.82,12.068,-0.248
1996-12-09,1996,12,9,11.558,11.859,-0.301
1996-12-10,1996,12,10,11.241,11.659,-0.418
1996-12-11,1996,12,11,10.936,11.436,-0.5
1996-12-12,1996,12,12,10.675,11.222,-0.547
1996-12-13,1996,12,13,10.425,10.998,-0.573
1996-12-14,1996,12,14,10.032,10.755,-0.723
1996-12-15,1996,12,15,9.707,10.498,-0.791
1996-12-16,1996,12,16,9.441,10.247,-0.806
1996-12-17,1996,12,17,9.21,9.984,-0.774
1996-12-18,1996,12,18,8.96,9.732,-0.772
1996-12-19,1996,12,19,8.727,9.48,-0.753
1996-12-20,1996,12,20,8.601,9.255,-0.654
1996-12-21,1996,12,21,8.308,9.039,-0.731
1996-12-22,1996,12,22,8.159,8.835,-0.676
1996-12-23,1996,12,23,8.011,8.631,-0.62
1996-12-24,1996,12,24,7.709,8.416,-0.707
1996-12-25,1996,12,25,7.467,8.224,-0.757
1996-12-26,1996,12,26,7.236,8.018,-0.782
1996-12-27,1996,12,27,6.979,7.811,-0.832
1996-12-28,1996,12,28,6.749,7.624,-0.875
1996-12-29,1996,12,29,6.555,7.406,-0.851
1996-12-30,1996,12,30,6.414,7.222,-0.808
1996-12-31,1996,12,31,6.334,7.059,-0.725
1997-01-01,1997,1,1,6.087,6.999,-0.912
1997-01-02,1997,1,2,5.962,6.808,-0.846
1997-01-03,1997,1,3,5.788,6.621,-0.833
1997-01-04,1997,1,4,5.539,6.451,-0.912
1997-01-05,1997,1,5,5.287,6.296,-1.009
1997-01-06,1997,1,6,5.178,6.142,-0.964
1997-01-07,1997,1,7,5.045,5.999,-0.954
1997-01-08,1997,1,8,4.837,5.838,-1.001
1997-01-09,1997,1,9,4.692,5.681,-0.989
1997-01-10,1997,1,10,4.604,5.547,-0.943
1997-01-11,1997,1,11,4.479,5.423,-0.944
1997-01-12,1997,1,12,4.382,5.305,-0.923
1997-01-13,1997,1,13,4.341,5.16,-0.819
1997-01-14,1997,1,14,4.173,5.047,-0.874
1997-01-15,1997,1,15,4.11,4.926,-0.816
1997-01-16,1997,1,16,4.002,4.819,-0.817
1997-01-17,1997,1,17,3.908,4.709,-0.801
1997-01-18,1997,1,18,3.894,4.614,-0.72
1997-01-19,1997,1,19,3.799,4.521,-0.722
1997-01-20,1997,1,20,3.701,4.427,-0.726
1997-01-21,1997,1,21,3.632,4.335,-0.703
1997-01-22,1997,1,22,3.551,4.24,-0.689
1997-01-23,1997,1,23,3.499,4.154,-0.655
1997-01-24,1997,1,24,3.442,4.074,-0.632
1997-01-25,1997,1,25,3.334,3.998,-0.664
1997-01-26,1997,1,26,3.279,3.929,-0.65
1997-01-27,1997,1,27,3.19,3.861,-0.671
1997-01-28,1997,1,28,3.172,3.808,-0.636
1997-01-29,1997,1,29,3.109,3.734,-0.625
1997-01-30,1997,1,30,3.073,3.665,-0.592
1997-01-31,1997,1,31,3.026,3.605,-0.579
1997-02-01,1997,2,1,3.013,3.534,-0.521
1997-02-02,1997,2,2,3.033,3.489,-0.456
1997-02-03,1997,2,3,2.93,3.43,-0.5
1997-02-04,1997,2,4,2.826,3.377,-0.551
1997-02-05,1997,2,5,2.804,3.326,-0.522
1997-02-06,1997,2,6,2.767,3.28,-0.513
1997-02-07,1997,2,7,2.588,3.227,-0.639
1997-02-08,1997,2,8,2.528,3.181,-0.653
1997-02-09,1997,2,9,2.491,3.141,-0.65
1997-02-10,1997,2,10,2.488,3.097,-0.609
1997-02-11,1997,2,11,2.483,3.064,-0.581
1997-02-12,1997,2,12,2.454,3.025,-0.571
1997-02-13,1997,2,13,2.437,2.998,-0.561
1997-02-14,1997,2,14,2.415,2.969,-0.554
1997-02-15,1997,2,15,2.38,2.935,-0.555
1997-02-16,1997,2,16,2.339,2.918,-0.579
1997-02-17,1997,2,17,2.327,2.914,-0.587
1997-02-18,1997,2,18,2.378,2.903,-0.525
1997-02-19,1997,2,19,2.311,2.881,-0.57
1997-02-20,1997,2,20,2.319,2.876,-0.557
1997-02-21,1997,2,21,2.299,2.881,-0.582
1997-02-22,1997,2,22,2.314,2.885,-0.571
1997-02-23,1997,2,23,2.302,2.892,-0.59
1997-02-24,1997,2,24,2.299,2.889,-0.59
1997-02-25,1997,2,25,2.29,2.907,-0.617
1997-02-26,1997,2,26,2.295,2.931,-0.636
1997-02-27,1997,2,27,2.264,2.96,-0.696
1997-02-28,1997,2,28,2.333,2.994,-0.661
1997-03-01,1997,3,1,2.377,3.061,-0.684
1997-03-02,1997,3,2,2.473,3.105,-0.632
1997-03-03,1997,3,3,2.507,3.166,-0.659
1997-03-04,1997,3,4,2.566,3.211,-0.645
1997-03-05,1997,3,5,2.674,3.253,-0.579
1997-03-06,1997,3,6,2.673,3.306,-0.633
1997-03-07,1997,3,7,2.744,3.37,-0.626
1997-03-08,1997,3,8,2.798,3.433,-0.635
1997-03-09,1997,3,9,2.901,3.507,-0.606
1997-03-10,1997,3,10,2.967,3.592,-0.625
1997-03-11,1997,3,11,3.092,3.658,-0.566
1997-03-12,1997,3,12,3.122,3.735,-0.613
1997-03-13,1997,3,13,3.166,3.815,-0.649
1997-03-14,1997,3,14,3.226,3.892,-0.666
1997-03-15,1997,3,15,3.322,3.966,-0.644
1997-03-16,1997,3,16,3.34,4.035,-0.695
1997-03-17,1997,3,17,3.4,4.11,-0.71
1997-03-18,1997,3,18,3.443,4.199,-0.756
1997-03-19,1997,3,19,3.541,4.271,-0.73
1997-03-20,1997,3,20,3.707,4.362,-0.655
1997-03-21,1997,3,21,3.851,4.441,-0.59
1997-03-22,1997,3,22,3.98,4.521,-0.541
1997-03-23,1997,3,23,4.067,4.613,-0.546
1997-03-24,1997,3,24,4.152,4.701,-0.549
1997-03-25,1997,3,25,4.244,4.798,-0.554
1997-03-26,1997,3,26,4.259,4.884,-0.625
1997-03-27,1997,3,27,4.388,4.956,-0.568
1997-03-28,1997,3,28,4.432,5.047,-0.615
1997-03-29,1997,3,29,4.539,5.139,-0.6
1997-03-30,1997,3,30,4.577,5.219,-0.642
1997-03-31,1997,3,31,4.651,5.312,-0.661
1997-04-01,1997,4,1,4.812,5.405,-0.593
1997-04-02,1997,4,2,4.935,5.508,-0.573
1997-04-03,1997,4,3,5.133,5.607,-0.474
1997-04-04,1997,4,4,5.208,5.708,-0.5
1997-04-05,1997,4,5,5.335,5.806,-0.471
1997-04-06,1997,4,6,5.445,5.908,-0.463
1997-04-07,1997,4,7,5.521,6.018,-0.497
1997-04-08,1997,4,8,5.618,6.125,-0.507
1997-04-09,1997,4,9,5.771,6.218,-0.447
1997-04-10,1997,4,10,5.815,6.329,-0.514
1997-04-11,1997,4,11,5.879,6.434,-0.555
1997-04-12,1997,4,12,6.047,6.549,-0.502
1997-04-13,1997,4,13,6.188,6.656,-0.468
1997-04-14,1997,4,14,6.331,6.757,-0.426
1997-04-15,1997,4,15,6.452,6.862,-0.41
1997-04-16,1997,4,16,6.614,6.977,-0.363
1997-04-17,1997,4,17,6.717,7.089,-0.372
1997-04-18,1997,4,18,6.84,7.194,-0.354
1997-04-19,1997,4,19,6.971,7.303,-0.332
1997-04-20,1997,4,20,7.051,7.414,-0.363
1997-04-21,1997,4,21,7.077,7.516,-0.439
1997-04-22,1997,4,22,7.22,7.624,-0.404
1997-04-23,1997,4,23,7.295,7.733,-0.438
1997-04-24,1997,4,24,7.361,7.84,-0.479
1997-04-25,1997,4,25,7.499,7.947,-0.448
1997-04-26,1997,4,26,7.639,8.05,-0.411
1997-04-27,1997,4,27,7.793,8.165,-0.372
1997-04-28,1997,4,28,7.919,8.28,-0.361
1997-04-29,1997,4,29,8.076,8.387,-0.311
1997-04-30,1997,4,30,8.208,8.497,-0.289
1997-05-01,1997,5,1,8.32,8.604,-0.284
1997-05-02,1997,5,2,8.503,8.71,-0.207
1997-05-03,1997,5,3,8.703,8.825,-0.122
1997-05-04,1997,5,4,8.834,8.94,-0.106
1997-05-05,1997,5,5,8.888,9.053,-0.165
1997-05-06,1997,5,6,8.978,9.161,-0.183
1997-05-07,1997,5,7,9.135,9.28,-0.145
1997-05-08,1997,5,8,9.304,9.392,-0.088
1997-05-09,1997,5,9,9.404,9.487,-0.083
1997-05-10,1997,5,10,9.532,9.588,-0.056
1997-05-11,1997,5,11,9.659,9.705,-0.046
1997-05-12,1997,5,12,9.793,9.811,-0.018
1997-05-13,1997,5,13,9.849,9.928,-0.079
1997-05-14,1997,5,14,9.965,10.039,-0.074
1997-05-15,1997,5,15,10.09,10.147,-0.057
1997-05-16,1997,5,16,10.154,10.26,-0.106
1997-05-17,1997,5,17,10.275,10.366,-0.091
1997-05-18,1997,5,18,10.364,10.47,-0.106
1997-05-19,1997,5,19,10.52,10.583,-0.063
1997-05-20,1997,5,20,10.639,10.708,-0.069
1997-05-21,1997,5,21,10.803,10.809,-0.006
1997-05-22,1997,5,22,10.891,10.909,-0.018
1997-05-23,1997,5,23,10.9,11.019,-0.119
1997-05-24,1997,5,24,11.025,11.119,-0.094
1997-05-25,1997,5,25,11.159,11.219,-0.06
1997-05-26,1997,5,26,11.214,11.321,-0.107
1997-05-27,1997,5,27,11.275,11.422,-0.147
1997-05-28,1997,5,28,11.316,11.532,-0.216
1997-05-29,1997,5,29,11.356,11.629,-0.273
1997-05-30,1997,5,30,11.457,11.732,-0.275
1997-05-31,1997,5,31,11.538,11.859,-0.321
1997-06-01,1997,6,1,11.644,11.978,-0.334
1997-06-02,1997,6,2,11.872,12.077,-0.205
1997-06-03,1997,6,3,12.038,12.168,-0.13
1997-06-04,1997,6,4,12.072,12.271,-0.199
1997-06-05,1997,6,5,12.102,12.383,-0.281
1997-06-06,1997,6,6,12.22,12.49,-0.27
1997-06-07,1997,6,7,12.286,12.581,-0.295
1997-06-08,1997,6,8,12.386,12.69,-0.304
1997-06-09,1997,6,9,12.545,12.792,-0.247
1997-06-10,1997,6,10,12.669,12.894,-0.225
1997-06-11,1997,6,11,12.794,12.987,-0.193
1997-06-12,1997,6,12,12.875,13.074,-0.199
1997-06-13,1997,6,13,12.854,13.172,-0.318
1997-06-14,1997,6,14,12.794,13.279,-0.485
1997-06-15,1997,6,15,12.874,13.384,-0.51
1997-06-16,1997,6,16,13.06,13.487,-0.427
1997-06-17,1997,6,17,13.236,13.597,-0.361
1997-06-18,1997,6,18,13.388,13.692,-0.304
1997-06-19,1997,6,19,13.406,13.796,-0.39
1997-06-20,1997,6,20,13.523,13.898,-0.375
1997-06-21,1997,6,21,13.658,13.991,-0.333
1997-06-22,1997,6,22,13.679,14.085,-0.406
1997-06-23,1997,6,23,13.768,14.186,-0.418
1997-06-24,1997,6,24,13.883,14.279,-0.396
1997-06-25,1997,6,25,14.053,14.37,-0.317
1997-06-26,1997,6,26,14.176,14.448,-0.272
1997-06-27,1997,6,27,14.32,14.524,-0.204
1997-06-28,1997,6,28,14.371,14.622,-0.251
1997-06-29,1997,6,29,14.449,14.709,-0.26
1997-06-30,1997,6,30,14.486,14.812,-0.326
1997-07-01,1997,7,1,14.523,14.896,-0.373
1997-07-02,1997,7,2,14.656,14.966,-0.31
1997-07-03,1997,7,3,14.837,15.039,-0.202
1997-07-04,1997,7,4,14.987,15.112,-0.125
1997-07-05,1997,7,5,15.057,15.187,-0.13
1997-07-06,1997,7,6,15.123,15.265,-0.142
1997-07-07,1997,7,7,15.164,15.329,-0.165
1997-07-08,1997,7,8,15.246,15.395,-0.149
1997-07-09,1997,7,9,15.303,15.482,-0.179
1997-07-10,1997,7,10,15.345,15.547,-0.202
1997-07-11,1997,7,11,15.432,15.652,-0.22
1997-07-12,1997,7,12,15.573,15.753,-0.18
1997-07-13,1997,7,13,15.712,15.839,-0.127
1997-07-14,1997,7,14,15.806,15.909,-0.103
1997-07-15,1997,7,15,15.873,15.971,-0.098
1997-07-16,1997,7,16,15.941,16.038,-0.097
1997-07-17,1997,7,17,15.992,16.084,-0.092
1997-07-18,1997,7,18,16.024,16.164,-0.14
1997-07-19,1997,7,19,16.168,16.257,-0.089
1997-07-20,1997,7,20,16.259,16.345,-0.086
1997-07-21,1997,7,21,16.379,16.437,-0.058
1997-07-22,1997,7,22,16.439,16.517,-0.078
1997-07-23,1997,7,23,16.545,16.591,-0.046
1997-07-24,1997,7,24,16.672,16.643,0.029
1997-07-25,1997,7,25,16.76,16.69,0.07
1997-07-26,1997,7,26,16.868,16.746,0.122
1997-07-27,1997,7,27,16.893,16.801,0.092
1997-07-28,1997,7,28,16.933,16.857,0.076
1997-07-29,1997,7,29,16.951,16.929,0.022
1997-07-30,1997,7,30,17.025,16.981,0.044
1997-07-31,1997,7,31,17.055,17.028,0.027
1997-08-01,1997,8,1,17.051,17.083,-0.032
1997-08-02,1997,8,2,17.12,17.135,-0.015
1997-08-03,1997,8,3,17.101,17.19,-0.089
1997-08-04,1997,8,4,17.148,17.236,-0.088
1997-08-05,1997,8,5,17.123,17.287,-0.164
1997-08-06,1997,8,6,17.024,17.35,-0.326
1997-08-07,1997,8,7,17.045,17.421,-0.376
1997-08-08,1997,8,8,17.226,17.481,-0.255
1997-08-09,1997,8,9,17.311,17.514,-0.203
1997-08-10,1997,8,10,17.345,17.547,-0.202
1997-08-11,1997,8,11,17.359,17.593,-0.234
1997-08-12,1997,8,12,17.45,17.642,-0.192
1997-08-13,1997,8,13,17.585,17.683,-0.098
1997-08-14,1997,8,14,17.67,17.738,-0.068
1997-08-15,1997,8,15,17.721,17.782,-0.061
1997-08-16,1997,8,16,17.815,17.827,-0.012
1997-08-17,1997,8,17,17.922,17.845,0.077
1997-08-18,1997,8,18,17.965,17.867,0.098
1997-08-19,1997,8,19,18.045,17.888,0.157
1997-08-20,1997,8,20,18.031,17.924,0.107
1997-08-21,1997,8,21,18.067,17.964,0.103
1997-08-22,1997,8,22,18.05,17.983,0.067
1997-08-23,1997,8,23,18.025,18.018,0.007
1997-08-24,1997,8,24,18.068,18.053,0.015
1997-08-25,1997,8,25,18.103,18.105,-0.002
1997-08-26,1997,8,26,18.106,18.145,-0.039
1997-08-27,1997,8,27,18.095,18.159,-0.064
1997-08-28,1997,8,28,18.084,18.195,-0.111
1997-08-29,1997,8,29,18.14,18.222,-0.082
1997-08-30,1997,8,30,18.211,18.241,-0.03
1997-08-31,1997,8,31,18.209,18.264,-0.055
1997-09-01,1997,9,1,18.33,18.288,0.042
1997-09-02,1997,9,2,18.442,18.308,0.134
1997-09-03,1997,9,3,18.461,18.333,0.128
1997-09-04,1997,9,4,18.515,18.352,0.163
1997-09-05,1997,9,5,18.564,18.373,0.191
1997-09-06,1997,9,6,18.618,18.397,0.221
1997-09-07,1997,9,7,18.648,18.416,0.232
1997-09-08,1997,9,8,18.692,18.445,0.247
1997-09-09,1997,9,9,18.691,18.47,0.221
1997-09-10,1997,9,10,18.711,18.49,0.221
1997-09-11,1997,9,11,18.678,18.502,0.176
1997-09-12,1997,9,12,18.609,18.521,0.088
1997-09-13,1997,9,13,18.617,18.522,0.095
1997-09-14,1997,9,14,18.526,18.529,-0.003
1997-09-15,1997,9,15,18.527,18.533,-0.006
1997-09-16,1997,9,16,18.536,18.546,-0.01
1997-09-17,1997,9,17,18.492,18.565,-0.073
1997-09-18,1997,9,18,18.613,18.567,0.046
1997-09-19,1997,9,19,18.675,18.572,0.103
1997-09-20,1997,9,20,18.714,18.574,0.14
1997-09-21,1997,9,21,18.782,18.576,0.206
1997-09-22,1997,9,22,18.792,18.569,0.223
1997-09-23,1997,9,23,18.717,18.57,0.147
1997-09-24,1997,9,24,18.669,18.571,0.098
1997-09-25,1997,9,25,18.624,18.566,0.058
1997-09-26,1997,9,26,18.623,18.552,0.071
1997-09-27,1997,9,27,18.663,18.541,0.122
1997-09-28,1997,9,28,18.507,18.525,-0.018
1997-09-29,1997,9,29,18.451,18.525,-0.074
1997-09-30,1997,9,30,18.406,18.508,-0.102
1997-10-01,1997,10,1,18.369,18.508,-0.139
1997-10-02,1997,10,2,18.39,18.504,-0.114
1997-10-03,1997,10,3,18.445,18.476,-0.031
1997-10-04,1997,10,4,18.489,18.448,0.041
1997-10-05,1997,10,5,18.422,18.44,-0.018
1997-10-06,1997,10,6,18.45,18.425,0.025
1997-10-07,1997,10,7,18.58,18.394,0.186
1997-10-08,1997,10,8,18.428,18.361,0.067
1997-10-09,1997,10,9,18.329,18.329,0.0
1997-10-10,1997,10,10,18.261,18.299,-0.038
1997-10-11,1997,10,11,18.207,18.287,-0.08
1997-10-12,1997,10,12,18.251,18.265,-0.014
1997-10-13,1997,10,13,18.233,18.235,-0.002
1997-10-14,1997,10,14,18.2,18.224,-0.024
1997-10-15,1997,10,15,18.182,18.193,-0.011
1997-10-16,1997,10,16,18.151,18.158,-0.007
1997-10-17,1997,10,17,18.042,18.116,-0.074
1997-10-18,1997,10,18,18.059,18.062,-0.003
1997-10-19,1997,10,19,18.004,18.012,-0.008
1997-10-20,1997,10,20,17.807,17.97,-0.163
1997-10-21,1997,10,21,17.735,17.921,-0.186
1997-10-22,1997,10,22,17.657,17.872,-0.215
1997-10-23,1997,10,23,17.628,17.833,-0.205
1997-10-24,1997,10,24,17.613,17.791,-0.178
1997-10-25,1997,10,25,17.603,17.736,-0.133
1997-10-26,1997,10,26,17.515,17.681,-0.166
1997-10-27,1997,10,27,17.442,17.633,-0.191
1997-10-28,1997,10,28,17.417,17.555,-0.138
1997-10-29,1997,10,29,17.364,17.509,-0.145
1997-10-30,1997,10,30,17.292,17.449,-0.157
1997-10-31,1997,10,31,17.23,17.367,-0.137
1997-11-01,1997,11,1,17.156,17.312,-0.156
1997-11-02,1997,11,2,17.201,17.229,-0.028
1997-11-03,1997,11,3,17.068,17.153,-0.085
1997-11-04,1997,11,4,17.037,17.081,-0.044
1997-11-05,1997,11,5,17.002,17.011,-0.009
1997-11-06,1997,11,6,16.917,16.934,-0.017
1997-11-07,1997,11,7,16.863,16.848,0.015
1997-11-08,1997,11,8,16.77,16.762,0.008
1997-11-09,1997,11,9,16.737,16.667,0.07
1997-11-10,1997,11,10,16.625,16.562,0.063
1997-11-11,1997,11,11,16.467,16.472,-0.005
1997-11-12,1997,11,12,16.326,16.378,-0.052
1997-11-13,1997,11,13,16.26,16.272,-0.012
1997-11-14,1997,11,14,16.239,16.175,0.064
1997-11-15,1997,11,15,16.083,16.061,0.022
1997-11-16,1997,11,16,15.904,15.925,-0.021
1997-11-17,1997,11,17,15.813,15.797,0.016
1997-11-18,1997,11,18,15.655,15.665,-0.01
1997-11-19,1997,11,19,15.466,15.509,-0.043
1997-11-20,1997,11,20,15.242,15.368,-0.126
1997-11-21,1997,11,21,15.089,15.213,-0.124
1997-11-22,1997,11,22,14.936,15.069,-0.133
1997-11-23,1997,11,23,14.816,14.896,-0.08
1997-11-24,1997,11,24,14.536,14.74,-0.204
1997-11-25,1997,11,25,14.349,14.575,-0.226
1997-11-26,1997,11,26,14.194,14.417,-0.223
1997-11-27,1997,11,27,14.037,14.239,-0.202
1997-11-28,1997,11,28,13.924,14.055,-0.131
1997-11-29,1997,11,29,13.733,13.868,-0.135
1997-11-30,1997,11,30,13.538,13.685,-0.147
1997-12-01,1997,12,1,13.337,13.513,-0.176
1997-12-02,1997,12,2,13.19,13.294,-0.104
1997-12-03,1997,12,3,13.05,13.105,-0.055
1997-12-04,1997,12,4,12.88,12.904,-0.024
1997-12-05,1997,12,5,12.752,12.703,0.049
1997-12-06,1997,12,6,12.596,12.495,0.101
1997-12-07,1997,12,7,12.423,12.29,0.133
1997-12-08,1997,12,8,12.257,12.068,0.189
1997-12-09,1997,12,9,12.064,11.859,0.205
1997-12-10,1997,12,10,11.935,11.659,0.276
1997-12-11,1997,12,11,11.828,11.436,0.392
1997-12-12,1997,12,12,11.512,11.222,0.29
1997-12-13,1997,12,13,11.291,10.998,0.293
1997-12-14,1997,12,14,11.107,10.755,0.352
1997-12-15,1997,12,15,10.989,10.498,0.491
1997-12-16,1997,12,16,10.789,10.247,0.542
1997-12-17,1997,12,17,10.487,9.984,0.503
1997-12-18,1997,12,18,10.177,9.732,0.445
1997-12-19,1997,12,19,9.781,9.48,0.301
1997-12-20,1997,12,20,9.386,9.255,0.131
1997-12-21,1997,12,21,9.154,9.039,0.115
1997-12-22,1997,12,22,8.84,8.835,0.005
1997-12-23,1997,12,23,8.652,8.631,0.021
1997-12-24,1997,12,24,8.381,8.416,-0.035
1997-12-25,1997,12,25,8.079,8.224,-0.145
1997-12-26,1997,12,26,7.676,8.018,-0.342
1997-12-27,1997,12,27,7.363,7.811,-0.448
1997-12-28,1997,12,28,7.102,7.624,-0.522
1997-12-29,1997,12,29,6.824,7.406,-0.582
1997-12-30,1997,12,30,6.554,7.222,-0.668
1997-12-31,1997,12,31,6.391,7.059,-0.668
1998-01-01,1998,1,1,6.238,6.999,-0.761
1998-01-02,1998,1,2,6.033,6.808,-0.775
1998-01-03,1998,1,3,5.86,6.621,-0.761
1998-01-04,1998,1,4,5.737,6.451,-0.714
1998-01-05,1998,1,5,5.541,6.296,-0.755
1998-01-06,1998,1,6,5.361,6.142,-0.781
1998-01-07,1998,1,7,5.28,5.999,-0.719
1998-01-08,1998,1,8,5.18,5.838,-0.658
1998-01-09,1998,1,9,4.997,5.681,-0.684
1998-01-10,1998,1,10,4.822,5.547,-0.725
1998-01-11,1998,1,11,4.669,5.423,-0.754
1998-01-12,1998,1,12,4.567,5.305,-0.738
1998-01-13,1998,1,13,4.483,5.16,-0.677
1998-01-14,1998,1,14,4.425,5.047,-0.622
1998-01-15,1998,1,15,4.334,4.926,-0.592
1998-01-16,1998,1,16,4.238,4.819,-0.581
1998-01-17,1998,1,17,4.163,4.709,-0.546
1998-01-18,1998,1,18,4.111,4.614,-0.503
1998-01-19,1998,1,19,4.061,4.521,-0.46
1998-01-20,1998,1,20,3.98,4.427,-0.447
1998-01-21,1998,1,21,3.916,4.335,-0.419
1998-01-22,1998,1,22,3.893,4.24,-0.347
1998-01-23,1998,1,23,3.826,4.154,-0.328
1998-01-24,1998,1,24,3.714,4.074,-0.36
1998-01-25,1998,1,25,3.698,3.998,-0.3
1998-01-26,1998,1,26,3.663,3.929,-0.266
1998-01-27,1998,1,27,3.603,3.861,-0.258
1998-01-28,1998,1,28,3.566,3.808,-0.242
1998-01-29,1998,1,29,3.533,3.734,-0.201
1998-01-30,1998,1,30,3.492,3.665,-0.173
1998-01-31,1998,1,31,3.428,3.605,-0.177
1998-02-01,1998,2,1,3.366,3.534,-0.168
1998-02-02,1998,2,2,3.302,3.489,-0.187
1998-02-03,1998,2,3,3.301,3.43,-0.129
1998-02-04,1998,2,4,3.226,3.377,-0.151
1998-02-05,1998,2,5,3.219,3.326,-0.107
1998-02-06,1998,2,6,3.226,3.28,-0.054
1998-02-07,1998,2,7,3.187,3.227,-0.04
1998-02-08,1998,2,8,3.171,3.181,-0.01
1998-02-09,1998,2,9,3.108,3.141,-0.033
1998-02-10,1998,2,10,3.023,3.097,-0.074
1998-02-11,1998,2,11,3.055,3.064,-0.009
1998-02-12,1998,2,12,2.997,3.025,-0.028
1998-02-13,1998,2,13,2.946,2.998,-0.052
1998-02-14,1998,2,14,2.966,2.969,-0.003
1998-02-15,1998,2,15,2.924,2.935,-0.011
1998-02-16,1998,2,16,2.873,2.918,-0.045
1998-02-17,1998,2,17,2.854,2.914,-0.06
1998-02-18,1998,2,18,2.854,2.903,-0.049
1998-02-19,1998,2,19,2.832,2.881,-0.049
1998-02-20,1998,2,20,2.831,2.876,-0.045
1998-02-21,1998,2,21,2.841,2.881,-0.04
1998-02-22,1998,2,22,2.836,2.885,-0.049
1998-02-23,1998,2,23,2.819,2.892,-0.073
1998-02-24,1998,2,24,2.787,2.889,-0.102
1998-02-25,1998,2,25,2.772,2.907,-0.135
1998-02-26,1998,2,26,2.782,2.931,-0.149
1998-02-27,1998,2,27,2.816,2.96,-0.144
1998-02-28,1998,2,28,2.794,2.994,-0.2
1998-03-01,1998,3,1,2.813,3.061,-0.248
1998-03-02,1998,3,2,2.813,3.105,-0.292
1998-03-03,1998,3,3,2.886,3.166,-0.28
1998-03-04,1998,3,4,2.987,3.211,-0.224
1998-03-05,1998,3,5,3.029,3.253,-0.224
1998-03-06,1998,3,6,3.104,3.306,-0.202
1998-03-07,1998,3,7,3.163,3.37,-0.207
1998-03-08,1998,3,8,3.3,3.433,-0.133
1998-03-09,1998,3,9,3.501,3.507,-0.006
1998-03-10,1998,3,10,3.647,3.592,0.055
1998-03-11,1998,3,11,3.824,3.658,0.166
1998-03-12,1998,3,12,3.924,3.735,0.189
1998-03-13,1998,3,13,3.985,3.815,0.17
1998-03-14,1998,3,14,4.017,3.892,0.125
1998-03-15,1998,3,15,4.058,3.966,0.092
1998-03-16,1998,3,16,4.107,4.035,0.072
1998-03-17,1998,3,17,4.166,4.11,0.056
1998-03-18,1998,3,18,4.267,4.199,0.068
1998-03-19,1998,3,19,4.342,4.271,0.071
1998-03-20,1998,3,20,4.472,4.362,0.11
1998-03-21,1998,3,21,4.6,4.441,0.159
1998-03-22,1998,3,22,4.681,4.521,0.16
1998-03-23,1998,3,23,4.713,4.613,0.1
1998-03-24,1998,3,24,4.764,4.701,0.063
1998-03-25,1998,3,25,4.848,4.798,0.05
1998-03-26,1998,3,26,4.984,4.884,0.1
1998-03-27,1998,3,27,5.109,4.956,0.153
1998-03-28,1998,3,28,5.185,5.047,0.138
1998-03-29,1998,3,29,5.281,5.139,0.142
1998-03-30,1998,3,30,5.396,5.219,0.177
1998-03-31,1998,3,31,5.366,5.312,0.054
1998-04-01,1998,4,1,5.497,5.405,0.092
1998-04-02,1998,4,2,5.493,5.508,-0.015
1998-04-03,1998,4,3,5.485,5.607,-0.122
1998-04-04,1998,4,4,5.551,5.708,-0.157
1998-04-05,1998,4,5,5.635,5.806,-0.171
1998-04-06,1998,4,6,5.667,5.908,-0.241
1998-04-07,1998,4,7,5.745,6.018,-0.273
1998-04-08,1998,4,8,5.83,6.125,-0.295
1998-04-09,1998,4,9,5.959,6.218,-0.259
1998-04-10,1998,4,10,6.094,6.329,-0.235
1998-04-11,1998,4,11,6.179,6.434,-0.255
1998-04-12,1998,4,12,6.244,6.549,-0.305
1998-04-13,1998,4,13,6.34,6.656,-0.316
1998-04-14,1998,4,14,6.501,6.757,-0.256
1998-04-15,1998,4,15,6.647,6.862,-0.215
1998-04-16,1998,4,16,6.849,6.977,-0.128
1998-04-17,1998,4,17,7.005,7.089,-0.084
1998-04-18,1998,4,18,7.114,7.194,-0.08
1998-04-19,1998,4,19,7.208,7.303,-0.095
1998-04-20,1998,4,20,7.323,7.414,-0.091
1998-04-21,1998,4,21,7.465,7.516,-0.051
1998-04-22,1998,4,22,7.693,7.624,0.069
1998-04-23,1998,4,23,7.875,7.733,0.142
1998-04-24,1998,4,24,8.036,7.84,0.196
1998-04-25,1998,4,25,8.083,7.947,0.136
1998-04-26,1998,4,26,8.156,8.05,0.106
1998-04-27,1998,4,27,8.314,8.165,0.149
1998-04-28,1998,4,28,8.454,8.28,0.174
1998-04-29,1998,4,29,8.552,8.387,0.165
1998-04-30,1998,4,30,8.621,8.497,0.124
1998-05-01,1998,5,1,8.719,8.604,0.115
1998-05-02,1998,5,2,8.783,8.71,0.073
1998-05-03,1998,5,3,8.938,8.825,0.113
1998-05-04,1998,5,4,9.077,8.94,0.137
1998-05-05,1998,5,5,9.224,9.053,0.171
1998-05-06,1998,5,6,9.311,9.161,0.15
1998-05-07,1998,5,7,9.389,9.28,0.109
1998-05-08,1998,5,8,9.502,9.392,0.11
1998-05-09,1998,5,9,9.61,9.487,0.123
1998-05-10,1998,5,10,9.749,9.588,0.161
1998-05-11,1998,5,11,9.8,9.705,0.095
1998-05-12,1998,5,12,9.937,9.811,0.126
1998-05-13,1998,5,13,9.977,9.928,0.049
1998-05-14,1998,5,14,10.165,10.039,0.126
1998-05-15,1998,5,15,10.332,10.147,0.185
1998-05-16,1998,5,16,10.488,10.26,0.228
1998-05-17,1998,5,17,10.545,10.366,0.179
1998-05-18,1998,5,18,10.742,10.47,0.272
1998-05-19,1998,5,19,10.857,10.583,0.274
1998-05-20,1998,5,20,10.908,10.708,0.2
1998-05-21,1998,5,21,10.982,10.809,0.173
1998-05-22,1998,5,22,10.967,10.909,0.058
1998-05-23,1998,5,23,10.992,11.019,-0.027
1998-05-24,1998,5,24,11.06,11.119,-0.059
1998-05-25,1998,5,25,11.12,11.219,-0.099
1998-05-26,1998,5,26,11.217,11.321,-0.104
1998-05-27,1998,5,27,11.322,11.422,-0.1
1998-05-28,1998,5,28,11.463,11.532,-0.069
1998-05-29,1998,5,29,11.618,11.629,-0.011
1998-05-30,1998,5,30,11.672,11.732,-0.06
1998-05-31,1998,5,31,11.716,11.859,-0.143
1998-06-01,1998,6,1,11.775,11.978,-0.203
1998-06-02,1998,6,2,11.87,12.077,-0.207
1998-06-03,1998,6,3,11.992,12.168,-0.176
1998-06-04,1998,6,4,12.191,12.271,-0.08
1998-06-05,1998,6,5,12.425,12.383,0.042
1998-06-06,1998,6,6,12.548,12.49,0.058
1998-06-07,1998,6,7,12.604,12.581,0.023
1998-06-08,1998,6,8,12.674,12.69,-0.016
1998-06-09,1998,6,9,12.71,12.792,-0.082
1998-06-10,1998,6,10,12.776,12.894,-0.118
1998-06-11,1998,6,11,12.808,12.987,-0.179
1998-06-12,1998,6,12,12.833,13.074,-0.241
1998-06-13,1998,6,13,12.837,13.172,-0.335
1998-06-14,1998,6,14,12.933,13.279,-0.346
1998-06-15,1998,6,15,13.058,13.384,-0.326
1998-06-16,1998,6,16,13.23,13.487,-0.257
1998-06-17,1998,6,17,13.412,13.597,-0.185
1998-06-18,1998,6,18,13.587,13.692,-0.105
1998-06-19,1998,6,19,13.716,13.796,-0.08
1998-06-20,1998,6,20,13.8,13.898,-0.098
1998-06-21,1998,6,21,13.905,13.991,-0.086
1998-06-22,1998,6,22,14.085,14.085,0.0
1998-06-23,1998,6,23,14.187,14.186,0.001
1998-06-24,1998,6,24,14.273,14.279,-0.006
1998-06-25,1998,6,25,14.348,14.37,-0.022
1998-06-26,1998,6,26,14.446,14.448,-0.002
1998-06-27,1998,6,27,14.497,14.524,-0.027
1998-06-28,1998,6,28,14.547,14.622,-0.075
1998-06-29,1998,6,29,14.641,14.709,-0.068
1998-06-30,1998,6,30,14.689,14.812,-0.123
1998-07-01,1998,7,1,14.791,14.896,-0.105
1998-07-02,1998,7,2,14.784,14.966,-0.182
1998-07-03,1998,7,3,14.965,15.039,-0.074
1998-07-04,1998,7,4,15.092,15.112,-0.02
1998-07-05,1998,7,5,15.084,15.187,-0.103
1998-07-06,1998,7,6,15.161,15.265,-0.104
1998-07-07,1998,7,7,15.294,15.329,-0.035
1998-07-08,1998,7,8,15.374,15.395,-0.021
1998-07-09,1998,7,9,15.447,15.482,-0.035
1998-07-10,1998,7,10,15.441,15.547,-0.106
1998-07-11,1998,7,11,15.458,15.652,-0.194
1998-07-12,1998,7,12,15.49,15.753,-0.263
1998-07-13,1998,7,13,15.556,15.839,-0.283
1998-07-14,1998,7,14,15.665,15.909,-0.244
1998-07-15,1998,7,15,15.86,15.971,-0.111
1998-07-16,1998,7,16,16.008,16.038,-0.03
1998-07-17,1998,7,17,16.101,16.084,0.017
1998-07-18,1998,7,18,16.198,16.164,0.034
1998-07-19,1998,7,19,16.288,16.257,0.031
1998-07-20,1998,7,20,16.321,16.345,-0.024
1998-07-21,1998,7,21,16.386,16.437,-0.051
1998-07-22,1998,7,22,16.422,16.517,-0.095
1998-07-23,1998,7,23,16.411,16.591,-0.18
1998-07-24,1998,7,24,16.548,16.643,-0.095
1998-07-25,1998,7,25,16.651,16.69,-0.039
1998-07-26,1998,7,26,16.792,16.746,0.046
1998-07-27,1998,7,27,16.904,16.801,0.103
1998-07-28,1998,7,28,17.049,16.857,0.192
1998-07-29,1998,7,29,17.11,16.929,0.181
1998-07-30,1998,7,30,17.084,16.981,0.103
1998-07-31,1998,7,31,17.108,17.028,0.08
1998-08-01,1998,8,1,17.133,17.083,0.05
1998-08-02,1998,8,2,17.165,17.135,0.03
1998-08-03,1998,8,3,17.184,17.19,-0.006
1998-08-04,1998,8,4,17.27,17.236,0.034
1998-08-05,1998,8,5,17.358,17.287,0.071
1998-08-06,1998,8,6,17.471,17.35,0.121
1998-08-07,1998,8,7,17.574,17.421,0.153
1998-08-08,1998,8,8,17.587,17.481,0.106
1998-08-09,1998,8,9,17.602,17.514,0.088
1998-08-10,1998,8,10,17.546,17.547,-0.001
1998-08-11,1998,8,11,17.607,17.593,0.014
1998-08-12,1998,8,12,17.765,17.642,0.123
1998-08-13,1998,8,13,17.831,17.683,0.148
1998-08-14,1998,8,14,17.824,17.738,0.086
1998-08-15,1998,8,15,17.885,17.782,0.103
1998-08-16,1998,8,16,17.94,17.827,0.113
1998-08-17,1998,8,17,17.908,17.845,0.063
1998-08-18,1998,8,18,17.962,17.867,0.095
1998-08-19,1998,8,19,18.069,17.888,0.181
1998-08-20,1998,8,20,18.039,17.924,0.115
1998-08-21,1998,8,21,18.093,17.964,0.129
1998-08-22,1998,8,22,18.236,17.983,0.253
1998-08-23,1998,8,23,18.25,18.018,0.232
1998-08-24,1998,8,24,18.304,18.053,0.251
1998-08-25,1998,8,25,18.336,18.105,0.231
1998-08-26,1998,8,26,18.343,18.145,0.198
1998-08-27,1998,8,27,18.353,18.159,0.194
1998-08-28,1998,8,28,18.35,18.195,0.155
1998-08-29,1998,8,29,18.488,18.222,0.266
1998-08-30,1998,8,30,18.436,18.241,0.195
1998-08-31,1998,8,31,18.413,18.264,0.149
1998-09-01,1998,9,1,18.435,18.288,0.147
1998-09-02,1998,9,2,18.421,18.308,0.113
1998-09-03,1998,9,3,18.465,18.333,0.132
1998-09-04,1998,9,4,18.487,18.352,0.135
1998-09-05,1998,9,5,18.524,18.373,0.151
1998-09-06,1998,9,6,18.558,18.397,0.161
1998-09-07,1998,9,7,18.609,18.416,0.193
1998-09-08,1998,9,8,18.605,18.445,0.16
1998-09-09,1998,9,9,18.713,18.47,0.243
1998-09-10,1998,9,10,18.815,18.49,0.325
1998-09-11,1998,9,11,18.846,18.502,0.344
1998-09-12,1998,9,12,18.965,18.521,0.444
1998-09-13,1998,9,13,19.044,18.522,0.522
1998-09-14,1998,9,14,19.148,18.529,0.619
1998-09-15,1998,9,15,19.244,18.533,0.711
1998-09-16,1998,9,16,19.226,18.546,0.68
1998-09-17,1998,9,17,19.215,18.565,0.65
1998-09-18,1998,9,18,19.223,18.567,0.656
1998-09-19,1998,9,19,19.172,18.572,0.6
1998-09-20,1998,9,20,19.106,18.574,0.532
1998-09-21,1998,9,21,19.065,18.576,0.489
1998-09-22,1998,9,22,19.085,18.569,0.516
1998-09-23,1998,9,23,19.064,18.57,0.494
1998-09-24,1998,9,24,19.062,18.571,0.491
1998-09-25,1998,9,25,19.111,18.566,0.545
1998-09-26,1998,9,26,19.1,18.552,0.548
1998-09-27,1998,9,27,19.028,18.541,0.487
1998-09-28,1998,9,28,18.98,18.525,0.455
1998-09-29,1998,9,29,18.889,18.525,0.364
1998-09-30,1998,9,30,18.9,18.508,0.392
1998-10-01,1998,10,1,18.963,18.508,0.455
1998-10-02,1998,10,2,18.989,18.504,0.485
1998-10-03,1998,10,3,19.028,18.476,0.552
1998-10-04,1998,10,4,19.03,18.448,0.582
1998-10-05,1998,10,5,19.045,18.44,0.605
1998-10-06,1998,10,6,19.058,18.425,0.633
1998-10-07,1998,10,7,19.089,18.394,0.695
1998-10-08,1998,10,8,19.019,18.361,0.658
1998-10-09,1998,10,9,18.926,18.329,0.597
1998-10-10,1998,10,10,18.856,18.299,0.557
1998-10-11,1998,10,11,18.766,18.287,0.479
1998-10-12,1998,10,12,18.836,18.265,0.571
1998-10-13,1998,10,13,18.884,18.235,0.649
1998-10-14,1998,10,14,18.886,18.224,0.662
1998-10-15,1998,10,15,18.803,18.193,0.61
1998-10-16,1998,10,16,18.722,18.158,0.564
1998-10-17,1998,10,17,18.665,18.116,0.549
1998-10-18,1998,10,18,18.686,18.062,0.624
1998-10-19,1998,10,19,18.666,18.012,0.654
1998-10-20,1998,10,20,18.507,17.97,0.537
1998-10-21,1998,10,21,18.448,17.921,0.527
1998-10-22,1998,10,22,18.456,17.872,0.584
1998-10-23,1998,10,23,18.458,17.833,0.625
1998-10-24,1998,10,24,18.413,17.791,0.622
1998-10-25,1998,10,25,18.317,17.736,0.581
1998-10-26,1998,10,26,18.307,17.681,0.626
1998-10-27,1998,10,27,18.271,17.633,0.638
1998-10-28,1998,10,28,18.227,17.555,0.672
1998-10-29,1998,10,29,18.137,17.509,0.628
1998-10-30,1998,10,30,18.037,17.449,0.588
1998-10-31,1998,10,31,17.979,17.367,0.612
1998-11-01,1998,11,1,17.834,17.312,0.522
1998-11-02,1998,11,2,17.685,17.229,0.456
1998-11-03,1998,11,3,17.594,17.153,0.441
1998-11-04,1998,11,4,17.511,17.081,0.43
1998-11-05,1998,11,5,17.432,17.011,0.421
1998-11-06,1998,11,6,17.34,16.934,0.406
1998-11-07,1998,11,7,17.241,16.848,0.393
1998-11-08,1998,11,8,17.148,16.762,0.386
1998-11-09,1998,11,9,17.028,16.667,0.361
1998-11-10,1998,11,10,16.963,16.562,0.401
1998-11-11,1998,11,11,16.897,16.472,0.425
1998-11-12,1998,11,12,16.877,16.378,0.499
1998-11-13,1998,11,13,16.72,16.272,0.448
1998-11-14,1998,11,14,16.542,16.175,0.367
1998-11-15,1998,11,15,16.408,16.061,0.347
1998-11-16,1998,11,16,16.355,15.925,0.43
1998-11-17,1998,11,17,16.207,15.797,0.41
1998-11-18,1998,11,18,16.127,15.665,0.462
1998-11-19,1998,11,19,16.042,15.509,0.533
1998-11-20,1998,11,20,15.859,15.368,0.491
1998-11-21,1998,11,21,15.736,15.213,0.523
1998-11-22,1998,11,22,15.639,15.069,0.57
1998-11-23,1998,11,23,15.476,14.896,0.58
1998-11-24,1998,11,24,15.422,14.74,0.682
1998-11-25,1998,11,25,15.255,14.575,0.68
1998-11-26,1998,11,26,15.082,14.417,0.665
1998-11-27,1998,11,27,14.957,14.239,0.718
1998-11-28,1998,11,28,14.79,14.055,0.735
1998-11-29,1998,11,29,14.514,13.868,0.646
1998-11-30,1998,11,30,14.331,13.685,0.646
1998-12-01,1998,12,1,14.156,13.513,0.643
1998-12-02,1998,12,2,14.1,13.294,0.806
1998-12-03,1998,12,3,13.662,13.105,0.557
1998-12-04,1998,12,4,13.374,12.904,0.47
1998-12-05,1998,12,5,13.104,12.703,0.401
1998-12-06,1998,12,6,12.912,12.495,0.417
1998-12-07,1998,12,7,12.635,12.29,0.345
1998-12-08,1998,12,8,12.49,12.068,0.422
1998-12-09,1998,12,9,12.317,11.859,0.458
1998-12-10,1998,12,10,12.05,11.659,0.391
1998-12-11,1998,12,11,11.83,11.436,0.394
1998-12-12,1998,12,12,11.581,11.222,0.359
1998-12-13,1998,12,13,11.406,10.998,0.408
1998-12-14,1998,12,14,11.123,10.755,0.368
1998-12-15,1998,12,15,10.903,10.498,0.405
1998-12-16,1998,12,16,10.602,10.247,0.355
1998-12-17,1998,12,17,10.343,9.984,0.359
1998-12-18,1998,12,18,9.955,9.732,0.223
1998-12-19,1998,12,19,9.658,9.48,0.178
1998-12-20,1998,12,20,9.431,9.255,0.176
1998-12-21,1998,12,21,9.214,9.039,0.175
1998-12-22,1998,12,22,9.106,8.835,0.271
1998-12-23,1998,12,23,8.848,8.631,0.217
1998-12-24,1998,12,24,8.527,8.416,0.111
1998-12-25,1998,12,25,8.262,8.224,0.038
1998-12-26,1998,12,26,8.014,8.018,-0.004
1998-12-27,1998,12,27,7.81,7.811,-0.001
1998-12-28,1998,12,28,7.577,7.624,-0.047
1998-12-29,1998,12,29,7.32,7.406,-0.086
1998-12-30,1998,12,30,7.03,7.222,-0.192
1998-12-31,1998,12,31,6.764,7.059,-0.295
1999-01-01,1999,1,1,6.528,6.999,-0.471
1999-01-02,1999,1,2,6.362,6.808,-0.446
1999-01-03,1999,1,3,6.191,6.621,-0.43
1999-01-04,1999,1,4,6.088,6.451,-0.363
1999-01-05,1999,1,5,5.983,6.296,-0.313
1999-01-06,1999,1,6,5.887,6.142,-0.255
1999-01-07,1999,1,7,5.762,5.999,-0.237
1999-01-08,1999,1,8,5.677,5.838,-0.161
1999-01-09,1999,1,9,5.487,5.681,-0.194
1999-01-10,1999,1,10,5.363,5.547,-0.184
1999-01-11,1999,1,11,5.284,5.423,-0.139
1999-01-12,1999,1,12,5.099,5.305,-0.206
1999-01-13,1999,1,13,4.944,5.16,-0.216
1999-01-14,1999,1,14,4.839,5.047,-0.208
1999-01-15,1999,1,15,4.722,4.926,-0.204
1999-01-16,1999,1,16,4.607,4.819,-0.212
1999-01-17,1999,1,17,4.514,4.709,-0.195
1999-01-18,1999,1,18,4.435,4.614,-0.179
1999-01-19,1999,1,19,4.346,4.521,-0.175
1999-01-20,1999,1,20,4.287,4.427,-0.14
1999-01-21,1999,1,21,4.204,4.335,-0.131
1999-01-22,1999,1,22,4.102,4.24,-0.138
1999-01-23,1999,1,23,4.055,4.154,-0.099
1999-01-24,1999,1,24,4.008,4.074,-0.066
1999-01-25,1999,1,25,3.922,3.998,-0.076
1999-01-26,1999,1,26,3.866,3.929,-0.063
1999-01-27,1999,1,27,3.825,3.861,-0.036
1999-01-28,1999,1,28,3.801,3.808,-0.007
1999-01-29,1999,1,29,3.759,3.734,0.025
1999-01-30,1999,1,30,3.687,3.665,0.022
1999-01-31,1999,1,31,3.658,3.605,0.053
1999-02-01,1999,2,1,3.595,3.534,0.061
1999-02-02,1999,2,2,3.59,3.489,0.101
1999-02-03,1999,2,3,3.481,3.43,0.051
1999-02-04,1999,2,4,3.391,3.377,0.014
1999-02-05,1999,2,5,3.333,3.326,0.007
1999-02-06,1999,2,6,3.247,3.28,-0.033
1999-02-07,1999,2,7,3.161,3.227,-0.066
1999-02-08,1999,2,8,3.096,3.181,-0.085
1999-02-09,1999,2,9,3.12,3.141,-0.021
1999-02-10,1999,2,10,3.005,3.097,-0.092
1999-02-11,1999,2,11,2.951,3.064,-0.113
1999-02-12,1999,2,12,2.932,3.025,-0.093
1999-02-13,1999,2,13,2.863,2.998,-0.135
1999-02-14,1999,2,14,2.836,2.969,-0.133
1999-02-15,1999,2,15,2.808,2.935,-0.127
1999-02-16,1999,2,16,2.754,2.918,-0.164
1999-02-17,1999,2,17,2.751,2.914,-0.163
1999-02-18,1999,2,18,2.746,2.903,-0.157
1999-02-19,1999,2,19,2.755,2.881,-0.126
1999-02-20,1999,2,20,2.707,2.876,-0.169
1999-02-21,1999,2,21,2.783,2.881,-0.098
1999-02-22,1999,2,22,2.722,2.885,-0.163
1999-02-23,1999,2,23,2.715,2.892,-0.177
1999-02-24,1999,2,24,2.717,2.889,-0.172
1999-02-25,1999,2,25,2.734,2.907,-0.173
1999-02-26,1999,2,26,2.728,2.931,-0.203
1999-02-27,1999,2,27,2.771,2.96,-0.189
1999-02-28,1999,2,28,2.756,2.994,-0.238
1999-03-01,1999,3,1,2.77,3.061,-0.291
1999-03-02,1999,3,2,2.846,3.105,-0.259
1999-03-03,1999,3,3,2.801,3.166,-0.365
1999-03-04,1999,3,4,2.787,3.211,-0.424
1999-03-05,1999,3,5,2.853,3.253,-0.4
1999-03-06,1999,3,6,2.934,3.306,-0.372
1999-03-07,1999,3,7,3.02,3.37,-0.35
1999-03-08,1999,3,8,2.945,3.433,-0.488
1999-03-09,1999,3,9,3.1,3.507,-0.407
1999-03-10,1999,3,10,3.213,3.592,-0.379
1999-03-11,1999,3,11,3.392,3.658,-0.266
1999-03-12,1999,3,12,3.589,3.735,-0.146
1999-03-13,1999,3,13,3.697,3.815,-0.118
1999-03-14,1999,3,14,3.858,3.892,-0.034
1999-03-15,1999,3,15,3.998,3.966,0.032
1999-03-16,1999,3,16,4.116,4.035,0.081
1999-03-17,1999,3,17,4.201,4.11,0.091
1999-03-18,1999,3,18,4.283,4.199,0.084
1999-03-19,1999,3,19,4.298,4.271,0.027
1999-03-20,1999,3,20,4.367,4.362,0.005
1999-03-21,1999,3,21,4.497,4.441,0.056
1999-03-22,1999,3,22,4.58,4.521,0.059
1999-03-23,1999,3,23,4.657,4.613,0.044
1999-03-24,1999,3,24,4.753,4.701,0.052
1999-03-25,1999,3,25,4.814,4.798,0.016
1999-03-26,1999,3,26,4.935,4.884,0.051
1999-03-27,1999,3,27,5.076,4.956,0.12
1999-03-28,1999,3,28,5.116,5.047,0.069
1999-03-29,1999,3,29,5.21,5.139,0.071
1999-03-30,1999,3,30,5.264,5.219,0.045
1999-03-31,1999,3,31,5.341,5.312,0.029
1999-04-01,1999,4,1,5.466,5.405,0.061
1999-04-02,1999,4,2,5.539,5.508,0.031
1999-04-03,1999,4,3,5.6,5.607,-0.007
1999-04-04,1999,4,4,5.74,5.708,0.032
1999-04-05,1999,4,5,5.865,5.806,0.059
1999-04-06,1999,4,6,5.97,5.908,0.062
1999-04-07,1999,4,7,6.084,6.018,0.066
1999-04-08,1999,4,8,6.176,6.125,0.051
1999-04-09,1999,4,9,6.27,6.218,0.052
1999-04-10,1999,4,10,6.354,6.329,0.025
1999-04-11,1999,4,11,6.464,6.434,0.03
1999-04-12,1999,4,12,6.565,6.549,0.016
1999-04-13,1999,4,13,6.633,6.656,-0.023
1999-04-14,1999,4,14,6.749,6.757,-0.008
1999-04-15,1999,4,15,6.894,6.862,0.032
1999-04-16,1999,4,16,6.981,6.977,0.004
1999-04-17,1999,4,17,7.162,7.089,0.073
1999-04-18,1999,4,18,7.217,7.194,0.023
1999-04-19,1999,4,19,7.26,7.303,-0.043
1999-04-20,1999,4,20,7.303,7.414,-0.111
1999-04-21,1999,4,21,7.371,7.516,-0.145
1999-04-22,1999,4,22,7.456,7.624,-0.168
1999-04-23,1999,4,23,7.543,7.733,-0.19
1999-04-24,1999,4,24,7.676,7.84,-0.164
1999-04-25,1999,4,25,7.763,7.947,-0.184
1999-04-26,1999,4,26,7.895,8.05,-0.155
1999-04-27,1999,4,27,8.017,8.165,-0.148
1999-04-28,1999,4,28,8.107,8.28,-0.173
1999-04-29,1999,4,29,8.228,8.387,-0.159
1999-04-30,1999,4,30,8.406,8.497,-0.091
1999-05-01,1999,5,1,8.63,8.604,0.026
1999-05-02,1999,5,2,8.703,8.71,-0.007
1999-05-03,1999,5,3,8.753,8.825,-0.072
1999-05-04,1999,5,4,8.892,8.94,-0.048
1999-05-05,1999,5,5,8.998,9.053,-0.055
1999-05-06,1999,5,6,9.11,9.161,-0.051
1999-05-07,1999,5,7,9.207,9.28,-0.073
1999-05-08,1999,5,8,9.347,9.392,-0.045
1999-05-09,1999,5,9,9.48,9.487,-0.007
1999-05-10,1999,5,10,9.618,9.588,0.03
1999-05-11,1999,5,11,9.82,9.705,0.115
1999-05-12,1999,5,12,9.935,9.811,0.124
1999-05-13,1999,5,13,9.989,9.928,0.061
1999-05-14,1999,5,14,10.048,10.039,0.009
1999-05-15,1999,5,15,10.051,10.147,-0.096
1999-05-16,1999,5,16,10.125,10.26,-0.135
1999-05-17,1999,5,17,10.259,10.366,-0.107
1999-05-18,1999,5,18,10.301,10.47,-0.169
1999-05-19,1999,5,19,10.462,10.583,-0.121
1999-05-20,1999,5,20,10.609,10.708,-0.099
1999-05-21,1999,5,21,10.813,10.809,0.004
1999-05-22,1999,5,22,10.972,10.909,0.063
1999-05-23,1999,5,23,11.068,11.019,0.049
1999-05-24,1999,5,24,11.187,11.119,0.068
1999-05-25,1999,5,25,11.268,11.219,0.049
1999-05-26,1999,5,26,11.392,11.321,0.071
1999-05-27,1999,5,27,11.542,11.422,0.12
1999-05-28,1999,5,28,11.694,11.532,0.162
1999-05-29,1999,5,29,11.832,11.629,0.203
1999-05-30,1999,5,30,11.978,11.732,0.246
1999-05-31,1999,5,31,12.142,11.859,0.283
1999-06-01,1999,6,1,12.282,11.978,0.304
1999-06-02,1999,6,2,12.36,12.077,0.283
1999-06-03,1999,6,3,12.449,12.168,0.281
1999-06-04,1999,6,4,12.552,12.271,0.281
1999-06-05,1999,6,5,12.653,12.383,0.27
1999-06-06,1999,6,6,12.754,12.49,0.264
1999-06-07,1999,6,7,12.819,12.581,0.238
1999-06-08,1999,6,8,12.917,12.69,0.227
1999-06-09,1999,6,9,13.125,12.792,0.333
1999-06-10,1999,6,10,13.32,12.894,0.426
1999-06-11,1999,6,11,13.412,12.987,0.425
1999-06-12,1999,6,12,13.445,13.074,0.371
1999-06-13,1999,6,13,13.462,13.172,0.29
1999-06-14,1999,6,14,13.503,13.279,0.224
1999-06-15,1999,6,15,13.582,13.384,0.198
1999-06-16,1999,6,16,13.683,13.487,0.196
1999-06-17,1999,6,17,13.678,13.597,0.081
1999-06-18,1999,6,18,13.696,13.692,0.004
1999-06-19,1999,6,19,13.83,13.796,0.034
1999-06-20,1999,6,20,13.887,13.898,-0.011
1999-06-21,1999,6,21,13.998,13.991,0.007
1999-06-22,1999,6,22,14.133,14.085,0.048
1999-06-23,1999,6,23,14.231,14.186,0.045
1999-06-24,1999,6,24,14.39,14.279,0.111
1999-06-25,1999,6,25,14.626,14.37,0.256
1999-06-26,1999,6,26,14.68,14.448,0.232
1999-06-27,1999,6,27,14.79,14.524,0.266
1999-06-28,1999,6,28,14.951,14.622,0.329
1999-06-29,1999,6,29,15.075,14.709,0.366
1999-06-30,1999,6,30,15.182,14.812,0.37
1999-07-01,1999,7,1,15.272,14.896,0.376
1999-07-02,1999,7,2,15.333,14.966,0.367
1999-07-03,1999,7,3,15.365,15.039,0.326
1999-07-04,1999,7,4,15.392,15.112,0.28
1999-07-05,1999,7,5,15.417,15.187,0.23
1999-07-06,1999,7,6,15.479,15.265,0.214
1999-07-07,1999,7,7,15.558,15.329,0.229
1999-07-08,1999,7,8,15.732,15.395,0.337
1999-07-09,1999,7,9,15.837,15.482,0.355
1999-07-10,1999,7,10,15.909,15.547,0.362
1999-07-11,1999,7,11,15.962,15.652,0.31
1999-07-12,1999,7,12,16.079,15.753,0.326
1999-07-13,1999,7,13,16.183,15.839,0.344
1999-07-14,1999,7,14,16.223,15.909,0.314
1999-07-15,1999,7,15,16.222,15.971,0.251
1999-07-16,1999,7,16,16.273,16.038,0.235
1999-07-17,1999,7,17,16.383,16.084,0.299
1999-07-18,1999,7,18,16.452,16.164,0.288
1999-07-19,1999,7,19,16.465,16.257,0.208
1999-07-20,1999,7,20,16.514,16.345,0.169
1999-07-21,1999,7,21,16.613,16.437,0.176
1999-07-22,1999,7,22,16.748,16.517,0.231
1999-07-23,1999,7,23,16.912,16.591,0.321
1999-07-24,1999,7,24,17.02,16.643,0.377
1999-07-25,1999,7,25,17.025,16.69,0.335
1999-07-26,1999,7,26,17.071,16.746,0.325
1999-07-27,1999,7,27,17.0,16.801,0.199
1999-07-28,1999,7,28,16.97,16.857,0.113
1999-07-29,1999,7,29,17.021,16.929,0.092
1999-07-30,1999,7,30,17.135,16.981,0.154
1999-07-31,1999,7,31,17.165,17.028,0.137
1999-08-01,1999,8,1,17.217,17.083,0.134
1999-08-02,1999,8,2,17.271,17.135,0.136
1999-08-03,1999,8,3,17.307,17.19,0.117
1999-08-04,1999,8,4,17.323,17.236,0.087
1999-08-05,1999,8,5,17.406,17.287,0.119
1999-08-06,1999,8,6,17.473,17.35,0.123
1999-08-07,1999,8,7,17.588,17.421,0.167
1999-08-08,1999,8,8,17.666,17.481,0.185
1999-08-09,1999,8,9,17.738,17.514,0.224
1999-08-10,1999,8,10,17.848,17.547,0.301
1999-08-11,1999,8,11,17.886,17.593,0.293
1999-08-12,1999,8,12,17.996,17.642,0.354
1999-08-13,1999,8,13,18.044,17.683,0.361
1999-08-14,1999,8,14,18.093,17.738,0.355
1999-08-15,1999,8,15,18.044,17.782,0.262
1999-08-16,1999,8,16,17.973,17.827,0.146
1999-08-17,1999,8,17,17.966,17.845,0.121
1999-08-18,1999,8,18,17.966,17.867,0.099
1999-08-19,1999,8,19,18.102,17.888,0.214
1999-08-20,1999,8,20,18.148,17.924,0.224
1999-08-21,1999,8,21,18.205,17.964,0.241
1999-08-22,1999,8,22,18.248,17.983,0.265
1999-08-23,1999,8,23,18.244,18.018,0.226
1999-08-24,1999,8,24,18.266,18.053,0.213
1999-08-25,1999,8,25,18.339,18.105,0.234
1999-08-26,1999,8,26,18.405,18.145,0.26
1999-08-27,1999,8,27,18.419,18.159,0.26
1999-08-28,1999,8,28,18.421,18.195,0.226
1999-08-29,1999,8,29,18.384,18.222,0.162
1999-08-30,1999,8,30,18.33,18.241,0.089
1999-08-31,1999,8,31,18.379,18.264,0.115
1999-09-01,1999,9,1,18.421,18.288,0.133
1999-09-02,1999,9,2,18.477,18.308,0.169
1999-09-03,1999,9,3,18.522,18.333,0.189
1999-09-04,1999,9,4,18.553,18.352,0.201
1999-09-05,1999,9,5,18.483,18.373,0.11
1999-09-06,1999,9,6,18.509,18.397,0.112
1999-09-07,1999,9,7,18.596,18.416,0.18
1999-09-08,1999,9,8,18.648,18.445,0.203
1999-09-09,1999,9,9,18.648,18.47,0.178
1999-09-10,1999,9,10,18.582,18.49,0.092
1999-09-11,1999,9,11,18.634,18.502,0.132
1999-09-12,1999,9,12,18.599,18.521,0.078
1999-09-13,1999,9,13,18.636,18.522,0.114
1999-09-14,1999,9,14,18.711,18.529,0.182
1999-09-15,1999,9,15,18.716,18.533,0.183
1999-09-16,1999,9,16,18.712,18.546,0.166
1999-09-17,1999,9,17,18.749,18.565,0.184
1999-09-18,1999,9,18,18.699,18.567,0.132
1999-09-19,1999,9,19,18.669,18.572,0.097
1999-09-20,1999,9,20,18.703,18.574,0.129
1999-09-21,1999,9,21,18.758,18.576,0.182
1999-09-22,1999,9,22,18.722,18.569,0.153
1999-09-23,1999,9,23,18.796,18.57,0.226
1999-09-24,1999,9,24,18.812,18.571,0.241
1999-09-25,1999,9,25,18.884,18.566,0.318
1999-09-26,1999,9,26,18.886,18.552,0.334
1999-09-27,1999,9,27,18.888,18.541,0.347
1999-09-28,1999,9,28,18.947,18.525,0.422
1999-09-29,1999,9,29,18.95,18.525,0.425
1999-09-30,1999,9,30,18.981,18.508,0.473
1999-10-01,1999,10,1,18.922,18.508,0.414
1999-10-02,1999,10,2,18.866,18.504,0.362
1999-10-03,1999,10,3,18.826,18.476,0.35
1999-10-04,1999,10,4,18.796,18.448,0.348
1999-10-05,1999,10,5,18.777,18.44,0.337
1999-10-06,1999,10,6,18.672,18.425,0.247
1999-10-07,1999,10,7,18.594,18.394,0.2
1999-10-08,1999,10,8,18.569,18.361,0.208
1999-10-09,1999,10,9,18.527,18.329,0.198
1999-10-10,1999,10,10,18.516,18.299,0.217
1999-10-11,1999,10,11,18.489,18.287,0.202
1999-10-12,1999,10,12,18.449,18.265,0.184
1999-10-13,1999,10,13,18.459,18.235,0.224
1999-10-14,1999,10,14,18.488,18.224,0.264
1999-10-15,1999,10,15,18.506,18.193,0.313
1999-10-16,1999,10,16,18.577,18.158,0.419
1999-10-17,1999,10,17,18.555,18.116,0.439
1999-10-18,1999,10,18,18.492,18.062,0.43
1999-10-19,1999,10,19,18.378,18.012,0.366
1999-10-20,1999,10,20,18.386,17.97,0.416
1999-10-21,1999,10,21,18.307,17.921,0.386
1999-10-22,1999,10,22,18.314,17.872,0.442
1999-10-23,1999,10,23,18.185,17.833,0.352
1999-10-24,1999,10,24,18.053,17.791,0.262
1999-10-25,1999,10,25,18.023,17.736,0.287
1999-10-26,1999,10,26,17.973,17.681,0.292
1999-10-27,1999,10,27,17.827,17.633,0.194
1999-10-28,1999,10,28,17.718,17.555,0.163
1999-10-29,1999,10,29,17.595,17.509,0.086
1999-10-30,1999,10,30,17.591,17.449,0.142
1999-10-31,1999,10,31,17.487,17.367,0.12
1999-11-01,1999,11,1,17.36,17.312,0.048
1999-11-02,1999,11,2,17.359,17.229,0.13
1999-11-03,1999,11,3,17.246,17.153,0.093
1999-11-04,1999,11,4,17.12,17.081,0.039
1999-11-05,1999,11,5,17.018,17.011,0.007
1999-11-06,1999,11,6,17.051,16.934,0.117
1999-11-07,1999,11,7,16.971,16.848,0.123
1999-11-08,1999,11,8,16.793,16.762,0.031
1999-11-09,1999,11,9,16.587,16.667,-0.08
1999-11-10,1999,11,10,16.453,16.562,-0.109
1999-11-11,1999,11,11,16.436,16.472,-0.036
1999-11-12,1999,11,12,16.339,16.378,-0.039
1999-11-13,1999,11,13,16.304,16.272,0.032
1999-11-14,1999,11,14,16.296,16.175,0.121
1999-11-15,1999,11,15,16.219,16.061,0.158
1999-11-16,1999,11,16,16.048,15.925,0.123
1999-11-17,1999,11,17,15.916,15.797,0.119
1999-11-18,1999,11,18,15.803,15.665,0.138
1999-11-19,1999,11,19,15.68,15.509,0.171
1999-11-20,1999,11,20,15.54,15.368,0.172
1999-11-21,1999,11,21,15.439,15.213,0.226
1999-11-22,1999,11,22,15.376,15.069,0.307
1999-11-23,1999,11,23,15.324,14.896,0.428
1999-11-24,1999,11,24,15.158,14.74,0.418
1999-11-25,1999,11,25,15.046,14.575,0.471
1999-11-26,1999,11,26,14.868,14.417,0.451
1999-11-27,1999,11,27,14.614,14.239,0.375
1999-11-28,1999,11,28,14.321,14.055,0.266
1999-11-29,1999,11,29,14.174,13.868,0.306
1999-11-30,1999,11,30,14.079,13.685,0.394
1999-12-01,1999,12,1,13.897,13.513,0.384
1999-12-02,1999,12,2,13.74,13.294,0.446
1999-12-03,1999,12,3,13.643,13.105,0.538
1999-12-04,1999,12,4,13.439,12.904,0.535
1999-12-05,1999,12,5,13.184,12.703,0.481
1999-12-06,1999,12,6,13.069,12.495,0.574
1999-12-07,1999,12,7,12.918,12.29,0.628
1999-12-08,1999,12,8,12.706,12.068,0.638
1999-12-09,1999,12,9,12.527,11.859,0.668
1999-12-10,1999,12,10,12.357,11.659,0.698
1999-12-11,1999,12,11,12.155,11.436,0.719
1999-12-12,1999,12,12,11.897,11.222,0.675
1999-12-13,1999,12,13,11.676,10.998,0.678
1999-12-14,1999,12,14,11.514,10.755,0.759
1999-12-15,1999,12,15,11.194,10.498,0.696
1999-12-16,1999,12,16,10.861,10.247,0.614
1999-12-17,1999,12,17,10.518,9.984,0.534
1999-12-18,1999,12,18,10.24,9.732,0.508
1999-12-19,1999,12,19,10.038,9.48,0.558
1999-12-20,1999,12,20,9.564,9.255,0.309
1999-12-21,1999,12,21,9.274,9.039,0.235
1999-12-22,1999,12,22,9.131,8.835,0.296
1999-12-23,1999,12,23,8.898,8.631,0.267
1999-12-24,1999,12,24,8.746,8.416,0.33
1999-12-25,1999,12,25,8.502,8.224,0.278
1999-12-26,1999,12,26,8.315,8.018,0.297
1999-12-27,1999,12,27,8.174,7.811,0.363
1999-12-28,1999,12,28,7.903,7.624,0.279
1999-12-29,1999,12,29,7.707,7.406,0.301
1999-12-30,1999,12,30,7.452,7.222,0.23
1999-12-31,1999,12,31,7.144,7.059,0.085
2000-01-01,2000,1,1,6.923,6.999,-0.076
2000-01-02,2000,1,2,6.667,6.808,-0.141
2000-01-03,2000,1,3,6.349,6.621,-0.272
2000-01-04,2000,1,4,6.215,6.451,-0.236
2000-01-05,2000,1,5,5.978,6.296,-0.318
2000-01-06,2000,1,6,5.771,6.142,-0.371
2000-01-07,2000,1,7,5.647,5.999,-0.352
2000-01-08,2000,1,8,5.478,5.838,-0.36
2000-01-09,2000,1,9,5.348,5.681,-0.333
2000-01-10,2000,1,10,5.191,5.547,-0.356
2000-01-11,2000,1,11,5.096,5.423,-0.327
2000-01-12,2000,1,12,4.946,5.305,-0.359
2000-01-13,2000,1,13,4.781,5.16,-0.379
2000-01-14,2000,1,14,4.705,5.047,-0.342
2000-01-15,2000,1,15,4.628,4.926,-0.298
2000-01-16,2000,1,16,4.579,4.819,-0.24
2000-01-17,2000,1,17,4.515,4.709,-0.194
2000-01-18,2000,1,18,4.408,4.614,-0.206
2000-01-19,2000,1,19,4.32,4.521,-0.201
2000-01-20,2000,1,20,4.246,4.427,-0.181
2000-01-21,2000,1,21,4.183,4.335,-0.152
2000-01-22,2000,1,22,4.094,4.24,-0.146
2000-01-23,2000,1,23,3.954,4.154,-0.2
2000-01-24,2000,1,24,3.912,4.074,-0.162
2000-01-25,2000,1,25,3.827,3.998,-0.171
2000-01-26,2000,1,26,3.738,3.929,-0.191
2000-01-27,2000,1,27,3.638,3.861,-0.223
2000-01-28,2000,1,28,3.577,3.808,-0.231
2000-01-29,2000,1,29,3.534,3.734,-0.2
2000-01-30,2000,1,30,3.523,3.665,-0.142
2000-01-31,2000,1,31,3.444,3.605,-0.161
2000-02-01,2000,2,1,3.423,3.534,-0.111
2000-02-02,2000,2,2,3.398,3.489,-0.091
2000-02-03,2000,2,3,3.329,3.43,-0.101
2000-02-04,2000,2,4,3.184,3.377,-0.193
2000-02-05,2000,2,5,3.057,3.326,-0.269
2000-02-06,2000,2,6,3.036,3.28,-0.244
2000-02-07,2000,2,7,2.981,3.227,-0.246
2000-02-08,2000,2,8,2.99,3.181,-0.191
2000-02-09,2000,2,9,2.936,3.141,-0.205
2000-02-10,2000,2,10,2.913,3.097,-0.184
2000-02-11,2000,2,11,2.884,3.064,-0.18
2000-02-12,2000,2,12,2.837,3.025,-0.188
2000-02-13,2000,2,13,2.732,2.998,-0.266
2000-02-14,2000,2,14,2.702,2.969,-0.267
2000-02-15,2000,2,15,2.685,2.935,-0.25
2000-02-16,2000,2,16,2.682,2.918,-0.236
2000-02-17,2000,2,17,2.752,2.914,-0.162
2000-02-18,2000,2,18,2.582,2.903,-0.321
2000-02-19,2000,2,19,2.588,2.881,-0.293
2000-02-20,2000,2,20,2.659,2.876,-0.217
2000-02-21,2000,2,21,2.73,2.881,-0.151
2000-02-22,2000,2,22,2.88,2.885,-0.005
2000-02-23,2000,2,23,2.936,2.892,0.044
2000-02-24,2000,2,24,2.863,2.889,-0.026
2000-02-25,2000,2,25,2.86,2.907,-0.047
2000-02-26,2000,2,26,2.898,2.931,-0.033
2000-02-27,2000,2,27,2.919,2.96,-0.041
2000-02-28,2000,2,28,2.93,2.994,-0.064
2000-02-29,2000,2,29,2.923,3.014,-0.091
2000-03-01,2000,3,1,2.984,3.061,-0.077
2000-03-02,2000,3,2,3.025,3.105,-0.08
2000-03-03,2000,3,3,3.175,3.166,0.009
2000-03-04,2000,3,4,3.284,3.211,0.073
2000-03-05,2000,3,5,3.328,3.253,0.075
2000-03-06,2000,3,6,3.333,3.306,0.027
2000-03-07,2000,3,7,3.445,3.37,0.075
2000-03-08,2000,3,8,3.56,3.433,0.127
2000-03-09,2000,3,9,3.636,3.507,0.129
2000-03-10,2000,3,10,3.694,3.592,0.102
2000-03-11,2000,3,11,3.74,3.658,0.082
2000-03-12,2000,3,12,3.787,3.735,0.052
2000-03-13,2000,3,13,3.79,3.815,-0.025
2000-03-14,2000,3,14,3.852,3.892,-0.04
2000-03-15,2000,3,15,3.956,3.966,-0.01
2000-03-16,2000,3,16,4.029,4.035,-0.006
2000-03-17,2000,3,17,4.103,4.11,-0.007
2000-03-18,2000,3,18,4.232,4.199,0.033
2000-03-19,2000,3,19,4.32,4.271,0.049
2000-03-20,2000,3,20,4.373,4.362,0.011
2000-03-21,2000,3,21,4.449,4.441,0.008
2000-03-22,2000,3,22,4.494,4.521,-0.027
2000-03-23,2000,3,23,4.563,4.613,-0.05
2000-03-24,2000,3,24,4.618,4.701,-0.083
2000-03-25,2000,3,25,4.679,4.798,-0.119
2000-03-26,2000,3,26,4.752,4.884,-0.132
2000-03-27,2000,3,27,4.92,4.956,-0.036
2000-03-28,2000,3,28,5.022,5.047,-0.025
2000-03-29,2000,3,29,5.098,5.139,-0.041
2000-03-30,2000,3,30,5.169,5.219,-0.05
2000-03-31,2000,3,31,5.252,5.312,-0.06
2000-04-01,2000,4,1,5.349,5.405,-0.056
2000-04-02,2000,4,2,5.476,5.508,-0.032
2000-04-03,2000,4,3,5.534,5.607,-0.073
2000-04-04,2000,4,4,5.616,5.708,-0.092
2000-04-05,2000,4,5,5.764,5.806,-0.042
2000-04-06,2000,4,6,5.813,5.908,-0.095
2000-04-07,2000,4,7,5.893,6.018,-0.125
2000-04-08,2000,4,8,6.075,6.125,-0.05
2000-04-09,2000,4,9,6.264,6.218,0.046
2000-04-10,2000,4,10,6.424,6.329,0.095
2000-04-11,2000,4,11,6.594,6.434,0.16
2000-04-12,2000,4,12,6.755,6.549,0.206
2000-04-13,2000,4,13,6.874,6.656,0.218
2000-04-14,2000,4,14,6.994,6.757,0.237
2000-04-15,2000,4,15,7.118,6.862,0.256
2000-04-16,2000,4,16,7.247,6.977,0.27
2000-04-17,2000,4,17,7.324,7.089,0.235
2000-04-18,2000,4,18,7.483,7.194,0.289
2000-04-19,2000,4,19,7.621,7.303,0.318
2000-04-20,2000,4,20,7.793,7.414,0.379
2000-04-21,2000,4,21,7.92,7.516,0.404
2000-04-22,2000,4,22,8.043,7.624,0.419
2000-04-23,2000,4,23,8.126,7.733,0.393
2000-04-24,2000,4,24,8.21,7.84,0.37
2000-04-25,2000,4,25,8.336,7.947,0.389
2000-04-26,2000,4,26,8.419,8.05,0.369
2000-04-27,2000,4,27,8.581,8.165,0.416
2000-04-28,2000,4,28,8.698,8.28,0.418
2000-04-29,2000,4,29,8.787,8.387,0.4
2000-04-30,2000,4,30,8.838,8.497,0.341
2000-05-01,2000,5,1,8.963,8.604,0.359
2000-05-02,2000,5,2,9.102,8.71,0.392
2000-05-03,2000,5,3,9.269,8.825,0.444
2000-05-04,2000,5,4,9.368,8.94,0.428
2000-05-05,2000,5,5,9.527,9.053,0.474
2000-05-06,2000,5,6,9.658,9.161,0.497
2000-05-07,2000,5,7,9.74,9.28,0.46
2000-05-08,2000,5,8,9.905,9.392,0.513
2000-05-09,2000,5,9,10.079,9.487,0.592
2000-05-10,2000,5,10,10.233,9.588,0.645
2000-05-11,2000,5,11,10.318,9.705,0.613
2000-05-12,2000,5,12,10.499,9.811,0.688
2000-05-13,2000,5,13,10.623,9.928,0.695
2000-05-14,2000,5,14,10.797,10.039,0.758
2000-05-15,2000,5,15,10.87,10.147,0.723
2000-05-16,2000,5,16,10.981,10.26,0.721
2000-05-17,2000,5,17,11.095,10.366,0.729
2000-05-18,2000,5,18,11.21,10.47,0.74
2000-05-19,2000,5,19,11.297,10.583,0.714
2000-05-20,2000,5,20,11.476,10.708,0.768
2000-05-21,2000,5,21,11.655,10.809,0.846
2000-05-22,2000,5,22,11.807,10.909,0.898
2000-05-23,2000,5,23,11.906,11.019,0.887
2000-05-24,2000,5,24,11.96,11.119,0.841
2000-05-25,2000,5,25,12.035,11.219,0.816
2000-05-26,2000,5,26,12.132,11.321,0.811
2000-05-27,2000,5,27,12.241,11.422,0.819
2000-05-28,2000,5,28,12.362,11.532,0.83
2000-05-29,2000,5,29,12.431,11.629,0.802
2000-05-30,2000,5,30,12.457,11.732,0.725
2000-05-31,2000,5,31,12.542,11.859,0.683
2000-06-01,2000,6,1,12.582,11.978,0.604
2000-06-02,2000,6,2,12.609,12.077,0.532
2000-06-03,2000,6,3,12.634,12.168,0.466
2000-06-04,2000,6,4,12.769,12.271,0.498
2000-06-05,2000,6,5,12.965,12.383,0.582
2000-06-06,2000,6,6,13.11,12.49,0.62
2000-06-07,2000,6,7,13.265,12.581,0.684
2000-06-08,2000,6,8,13.384,12.69,0.694
2000-06-09,2000,6,9,13.467,12.792,0.675
2000-06-10,2000,6,10,13.457,12.894,0.563
2000-06-11,2000,6,11,13.633,12.987,0.646
2000-06-12,2000,6,12,13.78,13.074,0.706
2000-06-13,2000,6,13,13.861,13.172,0.689
2000-06-14,2000,6,14,13.887,13.279,0.608
2000-06-15,2000,6,15,13.938,13.384,0.554
2000-06-16,2000,6,16,14.023,13.487,0.536
2000-06-17,2000,6,17,14.118,13.597,0.521
2000-06-18,2000,6,18,14.171,13.692,0.479
2000-06-19,2000,6,19,14.291,13.796,0.495
2000-06-20,2000,6,20,14.334,13.898,0.436
2000-06-21,2000,6,21,14.352,13.991,0.361
2000-06-22,2000,6,22,14.47,14.085,0.385
2000-06-23,2000,6,23,14.57,14.186,0.384
2000-06-24,2000,6,24,14.61,14.279,0.331
2000-06-25,2000,6,25,14.635,14.37,0.265
2000-06-26,2000,6,26,14.598,14.448,0.15
2000-06-27,2000,6,27,14.649,14.524,0.125
2000-06-28,2000,6,28,14.753,14.622,0.131
2000-06-29,2000,6,29,14.864,14.709,0.155
2000-06-30,2000,6,30,15.002,14.812,0.19
2000-07-01,2000,7,1,15.127,14.896,0.231
2000-07-02,2000,7,2,15.198,14.966,0.232
2000-07-03,2000,7,3,15.213,15.039,0.174
2000-07-04,2000,7,4,15.401,15.112,0.289
2000-07-05,2000,7,5,15.476,15.187,0.289
2000-07-06,2000,7,6,15.585,15.265,0.32
2000-07-07,2000,7,7,15.685,15.329,0.356
2000-07-08,2000,7,8,15.73,15.395,0.335
2000-07-09,2000,7,9,15.861,15.482,0.379
2000-07-10,2000,7,10,15.829,15.547,0.282
2000-07-11,2000,7,11,15.786,15.652,0.134
2000-07-12,2000,7,12,15.771,15.753,0.018
2000-07-13,2000,7,13,15.868,15.839,0.029
2000-07-14,2000,7,14,15.937,15.909,0.028
2000-07-15,2000,7,15,15.961,15.971,-0.01
2000-07-16,2000,7,16,16.082,16.038,0.044
2000-07-17,2000,7,17,16.121,16.084,0.037
2000-07-18,2000,7,18,16.158,16.164,-0.006
2000-07-19,2000,7,19,16.309,16.257,0.052
2000-07-20,2000,7,20,16.306,16.345,-0.039
2000-07-21,2000,7,21,16.342,16.437,-0.095
2000-07-22,2000,7,22,16.313,16.517,-0.204
2000-07-23,2000,7,23,16.429,16.591,-0.162
2000-07-24,2000,7,24,16.494,16.643,-0.149
2000-07-25,2000,7,25,16.566,16.69,-0.124
2000-07-26,2000,7,26,16.597,16.746,-0.149
2000-07-27,2000,7,27,16.64,16.801,-0.161
2000-07-28,2000,7,28,16.781,16.857,-0.076
2000-07-29,2000,7,29,16.998,16.929,0.069
2000-07-30,2000,7,30,17.191,16.981,0.21
2000-07-31,2000,7,31,17.275,17.028,0.247
2000-08-01,2000,8,1,17.29,17.083,0.207
2000-08-02,2000,8,2,17.476,17.135,0.341
2000-08-03,2000,8,3,17.595,17.19,0.405
2000-08-04,2000,8,4,17.705,17.236,0.469
2000-08-05,2000,8,5,17.833,17.287,0.546
2000-08-06,2000,8,6,17.964,17.35,0.614
2000-08-07,2000,8,7,18.029,17.421,0.608
2000-08-08,2000,8,8,18.095,17.481,0.614
2000-08-09,2000,8,9,18.119,17.514,0.605
2000-08-10,2000,8,10,18.165,17.547,0.618
2000-08-11,2000,8,11,18.175,17.593,0.582
2000-08-12,2000,8,12,18.19,17.642,0.548
2000-08-13,2000,8,13,18.202,17.683,0.519
2000-08-14,2000,8,14,18.197,17.738,0.459
2000-08-15,2000,8,15,18.318,17.782,0.536
2000-08-16,2000,8,16,18.43,17.827,0.603
2000-08-17,2000,8,17,18.397,17.845,0.552
2000-08-18,2000,8,18,18.477,17.867,0.61
2000-08-19,2000,8,19,18.491,17.888,0.603
2000-08-20,2000,8,20,18.45,17.924,0.526
2000-08-21,2000,8,21,18.447,17.964,0.483
2000-08-22,2000,8,22,18.396,17.983,0.413
2000-08-23,2000,8,23,18.394,18.018,0.376
2000-08-24,2000,8,24,18.366,18.053,0.313
2000-08-25,2000,8,25,18.454,18.105,0.349
2000-08-26,2000,8,26,18.447,18.145,0.302
2000-08-27,2000,8,27,18.467,18.159,0.308
2000-08-28,2000,8,28,18.444,18.195,0.249
2000-08-29,2000,8,29,18.452,18.222,0.23
2000-08-30,2000,8,30,18.455,18.241,0.214
2000-08-31,2000,8,31,18.47,18.264,0.206
2000-09-01,2000,9,1,18.579,18.288,0.291
2000-09-02,2000,9,2,18.627,18.308,0.319
2000-09-03,2000,9,3,18.645,18.333,0.312
2000-09-04,2000,9,4,18.629,18.352,0.277
2000-09-05,2000,9,5,18.64,18.373,0.267
2000-09-06,2000,9,6,18.674,18.397,0.277
2000-09-07,2000,9,7,18.798,18.416,0.382
2000-09-08,2000,9,8,18.943,18.445,0.498
2000-09-09,2000,9,9,18.987,18.47,0.517
2000-09-10,2000,9,10,18.958,18.49,0.468
2000-09-11,2000,9,11,18.955,18.502,0.453
2000-09-12,2000,9,12,18.936,18.521,0.415
2000-09-13,2000,9,13,18.95,18.522,0.428
2000-09-14,2000,9,14,18.901,18.529,0.372
2000-09-15,2000,9,15,18.9,18.533,0.367
2000-09-16,2000,9,16,18.821,18.546,0.275
2000-09-17,2000,9,17,18.827,18.565,0.262
2000-09-18,2000,9,18,18.77,18.567,0.203
2000-09-19,2000,9,19,18.834,18.572,0.262
2000-09-20,2000,9,20,18.885,18.574,0.311
2000-09-21,2000,9,21,18.928,18.576,0.352
2000-09-22,2000,9,22,18.963,18.569,0.394
2000-09-23,2000,9,23,18.98,18.57,0.41
2000-09-24,2000,9,24,18.985,18.571,0.414
2000-09-25,2000,9,25,18.983,18.566,0.417
2000-09-26,2000,9,26,19.072,18.552,0.52
2000-09-27,2000,9,27,19.137,18.541,0.596
2000-09-28,2000,9,28,19.159,18.525,0.634
2000-09-29,2000,9,29,19.154,18.525,0.629
2000-09-30,2000,9,30,19.015,18.508,0.507
2000-10-01,2000,10,1,18.962,18.508,0.454
2000-10-02,2000,10,2,18.812,18.504,0.308
2000-10-03,2000,10,3,18.697,18.476,0.221
2000-10-04,2000,10,4,18.639,18.448,0.191
2000-10-05,2000,10,5,18.656,18.44,0.216
2000-10-06,2000,10,6,18.677,18.425,0.252
2000-10-07,2000,10,7,18.663,18.394,0.269
2000-10-08,2000,10,8,18.669,18.361,0.308
2000-10-09,2000,10,9,18.622,18.329,0.293
2000-10-10,2000,10,10,18.581,18.299,0.282
2000-10-11,2000,10,11,18.574,18.287,0.287
2000-10-12,2000,10,12,18.285,18.265,0.02
2000-10-13,2000,10,13,18.219,18.235,-0.016
2000-10-14,2000,10,14,18.207,18.224,-0.017
2000-10-15,2000,10,15,18.094,18.193,-0.099
2000-10-16,2000,10,16,18.08,18.158,-0.078
2000-10-17,2000,10,17,18.057,18.116,-0.059
2000-10-18,2000,10,18,18.007,18.062,-0.055
2000-10-19,2000,10,19,17.879,18.012,-0.133
2000-10-20,2000,10,20,17.855,17.97,-0.115
2000-10-21,2000,10,21,17.816,17.921,-0.105
2000-10-22,2000,10,22,17.77,17.872,-0.102
2000-10-23,2000,10,23,17.767,17.833,-0.066
2000-10-24,2000,10,24,17.672,17.791,-0.119
2000-10-25,2000,10,25,17.664,17.736,-0.072
2000-10-26,2000,10,26,17.649,17.681,-0.032
2000-10-27,2000,10,27,17.658,17.633,0.025
2000-10-28,2000,10,28,17.606,17.555,0.051
2000-10-29,2000,10,29,17.532,17.509,0.023
2000-10-30,2000,10,30,17.401,17.449,-0.048
2000-10-31,2000,10,31,17.276,17.367,-0.091
2000-11-01,2000,11,1,17.256,17.312,-0.056
2000-11-02,2000,11,2,17.188,17.229,-0.041
2000-11-03,2000,11,3,17.119,17.153,-0.034
2000-11-04,2000,11,4,17.06,17.081,-0.021
2000-11-05,2000,11,5,16.972,17.011,-0.039
2000-11-06,2000,11,6,16.819,16.934,-0.115
2000-11-07,2000,11,7,16.792,16.848,-0.056
2000-11-08,2000,11,8,16.674,16.762,-0.088
2000-11-09,2000,11,9,16.542,16.667,-0.125
2000-11-10,2000,11,10,16.488,16.562,-0.074
2000-11-11,2000,11,11,16.402,16.472,-0.07
2000-11-12,2000,11,12,16.357,16.378,-0.021
2000-11-13,2000,11,13,16.292,16.272,0.02
2000-11-14,2000,11,14,16.221,16.175,0.046
2000-11-15,2000,11,15,16.079,16.061,0.018
2000-11-16,2000,11,16,15.996,15.925,0.071
2000-11-17,2000,11,17,15.797,15.797,0.0
2000-11-18,2000,11,18,15.626,15.665,-0.039
2000-11-19,2000,11,19,15.453,15.509,-0.056
2000-11-20,2000,11,20,15.339,15.368,-0.029
2000-11-21,2000,11,21,15.261,15.213,0.048
2000-11-22,2000,11,22,15.095,15.069,0.026
2000-11-23,2000,11,23,14.912,14.896,0.016
2000-11-24,2000,11,24,14.718,14.74,-0.022
2000-11-25,2000,11,25,14.553,14.575,-0.022
2000-11-26,2000,11,26,14.342,14.417,-0.075
2000-11-27,2000,11,27,14.155,14.239,-0.084
2000-11-28,2000,11,28,13.927,14.055,-0.128
2000-11-29,2000,11,29,13.742,13.868,-0.126
2000-11-30,2000,11,30,13.552,13.685,-0.133
2000-12-01,2000,12,1,13.355,13.513,-0.158
2000-12-02,2000,12,2,13.09,13.294,-0.204
2000-12-03,2000,12,3,12.906,13.105,-0.199
2000-12-04,2000,12,4,12.72,12.904,-0.184
2000-12-05,2000,12,5,12.529,12.703,-0.174
2000-12-06,2000,12,6,12.277,12.495,-0.218
2000-12-07,2000,12,7,11.984,12.29,-0.306
2000-12-08,2000,12,8,11.818,12.068,-0.25
2000-12-09,2000,12,9,11.57,11.859,-0.289
2000-12-10,2000,12,10,11.283,11.659,-0.376
2000-12-11,2000,12,11,11.017,11.436,-0.419
2000-12-12,2000,12,12,10.73,11.222,-0.492
2000-12-13,2000,12,13,10.474,10.998,-0.524
2000-12-14,2000,12,14,10.207,10.755,-0.548
2000-12-15,2000,12,15,9.946,10.498,-0.552
2000-12-16,2000,12,16,9.729,10.247,-0.518
2000-12-17,2000,12,17,9.479,9.984,-0.505
2000-12-18,2000,12,18,9.297,9.732,-0.435
2000-12-19,2000,12,19,9.119,9.48,-0.361
2000-12-20,2000,12,20,8.934,9.255,-0.321
2000-12-21,2000,12,21,8.645,9.039,-0.394
2000-12-22,2000,12,22,8.467,8.835,-0.368
2000-12-23,2000,12,23,8.221,8.631,-0.41
2000-12-24,2000,12,24,8.054,8.416,-0.362
2000-12-25,2000,12,25,7.869,8.224,-0.355
2000-12-26,2000,12,26,7.706,8.018,-0.312
2000-12-27,2000,12,27,7.503,7.811,-0.308
2000-12-28,2000,12,28,7.336,7.624,-0.288
2000-12-29,2000,12,29,7.126,7.406,-0.28
2000-12-30,2000,12,30,6.985,7.222,-0.237
2000-12-31,2000,12,31,6.825,7.059,-0.234
2001-01-01,2001,1,1,6.678,6.999,-0.321
2001-01-02,2001,1,2,6.491,6.808,-0.317
2001-01-03,2001,1,3,6.332,6.621,-0.289
2001-01-04,2001,1,4,6.152,6.451,-0.299
2001-01-05,2001,1,5,6.08,6.296,-0.216
2001-01-06,2001,1,6,5.937,6.142,-0.205
2001-01-07,2001,1,7,5.88,5.999,-0.119
2001-01-08,2001,1,8,5.81,5.838,-0.028
2001-01-09,2001,1,9,5.716,5.681,0.035
2001-01-10,2001,1,10,5.589,5.547,0.042
2001-01-11,2001,1,11,5.514,5.423,0.091
2001-01-12,2001,1,12,5.498,5.305,0.193
2001-01-13,2001,1,13,5.365,5.16,0.205
2001-01-14,2001,1,14,5.339,5.047,0.292
2001-01-15,2001,1,15,5.23,4.926,0.304
2001-01-16,2001,1,16,5.167,4.819,0.348
2001-01-17,2001,1,17,5.078,4.709,0.369
2001-01-18,2001,1,18,5.012,4.614,0.398
2001-01-19,2001,1,19,4.984,4.521,0.463
2001-01-20,2001,1,20,4.9,4.427,0.473
2001-01-21,2001,1,21,4.809,4.335,0.474
2001-01-22,2001,1,22,4.749,4.24,0.509
2001-01-23,2001,1,23,4.666,4.154,0.512
2001-01-24,2001,1,24,4.552,4.074,0.478
2001-01-25,2001,1,25,4.504,3.998,0.506
2001-01-26,2001,1,26,4.503,3.929,0.574
2001-01-27,2001,1,27,4.443,3.861,0.582
2001-01-28,2001,1,28,4.44,3.808,0.632
2001-01-29,2001,1,29,4.314,3.734,0.58
2001-01-30,2001,1,30,4.279,3.665,0.614
2001-01-31,2001,1,31,4.215,3.605,0.61
2001-02-01,2001,2,1,4.137,3.534,0.603
2001-02-02,2001,2,2,4.064,3.489,0.575
2001-02-03,2001,2,3,4.0,3.43,0.57
2001-02-04,2001,2,4,3.921,3.377,0.544
2001-02-05,2001,2,5,3.878,3.326,0.552
2001-02-06,2001,2,6,3.747,3.28,0.467
2001-02-07,2001,2,7,3.676,3.227,0.449
2001-02-08,2001,2,8,3.718,3.181,0.537
2001-02-09,2001,2,9,3.702,3.141,0.561
2001-02-10,2001,2,10,3.687,3.097,0.59
2001-02-11,2001,2,11,3.608,3.064,0.544
2001-02-12,2001,2,12,3.57,3.025,0.545
2001-02-13,2001,2,13,3.538,2.998,0.54
2001-02-14,2001,2,14,3.529,2.969,0.56
2001-02-15,2001,2,15,3.476,2.935,0.541
2001-02-16,2001,2,16,3.488,2.918,0.57
2001-02-17,2001,2,17,3.465,2.914,0.551
2001-02-18,2001,2,18,3.466,2.903,0.563
2001-02-19,2001,2,19,3.441,2.881,0.56
2001-02-20,2001,2,20,3.459,2.876,0.583
2001-02-21,2001,2,21,3.485,2.881,0.604
2001-02-22,2001,2,22,3.487,2.885,0.602
2001-02-23,2001,2,23,3.46,2.892,0.568
2001-02-24,2001,2,24,3.517,2.889,0.628
2001-02-25,2001,2,25,3.569,2.907,0.662
2001-02-26,2001,2,26,3.643,2.931,0.712
2001-02-27,2001,2,27,3.722,2.96,0.762
2001-02-28,2001,2,28,3.757,2.994,0.763
2001-03-01,2001,3,1,3.781,3.061,0.72
2001-03-02,2001,3,2,3.836,3.105,0.731
2001-03-03,2001,3,3,3.854,3.166,0.688
2001-03-04,2001,3,4,3.87,3.211,0.659
2001-03-05,2001,3,5,3.953,3.253,0.7
2001-03-06,2001,3,6,4.027,3.306,0.721
2001-03-07,2001,3,7,4.13,3.37,0.76
2001-03-08,2001,3,8,4.215,3.433,0.782
2001-03-09,2001,3,9,4.268,3.507,0.761
2001-03-10,2001,3,10,4.424,3.592,0.832
2001-03-11,2001,3,11,4.493,3.658,0.835
2001-03-12,2001,3,12,4.524,3.735,0.789
2001-03-13,2001,3,13,4.594,3.815,0.779
2001-03-14,2001,3,14,4.69,3.892,0.798
2001-03-15,2001,3,15,4.691,3.966,0.725
2001-03-16,2001,3,16,4.757,4.035,0.722
2001-03-17,2001,3,17,4.839,4.11,0.729
2001-03-18,2001,3,18,4.851,4.199,0.652
2001-03-19,2001,3,19,4.919,4.271,0.648
2001-03-20,2001,3,20,5.009,4.362,0.647
2001-03-21,2001,3,21,5.064,4.441,0.623
2001-03-22,2001,3,22,5.101,4.521,0.58
2001-03-23,2001,3,23,5.195,4.613,0.582
2001-03-24,2001,3,24,5.259,4.701,0.558
2001-03-25,2001,3,25,5.296,4.798,0.498
2001-03-26,2001,3,26,5.362,4.884,0.478
2001-03-27,2001,3,27,5.416,4.956,0.46
2001-03-28,2001,3,28,5.465,5.047,0.418
2001-03-29,2001,3,29,5.538,5.139,0.399
2001-03-30,2001,3,30,5.603,5.219,0.384
2001-03-31,2001,3,31,5.651,5.312,0.339
2001-04-01,2001,4,1,5.726,5.405,0.321
2001-04-02,2001,4,2,5.726,5.508,0.218
2001-04-03,2001,4,3,5.78,5.607,0.173
2001-04-04,2001,4,4,5.867,5.708,0.159
2001-04-05,2001,4,5,5.927,5.806,0.121
2001-04-06,2001,4,6,6.021,5.908,0.113
2001-04-07,2001,4,7,6.152,6.018,0.134
2001-04-08,2001,4,8,6.238,6.125,0.113
2001-04-09,2001,4,9,6.353,6.218,0.135
2001-04-10,2001,4,10,6.448,6.329,0.119
2001-04-11,2001,4,11,6.553,6.434,0.119
2001-04-12,2001,4,12,6.606,6.549,0.057
2001-04-13,2001,4,13,6.733,6.656,0.077
2001-04-14,2001,4,14,6.845,6.757,0.088
2001-04-15,2001,4,15,6.985,6.862,0.123
2001-04-16,2001,4,16,7.099,6.977,0.122
2001-04-17,2001,4,17,7.192,7.089,0.103
2001-04-18,2001,4,18,7.313,7.194,0.119
2001-04-19,2001,4,19,7.427,7.303,0.124
2001-04-20,2001,4,20,7.496,7.414,0.082
2001-04-21,2001,4,21,7.608,7.516,0.092
2001-04-22,2001,4,22,7.691,7.624,0.067
2001-04-23,2001,4,23,7.755,7.733,0.022
2001-04-24,2001,4,24,7.925,7.84,0.085
2001-04-25,2001,4,25,8.049,7.947,0.102
2001-04-26,2001,4,26,8.224,8.05,0.174
2001-04-27,2001,4,27,8.246,8.165,0.081
2001-04-28,2001,4,28,8.322,8.28,0.042
2001-04-29,2001,4,29,8.441,8.387,0.054
2001-04-30,2001,4,30,8.58,8.497,0.083
2001-05-01,2001,5,1,8.759,8.604,0.155
2001-05-02,2001,5,2,8.887,8.71,0.177
2001-05-03,2001,5,3,8.977,8.825,0.152
2001-05-04,2001,5,4,9.116,8.94,0.176
2001-05-05,2001,5,5,9.227,9.053,0.174
2001-05-06,2001,5,6,9.396,9.161,0.235
2001-05-07,2001,5,7,9.514,9.28,0.234
2001-05-08,2001,5,8,9.641,9.392,0.249
2001-05-09,2001,5,9,9.788,9.487,0.301
2001-05-10,2001,5,10,9.805,9.588,0.217
2001-05-11,2001,5,11,9.823,9.705,0.118
2001-05-12,2001,5,12,9.916,9.811,0.105
2001-05-13,2001,5,13,9.997,9.928,0.069
2001-05-14,2001,5,14,10.13,10.039,0.091
2001-05-15,2001,5,15,10.205,10.147,0.058
2001-05-16,2001,5,16,10.316,10.26,0.056
2001-05-17,2001,5,17,10.421,10.366,0.055
2001-05-18,2001,5,18,10.571,10.47,0.101
2001-05-19,2001,5,19,10.633,10.583,0.05
2001-05-20,2001,5,20,10.75,10.708,0.042
2001-05-21,2001,5,21,10.84,10.809,0.031
2001-05-22,2001,5,22,10.953,10.909,0.044
2001-05-23,2001,5,23,10.999,11.019,-0.02
2001-05-24,2001,5,24,11.144,11.119,0.025
2001-05-25,2001,5,25,11.227,11.219,0.008
2001-05-26,2001,5,26,11.342,11.321,0.021
2001-05-27,2001,5,27,11.39,11.422,-0.032
2001-05-28,2001,5,28,11.463,11.532,-0.069
2001-05-29,2001,5,29,11.565,11.629,-0.064
2001-05-30,2001,5,30,11.664,11.732,-0.068
2001-05-31,2001,5,31,11.768,11.859,-0.091
2001-06-01,2001,6,1,11.905,11.978,-0.073
2001-06-02,2001,6,2,12.046,12.077,-0.031
2001-06-03,2001,6,3,12.083,12.168,-0.085
2001-06-04,2001,6,4,12.112,12.271,-0.159
2001-06-05,2001,6,5,12.143,12.383,-0.24
2001-06-06,2001,6,6,12.314,12.49,-0.176
2001-06-07,2001,6,7,12.56,12.581,-0.021
2001-06-08,2001,6,8,12.656,12.69,-0.034
2001-06-09,2001,6,9,12.761,12.792,-0.031
2001-06-10,2001,6,10,12.824,12.894,-0.07
2001-06-11,2001,6,11,12.96,12.987,-0.027
2001-06-12,2001,6,12,13.149,13.074,0.075
2001-06-13,2001,6,13,13.256,13.172,0.084
2001-06-14,2001,6,14,13.396,13.279,0.117
2001-06-15,2001,6,15,13.465,13.384,0.081
2001-06-16,2001,6,16,13.6,13.487,0.113
2001-06-17,2001,6,17,13.647,13.597,0.05
2001-06-18,2001,6,18,13.737,13.692,0.045
2001-06-19,2001,6,19,13.882,13.796,0.086
2001-06-20,2001,6,20,14.005,13.898,0.107
2001-06-21,2001,6,21,14.094,13.991,0.103
2001-06-22,2001,6,22,14.178,14.085,0.093
2001-06-23,2001,6,23,14.297,14.186,0.111
2001-06-24,2001,6,24,14.368,14.279,0.089
2001-06-25,2001,6,25,14.326,14.37,-0.044
2001-06-26,2001,6,26,14.361,14.448,-0.087
2001-06-27,2001,6,27,14.436,14.524,-0.088
2001-06-28,2001,6,28,14.595,14.622,-0.027
2001-06-29,2001,6,29,14.67,14.709,-0.039
2001-06-30,2001,6,30,14.716,14.812,-0.096
2001-07-01,2001,7,1,14.821,14.896,-0.075
2001-07-02,2001,7,2,14.933,14.966,-0.033
2001-07-03,2001,7,3,15.045,15.039,0.006
2001-07-04,2001,7,4,15.097,15.112,-0.015
2001-07-05,2001,7,5,15.079,15.187,-0.108
2001-07-06,2001,7,6,15.162,15.265,-0.103
2001-07-07,2001,7,7,15.291,15.329,-0.038
2001-07-08,2001,7,8,15.385,15.395,-0.01
2001-07-09,2001,7,9,15.457,15.482,-0.025
2001-07-10,2001,7,10,15.541,15.547,-0.006
2001-07-11,2001,7,11,15.636,15.652,-0.016
2001-07-12,2001,7,12,15.607,15.753,-0.146
2001-07-13,2001,7,13,15.635,15.839,-0.204
2001-07-14,2001,7,14,15.72,15.909,-0.189
2001-07-15,2001,7,15,15.789,15.971,-0.182
2001-07-16,2001,7,16,15.779,16.038,-0.259
2001-07-17,2001,7,17,15.775,16.084,-0.309
2001-07-18,2001,7,18,15.804,16.164,-0.36
2001-07-19,2001,7,19,15.832,16.257,-0.425
2001-07-20,2001,7,20,15.939,16.345,-0.406
2001-07-21,2001,7,21,16.053,16.437,-0.384
2001-07-22,2001,7,22,16.162,16.517,-0.355
2001-07-23,2001,7,23,16.302,16.591,-0.289
2001-07-24,2001,7,24,16.376,16.643,-0.267
2001-07-25,2001,7,25,16.431,16.69,-0.259
2001-07-26,2001,7,26,16.579,16.746,-0.167
2001-07-27,2001,7,27,16.725,16.801,-0.076
2001-07-28,2001,7,28,16.907,16.857,0.05
2001-07-29,2001,7,29,16.849,16.929,-0.08
2001-07-30,2001,7,30,16.845,16.981,-0.136
2001-07-31,2001,7,31,16.852,17.028,-0.176
2001-08-01,2001,8,1,16.905,17.083,-0.178
2001-08-02,2001,8,2,17.055,17.135,-0.08
2001-08-03,2001,8,3,17.092,17.19,-0.098
2001-08-04,2001,8,4,17.24,17.236,0.004
2001-08-05,2001,8,5,17.172,17.287,-0.115
2001-08-06,2001,8,6,17.198,17.35,-0.152
2001-08-07,2001,8,7,17.265,17.421,-0.156
2001-08-08,2001,8,8,17.317,17.481,-0.164
2001-08-09,2001,8,9,17.317,17.514,-0.197
2001-08-10,2001,8,10,17.321,17.547,-0.226
2001-08-11,2001,8,11,17.332,17.593,-0.261
2001-08-12,2001,8,12,17.367,17.642,-0.275
2001-08-13,2001,8,13,17.395,17.683,-0.288
2001-08-14,2001,8,14,17.452,17.738,-0.286
2001-08-15,2001,8,15,17.615,17.782,-0.167
2001-08-16,2001,8,16,17.663,17.827,-0.164
2001-08-17,2001,8,17,17.698,17.845,-0.147
2001-08-18,2001,8,18,17.662,17.867,-0.205
2001-08-19,2001,8,19,17.574,17.888,-0.314
2001-08-20,2001,8,20,17.553,17.924,-0.371
2001-08-21,2001,8,21,17.554,17.964,-0.41
2001-08-22,2001,8,22,17.591,17.983,-0.392
2001-08-23,2001,8,23,17.618,18.018,-0.4
2001-08-24,2001,8,24,17.569,18.053,-0.484
2001-08-25,2001,8,25,17.484,18.105,-0.621
2001-08-26,2001,8,26,17.466,18.145,-0.679
2001-08-27,2001,8,27,17.569,18.159,-0.59
2001-08-28,2001,8,28,17.505,18.195,-0.69
2001-08-29,2001,8,29,17.521,18.222,-0.701
2001-08-30,2001,8,30,17.508,18.241,-0.733
2001-08-31,2001,8,31,17.527,18.264,-0.737
2001-09-01,2001,9,1,17.596,18.288,-0.692
2001-09-02,2001,9,2,17.62,18.308,-0.688
2001-09-03,2001,9,3,17.707,18.333,-0.626
2001-09-04,2001,9,4,17.848,18.352,-0.504
2001-09-05,2001,9,5,17.798,18.373,-0.575
2001-09-06,2001,9,6,17.754,18.397,-0.643
2001-09-07,2001,9,7,17.8,18.416,-0.616
2001-09-08,2001,9,8,17.904,18.445,-0.541
2001-09-09,2001,9,9,18.003,18.47,-0.467
2001-09-10,2001,9,10,18.149,18.49,-0.341
2001-09-11,2001,9,11,18.217,18.502,-0.285
2001-09-12,2001,9,12,18.2,18.521,-0.321
2001-09-13,2001,9,13,18.301,18.522,-0.221
2001-09-14,2001,9,14,18.298,18.529,-0.231
2001-09-15,2001,9,15,18.224,18.533,-0.309
2001-09-16,2001,9,16,18.229,18.546,-0.317
2001-09-17,2001,9,17,18.21,18.565,-0.355
2001-09-18,2001,9,18,18.239,18.567,-0.328
2001-09-19,2001,9,19,18.368,18.572,-0.204
2001-09-20,2001,9,20,18.426,18.574,-0.148
2001-09-21,2001,9,21,18.48,18.576,-0.096
2001-09-22,2001,9,22,18.48,18.569,-0.089
2001-09-23,2001,9,23,18.43,18.57,-0.14
2001-09-24,2001,9,24,18.412,18.571,-0.159
2001-09-25,2001,9,25,18.418,18.566,-0.148
2001-09-26,2001,9,26,18.386,18.552,-0.166
2001-09-27,2001,9,27,18.459,18.541,-0.082
2001-09-28,2001,9,28,18.494,18.525,-0.031
2001-09-29,2001,9,29,18.453,18.525,-0.072
2001-09-30,2001,9,30,18.346,18.508,-0.162
2001-10-01,2001,10,1,18.317,18.508,-0.191
2001-10-02,2001,10,2,18.295,18.504,-0.209
2001-10-03,2001,10,3,18.18,18.476,-0.296
2001-10-04,2001,10,4,18.102,18.448,-0.346
2001-10-05,2001,10,5,18.067,18.44,-0.373
2001-10-06,2001,10,6,18.014,18.425,-0.411
2001-10-07,2001,10,7,18.005,18.394,-0.389
2001-10-08,2001,10,8,17.964,18.361,-0.397
2001-10-09,2001,10,9,17.937,18.329,-0.392
2001-10-10,2001,10,10,17.952,18.299,-0.347
2001-10-11,2001,10,11,17.898,18.287,-0.389
2001-10-12,2001,10,12,17.944,18.265,-0.321
2001-10-13,2001,10,13,17.855,18.235,-0.38
2001-10-14,2001,10,14,17.829,18.224,-0.395
2001-10-15,2001,10,15,17.798,18.193,-0.395
2001-10-16,2001,10,16,17.882,18.158,-0.276
2001-10-17,2001,10,17,17.805,18.116,-0.311
2001-10-18,2001,10,18,17.775,18.062,-0.287
2001-10-19,2001,10,19,17.768,18.012,-0.244
2001-10-20,2001,10,20,17.676,17.97,-0.294
2001-10-21,2001,10,21,17.67,17.921,-0.251
2001-10-22,2001,10,22,17.478,17.872,-0.394
2001-10-23,2001,10,23,17.412,17.833,-0.421
2001-10-24,2001,10,24,17.419,17.791,-0.372
2001-10-25,2001,10,25,17.356,17.736,-0.38
2001-10-26,2001,10,26,17.28,17.681,-0.401
2001-10-27,2001,10,27,17.326,17.633,-0.307
2001-10-28,2001,10,28,17.238,17.555,-0.317
2001-10-29,2001,10,29,17.137,17.509,-0.372
2001-10-30,2001,10,30,17.087,17.449,-0.362
2001-10-31,2001,10,31,17.04,17.367,-0.327
2001-11-01,2001,11,1,16.924,17.312,-0.388
2001-11-02,2001,11,2,16.848,17.229,-0.381
2001-11-03,2001,11,3,16.849,17.153,-0.304
2001-11-04,2001,11,4,16.767,17.081,-0.314
2001-11-05,2001,11,5,16.669,17.011,-0.342
2001-11-06,2001,11,6,16.561,16.934,-0.373
2001-11-07,2001,11,7,16.558,16.848,-0.29
2001-11-08,2001,11,8,16.385,16.762,-0.377
2001-11-09,2001,11,9,16.317,16.667,-0.35
2001-11-10,2001,11,10,16.219,16.562,-0.343
2001-11-11,2001,11,11,16.131,16.472,-0.341
2001-11-12,2001,11,12,16.066,16.378,-0.312
2001-11-13,2001,11,13,15.985,16.272,-0.287
2001-11-14,2001,11,14,15.932,16.175,-0.243
2001-11-15,2001,11,15,15.887,16.061,-0.174
2001-11-16,2001,11,16,15.732,15.925,-0.193
2001-11-17,2001,11,17,15.571,15.797,-0.226
2001-11-18,2001,11,18,15.56,15.665,-0.105
2001-11-19,2001,11,19,15.451,15.509,-0.058
2001-11-20,2001,11,20,15.259,15.368,-0.109
2001-11-21,2001,11,21,15.08,15.213,-0.133
2001-11-22,2001,11,22,14.875,15.069,-0.194
2001-11-23,2001,11,23,14.729,14.896,-0.167
2001-11-24,2001,11,24,14.579,14.74,-0.161
2001-11-25,2001,11,25,14.659,14.575,0.084
2001-11-26,2001,11,26,14.359,14.417,-0.058
2001-11-27,2001,11,27,14.312,14.239,0.073
2001-11-28,2001,11,28,14.183,14.055,0.128
2001-11-29,2001,11,29,13.992,13.868,0.124
2001-11-30,2001,11,30,13.87,13.685,0.185
2001-12-01,2001,12,1,13.657,13.513,0.144
2001-12-02,2001,12,2,13.478,13.294,0.184
2001-12-03,2001,12,3,13.287,13.105,0.182
2001-12-04,2001,12,4,13.075,12.904,0.171
2001-12-05,2001,12,5,12.844,12.703,0.141
2001-12-06,2001,12,6,12.541,12.495,0.046
2001-12-07,2001,12,7,12.262,12.29,-0.028
2001-12-08,2001,12,8,12.218,12.068,0.15
2001-12-09,2001,12,9,11.902,11.859,0.043
2001-12-10,2001,12,10,11.575,11.659,-0.084
2001-12-11,2001,12,11,11.366,11.436,-0.07
2001-12-12,2001,12,12,11.213,11.222,-0.009
2001-12-13,2001,12,13,11.059,10.998,0.061
2001-12-14,2001,12,14,10.755,10.755,0.0
2001-12-15,2001,12,15,10.459,10.498,-0.039
2001-12-16,2001,12,16,10.177,10.247,-0.07
2001-12-17,2001,12,17,10.028,9.984,0.044
2001-12-18,2001,12,18,9.757,9.732,0.025
2001-12-19,2001,12,19,9.611,9.48,0.131
2001-12-20,2001,12,20,9.37,9.255,0.115
2001-12-21,2001,12,21,9.168,9.039,0.129
2001-12-22,2001,12,22,8.973,8.835,0.138
2001-12-23,2001,12,23,8.758,8.631,0.127
2001-12-24,2001,12,24,8.594,8.416,0.178
2001-12-25,2001,12,25,8.414,8.224,0.19
2001-12-26,2001,12,26,8.2,8.018,0.182
2001-12-27,2001,12,27,7.957,7.811,0.146
2001-12-28,2001,12,28,7.732,7.624,0.108
2001-12-29,2001,12,29,7.658,7.406,0.252
2001-12-30,2001,12,30,7.404,7.222,0.182
2001-12-31,2001,12,31,7.231,7.059,0.172
2002-01-01,2002,1,1,6.956,6.999,-0.043
2002-01-02,2002,1,2,6.661,6.808,-0.147
2002-01-03,2002,1,3,6.463,6.621,-0.158
2002-01-04,2002,1,4,6.259,6.451,-0.192
2002-01-05,2002,1,5,5.947,6.296,-0.349
2002-01-06,2002,1,6,5.811,6.142,-0.331
2002-01-07,2002,1,7,5.733,5.999,-0.266
2002-01-08,2002,1,8,5.597,5.838,-0.241
2002-01-09,2002,1,9,5.38,5.681,-0.301
2002-01-10,2002,1,10,5.205,5.547,-0.342
2002-01-11,2002,1,11,5.041,5.423,-0.382
2002-01-12,2002,1,12,4.951,5.305,-0.354
2002-01-13,2002,1,13,4.803,5.16,-0.357
2002-01-14,2002,1,14,4.718,5.047,-0.329
2002-01-15,2002,1,15,4.609,4.926,-0.317
2002-01-16,2002,1,16,4.558,4.819,-0.261
2002-01-17,2002,1,17,4.42,4.709,-0.289
2002-01-18,2002,1,18,4.266,4.614,-0.348
2002-01-19,2002,1,19,4.233,4.521,-0.288
2002-01-20,2002,1,20,4.229,4.427,-0.198
2002-01-21,2002,1,21,4.09,4.335,-0.245
2002-01-22,2002,1,22,3.996,4.24,-0.244
2002-01-23,2002,1,23,3.934,4.154,-0.22
2002-01-24,2002,1,24,3.871,4.074,-0.203
2002-01-25,2002,1,25,3.752,3.998,-0.246
2002-01-26,2002,1,26,3.708,3.929,-0.221
2002-01-27,2002,1,27,3.647,3.861,-0.214
2002-01-28,2002,1,28,3.603,3.808,-0.205
2002-01-29,2002,1,29,3.587,3.734,-0.147
2002-01-30,2002,1,30,3.478,3.665,-0.187
2002-01-31,2002,1,31,3.422,3.605,-0.183
2002-02-01,2002,2,1,3.4,3.534,-0.134
2002-02-02,2002,2,2,3.357,3.489,-0.132
2002-02-03,2002,2,3,3.305,3.43,-0.125
2002-02-04,2002,2,4,3.282,3.377,-0.095
2002-02-05,2002,2,5,3.275,3.326,-0.051
2002-02-06,2002,2,6,3.224,3.28,-0.056
2002-02-07,2002,2,7,3.183,3.227,-0.044
2002-02-08,2002,2,8,3.096,3.181,-0.085
2002-02-09,2002,2,9,3.04,3.141,-0.101
2002-02-10,2002,2,10,3.052,3.097,-0.045
2002-02-11,2002,2,11,3.017,3.064,-0.047
2002-02-12,2002,2,12,2.906,3.025,-0.119
2002-02-13,2002,2,13,2.893,2.998,-0.105
2002-02-14,2002,2,14,2.856,2.969,-0.113
2002-02-15,2002,2,15,2.776,2.935,-0.159
2002-02-16,2002,2,16,2.75,2.918,-0.168
2002-02-17,2002,2,17,2.77,2.914,-0.144
2002-02-18,2002,2,18,2.729,2.903,-0.174
2002-02-19,2002,2,19,2.749,2.881,-0.132
2002-02-20,2002,2,20,2.697,2.876,-0.179
2002-02-21,2002,2,21,2.727,2.881,-0.154
2002-02-22,2002,2,22,2.716,2.885,-0.169
2002-02-23,2002,2,23,2.765,2.892,-0.127
2002-02-24,2002,2,24,2.727,2.889,-0.162
2002-02-25,2002,2,25,2.846,2.907,-0.061
2002-02-26,2002,2,26,2.859,2.931,-0.072
2002-02-27,2002,2,27,2.902,2.96,-0.058
2002-02-28,2002,2,28,2.992,2.994,-0.002
2002-03-01,2002,3,1,3.016,3.061,-0.045
2002-03-02,2002,3,2,3.074,3.105,-0.031
2002-03-03,2002,3,3,3.138,3.166,-0.028
2002-03-04,2002,3,4,3.154,3.211,-0.057
2002-03-05,2002,3,5,3.142,3.253,-0.111
2002-03-06,2002,3,6,3.227,3.306,-0.079
2002-03-07,2002,3,7,3.281,3.37,-0.089
2002-03-08,2002,3,8,3.304,3.433,-0.129
2002-03-09,2002,3,9,3.38,3.507,-0.127
2002-03-10,2002,3,10,3.443,3.592,-0.149
2002-03-11,2002,3,11,3.516,3.658,-0.142
2002-03-12,2002,3,12,3.646,3.735,-0.089
2002-03-13,2002,3,13,3.673,3.815,-0.142
2002-03-14,2002,3,14,3.697,3.892,-0.195
2002-03-15,2002,3,15,3.639,3.966,-0.327
2002-03-16,2002,3,16,3.664,4.035,-0.371
2002-03-17,2002,3,17,3.775,4.11,-0.335
2002-03-18,2002,3,18,3.802,4.199,-0.397
2002-03-19,2002,3,19,3.884,4.271,-0.387
2002-03-20,2002,3,20,3.89,4.362,-0.472
2002-03-21,2002,3,21,3.951,4.441,-0.49
2002-03-22,2002,3,22,4.013,4.521,-0.508
2002-03-23,2002,3,23,4.016,4.613,-0.597
2002-03-24,2002,3,24,4.146,4.701,-0.555
2002-03-25,2002,3,25,4.249,4.798,-0.549
2002-03-26,2002,3,26,4.282,4.884,-0.602
2002-03-27,2002,3,27,4.343,4.956,-0.613
2002-03-28,2002,3,28,4.334,5.047,-0.713
2002-03-29,2002,3,29,4.361,5.139,-0.778
2002-03-30,2002,3,30,4.577,5.219,-0.642
2002-03-31,2002,3,31,4.579,5.312,-0.733
2002-04-01,2002,4,1,4.612,5.405,-0.793
2002-04-02,2002,4,2,4.689,5.508,-0.819
2002-04-03,2002,4,3,4.723,5.607,-0.884
2002-04-04,2002,4,4,4.828,5.708,-0.88
2002-04-05,2002,4,5,4.967,5.806,-0.839
2002-04-06,2002,4,6,5.185,5.908,-0.723
2002-04-07,2002,4,7,5.259,6.018,-0.759
2002-04-08,2002,4,8,5.421,6.125,-0.704
2002-04-09,2002,4,9,5.499,6.218,-0.719
2002-04-10,2002,4,10,5.622,6.329,-0.707
2002-04-11,2002,4,11,5.738,6.434,-0.696
2002-04-12,2002,4,12,5.833,6.549,-0.716
2002-04-13,2002,4,13,5.978,6.656,-0.678
2002-04-14,2002,4,14,6.074,6.757,-0.683
2002-04-15,2002,4,15,6.192,6.862,-0.67
2002-04-16,2002,4,16,6.283,6.977,-0.694
2002-04-17,2002,4,17,6.428,7.089,-0.661
2002-04-18,2002,4,18,6.631,7.194,-0.563
2002-04-19,2002,4,19,6.762,7.303,-0.541
2002-04-20,2002,4,20,6.91,7.414,-0.504
2002-04-21,2002,4,21,7.059,7.516,-0.457
2002-04-22,2002,4,22,7.139,7.624,-0.485
2002-04-23,2002,4,23,7.298,7.733,-0.435
2002-04-24,2002,4,24,7.421,7.84,-0.419
2002-04-25,2002,4,25,7.468,7.947,-0.479
2002-04-26,2002,4,26,7.669,8.05,-0.381
2002-04-27,2002,4,27,7.815,8.165,-0.35
2002-04-28,2002,4,28,7.937,8.28,-0.343
2002-04-29,2002,4,29,8.15,8.387,-0.237
2002-04-30,2002,4,30,8.245,8.497,-0.252
2002-05-01,2002,5,1,8.34,8.604,-0.264
2002-05-02,2002,5,2,8.411,8.71,-0.299
2002-05-03,2002,5,3,8.502,8.825,-0.323
2002-05-04,2002,5,4,8.57,8.94,-0.37
2002-05-05,2002,5,5,8.692,9.053,-0.361
2002-05-06,2002,5,6,8.724,9.161,-0.437
2002-05-07,2002,5,7,8.785,9.28,-0.495
2002-05-08,2002,5,8,8.853,9.392,-0.539
2002-05-09,2002,5,9,8.927,9.487,-0.56
2002-05-10,2002,5,10,8.983,9.588,-0.605
2002-05-11,2002,5,11,9.004,9.705,-0.701
2002-05-12,2002,5,12,9.065,9.811,-0.746
2002-05-13,2002,5,13,9.137,9.928,-0.791
2002-05-14,2002,5,14,9.182,10.039,-0.857
2002-05-15,2002,5,15,9.248,10.147,-0.899
2002-05-16,2002,5,16,9.327,10.26,-0.933
2002-05-17,2002,5,17,9.508,10.366,-0.858
2002-05-18,2002,5,18,9.609,10.47,-0.861
2002-05-19,2002,5,19,9.722,10.583,-0.861
2002-05-20,2002,5,20,9.853,10.708,-0.855
2002-05-21,2002,5,21,10.006,10.809,-0.803
2002-05-22,2002,5,22,10.123,10.909,-0.786
2002-05-23,2002,5,23,10.297,11.019,-0.722
2002-05-24,2002,5,24,10.321,11.119,-0.798
2002-05-25,2002,5,25,10.373,11.219,-0.846
2002-05-26,2002,5,26,10.373,11.321,-0.948
2002-05-27,2002,5,27,10.426,11.422,-0.996
2002-05-28,2002,5,28,10.485,11.532,-1.047
2002-05-29,2002,5,29,10.605,11.629,-1.024
2002-05-30,2002,5,30,10.656,11.732,-1.076
2002-05-31,2002,5,31,10.751,11.859,-1.108
2002-06-01,2002,6,1,10.828,11.978,-1.15
2002-06-02,2002,6,2,10.944,12.077,-1.133
2002-06-03,2002,6,3,11.068,12.168,-1.1
2002-06-04,2002,6,4,11.166,12.271,-1.105
2002-06-05,2002,6,5,11.299,12.383,-1.084
2002-06-06,2002,6,6,11.446,12.49,-1.044
2002-06-07,2002,6,7,11.454,12.581,-1.127
2002-06-08,2002,6,8,11.526,12.69,-1.164
2002-06-09,2002,6,9,11.598,12.792,-1.194
2002-06-10,2002,6,10,11.701,12.894,-1.193
2002-06-11,2002,6,11,11.807,12.987,-1.18
2002-06-12,2002,6,12,11.887,13.074,-1.187
2002-06-13,2002,6,13,11.981,13.172,-1.191
2002-06-14,2002,6,14,12.064,13.279,-1.215
2002-06-15,2002,6,15,12.203,13.384,-1.181
2002-06-16,2002,6,16,12.363,13.487,-1.124
2002-06-17,2002,6,17,12.512,13.597,-1.085
2002-06-18,2002,6,18,12.664,13.692,-1.028
2002-06-19,2002,6,19,12.753,13.796,-1.043
2002-06-20,2002,6,20,12.836,13.898,-1.062
2002-06-21,2002,6,21,12.959,13.991,-1.032
2002-06-22,2002,6,22,13.161,14.085,-0.924
2002-06-23,2002,6,23,13.396,14.186,-0.79
2002-06-24,2002,6,24,13.466,14.279,-0.813
2002-06-25,2002,6,25,13.455,14.37,-0.915
2002-06-26,2002,6,26,13.594,14.448,-0.854
2002-06-27,2002,6,27,13.634,14.524,-0.89
2002-06-28,2002,6,28,13.676,14.622,-0.946
2002-06-29,2002,6,29,13.855,14.709,-0.854
2002-06-30,2002,6,30,13.977,14.812,-0.835
2002-07-01,2002,7,1,14.061,14.896,-0.835
2002-07-02,2002,7,2,14.104,14.966,-0.862
2002-07-03,2002,7,3,14.17,15.039,-0.869
2002-07-04,2002,7,4,14.318,15.112,-0.794
2002-07-05,2002,7,5,14.469,15.187,-0.718
2002-07-06,2002,7,6,14.639,15.265,-0.626
2002-07-07,2002,7,7,14.737,15.329,-0.592
2002-07-08,2002,7,8,14.751,15.395,-0.644
2002-07-09,2002,7,9,14.776,15.482,-0.706
2002-07-10,2002,7,10,14.85,15.547,-0.697
2002-07-11,2002,7,11,14.961,15.652,-0.691
2002-07-12,2002,7,12,15.136,15.753,-0.617
2002-07-13,2002,7,13,15.224,15.839,-0.615
2002-07-14,2002,7,14,15.336,15.909,-0.573
2002-07-15,2002,7,15,15.487,15.971,-0.484
2002-07-16,2002,7,16,15.481,16.038,-0.557
2002-07-17,2002,7,17,15.497,16.084,-0.587
2002-07-18,2002,7,18,15.598,16.164,-0.566
2002-07-19,2002,7,19,15.75,16.257,-0.507
2002-07-20,2002,7,20,15.871,16.345,-0.474
2002-07-21,2002,7,21,15.945,16.437,-0.492
2002-07-22,2002,7,22,16.03,16.517,-0.487
2002-07-23,2002,7,23,16.056,16.591,-0.535
2002-07-24,2002,7,24,16.192,16.643,-0.451
2002-07-25,2002,7,25,16.298,16.69,-0.392
2002-07-26,2002,7,26,16.331,16.746,-0.415
2002-07-27,2002,7,27,16.319,16.801,-0.482
2002-07-28,2002,7,28,16.362,16.857,-0.495
2002-07-29,2002,7,29,16.332,16.929,-0.597
2002-07-30,2002,7,30,16.35,16.981,-0.631
2002-07-31,2002,7,31,16.425,17.028,-0.603
2002-08-01,2002,8,1,16.45,17.083,-0.633
2002-08-02,2002,8,2,16.512,17.135,-0.623
2002-08-03,2002,8,3,16.64,17.19,-0.55
2002-08-04,2002,8,4,16.601,17.236,-0.635
2002-08-05,2002,8,5,16.629,17.287,-0.658
2002-08-06,2002,8,6,16.563,17.35,-0.787
2002-08-07,2002,8,7,16.524,17.421,-0.897
2002-08-08,2002,8,8,16.615,17.481,-0.866
2002-08-09,2002,8,9,16.749,17.514,-0.765
2002-08-10,2002,8,10,16.783,17.547,-0.764
2002-08-11,2002,8,11,16.815,17.593,-0.778
2002-08-12,2002,8,12,16.893,17.642,-0.749
2002-08-13,2002,8,13,16.864,17.683,-0.819
2002-08-14,2002,8,14,16.894,17.738,-0.844
2002-08-15,2002,8,15,16.954,17.782,-0.828
2002-08-16,2002,8,16,16.962,17.827,-0.865
2002-08-17,2002,8,17,16.886,17.845,-0.959
2002-08-18,2002,8,18,16.945,17.867,-0.922
2002-08-19,2002,8,19,17.047,17.888,-0.841
2002-08-20,2002,8,20,17.181,17.924,-0.743
2002-08-21,2002,8,21,17.222,17.964,-0.742
2002-08-22,2002,8,22,17.354,17.983,-0.629
2002-08-23,2002,8,23,17.448,18.018,-0.57
2002-08-24,2002,8,24,17.534,18.053,-0.519
2002-08-25,2002,8,25,17.538,18.105,-0.567
2002-08-26,2002,8,26,17.586,18.145,-0.559
2002-08-27,2002,8,27,17.66,18.159,-0.499
2002-08-28,2002,8,28,17.728,18.195,-0.467
2002-08-29,2002,8,29,17.767,18.222,-0.455
2002-08-30,2002,8,30,17.833,18.241,-0.408
2002-08-31,2002,8,31,17.89,18.264,-0.374
2002-09-01,2002,9,1,18.041,18.288,-0.247
2002-09-02,2002,9,2,18.068,18.308,-0.24
2002-09-03,2002,9,3,17.9,18.333,-0.433
2002-09-04,2002,9,4,17.841,18.352,-0.511
2002-09-05,2002,9,5,17.886,18.373,-0.487
2002-09-06,2002,9,6,17.936,18.397,-0.461
2002-09-07,2002,9,7,17.973,18.416,-0.443
2002-09-08,2002,9,8,18.041,18.445,-0.404
2002-09-09,2002,9,9,18.116,18.47,-0.354
2002-09-10,2002,9,10,18.062,18.49,-0.428
2002-09-11,2002,9,11,17.997,18.502,-0.505
2002-09-12,2002,9,12,17.921,18.521,-0.6
2002-09-13,2002,9,13,17.953,18.522,-0.569
2002-09-14,2002,9,14,17.916,18.529,-0.613
2002-09-15,2002,9,15,17.866,18.533,-0.667
2002-09-16,2002,9,16,17.835,18.546,-0.711
2002-09-17,2002,9,17,17.897,18.565,-0.668
2002-09-18,2002,9,18,17.854,18.567,-0.713
2002-09-19,2002,9,19,17.81,18.572,-0.762
2002-09-20,2002,9,20,17.824,18.574,-0.75
2002-09-21,2002,9,21,17.773,18.576,-0.803
2002-09-22,2002,9,22,17.721,18.569,-0.848
2002-09-23,2002,9,23,17.751,18.57,-0.819
2002-09-24,2002,9,24,17.786,18.571,-0.785
2002-09-25,2002,9,25,17.781,18.566,-0.785
2002-09-26,2002,9,26,17.795,18.552,-0.757
2002-09-27,2002,9,27,17.803,18.541,-0.738
2002-09-28,2002,9,28,17.8,18.525,-0.725
2002-09-29,2002,9,29,17.828,18.525,-0.697
2002-09-30,2002,9,30,17.846,18.508,-0.662
2002-10-01,2002,10,1,17.853,18.508,-0.655
2002-10-02,2002,10,2,17.881,18.504,-0.623
2002-10-03,2002,10,3,17.924,18.476,-0.552
2002-10-04,2002,10,4,17.915,18.448,-0.533
2002-10-05,2002,10,5,17.987,18.44,-0.453
2002-10-06,2002,10,6,17.996,18.425,-0.429
2002-10-07,2002,10,7,18.029,18.394,-0.365
2002-10-08,2002,10,8,18.031,18.361,-0.33
2002-10-09,2002,10,9,18.01,18.329,-0.319
2002-10-10,2002,10,10,18.073,18.299,-0.226
2002-10-11,2002,10,11,18.056,18.287,-0.231
2002-10-12,2002,10,12,18.072,18.265,-0.193
2002-10-13,2002,10,13,18.011,18.235,-0.224
2002-10-14,2002,10,14,18.018,18.224,-0.206
2002-10-15,2002,10,15,18.001,18.193,-0.192
2002-10-16,2002,10,16,18.043,18.158,-0.115
2002-10-17,2002,10,17,17.949,18.116,-0.167
2002-10-18,2002,10,18,17.944,18.062,-0.118
2002-10-19,2002,10,19,17.93,18.012,-0.082
2002-10-20,2002,10,20,17.853,17.97,-0.117
2002-10-21,2002,10,21,17.854,17.921,-0.067
2002-10-22,2002,10,22,17.84,17.872,-0.032
2002-10-23,2002,10,23,17.914,17.833,0.081
2002-10-24,2002,10,24,17.911,17.791,0.12
2002-10-25,2002,10,25,17.742,17.736,0.006
2002-10-26,2002,10,26,17.607,17.681,-0.074
2002-10-27,2002,10,27,17.572,17.633,-0.061
2002-10-28,2002,10,28,17.543,17.555,-0.012
2002-10-29,2002,10,29,17.456,17.509,-0.053
2002-10-30,2002,10,30,17.444,17.449,-0.005
2002-10-31,2002,10,31,17.38,17.367,0.013
2002-11-01,2002,11,1,17.31,17.312,-0.002
2002-11-02,2002,11,2,17.205,17.229,-0.024
2002-11-03,2002,11,3,17.013,17.153,-0.14
2002-11-04,2002,11,4,16.832,17.081,-0.249
2002-11-05,2002,11,5,16.761,17.011,-0.25
2002-11-06,2002,11,6,16.732,16.934,-0.202
2002-11-07,2002,11,7,16.578,16.848,-0.27
2002-11-08,2002,11,8,16.518,16.762,-0.244
2002-11-09,2002,11,9,16.41,16.667,-0.257
2002-11-10,2002,11,10,16.288,16.562,-0.274
2002-11-11,2002,11,11,16.153,16.472,-0.319
2002-11-12,2002,11,12,16.026,16.378,-0.352
2002-11-13,2002,11,13,15.862,16.272,-0.41
2002-11-14,2002,11,14,15.705,16.175,-0.47
2002-11-15,2002,11,15,15.558,16.061,-0.503
2002-11-16,2002,11,16,15.443,15.925,-0.482
2002-11-17,2002,11,17,15.265,15.797,-0.532
2002-11-18,2002,11,18,15.072,15.665,-0.593
2002-11-19,2002,11,19,14.916,15.509,-0.593
2002-11-20,2002,11,20,14.769,15.368,-0.599
2002-11-21,2002,11,21,14.643,15.213,-0.57
2002-11-22,2002,11,22,14.549,15.069,-0.52
2002-11-23,2002,11,23,14.389,14.896,-0.507
2002-11-24,2002,11,24,14.152,14.74,-0.588
2002-11-25,2002,11,25,13.955,14.575,-0.62
2002-11-26,2002,11,26,13.809,14.417,-0.608
2002-11-27,2002,11,27,13.704,14.239,-0.535
2002-11-28,2002,11,28,13.604,14.055,-0.451
2002-11-29,2002,11,29,13.501,13.868,-0.367
2002-11-30,2002,11,30,13.453,13.685,-0.232
2002-12-01,2002,12,1,13.296,13.513,-0.217
2002-12-02,2002,12,2,13.176,13.294,-0.118
2002-12-03,2002,12,3,13.046,13.105,-0.059
2002-12-04,2002,12,4,12.894,12.904,-0.01
2002-12-05,2002,12,5,12.746,12.703,0.043
2002-12-06,2002,12,6,12.673,12.495,0.178
2002-12-07,2002,12,7,12.553,12.29,0.263
2002-12-08,2002,12,8,12.431,12.068,0.363
2002-12-09,2002,12,9,12.285,11.859,0.426
2002-12-10,2002,12,10,12.031,11.659,0.372
2002-12-11,2002,12,11,11.866,11.436,0.43
2002-12-12,2002,12,12,11.696,11.222,0.474
2002-12-13,2002,12,13,11.532,10.998,0.534
2002-12-14,2002,12,14,11.388,10.755,0.633
2002-12-15,2002,12,15,11.203,10.498,0.705
2002-12-16,2002,12,16,10.977,10.247,0.73
2002-12-17,2002,12,17,10.782,9.984,0.798
2002-12-18,2002,12,18,10.591,9.732,0.859
2002-12-19,2002,12,19,10.411,9.48,0.931
2002-12-20,2002,12,20,10.16,9.255,0.905
2002-12-21,2002,12,21,9.88,9.039,0.841
2002-12-22,2002,12,22,9.626,8.835,0.791
2002-12-23,2002,12,23,9.417,8.631,0.786
2002-12-24,2002,12,24,9.221,8.416,0.805
2002-12-25,2002,12,25,8.981,8.224,0.757
2002-12-26,2002,12,26,8.801,8.018,0.783
2002-12-27,2002,12,27,8.564,7.811,0.753
2002-12-28,2002,12,28,8.34,7.624,0.716
2002-12-29,2002,12,29,8.157,7.406,0.751
2002-12-30,2002,12,30,7.916,7.222,0.694
2002-12-31,2002,12,31,7.708,7.059,0.649
2003-01-01,2003,1,1,7.496,6.999,0.497
2003-01-02,2003,1,2,7.398,6.808,0.59
2003-01-03,2003,1,3,7.304,6.621,0.683
2003-01-04,2003,1,4,7.195,6.451,0.744
2003-01-05,2003,1,5,7.096,6.296,0.8
2003-01-06,2003,1,6,6.939,6.142,0.797
2003-01-07,2003,1,7,6.813,5.999,0.814
2003-01-08,2003,1,8,6.693,5.838,0.855
2003-01-09,2003,1,9,6.576,5.681,0.895
2003-01-10,2003,1,10,6.427,5.547,0.88
2003-01-11,2003,1,11,6.252,5.423,0.829
2003-01-12,2003,1,12,6.166,5.305,0.861
2003-01-13,2003,1,13,5.968,5.16,0.808
2003-01-14,2003,1,14,5.884,5.047,0.837
2003-01-15,2003,1,15,5.828,4.926,0.902
2003-01-16,2003,1,16,5.698,4.819,0.879
2003-01-17,2003,1,17,5.613,4.709,0.904
2003-01-18,2003,1,18,5.57,4.614,0.956
2003-01-19,2003,1,19,5.459,4.521,0.938
2003-01-20,2003,1,20,5.298,4.427,0.871
2003-01-21,2003,1,21,5.175,4.335,0.84
2003-01-22,2003,1,22,5.044,4.24,0.804
2003-01-23,2003,1,23,4.911,4.154,0.757
2003-01-24,2003,1,24,4.809,4.074,0.735
2003-01-25,2003,1,25,4.742,3.998,0.744
2003-01-26,2003,1,26,4.61,3.929,0.681
2003-01-27,2003,1,27,4.516,3.861,0.655
2003-01-28,2003,1,28,4.464,3.808,0.656
2003-01-29,2003,1,29,4.386,3.734,0.652
2003-01-30,2003,1,30,4.336,3.665,0.671
2003-01-31,2003,1,31,4.288,3.605,0.683
2003-02-01,2003,2,1,4.186,3.534,0.652
2003-02-02,2003,2,2,4.128,3.489,0.639
2003-02-03,2003,2,3,4.062,3.43,0.632
2003-02-04,2003,2,4,4.023,3.377,0.646
2003-02-05,2003,2,5,3.975,3.326,0.649
2003-02-06,2003,2,6,3.947,3.28,0.667
2003-02-07,2003,2,7,3.908,3.227,0.681
2003-02-08,2003,2,8,3.85,3.181,0.669
2003-02-09,2003,2,9,3.84,3.141,0.699
2003-02-10,2003,2,10,3.811,3.097,0.714
2003-02-11,2003,2,11,3.757,3.064,0.693
2003-02-12,2003,2,12,3.711,3.025,0.686
2003-02-13,2003,2,13,3.727,2.998,0.729
2003-02-14,2003,2,14,3.693,2.969,0.724
2003-02-15,2003,2,15,3.704,2.935,0.769
2003-02-16,2003,2,16,3.727,2.918,0.809
2003-02-17,2003,2,17,3.626,2.914,0.712
2003-02-18,2003,2,18,3.658,2.903,0.755
2003-02-19,2003,2,19,3.631,2.881,0.75
2003-02-20,2003,2,20,3.656,2.876,0.78
2003-02-21,2003,2,21,3.684,2.881,0.803
2003-02-22,2003,2,22,3.696,2.885,0.811
2003-02-23,2003,2,23,3.737,2.892,0.845
2003-02-24,2003,2,24,3.696,2.889,0.807
2003-02-25,2003,2,25,3.655,2.907,0.748
2003-02-26,2003,2,26,3.686,2.931,0.755
2003-02-27,2003,2,27,3.656,2.96,0.696
2003-02-28,2003,2,28,3.65,2.994,0.656
2003-03-01,2003,3,1,3.643,3.061,0.582
2003-03-02,2003,3,2,3.647,3.105,0.542
2003-03-03,2003,3,3,3.655,3.166,0.489
2003-03-04,2003,3,4,3.722,3.211,0.511
2003-03-05,2003,3,5,3.717,3.253,0.464
2003-03-06,2003,3,6,3.751,3.306,0.445
2003-03-07,2003,3,7,3.777,3.37,0.407
2003-03-08,2003,3,8,3.813,3.433,0.38
2003-03-09,2003,3,9,3.888,3.507,0.381
2003-03-10,2003,3,10,3.975,3.592,0.383
2003-03-11,2003,3,11,4.034,3.658,0.376
2003-03-12,2003,3,12,4.064,3.735,0.329
2003-03-13,2003,3,13,4.16,3.815,0.345
2003-03-14,2003,3,14,4.218,3.892,0.326
2003-03-15,2003,3,15,4.27,3.966,0.304
2003-03-16,2003,3,16,4.353,4.035,0.318
2003-03-17,2003,3,17,4.36,4.11,0.25
2003-03-18,2003,3,18,4.485,4.199,0.286
2003-03-19,2003,3,19,4.538,4.271,0.267
2003-03-20,2003,3,20,4.638,4.362,0.276
2003-03-21,2003,3,21,4.748,4.441,0.307
2003-03-22,2003,3,22,4.92,4.521,0.399
2003-03-23,2003,3,23,5.008,4.613,0.395
2003-03-24,2003,3,24,5.073,4.701,0.372
2003-03-25,2003,3,25,5.158,4.798,0.36
2003-03-26,2003,3,26,5.168,4.884,0.284
2003-03-27,2003,3,27,5.239,4.956,0.283
2003-03-28,2003,3,28,5.331,5.047,0.284
2003-03-29,2003,3,29,5.384,5.139,0.245
2003-03-30,2003,3,30,5.49,5.219,0.271
2003-03-31,2003,3,31,5.548,5.312,0.236
2003-04-01,2003,4,1,5.616,5.405,0.211
2003-04-02,2003,4,2,5.666,5.508,0.158
2003-04-03,2003,4,3,5.803,5.607,0.196
2003-04-04,2003,4,4,5.964,5.708,0.256
2003-04-05,2003,4,5,6.086,5.806,0.28
2003-04-06,2003,4,6,6.166,5.908,0.258
2003-04-07,2003,4,7,6.295,6.018,0.277
2003-04-08,2003,4,8,6.392,6.125,0.267
2003-04-09,2003,4,9,6.524,6.218,0.306
2003-04-10,2003,4,10,6.622,6.329,0.293
2003-04-11,2003,4,11,6.768,6.434,0.334
2003-04-12,2003,4,12,6.844,6.549,0.295
2003-04-13,2003,4,13,6.973,6.656,0.317
2003-04-14,2003,4,14,6.989,6.757,0.232
2003-04-15,2003,4,15,7.059,6.862,0.197
2003-04-16,2003,4,16,7.199,6.977,0.222
2003-04-17,2003,4,17,7.236,7.089,0.147
2003-04-18,2003,4,18,7.358,7.194,0.164
2003-04-19,2003,4,19,7.464,7.303,0.161
2003-04-20,2003,4,20,7.629,7.414,0.215
2003-04-21,2003,4,21,7.805,7.516,0.289
2003-04-22,2003,4,22,7.945,7.624,0.321
2003-04-23,2003,4,23,8.101,7.733,0.368
2003-04-24,2003,4,24,8.151,7.84,0.311
2003-04-25,2003,4,25,8.284,7.947,0.337
2003-04-26,2003,4,26,8.403,8.05,0.353
2003-04-27,2003,4,27,8.554,8.165,0.389
2003-04-28,2003,4,28,8.665,8.28,0.385
2003-04-29,2003,4,29,8.775,8.387,0.388
2003-04-30,2003,4,30,8.912,8.497,0.415
2003-05-01,2003,5,1,9.015,8.604,0.411
2003-05-02,2003,5,2,9.172,8.71,0.462
2003-05-03,2003,5,3,9.288,8.825,0.463
2003-05-04,2003,5,4,9.385,8.94,0.445
2003-05-05,2003,5,5,9.479,9.053,0.426
2003-05-06,2003,5,6,9.594,9.161,0.433
2003-05-07,2003,5,7,9.672,9.28,0.392
2003-05-08,2003,5,8,9.739,9.392,0.347
2003-05-09,2003,5,9,9.788,9.487,0.301
2003-05-10,2003,5,10,9.887,9.588,0.299
2003-05-11,2003,5,11,10.035,9.705,0.33
2003-05-12,2003,5,12,10.198,9.811,0.387
2003-05-13,2003,5,13,10.293,9.928,0.365
2003-05-14,2003,5,14,10.348,10.039,0.309
2003-05-15,2003,5,15,10.498,10.147,0.351
2003-05-16,2003,5,16,10.601,10.26,0.341
2003-05-17,2003,5,17,10.768,10.366,0.402
2003-05-18,2003,5,18,10.919,10.47,0.449
2003-05-19,2003,5,19,11.048,10.583,0.465
2003-05-20,2003,5,20,11.24,10.708,0.532
2003-05-21,2003,5,21,11.465,10.809,0.656
2003-05-22,2003,5,22,11.491,10.909,0.582
2003-05-23,2003,5,23,11.541,11.019,0.522
2003-05-24,2003,5,24,11.71,11.119,0.591
2003-05-25,2003,5,25,11.826,11.219,0.607
2003-05-26,2003,5,26,11.92,11.321,0.599
2003-05-27,2003,5,27,12.063,11.422,0.641
2003-05-28,2003,5,28,12.256,11.532,0.724
2003-05-29,2003,5,29,12.377,11.629,0.748
2003-05-30,2003,5,30,12.544,11.732,0.812
2003-05-31,2003,5,31,12.65,11.859,0.791
2003-06-01,2003,6,1,12.721,11.978,0.743
2003-06-02,2003,6,2,12.786,12.077,0.709
2003-06-03,2003,6,3,12.864,12.168,0.696
2003-06-04,2003,6,4,12.944,12.271,0.673
2003-06-05,2003,6,5,13.008,12.383,0.625
2003-06-06,2003,6,6,13.145,12.49,0.655
2003-06-07,2003,6,7,13.235,12.581,0.654
2003-06-08,2003,6,8,13.331,12.69,0.641
2003-06-09,2003,6,9,13.435,12.792,0.643
2003-06-10,2003,6,10,13.547,12.894,0.653
2003-06-11,2003,6,11,13.691,12.987,0.704
2003-06-12,2003,6,12,13.695,13.074,0.621
2003-06-13,2003,6,13,13.792,13.172,0.62
2003-06-14,2003,6,14,13.963,13.279,0.684
2003-06-15,2003,6,15,13.986,13.384,0.602
2003-06-16,2003,6,16,14.091,13.487,0.604
2003-06-17,2003,6,17,14.18,13.597,0.583
2003-06-18,2003,6,18,14.312,13.692,0.62
2003-06-19,2003,6,19,14.298,13.796,0.502
2003-06-20,2003,6,20,14.3,13.898,0.402
2003-06-21,2003,6,21,14.35,13.991,0.359
2003-06-22,2003,6,22,14.431,14.085,0.346
2003-06-23,2003,6,23,14.577,14.186,0.391
2003-06-24,2003,6,24,14.74,14.279,0.461
2003-06-25,2003,6,25,14.774,14.37,0.404
2003-06-26,2003,6,26,14.917,14.448,0.469
2003-06-27,2003,6,27,14.979,14.524,0.455
2003-06-28,2003,6,28,15.062,14.622,0.44
2003-06-29,2003,6,29,15.155,14.709,0.446
2003-06-30,2003,6,30,15.252,14.812,0.44
2003-07-01,2003,7,1,15.333,14.896,0.437
2003-07-02,2003,7,2,15.461,14.966,0.495
2003-07-03,2003,7,3,15.511,15.039,0.472
2003-07-04,2003,7,4,15.556,15.112,0.444
2003-07-05,2003,7,5,15.609,15.187,0.422
2003-07-06,2003,7,6,15.75,15.265,0.485
2003-07-07,2003,7,7,15.753,15.329,0.424
2003-07-08,2003,7,8,15.836,15.395,0.441
2003-07-09,2003,7,9,15.892,15.482,0.41
2003-07-10,2003,7,10,16.024,15.547,0.477
2003-07-11,2003,7,11,16.025,15.652,0.373
2003-07-12,2003,7,12,16.036,15.753,0.283
2003-07-13,2003,7,13,16.122,15.839,0.283
2003-07-14,2003,7,14,16.18,15.909,0.271
2003-07-15,2003,7,15,16.229,15.971,0.258
2003-07-16,2003,7,16,16.351,16.038,0.313
2003-07-17,2003,7,17,16.466,16.084,0.382
2003-07-18,2003,7,18,16.564,16.164,0.4
2003-07-19,2003,7,19,16.692,16.257,0.435
2003-07-20,2003,7,20,16.745,16.345,0.4
2003-07-21,2003,7,21,16.873,16.437,0.436
2003-07-22,2003,7,22,16.97,16.517,0.453
2003-07-23,2003,7,23,17.022,16.591,0.431
2003-07-24,2003,7,24,17.085,16.643,0.442
2003-07-25,2003,7,25,17.129,16.69,0.439
2003-07-26,2003,7,26,17.134,16.746,0.388
2003-07-27,2003,7,27,17.11,16.801,0.309
2003-07-28,2003,7,28,17.205,16.857,0.348
2003-07-29,2003,7,29,17.208,16.929,0.279
2003-07-30,2003,7,30,17.261,16.981,0.28
2003-07-31,2003,7,31,17.329,17.028,0.301
2003-08-01,2003,8,1,17.326,17.083,0.243
2003-08-02,2003,8,2,17.333,17.135,0.198
2003-08-03,2003,8,3,17.432,17.19,0.242
2003-08-04,2003,8,4,17.325,17.236,0.089
2003-08-05,2003,8,5,17.271,17.287,-0.016
2003-08-06,2003,8,6,17.278,17.35,-0.072
2003-08-07,2003,8,7,17.298,17.421,-0.123
2003-08-08,2003,8,8,17.397,17.481,-0.084
2003-08-09,2003,8,9,17.495,17.514,-0.019
2003-08-10,2003,8,10,17.519,17.547,-0.028
2003-08-11,2003,8,11,17.454,17.593,-0.139
2003-08-12,2003,8,12,17.44,17.642,-0.202
2003-08-13,2003,8,13,17.466,17.683,-0.217
2003-08-14,2003,8,14,17.424,17.738,-0.314
2003-08-15,2003,8,15,17.436,17.782,-0.346
2003-08-16,2003,8,16,17.487,17.827,-0.34
2003-08-17,2003,8,17,17.588,17.845,-0.257
2003-08-18,2003,8,18,17.62,17.867,-0.247
2003-08-19,2003,8,19,17.633,17.888,-0.255
2003-08-20,2003,8,20,17.613,17.924,-0.311
2003-08-21,2003,8,21,17.616,17.964,-0.348
2003-08-22,2003,8,22,17.676,17.983,-0.307
2003-08-23,2003,8,23,17.727,18.018,-0.291
2003-08-24,2003,8,24,17.764,18.053,-0.289
2003-08-25,2003,8,25,17.819,18.105,-0.286
2003-08-26,2003,8,26,17.892,18.145,-0.253
2003-08-27,2003,8,27,17.969,18.159,-0.19
2003-08-28,2003,8,28,17.948,18.195,-0.247
2003-08-29,2003,8,29,17.912,18.222,-0.31
2003-08-30,2003,8,30,17.944,18.241,-0.297
2003-08-31,2003,8,31,17.955,18.264,-0.309
2003-09-01,2003,9,1,17.93,18.288,-0.358
2003-09-02,2003,9,2,17.925,18.308,-0.383
2003-09-03,2003,9,3,17.918,18.333,-0.415
2003-09-04,2003,9,4,17.905,18.352,-0.447
2003-09-05,2003,9,5,18.003,18.373,-0.37
2003-09-06,2003,9,6,18.024,18.397,-0.373
2003-09-07,2003,9,7,18.044,18.416,-0.372
2003-09-08,2003,9,8,18.083,18.445,-0.362
2003-09-09,2003,9,9,18.073,18.47,-0.397
2003-09-10,2003,9,10,18.05,18.49,-0.44
2003-09-11,2003,9,11,18.113,18.502,-0.389
2003-09-12,2003,9,12,18.189,18.521,-0.332
2003-09-13,2003,9,13,18.292,18.522,-0.23
2003-09-14,2003,9,14,18.263,18.529,-0.266
2003-09-15,2003,9,15,18.21,18.533,-0.323
2003-09-16,2003,9,16,18.233,18.546,-0.313
2003-09-17,2003,9,17,18.334,18.565,-0.231
2003-09-18,2003,9,18,18.378,18.567,-0.189
2003-09-19,2003,9,19,18.467,18.572,-0.105
2003-09-20,2003,9,20,18.548,18.574,-0.026
2003-09-21,2003,9,21,18.583,18.576,0.007
2003-09-22,2003,9,22,18.554,18.569,-0.015
2003-09-23,2003,9,23,18.549,18.57,-0.021
2003-09-24,2003,9,24,18.629,18.571,0.058
2003-09-25,2003,9,25,18.68,18.566,0.114
2003-09-26,2003,9,26,18.611,18.552,0.059
2003-09-27,2003,9,27,18.582,18.541,0.041
2003-09-28,2003,9,28,18.611,18.525,0.086
2003-09-29,2003,9,29,18.587,18.525,0.062
2003-09-30,2003,9,30,18.581,18.508,0.073
2003-10-01,2003,10,1,18.56,18.508,0.052
2003-10-02,2003,10,2,18.539,18.504,0.035
2003-10-03,2003,10,3,18.573,18.476,0.097
2003-10-04,2003,10,4,18.591,18.448,0.143
2003-10-05,2003,10,5,18.536,18.44,0.096
2003-10-06,2003,10,6,18.45,18.425,0.025
2003-10-07,2003,10,7,18.373,18.394,-0.021
2003-10-08,2003,10,8,18.404,18.361,0.043
2003-10-09,2003,10,9,18.278,18.329,-0.051
2003-10-10,2003,10,10,18.208,18.299,-0.091
2003-10-11,2003,10,11,18.112,18.287,-0.175
2003-10-12,2003,10,12,18.103,18.265,-0.162
2003-10-13,2003,10,13,18.1,18.235,-0.135
2003-10-14,2003,10,14,18.071,18.224,-0.153
2003-10-15,2003,10,15,18.085,18.193,-0.108
2003-10-16,2003,10,16,18.065,18.158,-0.093
2003-10-17,2003,10,17,18.102,18.116,-0.014
2003-10-18,2003,10,18,18.135,18.062,0.073
2003-10-19,2003,10,19,18.185,18.012,0.173
2003-10-20,2003,10,20,18.256,17.97,0.286
2003-10-21,2003,10,21,18.228,17.921,0.307
2003-10-22,2003,10,22,18.155,17.872,0.283
2003-10-23,2003,10,23,18.078,17.833,0.245
2003-10-24,2003,10,24,18.13,17.791,0.339
2003-10-25,2003,10,25,18.073,17.736,0.337
2003-10-26,2003,10,26,18.006,17.681,0.325
2003-10-27,2003,10,27,18.059,17.633,0.426
2003-10-28,2003,10,28,18.017,17.555,0.462
2003-10-29,2003,10,29,17.957,17.509,0.448
2003-10-30,2003,10,30,17.852,17.449,0.403
2003-10-31,2003,10,31,17.857,17.367,0.49
2003-11-01,2003,11,1,17.726,17.312,0.414
2003-11-02,2003,11,2,17.632,17.229,0.403
2003-11-03,2003,11,3,17.518,17.153,0.365
2003-11-04,2003,11,4,17.4,17.081,0.319
2003-11-05,2003,11,5,17.301,17.011,0.29
2003-11-06,2003,11,6,17.188,16.934,0.254
2003-11-07,2003,11,7,17.117,16.848,0.269
2003-11-08,2003,11,8,17.02,16.762,0.258
2003-11-09,2003,11,9,16.956,16.667,0.289
2003-11-10,2003,11,10,16.899,16.562,0.337
2003-11-11,2003,11,11,16.769,16.472,0.297
2003-11-12,2003,11,12,16.709,16.378,0.331
2003-11-13,2003,11,13,16.619,16.272,0.347
2003-11-14,2003,11,14,16.525,16.175,0.35
2003-11-15,2003,11,15,16.375,16.061,0.314
2003-11-16,2003,11,16,16.233,15.925,0.308
2003-11-17,2003,11,17,15.971,15.797,0.174
2003-11-18,2003,11,18,15.859,15.665,0.194
2003-11-19,2003,11,19,15.755,15.509,0.246
2003-11-20,2003,11,20,15.619,15.368,0.251
2003-11-21,2003,11,21,15.462,15.213,0.249
2003-11-22,2003,11,22,15.333,15.069,0.264
2003-11-23,2003,11,23,15.178,14.896,0.282
2003-11-24,2003,11,24,14.992,14.74,0.252
2003-11-25,2003,11,25,14.899,14.575,0.324
2003-11-26,2003,11,26,14.761,14.417,0.344
2003-11-27,2003,11,27,14.625,14.239,0.386
2003-11-28,2003,11,28,14.436,14.055,0.381
2003-11-29,2003,11,29,14.257,13.868,0.389
2003-11-30,2003,11,30,14.152,13.685,0.467
2003-12-01,2003,12,1,14.065,13.513,0.552
2003-12-02,2003,12,2,13.795,13.294,0.501
2003-12-03,2003,12,3,13.509,13.105,0.404
2003-12-04,2003,12,4,13.174,12.904,0.27
2003-12-05,2003,12,5,12.993,12.703,0.29
2003-12-06,2003,12,6,12.713,12.495,0.218
2003-12-07,2003,12,7,12.527,12.29,0.237
2003-12-08,2003,12,8,12.282,12.068,0.214
2003-12-09,2003,12,9,12.006,11.859,0.147
2003-12-10,2003,12,10,11.794,11.659,0.135
2003-12-11,2003,12,11,11.654,11.436,0.218
2003-12-12,2003,12,12,11.494,11.222,0.272
2003-12-13,2003,12,13,11.303,10.998,0.305
2003-12-14,2003,12,14,11.039,10.755,0.284
2003-12-15,2003,12,15,10.778,10.498,0.28
2003-12-16,2003,12,16,10.536,10.247,0.289
2003-12-17,2003,12,17,10.249,9.984,0.265
2003-12-18,2003,12,18,10.05,9.732,0.318
2003-12-19,2003,12,19,9.752,9.48,0.272
2003-12-20,2003,12,20,9.537,9.255,0.282
2003-12-21,2003,12,21,9.331,9.039,0.292
2003-12-22,2003,12,22,9.116,8.835,0.281
2003-12-23,2003,12,23,9.015,8.631,0.384
2003-12-24,2003,12,24,8.845,8.416,0.429
2003-12-25,2003,12,25,8.575,8.224,0.351
2003-12-26,2003,12,26,8.411,8.018,0.393
2003-12-27,2003,12,27,8.134,7.811,0.323
2003-12-28,2003,12,28,7.919,7.624,0.295
2003-12-29,2003,12,29,7.769,7.406,0.363
2003-12-30,2003,12,30,7.618,7.222,0.396
2003-12-31,2003,12,31,7.488,7.059,0.429
2004-01-01,2004,1,1,7.374,6.999,0.375
2004-01-02,2004,1,2,7.275,6.808,0.467
2004-01-03,2004,1,3,6.988,6.621,0.367
2004-01-04,2004,1,4,6.766,6.451,0.315
2004-01-05,2004,1,5,6.59,6.296,0.294
2004-01-06,2004,1,6,6.495,6.142,0.353
2004-01-07,2004,1,7,6.358,5.999,0.359
2004-01-08,2004,1,8,6.289,5.838,0.451
2004-01-09,2004,1,9,6.289,5.681,0.608
2004-01-10,2004,1,10,6.219,5.547,0.672
2004-01-11,2004,1,11,5.989,5.423,0.566
2004-01-12,2004,1,12,5.838,5.305,0.533
2004-01-13,2004,1,13,5.741,5.16,0.581
2004-01-14,2004,1,14,5.679,5.047,0.632
2004-01-15,2004,1,15,5.66,4.926,0.734
2004-01-16,2004,1,16,5.58,4.819,0.761
2004-01-17,2004,1,17,5.505,4.709,0.796
2004-01-18,2004,1,18,5.358,4.614,0.744
2004-01-19,2004,1,19,5.291,4.521,0.77
2004-01-20,2004,1,20,5.146,4.427,0.719
2004-01-21,2004,1,21,5.014,4.335,0.679
2004-01-22,2004,1,22,4.914,4.24,0.674
2004-01-23,2004,1,23,4.888,4.154,0.734
2004-01-24,2004,1,24,4.748,4.074,0.674
2004-01-25,2004,1,25,4.703,3.998,0.705
2004-01-26,2004,1,26,4.636,3.929,0.707
2004-01-27,2004,1,27,4.625,3.861,0.764
2004-01-28,2004,1,28,4.524,3.808,0.716
2004-01-29,2004,1,29,4.363,3.734,0.629
2004-01-30,2004,1,30,4.27,3.665,0.605
2004-01-31,2004,1,31,4.191,3.605,0.586
2004-02-01,2004,2,1,4.088,3.534,0.554
2004-02-02,2004,2,2,4.079,3.489,0.59
2004-02-03,2004,2,3,4.001,3.43,0.571
2004-02-04,2004,2,4,3.957,3.377,0.58
2004-02-05,2004,2,5,3.917,3.326,0.591
2004-02-06,2004,2,6,3.903,3.28,0.623
2004-02-07,2004,2,7,3.866,3.227,0.639
2004-02-08,2004,2,8,3.781,3.181,0.6
2004-02-09,2004,2,9,3.721,3.141,0.58
2004-02-10,2004,2,10,3.601,3.097,0.504
2004-02-11,2004,2,11,3.58,3.064,0.516
2004-02-12,2004,2,12,3.532,3.025,0.507
2004-02-13,2004,2,13,3.512,2.998,0.514
2004-02-14,2004,2,14,3.5,2.969,0.531
2004-02-15,2004,2,15,3.475,2.935,0.54
2004-02-16,2004,2,16,3.437,2.918,0.519
2004-02-17,2004,2,17,3.33,2.914,0.416
2004-02-18,2004,2,18,3.357,2.903,0.454
2004-02-19,2004,2,19,3.297,2.881,0.416
2004-02-20,2004,2,20,3.259,2.876,0.383
2004-02-21,2004,2,21,3.363,2.881,0.482
2004-02-22,2004,2,22,3.325,2.885,0.44
2004-02-23,2004,2,23,3.314,2.892,0.422
2004-02-24,2004,2,24,3.39,2.889,0.501
2004-02-25,2004,2,25,3.39,2.907,0.483
2004-02-26,2004,2,26,3.457,2.931,0.526
2004-02-27,2004,2,27,3.438,2.96,0.478
2004-02-28,2004,2,28,3.505,2.994,0.511
2004-02-29,2004,2,29,3.548,3.014,0.534
2004-03-01,2004,3,1,3.604,3.061,0.543
2004-03-02,2004,3,2,3.691,3.105,0.586
2004-03-03,2004,3,3,3.768,3.166,0.602
2004-03-04,2004,3,4,3.73,3.211,0.519
2004-03-05,2004,3,5,3.813,3.253,0.56
2004-03-06,2004,3,6,3.862,3.306,0.556
2004-03-07,2004,3,7,3.893,3.37,0.523
2004-03-08,2004,3,8,3.93,3.433,0.497
2004-03-09,2004,3,9,3.984,3.507,0.477
2004-03-10,2004,3,10,4.052,3.592,0.46
2004-03-11,2004,3,11,4.157,3.658,0.499
2004-03-12,2004,3,12,4.188,3.735,0.453
2004-03-13,2004,3,13,4.242,3.815,0.427
2004-03-14,2004,3,14,4.451,3.892,0.559
2004-03-15,2004,3,15,4.408,3.966,0.442
2004-03-16,2004,3,16,4.552,4.035,0.517
2004-03-17,2004,3,17,4.618,4.11,0.508
2004-03-18,2004,3,18,4.685,4.199,0.486
2004-03-19,2004,3,19,4.752,4.271,0.481
2004-03-20,2004,3,20,4.795,4.362,0.433
2004-03-21,2004,3,21,4.839,4.441,0.398
2004-03-22,2004,3,22,4.907,4.521,0.386
2004-03-23,2004,3,23,5.001,4.613,0.388
2004-03-24,2004,3,24,5.102,4.701,0.401
2004-03-25,2004,3,25,5.189,4.798,0.391
2004-03-26,2004,3,26,5.172,4.884,0.288
2004-03-27,2004,3,27,5.215,4.956,0.259
2004-03-28,2004,3,28,5.254,5.047,0.207
2004-03-29,2004,3,29,5.376,5.139,0.237
2004-03-30,2004,3,30,5.479,5.219,0.26
2004-03-31,2004,3,31,5.603,5.312,0.291
2004-04-01,2004,4,1,5.748,5.405,0.343
2004-04-02,2004,4,2,5.89,5.508,0.382
2004-04-03,2004,4,3,5.999,5.607,0.392
2004-04-04,2004,4,4,6.101,5.708,0.393
2004-04-05,2004,4,5,6.237,5.806,0.431
2004-04-06,2004,4,6,6.315,5.908,0.407
2004-04-07,2004,4,7,6.457,6.018,0.439
2004-04-08,2004,4,8,6.55,6.125,0.425
2004-04-09,2004,4,9,6.595,6.218,0.377
2004-04-10,2004,4,10,6.701,6.329,0.372
2004-04-11,2004,4,11,6.839,6.434,0.405
2004-04-12,2004,4,12,6.999,6.549,0.45
2004-04-13,2004,4,13,7.076,6.656,0.42
2004-04-14,2004,4,14,7.127,6.757,0.37
2004-04-15,2004,4,15,7.235,6.862,0.373
2004-04-16,2004,4,16,7.361,6.977,0.384
2004-04-17,2004,4,17,7.501,7.089,0.412
2004-04-18,2004,4,18,7.562,7.194,0.368
2004-04-19,2004,4,19,7.6,7.303,0.297
2004-04-20,2004,4,20,7.652,7.414,0.238
2004-04-21,2004,4,21,7.758,7.516,0.242
2004-04-22,2004,4,22,7.912,7.624,0.288
2004-04-23,2004,4,23,8.053,7.733,0.32
2004-04-24,2004,4,24,8.075,7.84,0.235
2004-04-25,2004,4,25,8.156,7.947,0.209
2004-04-26,2004,4,26,8.29,8.05,0.24
2004-04-27,2004,4,27,8.43,8.165,0.265
2004-04-28,2004,4,28,8.602,8.28,0.322
2004-04-29,2004,4,29,8.749,8.387,0.362
2004-04-30,2004,4,30,8.823,8.497,0.326
2004-05-01,2004,5,1,8.901,8.604,0.297
2004-05-02,2004,5,2,9.045,8.71,0.335
2004-05-03,2004,5,3,9.142,8.825,0.317
2004-05-04,2004,5,4,9.264,8.94,0.324
2004-05-05,2004,5,5,9.383,9.053,0.33
2004-05-06,2004,5,6,9.396,9.161,0.235
2004-05-07,2004,5,7,9.475,9.28,0.195
2004-05-08,2004,5,8,9.579,9.392,0.187
2004-05-09,2004,5,9,9.681,9.487,0.194
2004-05-10,2004,5,10,9.775,9.588,0.187
2004-05-11,2004,5,11,9.918,9.705,0.213
2004-05-12,2004,5,12,10.063,9.811,0.252
2004-05-13,2004,5,13,10.123,9.928,0.195
2004-05-14,2004,5,14,10.244,10.039,0.205
2004-05-15,2004,5,15,10.344,10.147,0.197
2004-05-16,2004,5,16,10.422,10.26,0.162
2004-05-17,2004,5,17,10.416,10.366,0.05
2004-05-18,2004,5,18,10.464,10.47,-0.006
2004-05-19,2004,5,19,10.683,10.583,0.1
2004-05-20,2004,5,20,10.855,10.708,0.147
2004-05-21,2004,5,21,10.875,10.809,0.066
2004-05-22,2004,5,22,10.953,10.909,0.044
2004-05-23,2004,5,23,11.075,11.019,0.056
2004-05-24,2004,5,24,11.207,11.119,0.088
2004-05-25,2004,5,25,11.423,11.219,0.204
2004-05-26,2004,5,26,11.649,11.321,0.328
2004-05-27,2004,5,27,11.836,11.422,0.414
2004-05-28,2004,5,28,12.072,11.532,0.54
2004-05-29,2004,5,29,12.111,11.629,0.482
2004-05-30,2004,5,30,12.075,11.732,0.343
2004-05-31,2004,5,31,12.122,11.859,0.263
2004-06-01,2004,6,1,12.262,11.978,0.284
2004-06-02,2004,6,2,12.359,12.077,0.282
2004-06-03,2004,6,3,12.567,12.168,0.399
2004-06-04,2004,6,4,12.613,12.271,0.342
2004-06-05,2004,6,5,12.638,12.383,0.255
2004-06-06,2004,6,6,12.7,12.49,0.21
2004-06-07,2004,6,7,12.78,12.581,0.199
2004-06-08,2004,6,8,12.937,12.69,0.247
2004-06-09,2004,6,9,13.055,12.792,0.263
2004-06-10,2004,6,10,13.142,12.894,0.248
2004-06-11,2004,6,11,13.339,12.987,0.352
2004-06-12,2004,6,12,13.434,13.074,0.36
2004-06-13,2004,6,13,13.581,13.172,0.409
2004-06-14,2004,6,14,13.733,13.279,0.454
2004-06-15,2004,6,15,13.867,13.384,0.483
2004-06-16,2004,6,16,13.941,13.487,0.454
2004-06-17,2004,6,17,14.026,13.597,0.429
2004-06-18,2004,6,18,14.094,13.692,0.402
2004-06-19,2004,6,19,14.151,13.796,0.355
2004-06-20,2004,6,20,14.259,13.898,0.361
2004-06-21,2004,6,21,14.388,13.991,0.397
2004-06-22,2004,6,22,14.526,14.085,0.441
2004-06-23,2004,6,23,14.675,14.186,0.489
2004-06-24,2004,6,24,14.726,14.279,0.447
2004-06-25,2004,6,25,14.752,14.37,0.382
2004-06-26,2004,6,26,14.784,14.448,0.336
2004-06-27,2004,6,27,14.857,14.524,0.333
2004-06-28,2004,6,28,14.987,14.622,0.365
2004-06-29,2004,6,29,15.071,14.709,0.362
2004-06-30,2004,6,30,15.156,14.812,0.344
2004-07-01,2004,7,1,15.197,14.896,0.301
2004-07-02,2004,7,2,15.27,14.966,0.304
2004-07-03,2004,7,3,15.403,15.039,0.364
2004-07-04,2004,7,4,15.44,15.112,0.328
2004-07-05,2004,7,5,15.442,15.187,0.255
2004-07-06,2004,7,6,15.498,15.265,0.233
2004-07-07,2004,7,7,15.577,15.329,0.248
2004-07-08,2004,7,8,15.661,15.395,0.266
2004-07-09,2004,7,9,15.824,15.482,0.342
2004-07-10,2004,7,10,15.969,15.547,0.422
2004-07-11,2004,7,11,16.132,15.652,0.48
2004-07-12,2004,7,12,16.291,15.753,0.538
2004-07-13,2004,7,13,16.297,15.839,0.458
2004-07-14,2004,7,14,16.294,15.909,0.385
2004-07-15,2004,7,15,16.335,15.971,0.364
2004-07-16,2004,7,16,16.406,16.038,0.368
2004-07-17,2004,7,17,16.45,16.084,0.366
2004-07-18,2004,7,18,16.525,16.164,0.361
2004-07-19,2004,7,19,16.622,16.257,0.365
2004-07-20,2004,7,20,16.718,16.345,0.373
2004-07-21,2004,7,21,16.747,16.437,0.31
2004-07-22,2004,7,22,16.798,16.517,0.281
2004-07-23,2004,7,23,16.856,16.591,0.265
2004-07-24,2004,7,24,16.836,16.643,0.193
2004-07-25,2004,7,25,16.807,16.69,0.117
2004-07-26,2004,7,26,16.861,16.746,0.115
2004-07-27,2004,7,27,17.013,16.801,0.212
2004-07-28,2004,7,28,17.069,16.857,0.212
2004-07-29,2004,7,29,17.201,16.929,0.272
2004-07-30,2004,7,30,17.35,16.981,0.369
2004-07-31,2004,7,31,17.419,17.028,0.391
2004-08-01,2004,8,1,17.414,17.083,0.331
2004-08-02,2004,8,2,17.433,17.135,0.298
2004-08-03,2004,8,3,17.491,17.19,0.301
2004-08-04,2004,8,4,17.466,17.236,0.23
2004-08-05,2004,8,5,17.453,17.287,0.166
2004-08-06,2004,8,6,17.467,17.35,0.117
2004-08-07,2004,8,7,17.665,17.421,0.244
2004-08-08,2004,8,8,17.773,17.481,0.292
2004-08-09,2004,8,9,17.722,17.514,0.208
2004-08-10,2004,8,10,17.669,17.547,0.122
2004-08-11,2004,8,11,17.731,17.593,0.138
2004-08-12,2004,8,12,17.776,17.642,0.134
2004-08-13,2004,8,13,17.857,17.683,0.174
2004-08-14,2004,8,14,17.984,17.738,0.246
2004-08-15,2004,8,15,18.026,17.782,0.244
2004-08-16,2004,8,16,18.149,17.827,0.322
2004-08-17,2004,8,17,18.067,17.845,0.222
2004-08-18,2004,8,18,18.03,17.867,0.163
2004-08-19,2004,8,19,18.0,17.888,0.112
2004-08-20,2004,8,20,17.996,17.924,0.072
2004-08-21,2004,8,21,18.11,17.964,0.146
2004-08-22,2004,8,22,18.108,17.983,0.125
2004-08-23,2004,8,23,18.259,18.018,0.241
2004-08-24,2004,8,24,18.391,18.053,0.338
2004-08-25,2004,8,25,18.568,18.105,0.463
2004-08-26,2004,8,26,18.574,18.145,0.429
2004-08-27,2004,8,27,18.572,18.159,0.413
2004-08-28,2004,8,28,18.609,18.195,0.414
2004-08-29,2004,8,29,18.608,18.222,0.386
2004-08-30,2004,8,30,18.614,18.241,0.373
2004-08-31,2004,8,31,18.73,18.264,0.466
2004-09-01,2004,9,1,18.782,18.288,0.494
2004-09-02,2004,9,2,18.842,18.308,0.534
2004-09-03,2004,9,3,18.858,18.333,0.525
2004-09-04,2004,9,4,18.941,18.352,0.589
2004-09-05,2004,9,5,19.054,18.373,0.681
2004-09-06,2004,9,6,19.047,18.397,0.65
2004-09-07,2004,9,7,19.093,18.416,0.677
2004-09-08,2004,9,8,19.124,18.445,0.679
2004-09-09,2004,9,9,19.069,18.47,0.599
2004-09-10,2004,9,10,19.059,18.49,0.569
2004-09-11,2004,9,11,18.912,18.502,0.41
2004-09-12,2004,9,12,18.897,18.521,0.376
2004-09-13,2004,9,13,18.848,18.522,0.326
2004-09-14,2004,9,14,18.926,18.529,0.397
2004-09-15,2004,9,15,18.886,18.533,0.353
2004-09-16,2004,9,16,18.877,18.546,0.331
2004-09-17,2004,9,17,18.912,18.565,0.347
2004-09-18,2004,9,18,18.913,18.567,0.346
2004-09-19,2004,9,19,18.924,18.572,0.352
2004-09-20,2004,9,20,18.956,18.574,0.382
2004-09-21,2004,9,21,18.939,18.576,0.363
2004-09-22,2004,9,22,18.9,18.569,0.331
2004-09-23,2004,9,23,18.872,18.57,0.302
2004-09-24,2004,9,24,18.872,18.571,0.301
2004-09-25,2004,9,25,18.823,18.566,0.257
2004-09-26,2004,9,26,18.799,18.552,0.247
2004-09-27,2004,9,27,18.801,18.541,0.26
2004-09-28,2004,9,28,18.852,18.525,0.327
2004-09-29,2004,9,29,18.908,18.525,0.383
2004-09-30,2004,9,30,18.891,18.508,0.383
2004-10-01,2004,10,1,18.929,18.508,0.421
2004-10-02,2004,10,2,18.898,18.504,0.394
2004-10-03,2004,10,3,18.83,18.476,0.354
2004-10-04,2004,10,4,18.789,18.448,0.341
2004-10-05,2004,10,5,18.929,18.44,0.489
2004-10-06,2004,10,6,18.808,18.425,0.383
2004-10-07,2004,10,7,18.713,18.394,0.319
2004-10-08,2004,10,8,18.707,18.361,0.346
2004-10-09,2004,10,9,18.632,18.329,0.303
2004-10-10,2004,10,10,18.57,18.299,0.271
2004-10-11,2004,10,11,18.565,18.287,0.278
2004-10-12,2004,10,12,18.596,18.265,0.331
2004-10-13,2004,10,13,18.618,18.235,0.383
2004-10-14,2004,10,14,18.614,18.224,0.39
2004-10-15,2004,10,15,18.546,18.193,0.353
2004-10-16,2004,10,16,18.556,18.158,0.398
2004-10-17,2004,10,17,18.54,18.116,0.424
2004-10-18,2004,10,18,18.542,18.062,0.48
2004-10-19,2004,10,19,18.488,18.012,0.476
2004-10-20,2004,10,20,18.357,17.97,0.387
2004-10-21,2004,10,21,18.299,17.921,0.378
2004-10-22,2004,10,22,18.239,17.872,0.367
2004-10-23,2004,10,23,18.181,17.833,0.348
2004-10-24,2004,10,24,18.118,17.791,0.327
2004-10-25,2004,10,25,18.146,17.736,0.41
2004-10-26,2004,10,26,18.136,17.681,0.455
2004-10-27,2004,10,27,18.1,17.633,0.467
2004-10-28,2004,10,28,18.044,17.555,0.489
2004-10-29,2004,10,29,17.947,17.509,0.438
2004-10-30,2004,10,30,17.874,17.449,0.425
2004-10-31,2004,10,31,17.854,17.367,0.487
2004-11-01,2004,11,1,17.676,17.312,0.364
2004-11-02,2004,11,2,17.543,17.229,0.314
2004-11-03,2004,11,3,17.358,17.153,0.205
2004-11-04,2004,11,4,17.258,17.081,0.177
2004-11-05,2004,11,5,17.22,17.011,0.209
2004-11-06,2004,11,6,17.167,16.934,0.233
2004-11-07,2004,11,7,17.132,16.848,0.284
2004-11-08,2004,11,8,17.026,16.762,0.264
2004-11-09,2004,11,9,17.001,16.667,0.334
2004-11-10,2004,11,10,16.927,16.562,0.365
2004-11-11,2004,11,11,16.95,16.472,0.478
2004-11-12,2004,11,12,16.815,16.378,0.437
2004-11-13,2004,11,13,16.656,16.272,0.384
2004-11-14,2004,11,14,16.554,16.175,0.379
2004-11-15,2004,11,15,16.406,16.061,0.345
2004-11-16,2004,11,16,16.221,15.925,0.296
2004-11-17,2004,11,17,16.069,15.797,0.272
2004-11-18,2004,11,18,15.978,15.665,0.313
2004-11-19,2004,11,19,15.792,15.509,0.283
2004-11-20,2004,11,20,15.669,15.368,0.301
2004-11-21,2004,11,21,15.465,15.213,0.252
2004-11-22,2004,11,22,15.252,15.069,0.183
2004-11-23,2004,11,23,15.079,14.896,0.183
2004-11-24,2004,11,24,14.964,14.74,0.224
2004-11-25,2004,11,25,14.791,14.575,0.216
2004-11-26,2004,11,26,14.754,14.417,0.337
2004-11-27,2004,11,27,14.579,14.239,0.34
2004-11-28,2004,11,28,14.332,14.055,0.277
2004-11-29,2004,11,29,14.067,13.868,0.199
2004-11-30,2004,11,30,13.844,13.685,0.159
2004-12-01,2004,12,1,13.695,13.513,0.182
2004-12-02,2004,12,2,13.466,13.294,0.172
2004-12-03,2004,12,3,13.292,13.105,0.187
2004-12-04,2004,12,4,13.19,12.904,0.286
2004-12-05,2004,12,5,13.039,12.703,0.336
2004-12-06,2004,12,6,12.864,12.495,0.369
2004-12-07,2004,12,7,12.673,12.29,0.383
2004-12-08,2004,12,8,12.494,12.068,0.426
2004-12-09,2004,12,9,12.216,11.859,0.357
2004-12-10,2004,12,10,11.986,11.659,0.327
2004-12-11,2004,12,11,11.789,11.436,0.353
2004-12-12,2004,12,12,11.473,11.222,0.251
2004-12-13,2004,12,13,11.126,10.998,0.128
2004-12-14,2004,12,14,10.83,10.755,0.075
2004-12-15,2004,12,15,10.536,10.498,0.038
2004-12-16,2004,12,16,10.168,10.247,-0.079
2004-12-17,2004,12,17,9.745,9.984,-0.239
2004-12-18,2004,12,18,9.42,9.732,-0.312
2004-12-19,2004,12,19,9.028,9.48,-0.452
2004-12-20,2004,12,20,8.748,9.255,-0.507
2004-12-21,2004,12,21,8.56,9.039,-0.479
2004-12-22,2004,12,22,8.41,8.835,-0.425
2004-12-23,2004,12,23,8.282,8.631,-0.349
2004-12-24,2004,12,24,8.081,8.416,-0.335
2004-12-25,2004,12,25,7.929,8.224,-0.295
2004-12-26,2004,12,26,7.734,8.018,-0.284
2004-12-27,2004,12,27,7.523,7.811,-0.288
2004-12-28,2004,12,28,7.4,7.624,-0.224
2004-12-29,2004,12,29,7.268,7.406,-0.138
2004-12-30,2004,12,30,7.121,7.222,-0.101
2004-12-31,2004,12,31,7.01,7.059,-0.049
2005-01-01,2005,1,1,6.822,6.999,-0.177
2005-01-02,2005,1,2,6.721,6.808,-0.087
2005-01-03,2005,1,3,6.537,6.621,-0.084
2005-01-04,2005,1,4,6.45,6.451,-0.001
2005-01-05,2005,1,5,6.284,6.296,-0.012
2005-01-06,2005,1,6,6.109,6.142,-0.033
2005-01-07,2005,1,7,5.895,5.999,-0.104
2005-01-08,2005,1,8,5.647,5.838,-0.191
2005-01-09,2005,1,9,5.449,5.681,-0.232
2005-01-10,2005,1,10,5.294,5.547,-0.253
2005-01-11,2005,1,11,5.28,5.423,-0.143
2005-01-12,2005,1,12,5.222,5.305,-0.083
2005-01-13,2005,1,13,4.984,5.16,-0.176
2005-01-14,2005,1,14,4.751,5.047,-0.296
2005-01-15,2005,1,15,4.583,4.926,-0.343
2005-01-16,2005,1,16,4.399,4.819,-0.42
2005-01-17,2005,1,17,4.263,4.709,-0.446
2005-01-18,2005,1,18,4.184,4.614,-0.43
2005-01-19,2005,1,19,4.146,4.521,-0.375
2005-01-20,2005,1,20,4.079,4.427,-0.348
2005-01-21,2005,1,21,4.003,4.335,-0.332
2005-01-22,2005,1,22,3.915,4.24,-0.325
2005-01-23,2005,1,23,3.885,4.154,-0.269
2005-01-24,2005,1,24,3.774,4.074,-0.3
2005-01-25,2005,1,25,3.715,3.998,-0.283
2005-01-26,2005,1,26,3.581,3.929,-0.348
2005-01-27,2005,1,27,3.501,3.861,-0.36
2005-01-28,2005,1,28,3.521,3.808,-0.287
2005-01-29,2005,1,29,3.515,3.734,-0.219
2005-01-30,2005,1,30,3.435,3.665,-0.23
2005-01-31,2005,1,31,3.363,3.605,-0.242
2005-02-01,2005,2,1,3.258,3.534,-0.276
2005-02-02,2005,2,2,3.203,3.489,-0.286
2005-02-03,2005,2,3,3.156,3.43,-0.274
2005-02-04,2005,2,4,3.133,3.377,-0.244
2005-02-05,2005,2,5,3.119,3.326,-0.207
2005-02-06,2005,2,6,3.097,3.28,-0.183
2005-02-07,2005,2,7,3.048,3.227,-0.179
2005-02-08,2005,2,8,3.013,3.181,-0.168
2005-02-09,2005,2,9,2.96,3.141,-0.181
2005-02-10,2005,2,10,2.972,3.097,-0.125
2005-02-11,2005,2,11,2.975,3.064,-0.089
2005-02-12,2005,2,12,2.923,3.025,-0.102
2005-02-13,2005,2,13,2.894,2.998,-0.104
2005-02-14,2005,2,14,2.883,2.969,-0.086
2005-02-15,2005,2,15,2.865,2.935,-0.07
2005-02-16,2005,2,16,2.844,2.918,-0.074
2005-02-17,2005,2,17,2.832,2.914,-0.082
2005-02-18,2005,2,18,2.804,2.903,-0.099
2005-02-19,2005,2,19,2.857,2.881,-0.024
2005-02-20,2005,2,20,2.877,2.876,0.001
2005-02-21,2005,2,21,2.901,2.881,0.02
2005-02-22,2005,2,22,2.875,2.885,-0.01
2005-02-23,2005,2,23,2.887,2.892,-0.005
2005-02-24,2005,2,24,2.893,2.889,0.004
2005-02-25,2005,2,25,2.89,2.907,-0.017
2005-02-26,2005,2,26,2.897,2.931,-0.034
2005-02-27,2005,2,27,3.046,2.96,0.086
2005-02-28,2005,2,28,3.047,2.994,0.053
2005-03-01,2005,3,1,3.085,3.061,0.024
2005-03-02,2005,3,2,3.167,3.105,0.062
2005-03-03,2005,3,3,3.209,3.166,0.043
2005-03-04,2005,3,4,3.257,3.211,0.046
2005-03-05,2005,3,5,3.269,3.253,0.016
2005-03-06,2005,3,6,3.304,3.306,-0.002
2005-03-07,2005,3,7,3.471,3.37,0.101
2005-03-08,2005,3,8,3.565,3.433,0.132
2005-03-09,2005,3,9,3.513,3.507,0.006
2005-03-10,2005,3,10,3.531,3.592,-0.061
2005-03-11,2005,3,11,3.597,3.658,-0.061
2005-03-12,2005,3,12,3.676,3.735,-0.059
2005-03-13,2005,3,13,3.83,3.815,0.015
2005-03-14,2005,3,14,3.842,3.892,-0.05
2005-03-15,2005,3,15,3.876,3.966,-0.09
2005-03-16,2005,3,16,3.978,4.035,-0.057
2005-03-17,2005,3,17,4.07,4.11,-0.04
2005-03-18,2005,3,18,4.212,4.199,0.013
2005-03-19,2005,3,19,4.306,4.271,0.035
2005-03-20,2005,3,20,4.307,4.362,-0.055
2005-03-21,2005,3,21,4.428,4.441,-0.013
2005-03-22,2005,3,22,4.501,4.521,-0.02
2005-03-23,2005,3,23,4.57,4.613,-0.043
2005-03-24,2005,3,24,4.634,4.701,-0.067
2005-03-25,2005,3,25,4.717,4.798,-0.081
2005-03-26,2005,3,26,4.814,4.884,-0.07
2005-03-27,2005,3,27,4.961,4.956,0.005
2005-03-28,2005,3,28,5.055,5.047,0.008
2005-03-29,2005,3,29,5.149,5.139,0.01
2005-03-30,2005,3,30,5.288,5.219,0.069
2005-03-31,2005,3,31,5.348,5.312,0.036
2005-04-01,2005,4,1,5.49,5.405,0.085
2005-04-02,2005,4,2,5.612,5.508,0.104
2005-04-03,2005,4,3,5.669,5.607,0.062
2005-04-04,2005,4,4,5.835,5.708,0.127
2005-04-05,2005,4,5,5.934,5.806,0.128
2005-04-06,2005,4,6,6.016,5.908,0.108
2005-04-07,2005,4,7,6.142,6.018,0.124
2005-04-08,2005,4,8,6.26,6.125,0.135
2005-04-09,2005,4,9,6.407,6.218,0.189
2005-04-10,2005,4,10,6.494,6.329,0.165
2005-04-11,2005,4,11,6.531,6.434,0.097
2005-04-12,2005,4,12,6.656,6.549,0.107
2005-04-13,2005,4,13,6.818,6.656,0.162
2005-04-14,2005,4,14,6.993,6.757,0.236
2005-04-15,2005,4,15,7.089,6.862,0.227
2005-04-16,2005,4,16,7.125,6.977,0.148
2005-04-17,2005,4,17,7.146,7.089,0.057
2005-04-18,2005,4,18,7.196,7.194,0.002
2005-04-19,2005,4,19,7.367,7.303,0.064
2005-04-20,2005,4,20,7.554,7.414,0.14
2005-04-21,2005,4,21,7.636,7.516,0.12
2005-04-22,2005,4,22,7.719,7.624,0.095
2005-04-23,2005,4,23,7.83,7.733,0.097
2005-04-24,2005,4,24,7.901,7.84,0.061
2005-04-25,2005,4,25,7.993,7.947,0.046
2005-04-26,2005,4,26,8.097,8.05,0.047
2005-04-27,2005,4,27,8.214,8.165,0.049
2005-04-28,2005,4,28,8.3,8.28,0.02
2005-04-29,2005,4,29,8.413,8.387,0.026
2005-04-30,2005,4,30,8.522,8.497,0.025
2005-05-01,2005,5,1,8.667,8.604,0.063
2005-05-02,2005,5,2,8.763,8.71,0.053
2005-05-03,2005,5,3,8.795,8.825,-0.03
2005-05-04,2005,5,4,8.909,8.94,-0.031
2005-05-05,2005,5,5,9.019,9.053,-0.034
2005-05-06,2005,5,6,9.158,9.161,-0.003
2005-05-07,2005,5,7,9.237,9.28,-0.043
2005-05-08,2005,5,8,9.427,9.392,0.035
2005-05-09,2005,5,9,9.578,9.487,0.091
2005-05-10,2005,5,10,9.65,9.588,0.062
2005-05-11,2005,5,11,9.729,9.705,0.024
2005-05-12,2005,5,12,9.815,9.811,0.004
2005-05-13,2005,5,13,9.944,9.928,0.016
2005-05-14,2005,5,14,10.078,10.039,0.039
2005-05-15,2005,5,15,10.109,10.147,-0.038
2005-05-16,2005,5,16,10.132,10.26,-0.128
2005-05-17,2005,5,17,10.313,10.366,-0.053
2005-05-18,2005,5,18,10.535,10.47,0.065
2005-05-19,2005,5,19,10.635,10.583,0.052
2005-05-20,2005,5,20,10.739,10.708,0.031
2005-05-21,2005,5,21,10.898,10.809,0.089
2005-05-22,2005,5,22,11.036,10.909,0.127
2005-05-23,2005,5,23,11.153,11.019,0.134
2005-05-24,2005,5,24,11.38,11.119,0.261
2005-05-25,2005,5,25,11.428,11.219,0.209
2005-05-26,2005,5,26,11.427,11.321,0.106
2005-05-27,2005,5,27,11.495,11.422,0.073
2005-05-28,2005,5,28,11.607,11.532,0.075
2005-05-29,2005,5,29,11.668,11.629,0.039
2005-05-30,2005,5,30,11.787,11.732,0.055
2005-05-31,2005,5,31,11.842,11.859,-0.017
2005-06-01,2005,6,1,11.967,11.978,-0.011
2005-06-02,2005,6,2,12.063,12.077,-0.014
2005-06-03,2005,6,3,12.11,12.168,-0.058
2005-06-04,2005,6,4,12.146,12.271,-0.125
2005-06-05,2005,6,5,12.156,12.383,-0.227
2005-06-06,2005,6,6,12.252,12.49,-0.238
2005-06-07,2005,6,7,12.384,12.581,-0.197
2005-06-08,2005,6,8,12.473,12.69,-0.217
2005-06-09,2005,6,9,12.645,12.792,-0.147
2005-06-10,2005,6,10,12.782,12.894,-0.112
2005-06-11,2005,6,11,12.92,12.987,-0.067
2005-06-12,2005,6,12,13.048,13.074,-0.026
2005-06-13,2005,6,13,13.07,13.172,-0.102
2005-06-14,2005,6,14,13.234,13.279,-0.045
2005-06-15,2005,6,15,13.318,13.384,-0.066
2005-06-16,2005,6,16,13.337,13.487,-0.15
2005-06-17,2005,6,17,13.422,13.597,-0.175
2005-06-18,2005,6,18,13.48,13.692,-0.212
2005-06-19,2005,6,19,13.509,13.796,-0.287
2005-06-20,2005,6,20,13.539,13.898,-0.359
2005-06-21,2005,6,21,13.741,13.991,-0.25
2005-06-22,2005,6,22,13.865,14.085,-0.22
2005-06-23,2005,6,23,14.016,14.186,-0.17
2005-06-24,2005,6,24,14.215,14.279,-0.064
2005-06-25,2005,6,25,14.391,14.37,0.021
2005-06-26,2005,6,26,14.406,14.448,-0.042
2005-06-27,2005,6,27,14.478,14.524,-0.046
2005-06-28,2005,6,28,14.511,14.622,-0.111
2005-06-29,2005,6,29,14.569,14.709,-0.14
2005-06-30,2005,6,30,14.698,14.812,-0.114
2005-07-01,2005,7,1,14.831,14.896,-0.065
2005-07-02,2005,7,2,14.977,14.966,0.011
2005-07-03,2005,7,3,15.016,15.039,-0.023
2005-07-04,2005,7,4,14.957,15.112,-0.155
2005-07-05,2005,7,5,15.028,15.187,-0.159
2005-07-06,2005,7,6,15.156,15.265,-0.109
2005-07-07,2005,7,7,15.294,15.329,-0.035
2005-07-08,2005,7,8,15.322,15.395,-0.073
2005-07-09,2005,7,9,15.396,15.482,-0.086
2005-07-10,2005,7,10,15.454,15.547,-0.093
2005-07-11,2005,7,11,15.601,15.652,-0.051
2005-07-12,2005,7,12,15.871,15.753,0.118
2005-07-13,2005,7,13,16.043,15.839,0.204
2005-07-14,2005,7,14,16.123,15.909,0.214
2005-07-15,2005,7,15,16.184,15.971,0.213
2005-07-16,2005,7,16,16.186,16.038,0.148
2005-07-17,2005,7,17,16.287,16.084,0.203
2005-07-18,2005,7,18,16.382,16.164,0.218
2005-07-19,2005,7,19,16.548,16.257,0.291
2005-07-20,2005,7,20,16.659,16.345,0.314
2005-07-21,2005,7,21,16.744,16.437,0.307
2005-07-22,2005,7,22,16.776,16.517,0.259
2005-07-23,2005,7,23,16.836,16.591,0.245
2005-07-24,2005,7,24,16.934,16.643,0.291
2005-07-25,2005,7,25,16.989,16.69,0.299
2005-07-26,2005,7,26,17.023,16.746,0.277
2005-07-27,2005,7,27,17.135,16.801,0.334
2005-07-28,2005,7,28,17.156,16.857,0.299
2005-07-29,2005,7,29,17.266,16.929,0.337
2005-07-30,2005,7,30,17.315,16.981,0.334
2005-07-31,2005,7,31,17.404,17.028,0.376
2005-08-01,2005,8,1,17.566,17.083,0.483
2005-08-02,2005,8,2,17.553,17.135,0.418
2005-08-03,2005,8,3,17.513,17.19,0.323
2005-08-04,2005,8,4,17.573,17.236,0.337
2005-08-05,2005,8,5,17.67,17.287,0.383
2005-08-06,2005,8,6,17.684,17.35,0.334
2005-08-07,2005,8,7,17.736,17.421,0.315
2005-08-08,2005,8,8,17.683,17.481,0.202
2005-08-09,2005,8,9,17.727,17.514,0.213
2005-08-10,2005,8,10,17.706,17.547,0.159
2005-08-11,2005,8,11,17.744,17.593,0.151
2005-08-12,2005,8,12,17.705,17.642,0.063
2005-08-13,2005,8,13,17.842,17.683,0.159
2005-08-14,2005,8,14,17.923,17.738,0.185
2005-08-15,2005,8,15,17.895,17.782,0.113
2005-08-16,2005,8,16,17.947,17.827,0.12
2005-08-17,2005,8,17,17.97,17.845,0.125
2005-08-18,2005,8,18,18.064,17.867,0.197
2005-08-19,2005,8,19,18.1,17.888,0.212
2005-08-20,2005,8,20,18.115,17.924,0.191
2005-08-21,2005,8,21,18.042,17.964,0.078
2005-08-22,2005,8,22,18.067,17.983,0.084
2005-08-23,2005,8,23,18.135,18.018,0.117
2005-08-24,2005,8,24,18.138,18.053,0.085
2005-08-25,2005,8,25,18.203,18.105,0.098
2005-08-26,2005,8,26,18.26,18.145,0.115
2005-08-27,2005,8,27,18.31,18.159,0.151
2005-08-28,2005,8,28,18.244,18.195,0.049
2005-08-29,2005,8,29,18.172,18.222,-0.05
2005-08-30,2005,8,30,18.158,18.241,-0.083
2005-08-31,2005,8,31,18.152,18.264,-0.112
2005-09-01,2005,9,1,18.207,18.288,-0.081
2005-09-02,2005,9,2,18.198,18.308,-0.11
2005-09-03,2005,9,3,18.282,18.333,-0.051
2005-09-04,2005,9,4,18.318,18.352,-0.034
2005-09-05,2005,9,5,18.41,18.373,0.037
2005-09-06,2005,9,6,18.492,18.397,0.095
2005-09-07,2005,9,7,18.56,18.416,0.144
2005-09-08,2005,9,8,18.612,18.445,0.167
2005-09-09,2005,9,9,18.644,18.47,0.174
2005-09-10,2005,9,10,18.687,18.49,0.197
2005-09-11,2005,9,11,18.809,18.502,0.307
2005-09-12,2005,9,12,18.865,18.521,0.344
2005-09-13,2005,9,13,18.774,18.522,0.252
2005-09-14,2005,9,14,18.733,18.529,0.204
2005-09-15,2005,9,15,18.797,18.533,0.264
2005-09-16,2005,9,16,18.782,18.546,0.236
2005-09-17,2005,9,17,18.746,18.565,0.181
2005-09-18,2005,9,18,18.868,18.567,0.301
2005-09-19,2005,9,19,18.858,18.572,0.286
2005-09-20,2005,9,20,18.938,18.574,0.364
2005-09-21,2005,9,21,18.941,18.576,0.365
2005-09-22,2005,9,22,18.975,18.569,0.406
2005-09-23,2005,9,23,19.061,18.57,0.491
2005-09-24,2005,9,24,19.136,18.571,0.565
2005-09-25,2005,9,25,19.204,18.566,0.638
2005-09-26,2005,9,26,19.24,18.552,0.688
2005-09-27,2005,9,27,19.267,18.541,0.726
2005-09-28,2005,9,28,19.231,18.525,0.706
2005-09-29,2005,9,29,19.295,18.525,0.77
2005-09-30,2005,9,30,19.214,18.508,0.706
2005-10-01,2005,10,1,19.148,18.508,0.64
2005-10-02,2005,10,2,19.136,18.504,0.632
2005-10-03,2005,10,3,19.159,18.476,0.683
2005-10-04,2005,10,4,19.125,18.448,0.677
2005-10-05,2005,10,5,19.073,18.44,0.633
2005-10-06,2005,10,6,19.0,18.425,0.575
2005-10-07,2005,10,7,18.968,18.394,0.574
2005-10-08,2005,10,8,18.897,18.361,0.536
2005-10-09,2005,10,9,18.81,18.329,0.481
2005-10-10,2005,10,10,18.809,18.299,0.51
2005-10-11,2005,10,11,18.832,18.287,0.545
2005-10-12,2005,10,12,18.716,18.265,0.451
2005-10-13,2005,10,13,18.72,18.235,0.485
2005-10-14,2005,10,14,18.744,18.224,0.52
2005-10-15,2005,10,15,18.664,18.193,0.471
2005-10-16,2005,10,16,18.479,18.158,0.321
2005-10-17,2005,10,17,18.296,18.116,0.18
2005-10-18,2005,10,18,18.121,18.062,0.059
2005-10-19,2005,10,19,18.076,18.012,0.064
2005-10-20,2005,10,20,18.046,17.97,0.076
2005-10-21,2005,10,21,18.058,17.921,0.137
2005-10-22,2005,10,22,18.04,17.872,0.168
2005-10-23,2005,10,23,17.969,17.833,0.136
2005-10-24,2005,10,24,17.959,17.791,0.168
2005-10-25,2005,10,25,17.987,17.736,0.251
2005-10-26,2005,10,26,18.008,17.681,0.327
2005-10-27,2005,10,27,18.038,17.633,0.405
2005-10-28,2005,10,28,18.036,17.555,0.481
2005-10-29,2005,10,29,18.06,17.509,0.551
2005-10-30,2005,10,30,17.925,17.449,0.476
2005-10-31,2005,10,31,17.882,17.367,0.515
2005-11-01,2005,11,1,17.828,17.312,0.516
2005-11-02,2005,11,2,17.848,17.229,0.619
2005-11-03,2005,11,3,17.836,17.153,0.683
2005-11-04,2005,11,4,17.826,17.081,0.745
2005-11-05,2005,11,5,17.721,17.011,0.71
2005-11-06,2005,11,6,17.559,16.934,0.625
2005-11-07,2005,11,7,17.423,16.848,0.575
2005-11-08,2005,11,8,17.284,16.762,0.522
2005-11-09,2005,11,9,17.165,16.667,0.498
2005-11-10,2005,11,10,17.146,16.562,0.584
2005-11-11,2005,11,11,17.077,16.472,0.605
2005-11-12,2005,11,12,16.939,16.378,0.561
2005-11-13,2005,11,13,16.88,16.272,0.608
2005-11-14,2005,11,14,16.783,16.175,0.608
2005-11-15,2005,11,15,16.674,16.061,0.613
2005-11-16,2005,11,16,16.611,15.925,0.686
2005-11-17,2005,11,17,16.427,15.797,0.63
2005-11-18,2005,11,18,16.198,15.665,0.533
2005-11-19,2005,11,19,16.056,15.509,0.547
2005-11-20,2005,11,20,15.856,15.368,0.488
2005-11-21,2005,11,21,15.662,15.213,0.449
2005-11-22,2005,11,22,15.489,15.069,0.42
2005-11-23,2005,11,23,15.354,14.896,0.458
2005-11-24,2005,11,24,15.172,14.74,0.432
2005-11-25,2005,11,25,14.928,14.575,0.353
2005-11-26,2005,11,26,14.744,14.417,0.327
2005-11-27,2005,11,27,14.503,14.239,0.264
2005-11-28,2005,11,28,14.328,14.055,0.273
2005-11-29,2005,11,29,14.197,13.868,0.329
2005-11-30,2005,11,30,13.971,13.685,0.286
2005-12-01,2005,12,1,13.698,13.513,0.185
2005-12-02,2005,12,2,13.492,13.294,0.198
2005-12-03,2005,12,3,13.235,13.105,0.13
2005-12-04,2005,12,4,13.038,12.904,0.134
2005-12-05,2005,12,5,12.589,12.703,-0.114
2005-12-06,2005,12,6,12.325,12.495,-0.17
2005-12-07,2005,12,7,12.093,12.29,-0.197
2005-12-08,2005,12,8,11.798,12.068,-0.27
2005-12-09,2005,12,9,11.495,11.859,-0.364
2005-12-10,2005,12,10,11.06,11.659,-0.599
2005-12-11,2005,12,11,10.719,11.436,-0.717
2005-12-12,2005,12,12,10.407,11.222,-0.815
2005-12-13,2005,12,13,10.206,10.998,-0.792
2005-12-14,2005,12,14,9.871,10.755,-0.884
2005-12-15,2005,12,15,9.61,10.498,-0.888
2005-12-16,2005,12,16,9.454,10.247,-0.793
2005-12-17,2005,12,17,9.305,9.984,-0.679
2005-12-18,2005,12,18,9.12,9.732,-0.612
2005-12-19,2005,12,19,8.867,9.48,-0.613
2005-12-20,2005,12,20,8.612,9.255,-0.643
2005-12-21,2005,12,21,8.291,9.039,-0.748
2005-12-22,2005,12,22,7.997,8.835,-0.838
2005-12-23,2005,12,23,7.696,8.631,-0.935
2005-12-24,2005,12,24,7.467,8.416,-0.949
2005-12-25,2005,12,25,7.323,8.224,-0.901
2005-12-26,2005,12,26,7.081,8.018,-0.937
2005-12-27,2005,12,27,6.912,7.811,-0.899
2005-12-28,2005,12,28,6.743,7.624,-0.881
2005-12-29,2005,12,29,6.617,7.406,-0.789
2005-12-30,2005,12,30,6.559,7.222,-0.663
2005-12-31,2005,12,31,6.408,7.059,-0.651
2006-01-01,2006,1,1,6.257,6.999,-0.742
2006-01-02,2006,1,2,6.038,6.808,-0.77
2006-01-03,2006,1,3,5.778,6.621,-0.843
2006-01-04,2006,1,4,5.606,6.451,-0.845
2006-01-05,2006,1,5,5.459,6.296,-0.837
2006-01-06,2006,1,6,5.237,6.142,-0.905
2006-01-07,2006,1,7,5.046,5.999,-0.953
2006-01-08,2006,1,8,4.89,5.838,-0.948
2006-01-09,2006,1,9,4.714,5.681,-0.967
2006-01-10,2006,1,10,4.566,5.547,-0.981
2006-01-11,2006,1,11,4.44,5.423,-0.983
2006-01-12,2006,1,12,4.3,5.305,-1.005
2006-01-13,2006,1,13,4.214,5.16,-0.946
2006-01-14,2006,1,14,4.163,5.047,-0.884
2006-01-15,2006,1,15,4.082,4.926,-0.844
2006-01-16,2006,1,16,4.004,4.819,-0.815
2006-01-17,2006,1,17,3.908,4.709,-0.801
2006-01-18,2006,1,18,3.782,4.614,-0.832
2006-01-19,2006,1,19,3.668,4.521,-0.853
2006-01-20,2006,1,20,3.577,4.427,-0.85
2006-01-21,2006,1,21,3.558,4.335,-0.777
2006-01-22,2006,1,22,3.448,4.24,-0.792
2006-01-23,2006,1,23,3.392,4.154,-0.762
2006-01-24,2006,1,24,3.322,4.074,-0.752
2006-01-25,2006,1,25,3.254,3.998,-0.744
2006-01-26,2006,1,26,3.196,3.929,-0.733
2006-01-27,2006,1,27,3.152,3.861,-0.709
2006-01-28,2006,1,28,3.091,3.808,-0.717
2006-01-29,2006,1,29,3.024,3.734,-0.71
2006-01-30,2006,1,30,2.965,3.665,-0.7
2006-01-31,2006,1,31,2.939,3.605,-0.666
2006-02-01,2006,2,1,2.898,3.534,-0.636
2006-02-02,2006,2,2,2.82,3.489,-0.669
2006-02-03,2006,2,3,2.776,3.43,-0.654
2006-02-04,2006,2,4,2.784,3.377,-0.593
2006-02-05,2006,2,5,2.795,3.326,-0.531
2006-02-06,2006,2,6,2.786,3.28,-0.494
2006-02-07,2006,2,7,2.785,3.227,-0.442
2006-02-08,2006,2,8,2.745,3.181,-0.436
2006-02-09,2006,2,9,2.702,3.141,-0.439
2006-02-10,2006,2,10,2.641,3.097,-0.456
2006-02-11,2006,2,11,2.632,3.064,-0.432
2006-02-12,2006,2,12,2.67,3.025,-0.355
2006-02-13,2006,2,13,2.7,2.998,-0.298
2006-02-14,2006,2,14,2.645,2.969,-0.324
2006-02-15,2006,2,15,2.59,2.935,-0.345
2006-02-16,2006,2,16,2.567,2.918,-0.351
2006-02-17,2006,2,17,2.562,2.914,-0.352
2006-02-18,2006,2,18,2.539,2.903,-0.364
2006-02-19,2006,2,19,2.512,2.881,-0.369
2006-02-20,2006,2,20,2.487,2.876,-0.389
2006-02-21,2006,2,21,2.513,2.881,-0.368
2006-02-22,2006,2,22,2.544,2.885,-0.341
2006-02-23,2006,2,23,2.543,2.892,-0.349
2006-02-24,2006,2,24,2.547,2.889,-0.342
2006-02-25,2006,2,25,2.579,2.907,-0.328
2006-02-26,2006,2,26,2.615,2.931,-0.316
2006-02-27,2006,2,27,2.617,2.96,-0.343
2006-02-28,2006,2,28,2.645,2.994,-0.349
2006-03-01,2006,3,1,2.561,3.061,-0.5
2006-03-02,2006,3,2,2.622,3.105,-0.483
2006-03-03,2006,3,3,2.581,3.166,-0.585
2006-03-04,2006,3,4,2.543,3.211,-0.668
2006-03-05,2006,3,5,2.578,3.253,-0.675
2006-03-06,2006,3,6,2.62,3.306,-0.686
2006-03-07,2006,3,7,2.679,3.37,-0.691
2006-03-08,2006,3,8,2.723,3.433,-0.71
2006-03-09,2006,3,9,2.815,3.507,-0.692
2006-03-10,2006,3,10,2.818,3.592,-0.774
2006-03-11,2006,3,11,2.881,3.658,-0.777
2006-03-12,2006,3,12,2.906,3.735,-0.829
2006-03-13,2006,3,13,2.892,3.815,-0.923
2006-03-14,2006,3,14,2.916,3.892,-0.976
2006-03-15,2006,3,15,2.967,3.966,-0.999
2006-03-16,2006,3,16,3.005,4.035,-1.03
2006-03-17,2006,3,17,3.085,4.11,-1.025
2006-03-18,2006,3,18,3.154,4.199,-1.045
2006-03-19,2006,3,19,3.228,4.271,-1.043
2006-03-20,2006,3,20,3.335,4.362,-1.027
2006-03-21,2006,3,21,3.393,4.441,-1.048
2006-03-22,2006,3,22,3.458,4.521,-1.063
2006-03-23,2006,3,23,3.564,4.613,-1.049
2006-03-24,2006,3,24,3.69,4.701,-1.011
2006-03-25,2006,3,25,3.809,4.798,-0.989
2006-03-26,2006,3,26,3.853,4.884,-1.031
2006-03-27,2006,3,27,3.993,4.956,-0.963
2006-03-28,2006,3,28,4.088,5.047,-0.959
2006-03-29,2006,3,29,4.181,5.139,-0.958
2006-03-30,2006,3,30,4.299,5.219,-0.92
2006-03-31,2006,3,31,4.416,5.312,-0.896
2006-04-01,2006,4,1,4.495,5.405,-0.91
2006-04-02,2006,4,2,4.635,5.508,-0.873
2006-04-03,2006,4,3,4.776,5.607,-0.831
2006-04-04,2006,4,4,4.889,5.708,-0.819
2006-04-05,2006,4,5,4.937,5.806,-0.869
2006-04-06,2006,4,6,5.018,5.908,-0.89
2006-04-07,2006,4,7,5.111,6.018,-0.907
2006-04-08,2006,4,8,5.164,6.125,-0.961
2006-04-09,2006,4,9,5.258,6.218,-0.96
2006-04-10,2006,4,10,5.44,6.329,-0.889
2006-04-11,2006,4,11,5.56,6.434,-0.874
2006-04-12,2006,4,12,5.64,6.549,-0.909
2006-04-13,2006,4,13,5.704,6.656,-0.952
2006-04-14,2006,4,14,5.829,6.757,-0.928
2006-04-15,2006,4,15,5.978,6.862,-0.884
2006-04-16,2006,4,16,6.034,6.977,-0.943
2006-04-17,2006,4,17,6.196,7.089,-0.893
2006-04-18,2006,4,18,6.338,7.194,-0.856
2006-04-19,2006,4,19,6.412,7.303,-0.891
2006-04-20,2006,4,20,6.519,7.414,-0.895
2006-04-21,2006,4,21,6.605,7.516,-0.911
2006-04-22,2006,4,22,6.682,7.624,-0.942
2006-04-23,2006,4,23,6.79,7.733,-0.943
2006-04-24,2006,4,24,6.941,7.84,-0.899
2006-04-25,2006,4,25,7.021,7.947,-0.926
2006-04-26,2006,4,26,7.092,8.05,-0.958
2006-04-27,2006,4,27,7.173,8.165,-0.992
2006-04-28,2006,4,28,7.269,8.28,-1.011
2006-04-29,2006,4,29,7.355,8.387,-1.032
2006-04-30,2006,4,30,7.451,8.497,-1.046
2006-05-01,2006,5,1,7.594,8.604,-1.01
2006-05-02,2006,5,2,7.738,8.71,-0.972
2006-05-03,2006,5,3,7.844,8.825,-0.981
2006-05-04,2006,5,4,7.944,8.94,-0.996
2006-05-05,2006,5,5,8.089,9.053,-0.964
2006-05-06,2006,5,6,8.168,9.161,-0.993
2006-05-07,2006,5,7,8.272,9.28,-1.008
2006-05-08,2006,5,8,8.396,9.392,-0.996
2006-05-09,2006,5,9,8.576,9.487,-0.911
2006-05-10,2006,5,10,8.665,9.588,-0.923
2006-05-11,2006,5,11,8.731,9.705,-0.974
2006-05-12,2006,5,12,8.846,9.811,-0.965
2006-05-13,2006,5,13,8.973,9.928,-0.955
2006-05-14,2006,5,14,9.088,10.039,-0.951
2006-05-15,2006,5,15,9.125,10.147,-1.022
2006-05-16,2006,5,16,9.285,10.26,-0.975
2006-05-17,2006,5,17,9.422,10.366,-0.944
2006-05-18,2006,5,18,9.556,10.47,-0.914
2006-05-19,2006,5,19,9.688,10.583,-0.895
2006-05-20,2006,5,20,9.812,10.708,-0.896
2006-05-21,2006,5,21,9.979,10.809,-0.83
2006-05-22,2006,5,22,10.13,10.909,-0.779
2006-05-23,2006,5,23,10.386,11.019,-0.633
2006-05-24,2006,5,24,10.563,11.119,-0.556
2006-05-25,2006,5,25,10.708,11.219,-0.511
2006-05-26,2006,5,26,10.85,11.321,-0.471
2006-05-27,2006,5,27,11.045,11.422,-0.377
2006-05-28,2006,5,28,11.146,11.532,-0.386
2006-05-29,2006,5,29,11.345,11.629,-0.284
2006-05-30,2006,5,30,11.52,11.732,-0.212
2006-05-31,2006,5,31,11.66,11.859,-0.199
2006-06-01,2006,6,1,11.809,11.978,-0.169
2006-06-02,2006,6,2,11.897,12.077,-0.18
2006-06-03,2006,6,3,11.954,12.168,-0.214
2006-06-04,2006,6,4,12.087,12.271,-0.184
2006-06-05,2006,6,5,12.129,12.383,-0.254
2006-06-06,2006,6,6,12.174,12.49,-0.316
2006-06-07,2006,6,7,12.352,12.581,-0.229
2006-06-08,2006,6,8,12.531,12.69,-0.159
2006-06-09,2006,6,9,12.725,12.792,-0.067
2006-06-10,2006,6,10,12.839,12.894,-0.055
2006-06-11,2006,6,11,12.973,12.987,-0.014
2006-06-12,2006,6,12,13.125,13.074,0.051
2006-06-13,2006,6,13,13.25,13.172,0.078
2006-06-14,2006,6,14,13.359,13.279,0.08
2006-06-15,2006,6,15,13.423,13.384,0.039
2006-06-16,2006,6,16,13.479,13.487,-0.008
2006-06-17,2006,6,17,13.555,13.597,-0.042
2006-06-18,2006,6,18,13.599,13.692,-0.093
2006-06-19,2006,6,19,13.701,13.796,-0.095
2006-06-20,2006,6,20,13.845,13.898,-0.053
2006-06-21,2006,6,21,13.881,13.991,-0.11
2006-06-22,2006,6,22,13.954,14.085,-0.131
2006-06-23,2006,6,23,14.042,14.186,-0.144
2006-06-24,2006,6,24,14.199,14.279,-0.08
2006-06-25,2006,6,25,14.333,14.37,-0.037
2006-06-26,2006,6,26,14.412,14.448,-0.036
2006-06-27,2006,6,27,14.507,14.524,-0.017
2006-06-28,2006,6,28,14.63,14.622,0.008
2006-06-29,2006,6,29,14.744,14.709,0.035
2006-06-30,2006,6,30,14.835,14.812,0.023
2006-07-01,2006,7,1,14.925,14.896,0.029
2006-07-02,2006,7,2,14.994,14.966,0.028
2006-07-03,2006,7,3,15.04,15.039,0.001
2006-07-04,2006,7,4,15.086,15.112,-0.026
2006-07-05,2006,7,5,15.226,15.187,0.039
2006-07-06,2006,7,6,15.389,15.265,0.124
2006-07-07,2006,7,7,15.492,15.329,0.163
2006-07-08,2006,7,8,15.64,15.395,0.245
2006-07-09,2006,7,9,15.624,15.482,0.142
2006-07-10,2006,7,10,15.689,15.547,0.142
2006-07-11,2006,7,11,15.736,15.652,0.084
2006-07-12,2006,7,12,15.788,15.753,0.035
2006-07-13,2006,7,13,15.913,15.839,0.074
2006-07-14,2006,7,14,15.902,15.909,-0.007
2006-07-15,2006,7,15,15.919,15.971,-0.052
2006-07-16,2006,7,16,16.033,16.038,-0.005
2006-07-17,2006,7,17,16.11,16.084,0.026
2006-07-18,2006,7,18,16.173,16.164,0.009
2006-07-19,2006,7,19,16.31,16.257,0.053
2006-07-20,2006,7,20,16.429,16.345,0.084
2006-07-21,2006,7,21,16.521,16.437,0.084
2006-07-22,2006,7,22,16.638,16.517,0.121
2006-07-23,2006,7,23,16.814,16.591,0.223
2006-07-24,2006,7,24,16.925,16.643,0.282
2006-07-25,2006,7,25,17.005,16.69,0.315
2006-07-26,2006,7,26,17.012,16.746,0.266
2006-07-27,2006,7,27,17.037,16.801,0.236
2006-07-28,2006,7,28,17.023,16.857,0.166
2006-07-29,2006,7,29,17.024,16.929,0.095
2006-07-30,2006,7,30,17.063,16.981,0.082
2006-07-31,2006,7,31,17.058,17.028,0.03
2006-08-01,2006,8,1,17.066,17.083,-0.017
2006-08-02,2006,8,2,17.116,17.135,-0.019
2006-08-03,2006,8,3,17.148,17.19,-0.042
2006-08-04,2006,8,4,17.151,17.236,-0.085
2006-08-05,2006,8,5,17.233,17.287,-0.054
2006-08-06,2006,8,6,17.335,17.35,-0.015
2006-08-07,2006,8,7,17.376,17.421,-0.045
2006-08-08,2006,8,8,17.5,17.481,0.019
2006-08-09,2006,8,9,17.652,17.514,0.138
2006-08-10,2006,8,10,17.677,17.547,0.13
2006-08-11,2006,8,11,17.773,17.593,0.18
2006-08-12,2006,8,12,17.836,17.642,0.194
2006-08-13,2006,8,13,17.889,17.683,0.206
2006-08-14,2006,8,14,17.882,17.738,0.144
2006-08-15,2006,8,15,17.934,17.782,0.152
2006-08-16,2006,8,16,18.043,17.827,0.216
2006-08-17,2006,8,17,18.226,17.845,0.381
2006-08-18,2006,8,18,18.324,17.867,0.457
2006-08-19,2006,8,19,18.404,17.888,0.516
2006-08-20,2006,8,20,18.448,17.924,0.524
2006-08-21,2006,8,21,18.576,17.964,0.612
2006-08-22,2006,8,22,18.656,17.983,0.673
2006-08-23,2006,8,23,18.663,18.018,0.645
2006-08-24,2006,8,24,18.755,18.053,0.702
2006-08-25,2006,8,25,18.796,18.105,0.691
2006-08-26,2006,8,26,18.751,18.145,0.606
2006-08-27,2006,8,27,18.843,18.159,0.684
2006-08-28,2006,8,28,18.957,18.195,0.762
2006-08-29,2006,8,29,19.041,18.222,0.819
2006-08-30,2006,8,30,19.009,18.241,0.768
2006-08-31,2006,8,31,18.967,18.264,0.703
2006-09-01,2006,9,1,19.031,18.288,0.743
2006-09-02,2006,9,2,18.976,18.308,0.668
2006-09-03,2006,9,3,18.992,18.333,0.659
2006-09-04,2006,9,4,18.949,18.352,0.597
2006-09-05,2006,9,5,18.917,18.373,0.544
2006-09-06,2006,9,6,18.875,18.397,0.478
2006-09-07,2006,9,7,18.915,18.416,0.499
2006-09-08,2006,9,8,18.896,18.445,0.451
2006-09-09,2006,9,9,18.887,18.47,0.417
2006-09-10,2006,9,10,18.888,18.49,0.398
2006-09-11,2006,9,11,18.88,18.502,0.378
2006-09-12,2006,9,12,18.912,18.521,0.391
2006-09-13,2006,9,13,18.942,18.522,0.42
2006-09-14,2006,9,14,19.02,18.529,0.491
2006-09-15,2006,9,15,19.126,18.533,0.593
2006-09-16,2006,9,16,19.183,18.546,0.637
2006-09-17,2006,9,17,19.255,18.565,0.69
2006-09-18,2006,9,18,19.237,18.567,0.67
2006-09-19,2006,9,19,19.226,18.572,0.654
2006-09-20,2006,9,20,19.305,18.574,0.731
2006-09-21,2006,9,21,19.36,18.576,0.784
2006-09-22,2006,9,22,19.33,18.569,0.761
2006-09-23,2006,9,23,19.287,18.57,0.717
2006-09-24,2006,9,24,19.351,18.571,0.78
2006-09-25,2006,9,25,19.328,18.566,0.762
2006-09-26,2006,9,26,19.247,18.552,0.695
2006-09-27,2006,9,27,19.164,18.541,0.623
2006-09-28,2006,9,28,19.166,18.525,0.641
2006-09-29,2006,9,29,19.103,18.525,0.578
2006-09-30,2006,9,30,19.075,18.508,0.567
2006-10-01,2006,10,1,19.064,18.508,0.556
2006-10-02,2006,10,2,19.076,18.504,0.572
2006-10-03,2006,10,3,19.153,18.476,0.677
2006-10-04,2006,10,4,19.257,18.448,0.809
2006-10-05,2006,10,5,19.183,18.44,0.743
2006-10-06,2006,10,6,19.171,18.425,0.746
2006-10-07,2006,10,7,19.171,18.394,0.777
2006-10-08,2006,10,8,19.141,18.361,0.78
2006-10-09,2006,10,9,19.107,18.329,0.778
2006-10-10,2006,10,10,19.028,18.299,0.729
2006-10-11,2006,10,11,18.957,18.287,0.67
2006-10-12,2006,10,12,18.824,18.265,0.559
2006-10-13,2006,10,13,18.855,18.235,0.62
2006-10-14,2006,10,14,18.874,18.224,0.65
2006-10-15,2006,10,15,18.914,18.193,0.721
2006-10-16,2006,10,16,18.836,18.158,0.678
2006-10-17,2006,10,17,18.778,18.116,0.662
2006-10-18,2006,10,18,18.713,18.062,0.651
2006-10-19,2006,10,19,18.638,18.012,0.626
2006-10-20,2006,10,20,18.651,17.97,0.681
2006-10-21,2006,10,21,18.588,17.921,0.667
2006-10-22,2006,10,22,18.585,17.872,0.713
2006-10-23,2006,10,23,18.515,17.833,0.682
2006-10-24,2006,10,24,18.456,17.791,0.665
2006-10-25,2006,10,25,18.433,17.736,0.697
2006-10-26,2006,10,26,18.321,17.681,0.64
2006-10-27,2006,10,27,18.22,17.633,0.587
2006-10-28,2006,10,28,18.176,17.555,0.621
2006-10-29,2006,10,29,18.04,17.509,0.531
2006-10-30,2006,10,30,18.0,17.449,0.551
2006-10-31,2006,10,31,17.986,17.367,0.619
2006-11-01,2006,11,1,17.946,17.312,0.634
2006-11-02,2006,11,2,17.896,17.229,0.667
2006-11-03,2006,11,3,17.808,17.153,0.655
2006-11-04,2006,11,4,17.709,17.081,0.628
2006-11-05,2006,11,5,17.611,17.011,0.6
2006-11-06,2006,11,6,17.477,16.934,0.543
2006-11-07,2006,11,7,17.333,16.848,0.485
2006-11-08,2006,11,8,17.269,16.762,0.507
2006-11-09,2006,11,9,17.244,16.667,0.577
2006-11-10,2006,11,10,17.155,16.562,0.593
2006-11-11,2006,11,11,17.053,16.472,0.581
2006-11-12,2006,11,12,16.953,16.378,0.575
2006-11-13,2006,11,13,16.881,16.272,0.609
2006-11-14,2006,11,14,16.701,16.175,0.526
2006-11-15,2006,11,15,16.534,16.061,0.473
2006-11-16,2006,11,16,16.462,15.925,0.537
2006-11-17,2006,11,17,16.352,15.797,0.555
2006-11-18,2006,11,18,16.244,15.665,0.579
2006-11-19,2006,11,19,16.102,15.509,0.593
2006-11-20,2006,11,20,15.862,15.368,0.494
2006-11-21,2006,11,21,15.648,15.213,0.435
2006-11-22,2006,11,22,15.369,15.069,0.3
2006-11-23,2006,11,23,15.197,14.896,0.301
2006-11-24,2006,11,24,14.953,14.74,0.213
2006-11-25,2006,11,25,14.748,14.575,0.173
2006-11-26,2006,11,26,14.558,14.417,0.141
2006-11-27,2006,11,27,14.295,14.239,0.056
2006-11-28,2006,11,28,14.017,14.055,-0.038
2006-11-29,2006,11,29,13.863,13.868,-0.005
2006-11-30,2006,11,30,13.655,13.685,-0.03
2006-12-01,2006,12,1,13.488,13.513,-0.025
2006-12-02,2006,12,2,13.309,13.294,0.015
2006-12-03,2006,12,3,12.986,13.105,-0.119
2006-12-04,2006,12,4,12.768,12.904,-0.136
2006-12-05,2006,12,5,12.503,12.703,-0.2
2006-12-06,2006,12,6,12.207,12.495,-0.288
2006-12-07,2006,12,7,11.889,12.29,-0.401
2006-12-08,2006,12,8,11.629,12.068,-0.439
2006-12-09,2006,12,9,11.307,11.859,-0.552
2006-12-10,2006,12,10,11.055,11.659,-0.604
2006-12-11,2006,12,11,10.807,11.436,-0.629
2006-12-12,2006,12,12,10.58,11.222,-0.642
2006-12-13,2006,12,13,10.373,10.998,-0.625
2006-12-14,2006,12,14,10.189,10.755,-0.566
2006-12-15,2006,12,15,9.994,10.498,-0.504
2006-12-16,2006,12,16,9.71,10.247,-0.537
2006-12-17,2006,12,17,9.411,9.984,-0.573
2006-12-18,2006,12,18,9.144,9.732,-0.588
2006-12-19,2006,12,19,8.868,9.48,-0.612
2006-12-20,2006,12,20,8.675,9.255,-0.58
2006-12-21,2006,12,21,8.502,9.039,-0.537
2006-12-22,2006,12,22,8.389,8.835,-0.446
2006-12-23,2006,12,23,8.207,8.631,-0.424
2006-12-24,2006,12,24,8.057,8.416,-0.359
2006-12-25,2006,12,25,7.856,8.224,-0.368
2006-12-26,2006,12,26,7.677,8.018,-0.341
2006-12-27,2006,12,27,7.551,7.811,-0.26
2006-12-28,2006,12,28,7.317,7.624,-0.307
2006-12-29,2006,12,29,7.242,7.406,-0.164
2006-12-30,2006,12,30,6.95,7.222,-0.272
2006-12-31,2006,12,31,6.838,7.059,-0.221
2007-01-01,2007,1,1,6.713,6.999,-0.286
2007-01-02,2007,1,2,6.478,6.808,-0.33
2007-01-03,2007,1,3,6.312,6.621,-0.309
2007-01-04,2007,1,4,6.15,6.451,-0.301
2007-01-05,2007,1,5,6.076,6.296,-0.22
2007-01-06,2007,1,6,5.912,6.142,-0.23
2007-01-07,2007,1,7,5.688,5.999,-0.311
2007-01-08,2007,1,8,5.546,5.838,-0.292
2007-01-09,2007,1,9,5.411,5.681,-0.27
2007-01-10,2007,1,10,5.33,5.547,-0.217
2007-01-11,2007,1,11,5.174,5.423,-0.249
2007-01-12,2007,1,12,5.0,5.305,-0.305
2007-01-13,2007,1,13,4.931,5.16,-0.229
2007-01-14,2007,1,14,4.831,5.047,-0.216
2007-01-15,2007,1,15,4.675,4.926,-0.251
2007-01-16,2007,1,16,4.597,4.819,-0.222
2007-01-17,2007,1,17,4.416,4.709,-0.293
2007-01-18,2007,1,18,4.241,4.614,-0.373
2007-01-19,2007,1,19,4.105,4.521,-0.416
2007-01-20,2007,1,20,3.991,4.427,-0.436
2007-01-21,2007,1,21,3.903,4.335,-0.432
2007-01-22,2007,1,22,3.883,4.24,-0.357
2007-01-23,2007,1,23,3.762,4.154,-0.392
2007-01-24,2007,1,24,3.689,4.074,-0.385
2007-01-25,2007,1,25,3.601,3.998,-0.397
2007-01-26,2007,1,26,3.543,3.929,-0.386
2007-01-27,2007,1,27,3.471,3.861,-0.39
2007-01-28,2007,1,28,3.458,3.808,-0.35
2007-01-29,2007,1,29,3.401,3.734,-0.333
2007-01-30,2007,1,30,3.317,3.665,-0.348
2007-01-31,2007,1,31,3.245,3.605,-0.36
2007-02-01,2007,2,1,3.18,3.534,-0.354
2007-02-02,2007,2,2,3.19,3.489,-0.299
2007-02-03,2007,2,3,3.144,3.43,-0.286
2007-02-04,2007,2,4,3.101,3.377,-0.276
2007-02-05,2007,2,5,3.057,3.326,-0.269
2007-02-06,2007,2,6,3.05,3.28,-0.23
2007-02-07,2007,2,7,2.994,3.227,-0.233
2007-02-08,2007,2,8,2.959,3.181,-0.222
2007-02-09,2007,2,9,2.948,3.141,-0.193
2007-02-10,2007,2,10,2.903,3.097,-0.194
2007-02-11,2007,2,11,2.856,3.064,-0.208
2007-02-12,2007,2,12,2.871,3.025,-0.154
2007-02-13,2007,2,13,2.838,2.998,-0.16
2007-02-14,2007,2,14,2.809,2.969,-0.16
2007-02-15,2007,2,15,2.81,2.935,-0.125
2007-02-16,2007,2,16,2.743,2.918,-0.175
2007-02-17,2007,2,17,2.736,2.914,-0.178
2007-02-18,2007,2,18,2.816,2.903,-0.087
2007-02-19,2007,2,19,2.723,2.881,-0.158
2007-02-20,2007,2,20,2.74,2.876,-0.136
2007-02-21,2007,2,21,2.756,2.881,-0.125
2007-02-22,2007,2,22,2.748,2.885,-0.137
2007-02-23,2007,2,23,2.779,2.892,-0.113
2007-02-24,2007,2,24,2.766,2.889,-0.123
2007-02-25,2007,2,25,2.828,2.907,-0.079
2007-02-26,2007,2,26,2.937,2.931,0.006
2007-02-27,2007,2,27,3.002,2.96,0.042
2007-02-28,2007,2,28,3.045,2.994,0.051
2007-03-01,2007,3,1,3.055,3.061,-0.006
2007-03-02,2007,3,2,3.086,3.105,-0.019
2007-03-03,2007,3,3,3.203,3.166,0.037
2007-03-04,2007,3,4,3.264,3.211,0.053
2007-03-05,2007,3,5,3.227,3.253,-0.026
2007-03-06,2007,3,6,3.233,3.306,-0.073
2007-03-07,2007,3,7,3.285,3.37,-0.085
2007-03-08,2007,3,8,3.41,3.433,-0.023
2007-03-09,2007,3,9,3.461,3.507,-0.046
2007-03-10,2007,3,10,3.554,3.592,-0.038
2007-03-11,2007,3,11,3.596,3.658,-0.062
2007-03-12,2007,3,12,3.619,3.735,-0.116
2007-03-13,2007,3,13,3.655,3.815,-0.16
2007-03-14,2007,3,14,3.731,3.892,-0.161
2007-03-15,2007,3,15,3.829,3.966,-0.137
2007-03-16,2007,3,16,3.793,4.035,-0.242
2007-03-17,2007,3,17,3.853,4.11,-0.257
2007-03-18,2007,3,18,3.897,4.199,-0.302
2007-03-19,2007,3,19,3.908,4.271,-0.363
2007-03-20,2007,3,20,3.936,4.362,-0.426
2007-03-21,2007,3,21,3.993,4.441,-0.448
2007-03-22,2007,3,22,4.014,4.521,-0.507
2007-03-23,2007,3,23,4.084,4.613,-0.529
2007-03-24,2007,3,24,4.173,4.701,-0.528
2007-03-25,2007,3,25,4.264,4.798,-0.534
2007-03-26,2007,3,26,4.352,4.884,-0.532
2007-03-27,2007,3,27,4.457,4.956,-0.499
2007-03-28,2007,3,28,4.561,5.047,-0.486
2007-03-29,2007,3,29,4.667,5.139,-0.472
2007-03-30,2007,3,30,4.816,5.219,-0.403
2007-03-31,2007,3,31,4.903,5.312,-0.409
2007-04-01,2007,4,1,4.899,5.405,-0.506
2007-04-02,2007,4,2,4.932,5.508,-0.576
2007-04-03,2007,4,3,5.028,5.607,-0.579
2007-04-04,2007,4,4,5.094,5.708,-0.614
2007-04-05,2007,4,5,5.191,5.806,-0.615
2007-04-06,2007,4,6,5.328,5.908,-0.58
2007-04-07,2007,4,7,5.43,6.018,-0.588
2007-04-08,2007,4,8,5.538,6.125,-0.587
2007-04-09,2007,4,9,5.733,6.218,-0.485
2007-04-10,2007,4,10,5.836,6.329,-0.493
2007-04-11,2007,4,11,5.911,6.434,-0.523
2007-04-12,2007,4,12,6.055,6.549,-0.494
2007-04-13,2007,4,13,6.173,6.656,-0.483
2007-04-14,2007,4,14,6.208,6.757,-0.549
2007-04-15,2007,4,15,6.276,6.862,-0.586
2007-04-16,2007,4,16,6.404,6.977,-0.573
2007-04-17,2007,4,17,6.567,7.089,-0.522
2007-04-18,2007,4,18,6.721,7.194,-0.473
2007-04-19,2007,4,19,6.853,7.303,-0.45
2007-04-20,2007,4,20,6.929,7.414,-0.485
2007-04-21,2007,4,21,7.071,7.516,-0.445
2007-04-22,2007,4,22,7.218,7.624,-0.406
2007-04-23,2007,4,23,7.247,7.733,-0.486
2007-04-24,2007,4,24,7.367,7.84,-0.473
2007-04-25,2007,4,25,7.488,7.947,-0.459
2007-04-26,2007,4,26,7.574,8.05,-0.476
2007-04-27,2007,4,27,7.687,8.165,-0.478
2007-04-28,2007,4,28,7.824,8.28,-0.456
2007-04-29,2007,4,29,7.977,8.387,-0.41
2007-04-30,2007,4,30,7.989,8.497,-0.508
2007-05-01,2007,5,1,8.024,8.604,-0.58
2007-05-02,2007,5,2,8.087,8.71,-0.623
2007-05-03,2007,5,3,8.131,8.825,-0.694
2007-05-04,2007,5,4,8.208,8.94,-0.732
2007-05-05,2007,5,5,8.29,9.053,-0.763
2007-05-06,2007,5,6,8.352,9.161,-0.809
2007-05-07,2007,5,7,8.468,9.28,-0.812
2007-05-08,2007,5,8,8.644,9.392,-0.748
2007-05-09,2007,5,9,8.769,9.487,-0.718
2007-05-10,2007,5,10,8.862,9.588,-0.726
2007-05-11,2007,5,11,9.019,9.705,-0.686
2007-05-12,2007,5,12,9.191,9.811,-0.62
2007-05-13,2007,5,13,9.322,9.928,-0.606
2007-05-14,2007,5,14,9.48,10.039,-0.559
2007-05-15,2007,5,15,9.533,10.147,-0.614
2007-05-16,2007,5,16,9.649,10.26,-0.611
2007-05-17,2007,5,17,9.754,10.366,-0.612
2007-05-18,2007,5,18,9.826,10.47,-0.644
2007-05-19,2007,5,19,9.91,10.583,-0.673
2007-05-20,2007,5,20,10.053,10.708,-0.655
2007-05-21,2007,5,21,10.199,10.809,-0.61
2007-05-22,2007,5,22,10.403,10.909,-0.506
2007-05-23,2007,5,23,10.549,11.019,-0.47
2007-05-24,2007,5,24,10.625,11.119,-0.494
2007-05-25,2007,5,25,10.696,11.219,-0.523
2007-05-26,2007,5,26,10.819,11.321,-0.502
2007-05-27,2007,5,27,10.93,11.422,-0.492
2007-05-28,2007,5,28,11.066,11.532,-0.466
2007-05-29,2007,5,29,11.231,11.629,-0.398
2007-05-30,2007,5,30,11.402,11.732,-0.33
2007-05-31,2007,5,31,11.59,11.859,-0.269
2007-06-01,2007,6,1,11.752,11.978,-0.226
2007-06-02,2007,6,2,11.89,12.077,-0.187
2007-06-03,2007,6,3,11.966,12.168,-0.202
2007-06-04,2007,6,4,12.033,12.271,-0.238
2007-06-05,2007,6,5,12.147,12.383,-0.236
2007-06-06,2007,6,6,12.241,12.49,-0.249
2007-06-07,2007,6,7,12.318,12.581,-0.263
2007-06-08,2007,6,8,12.408,12.69,-0.282
2007-06-09,2007,6,9,12.539,12.792,-0.253
2007-06-10,2007,6,10,12.655,12.894,-0.239
2007-06-11,2007,6,11,12.829,12.987,-0.158
2007-06-12,2007,6,12,12.948,13.074,-0.126
2007-06-13,2007,6,13,12.997,13.172,-0.175
2007-06-14,2007,6,14,13.093,13.279,-0.186
2007-06-15,2007,6,15,13.228,13.384,-0.156
2007-06-16,2007,6,16,13.392,13.487,-0.095
2007-06-17,2007,6,17,13.523,13.597,-0.074
2007-06-18,2007,6,18,13.658,13.692,-0.034
2007-06-19,2007,6,19,13.782,13.796,-0.014
2007-06-20,2007,6,20,13.894,13.898,-0.004
2007-06-21,2007,6,21,14.028,13.991,0.037
2007-06-22,2007,6,22,14.132,14.085,0.047
2007-06-23,2007,6,23,14.296,14.186,0.11
2007-06-24,2007,6,24,14.261,14.279,-0.018
2007-06-25,2007,6,25,14.304,14.37,-0.066
2007-06-26,2007,6,26,14.333,14.448,-0.115
2007-06-27,2007,6,27,14.366,14.524,-0.158
2007-06-28,2007,6,28,14.495,14.622,-0.127
2007-06-29,2007,6,29,14.507,14.709,-0.202
2007-06-30,2007,6,30,14.604,14.812,-0.208
2007-07-01,2007,7,1,14.785,14.896,-0.111
2007-07-02,2007,7,2,14.925,14.966,-0.041
2007-07-03,2007,7,3,14.974,15.039,-0.065
2007-07-04,2007,7,4,14.942,15.112,-0.17
2007-07-05,2007,7,5,14.94,15.187,-0.247
2007-07-06,2007,7,6,14.994,15.265,-0.271
2007-07-07,2007,7,7,15.106,15.329,-0.223
2007-07-08,2007,7,8,15.172,15.395,-0.223
2007-07-09,2007,7,9,15.332,15.482,-0.15
2007-07-10,2007,7,10,15.421,15.547,-0.126
2007-07-11,2007,7,11,15.385,15.652,-0.267
2007-07-12,2007,7,12,15.417,15.753,-0.336
2007-07-13,2007,7,13,15.488,15.839,-0.351
2007-07-14,2007,7,14,15.636,15.909,-0.273
2007-07-15,2007,7,15,15.784,15.971,-0.187
2007-07-16,2007,7,16,15.883,16.038,-0.155
2007-07-17,2007,7,17,15.949,16.084,-0.135
2007-07-18,2007,7,18,16.038,16.164,-0.126
2007-07-19,2007,7,19,16.12,16.257,-0.137
2007-07-20,2007,7,20,16.257,16.345,-0.088
2007-07-21,2007,7,21,16.411,16.437,-0.026
2007-07-22,2007,7,22,16.553,16.517,0.036
2007-07-23,2007,7,23,16.701,16.591,0.11
2007-07-24,2007,7,24,16.85,16.643,0.207
2007-07-25,2007,7,25,16.91,16.69,0.22
2007-07-26,2007,7,26,16.904,16.746,0.158
2007-07-27,2007,7,27,17.002,16.801,0.201
2007-07-28,2007,7,28,17.077,16.857,0.22
2007-07-29,2007,7,29,17.166,16.929,0.237
2007-07-30,2007,7,30,17.214,16.981,0.233
2007-07-31,2007,7,31,17.293,17.028,0.265
2007-08-01,2007,8,1,17.29,17.083,0.207
2007-08-02,2007,8,2,17.345,17.135,0.21
2007-08-03,2007,8,3,17.476,17.19,0.286
2007-08-04,2007,8,4,17.478,17.236,0.242
2007-08-05,2007,8,5,17.374,17.287,0.087
2007-08-06,2007,8,6,17.378,17.35,0.028
2007-08-07,2007,8,7,17.383,17.421,-0.038
2007-08-08,2007,8,8,17.499,17.481,0.018
2007-08-09,2007,8,9,17.566,17.514,0.052
2007-08-10,2007,8,10,17.529,17.547,-0.018
2007-08-11,2007,8,11,17.587,17.593,-0.006
2007-08-12,2007,8,12,17.591,17.642,-0.051
2007-08-13,2007,8,13,17.569,17.683,-0.114
2007-08-14,2007,8,14,17.511,17.738,-0.227
2007-08-15,2007,8,15,17.488,17.782,-0.294
2007-08-16,2007,8,16,17.451,17.827,-0.376
2007-08-17,2007,8,17,17.48,17.845,-0.365
2007-08-18,2007,8,18,17.607,17.867,-0.26
2007-08-19,2007,8,19,17.571,17.888,-0.317
2007-08-20,2007,8,20,17.605,17.924,-0.319
2007-08-21,2007,8,21,17.6,17.964,-0.364
2007-08-22,2007,8,22,17.589,17.983,-0.394
2007-08-23,2007,8,23,17.642,18.018,-0.376
2007-08-24,2007,8,24,17.805,18.053,-0.248
2007-08-25,2007,8,25,17.99,18.105,-0.115
2007-08-26,2007,8,26,18.085,18.145,-0.06
2007-08-27,2007,8,27,18.221,18.159,0.062
2007-08-28,2007,8,28,18.276,18.195,0.081
2007-08-29,2007,8,29,18.294,18.222,0.072
2007-08-30,2007,8,30,18.376,18.241,0.135
2007-08-31,2007,8,31,18.483,18.264,0.219
2007-09-01,2007,9,1,18.517,18.288,0.229
2007-09-02,2007,9,2,18.539,18.308,0.231
2007-09-03,2007,9,3,18.539,18.333,0.206
2007-09-04,2007,9,4,18.584,18.352,0.232
2007-09-05,2007,9,5,18.713,18.373,0.34
2007-09-06,2007,9,6,18.789,18.397,0.392
2007-09-07,2007,9,7,18.827,18.416,0.411
2007-09-08,2007,9,8,18.797,18.445,0.352
2007-09-09,2007,9,9,18.715,18.47,0.245
2007-09-10,2007,9,10,18.728,18.49,0.238
2007-09-11,2007,9,11,18.781,18.502,0.279
2007-09-12,2007,9,12,18.833,18.521,0.312
2007-09-13,2007,9,13,18.848,18.522,0.326
2007-09-14,2007,9,14,18.851,18.529,0.322
2007-09-15,2007,9,15,18.855,18.533,0.322
2007-09-16,2007,9,16,18.91,18.546,0.364
2007-09-17,2007,9,17,18.891,18.565,0.326
2007-09-18,2007,9,18,18.872,18.567,0.305
2007-09-19,2007,9,19,18.932,18.572,0.36
2007-09-20,2007,9,20,18.988,18.574,0.414
2007-09-21,2007,9,21,19.046,18.576,0.47
2007-09-22,2007,9,22,19.056,18.569,0.487
2007-09-23,2007,9,23,19.007,18.57,0.437
2007-09-24,2007,9,24,18.97,18.571,0.399
2007-09-25,2007,9,25,18.97,18.566,0.404
2007-09-26,2007,9,26,19.0,18.552,0.448
2007-09-27,2007,9,27,19.03,18.541,0.489
2007-09-28,2007,9,28,19.081,18.525,0.556
2007-09-29,2007,9,29,19.086,18.525,0.561
2007-09-30,2007,9,30,19.064,18.508,0.556
2007-10-01,2007,10,1,19.014,18.508,0.506
2007-10-02,2007,10,2,19.026,18.504,0.522
2007-10-03,2007,10,3,18.935,18.476,0.459
2007-10-04,2007,10,4,18.821,18.448,0.373
2007-10-05,2007,10,5,18.786,18.44,0.346
2007-10-06,2007,10,6,18.678,18.425,0.253
2007-10-07,2007,10,7,18.722,18.394,0.328
2007-10-08,2007,10,8,18.624,18.361,0.263
2007-10-09,2007,10,9,18.577,18.329,0.248
2007-10-10,2007,10,10,18.519,18.299,0.22
2007-10-11,2007,10,11,18.534,18.287,0.247
2007-10-12,2007,10,12,18.508,18.265,0.243
2007-10-13,2007,10,13,18.569,18.235,0.334
2007-10-14,2007,10,14,18.596,18.224,0.372
2007-10-15,2007,10,15,18.668,18.193,0.475
2007-10-16,2007,10,16,18.716,18.158,0.558
2007-10-17,2007,10,17,18.733,18.116,0.617
2007-10-18,2007,10,18,18.598,18.062,0.536
2007-10-19,2007,10,19,18.6,18.012,0.588
2007-10-20,2007,10,20,18.52,17.97,0.55
2007-10-21,2007,10,21,18.436,17.921,0.515
2007-10-22,2007,10,22,18.378,17.872,0.506
2007-10-23,2007,10,23,18.357,17.833,0.524
2007-10-24,2007,10,24,18.332,17.791,0.541
2007-10-25,2007,10,25,18.314,17.736,0.578
2007-10-26,2007,10,26,18.269,17.681,0.588
2007-10-27,2007,10,27,18.174,17.633,0.541
2007-10-28,2007,10,28,18.062,17.555,0.507
2007-10-29,2007,10,29,17.97,17.509,0.461
2007-10-30,2007,10,30,17.916,17.449,0.467
2007-10-31,2007,10,31,17.788,17.367,0.421
2007-11-01,2007,11,1,17.666,17.312,0.354
2007-11-02,2007,11,2,17.582,17.229,0.353
2007-11-03,2007,11,3,17.477,17.153,0.324
2007-11-04,2007,11,4,17.36,17.081,0.279
2007-11-05,2007,11,5,17.298,17.011,0.287
2007-11-06,2007,11,6,17.231,16.934,0.297
2007-11-07,2007,11,7,17.01,16.848,0.162
2007-11-08,2007,11,8,16.864,16.762,0.102
2007-11-09,2007,11,9,16.763,16.667,0.096
2007-11-10,2007,11,10,16.546,16.562,-0.016
2007-11-11,2007,11,11,16.386,16.472,-0.086
2007-11-12,2007,11,12,16.276,16.378,-0.102
2007-11-13,2007,11,13,16.128,16.272,-0.144
2007-11-14,2007,11,14,15.993,16.175,-0.182
2007-11-15,2007,11,15,15.919,16.061,-0.142
2007-11-16,2007,11,16,15.819,15.925,-0.106
2007-11-17,2007,11,17,15.63,15.797,-0.167
2007-11-18,2007,11,18,15.537,15.665,-0.128
2007-11-19,2007,11,19,15.439,15.509,-0.07
2007-11-20,2007,11,20,15.323,15.368,-0.045
2007-11-21,2007,11,21,15.157,15.213,-0.056
2007-11-22,2007,11,22,14.978,15.069,-0.091
2007-11-23,2007,11,23,14.962,14.896,0.066
2007-11-24,2007,11,24,14.854,14.74,0.114
2007-11-25,2007,11,25,14.721,14.575,0.146
2007-11-26,2007,11,26,14.637,14.417,0.22
2007-11-27,2007,11,27,14.471,14.239,0.232
2007-11-28,2007,11,28,14.356,14.055,0.301
2007-11-29,2007,11,29,14.245,13.868,0.377
2007-11-30,2007,11,30,14.136,13.685,0.451
2007-12-01,2007,12,1,14.045,13.513,0.532
2007-12-02,2007,12,2,13.885,13.294,0.591
2007-12-03,2007,12,3,13.742,13.105,0.637
2007-12-04,2007,12,4,13.731,12.904,0.827
2007-12-05,2007,12,5,13.494,12.703,0.791
2007-12-06,2007,12,6,13.447,12.495,0.952
2007-12-07,2007,12,7,13.37,12.29,1.08
2007-12-08,2007,12,8,13.235,12.068,1.167
2007-12-09,2007,12,9,13.065,11.859,1.206
2007-12-10,2007,12,10,12.956,11.659,1.297
2007-12-11,2007,12,11,12.932,11.436,1.496
2007-12-12,2007,12,12,12.803,11.222,1.581
2007-12-13,2007,12,13,12.629,10.998,1.631
2007-12-14,2007,12,14,12.5,10.755,1.745
2007-12-15,2007,12,15,12.343,10.498,1.845
2007-12-16,2007,12,16,12.23,10.247,1.983
2007-12-17,2007,12,17,12.101,9.984,2.117
2007-12-18,2007,12,18,11.956,9.732,2.224
2007-12-19,2007,12,19,11.824,9.48,2.344
2007-12-20,2007,12,20,11.601,9.255,2.346
2007-12-21,2007,12,21,11.418,9.039,2.379
2007-12-22,2007,12,22,11.197,8.835,2.362
2007-12-23,2007,12,23,10.966,8.631,2.335
2007-12-24,2007,12,24,10.737,8.416,2.321
2007-12-25,2007,12,25,10.566,8.224,2.342
2007-12-26,2007,12,26,10.365,8.018,2.347
2007-12-27,2007,12,27,10.104,7.811,2.293
2007-12-28,2007,12,28,9.787,7.624,2.163
2007-12-29,2007,12,29,9.602,7.406,2.196
2007-12-30,2007,12,30,9.508,7.222,2.286
2007-12-31,2007,12,31,9.257,7.059,2.198
2008-01-01,2008,1,1,9.12,6.999,2.121
2008-01-02,2008,1,2,8.93,6.808,2.122
2008-01-03,2008,1,3,8.632,6.621,2.011
2008-01-04,2008,1,4,8.463,6.451,2.012
2008-01-05,2008,1,5,8.313,6.296,2.017
2008-01-06,2008,1,6,8.082,6.142,1.94
2008-01-07,2008,1,7,7.878,5.999,1.879
2008-01-08,2008,1,8,7.704,5.838,1.866
2008-01-09,2008,1,9,7.549,5.681,1.868
2008-01-10,2008,1,10,7.277,5.547,1.73
2008-01-11,2008,1,11,7.1,5.423,1.677
2008-01-12,2008,1,12,6.993,5.305,1.688
2008-01-13,2008,1,13,6.837,5.16,1.677
2008-01-14,2008,1,14,6.545,5.047,1.498
2008-01-15,2008,1,15,6.327,4.926,1.401
2008-01-16,2008,1,16,6.177,4.819,1.358
2008-01-17,2008,1,17,5.978,4.709,1.269
2008-01-18,2008,1,18,5.872,4.614,1.258
2008-01-19,2008,1,19,5.75,4.521,1.229
2008-01-20,2008,1,20,5.578,4.427,1.151
2008-01-21,2008,1,21,5.495,4.335,1.16
2008-01-22,2008,1,22,5.358,4.24,1.118
2008-01-23,2008,1,23,5.213,4.154,1.059
2008-01-24,2008,1,24,5.122,4.074,1.048
2008-01-25,2008,1,25,5.04,3.998,1.042
2008-01-26,2008,1,26,4.891,3.929,0.962
2008-01-27,2008,1,27,4.736,3.861,0.875
2008-01-28,2008,1,28,4.577,3.808,0.769
2008-01-29,2008,1,29,4.509,3.734,0.775
2008-01-30,2008,1,30,4.398,3.665,0.733
2008-01-31,2008,1,31,4.381,3.605,0.776
2008-02-01,2008,2,1,4.253,3.534,0.719
2008-02-02,2008,2,2,4.166,3.489,0.677
2008-02-03,2008,2,3,4.083,3.43,0.653
2008-02-04,2008,2,4,4.061,3.377,0.684
2008-02-05,2008,2,5,4.044,3.326,0.718
2008-02-06,2008,2,6,3.983,3.28,0.703
2008-02-07,2008,2,7,3.992,3.227,0.765
2008-02-08,2008,2,8,3.928,3.181,0.747
2008-02-09,2008,2,9,3.871,3.141,0.73
2008-02-10,2008,2,10,3.902,3.097,0.805
2008-02-11,2008,2,11,3.839,3.064,0.775
2008-02-12,2008,2,12,3.737,3.025,0.712
2008-02-13,2008,2,13,3.767,2.998,0.769
2008-02-14,2008,2,14,3.744,2.969,0.775
2008-02-15,2008,2,15,3.753,2.935,0.818
2008-02-16,2008,2,16,3.746,2.918,0.828
2008-02-17,2008,2,17,3.885,2.914,0.971
2008-02-18,2008,2,18,3.829,2.903,0.926
2008-02-19,2008,2,19,3.763,2.881,0.882
2008-02-20,2008,2,20,3.692,2.876,0.816
2008-02-21,2008,2,21,3.736,2.881,0.855
2008-02-22,2008,2,22,3.786,2.885,0.901
2008-02-23,2008,2,23,3.807,2.892,0.915
2008-02-24,2008,2,24,3.845,2.889,0.956
2008-02-25,2008,2,25,3.877,2.907,0.97
2008-02-26,2008,2,26,3.971,2.931,1.04
2008-02-27,2008,2,27,3.929,2.96,0.969
2008-02-28,2008,2,28,3.936,2.994,0.942
2008-02-29,2008,2,29,4.016,3.014,1.002
2008-03-01,2008,3,1,4.104,3.061,1.043
2008-03-02,2008,3,2,4.166,3.105,1.061
2008-03-03,2008,3,3,4.252,3.166,1.086
2008-03-04,2008,3,4,4.326,3.211,1.115
2008-03-05,2008,3,5,4.37,3.253,1.117
2008-03-06,2008,3,6,4.476,3.306,1.17
2008-03-07,2008,3,7,4.5,3.37,1.13
2008-03-08,2008,3,8,4.53,3.433,1.097
2008-03-09,2008,3,9,4.633,3.507,1.126
2008-03-10,2008,3,10,4.734,3.592,1.142
2008-03-11,2008,3,11,4.806,3.658,1.148
2008-03-12,2008,3,12,4.864,3.735,1.129
2008-03-13,2008,3,13,4.93,3.815,1.115
2008-03-14,2008,3,14,5.045,3.892,1.153
2008-03-15,2008,3,15,5.119,3.966,1.153
2008-03-16,2008,3,16,5.216,4.035,1.181
2008-03-17,2008,3,17,5.312,4.11,1.202
2008-03-18,2008,3,18,5.391,4.199,1.192
2008-03-19,2008,3,19,5.466,4.271,1.195
2008-03-20,2008,3,20,5.664,4.362,1.302
2008-03-21,2008,3,21,5.873,4.441,1.432
2008-03-22,2008,3,22,5.994,4.521,1.473
2008-03-23,2008,3,23,6.047,4.613,1.434
2008-03-24,2008,3,24,6.089,4.701,1.388
2008-03-25,2008,3,25,6.141,4.798,1.343
2008-03-26,2008,3,26,6.155,4.884,1.271
2008-03-27,2008,3,27,6.17,4.956,1.214
2008-03-28,2008,3,28,6.224,5.047,1.177
2008-03-29,2008,3,29,6.324,5.139,1.185
2008-03-30,2008,3,30,6.434,5.219,1.215
2008-03-31,2008,3,31,6.463,5.312,1.151
2008-04-01,2008,4,1,6.673,5.405,1.268
2008-04-02,2008,4,2,6.796,5.508,1.288
2008-04-03,2008,4,3,6.937,5.607,1.33
2008-04-04,2008,4,4,7.056,5.708,1.348
2008-04-05,2008,4,5,7.184,5.806,1.378
2008-04-06,2008,4,6,7.314,5.908,1.406
2008-04-07,2008,4,7,7.42,6.018,1.402
2008-04-08,2008,4,8,7.481,6.125,1.356
2008-04-09,2008,4,9,7.571,6.218,1.353
2008-04-10,2008,4,10,7.685,6.329,1.356
2008-04-11,2008,4,11,7.777,6.434,1.343
2008-04-12,2008,4,12,7.891,6.549,1.342
2008-04-13,2008,4,13,7.975,6.656,1.319
2008-04-14,2008,4,14,8.068,6.757,1.311
2008-04-15,2008,4,15,8.195,6.862,1.333
2008-04-16,2008,4,16,8.286,6.977,1.309
2008-04-17,2008,4,17,8.438,7.089,1.349
2008-04-18,2008,4,18,8.559,7.194,1.365
2008-04-19,2008,4,19,8.727,7.303,1.424
2008-04-20,2008,4,20,8.887,7.414,1.473
2008-04-21,2008,4,21,8.957,7.516,1.441
2008-04-22,2008,4,22,9.052,7.624,1.428
2008-04-23,2008,4,23,9.121,7.733,1.388
2008-04-24,2008,4,24,9.243,7.84,1.403
2008-04-25,2008,4,25,9.235,7.947,1.288
2008-04-26,2008,4,26,9.217,8.05,1.167
2008-04-27,2008,4,27,9.281,8.165,1.116
2008-04-28,2008,4,28,9.377,8.28,1.097
2008-04-29,2008,4,29,9.384,8.387,0.997
2008-04-30,2008,4,30,9.482,8.497,0.985
2008-05-01,2008,5,1,9.614,8.604,1.01
2008-05-02,2008,5,2,9.716,8.71,1.006
2008-05-03,2008,5,3,9.87,8.825,1.045
2008-05-04,2008,5,4,9.963,8.94,1.023
2008-05-05,2008,5,5,10.074,9.053,1.021
2008-05-06,2008,5,6,10.17,9.161,1.009
2008-05-07,2008,5,7,10.265,9.28,0.985
2008-05-08,2008,5,8,10.372,9.392,0.98
2008-05-09,2008,5,9,10.45,9.487,0.963
2008-05-10,2008,5,10,10.506,9.588,0.918
2008-05-11,2008,5,11,10.559,9.705,0.854
2008-05-12,2008,5,12,10.613,9.811,0.802
2008-05-13,2008,5,13,10.713,9.928,0.785
2008-05-14,2008,5,14,10.875,10.039,0.836
2008-05-15,2008,5,15,10.986,10.147,0.839
2008-05-16,2008,5,16,11.042,10.26,0.782
2008-05-17,2008,5,17,11.13,10.366,0.764
2008-05-18,2008,5,18,11.205,10.47,0.735
2008-05-19,2008,5,19,11.286,10.583,0.703
2008-05-20,2008,5,20,11.38,10.708,0.672
2008-05-21,2008,5,21,11.454,10.809,0.645
2008-05-22,2008,5,22,11.566,10.909,0.657
2008-05-23,2008,5,23,11.667,11.019,0.648
2008-05-24,2008,5,24,11.784,11.119,0.665
2008-05-25,2008,5,25,11.921,11.219,0.702
2008-05-26,2008,5,26,12.04,11.321,0.719
2008-05-27,2008,5,27,12.068,11.422,0.646
2008-05-28,2008,5,28,12.158,11.532,0.626
2008-05-29,2008,5,29,12.225,11.629,0.596
2008-05-30,2008,5,30,12.373,11.732,0.641
2008-05-31,2008,5,31,12.485,11.859,0.626
2008-06-01,2008,6,1,12.563,11.978,0.585
2008-06-02,2008,6,2,12.718,12.077,0.641
2008-06-03,2008,6,3,12.801,12.168,0.633
2008-06-04,2008,6,4,12.892,12.271,0.621
2008-06-05,2008,6,5,12.972,12.383,0.589
2008-06-06,2008,6,6,13.138,12.49,0.648
2008-06-07,2008,6,7,13.193,12.581,0.612
2008-06-08,2008,6,8,13.31,12.69,0.62
2008-06-09,2008,6,9,13.407,12.792,0.615
2008-06-10,2008,6,10,13.546,12.894,0.652
2008-06-11,2008,6,11,13.699,12.987,0.712
2008-06-12,2008,6,12,13.837,13.074,0.763
2008-06-13,2008,6,13,13.911,13.172,0.739
2008-06-14,2008,6,14,14.021,13.279,0.742
2008-06-15,2008,6,15,14.082,13.384,0.698
2008-06-16,2008,6,16,14.162,13.487,0.675
2008-06-17,2008,6,17,14.235,13.597,0.638
2008-06-18,2008,6,18,14.352,13.692,0.66
2008-06-19,2008,6,19,14.457,13.796,0.661
2008-06-20,2008,6,20,14.576,13.898,0.678
2008-06-21,2008,6,21,14.679,13.991,0.688
2008-06-22,2008,6,22,14.782,14.085,0.697
2008-06-23,2008,6,23,14.874,14.186,0.688
2008-06-24,2008,6,24,14.968,14.279,0.689
2008-06-25,2008,6,25,15.051,14.37,0.681
2008-06-26,2008,6,26,15.109,14.448,0.661
2008-06-27,2008,6,27,15.09,14.524,0.566
2008-06-28,2008,6,28,15.157,14.622,0.535
2008-06-29,2008,6,29,15.098,14.709,0.389
2008-06-30,2008,6,30,15.17,14.812,0.358
2008-07-01,2008,7,1,15.155,14.896,0.259
2008-07-02,2008,7,2,15.239,14.966,0.273
2008-07-03,2008,7,3,15.369,15.039,0.33
2008-07-04,2008,7,4,15.421,15.112,0.309
2008-07-05,2008,7,5,15.48,15.187,0.293
2008-07-06,2008,7,6,15.555,15.265,0.29
2008-07-07,2008,7,7,15.66,15.329,0.331
2008-07-08,2008,7,8,15.631,15.395,0.236
2008-07-09,2008,7,9,15.602,15.482,0.12
2008-07-10,2008,7,10,15.566,15.547,0.019
2008-07-11,2008,7,11,15.669,15.652,0.017
2008-07-12,2008,7,12,15.817,15.753,0.064
2008-07-13,2008,7,13,15.897,15.839,0.058
2008-07-14,2008,7,14,16.118,15.909,0.209
2008-07-15,2008,7,15,16.171,15.971,0.2
2008-07-16,2008,7,16,16.27,16.038,0.232
2008-07-17,2008,7,17,16.29,16.084,0.206
2008-07-18,2008,7,18,16.368,16.164,0.204
2008-07-19,2008,7,19,16.418,16.257,0.161
2008-07-20,2008,7,20,16.527,16.345,0.182
2008-07-21,2008,7,21,16.613,16.437,0.176
2008-07-22,2008,7,22,16.546,16.517,0.029
2008-07-23,2008,7,23,16.507,16.591,-0.084
2008-07-24,2008,7,24,16.494,16.643,-0.149
2008-07-25,2008,7,25,16.404,16.69,-0.286
2008-07-26,2008,7,26,16.428,16.746,-0.318
2008-07-27,2008,7,27,16.455,16.801,-0.346
2008-07-28,2008,7,28,16.58,16.857,-0.277
2008-07-29,2008,7,29,16.782,16.929,-0.147
2008-07-30,2008,7,30,16.916,16.981,-0.065
2008-07-31,2008,7,31,16.992,17.028,-0.036
2008-08-01,2008,8,1,17.053,17.083,-0.03
2008-08-02,2008,8,2,17.019,17.135,-0.116
2008-08-03,2008,8,3,17.088,17.19,-0.102
2008-08-04,2008,8,4,17.106,17.236,-0.13
2008-08-05,2008,8,5,17.187,17.287,-0.1
2008-08-06,2008,8,6,17.26,17.35,-0.09
2008-08-07,2008,8,7,17.414,17.421,-0.007
2008-08-08,2008,8,8,17.449,17.481,-0.032
2008-08-09,2008,8,9,17.486,17.514,-0.028
2008-08-10,2008,8,10,17.584,17.547,0.037
2008-08-11,2008,8,11,17.744,17.593,0.151
2008-08-12,2008,8,12,17.842,17.642,0.2
2008-08-13,2008,8,13,17.902,17.683,0.219
2008-08-14,2008,8,14,17.923,17.738,0.185
2008-08-15,2008,8,15,17.855,17.782,0.073
2008-08-16,2008,8,16,17.794,17.827,-0.033
2008-08-17,2008,8,17,17.816,17.845,-0.029
2008-08-18,2008,8,18,17.813,17.867,-0.054
2008-08-19,2008,8,19,17.736,17.888,-0.152
2008-08-20,2008,8,20,17.739,17.924,-0.185
2008-08-21,2008,8,21,17.719,17.964,-0.245
2008-08-22,2008,8,22,17.685,17.983,-0.298
2008-08-23,2008,8,23,17.684,18.018,-0.334
2008-08-24,2008,8,24,17.748,18.053,-0.305
2008-08-25,2008,8,25,17.86,18.105,-0.245
2008-08-26,2008,8,26,17.796,18.145,-0.349
2008-08-27,2008,8,27,17.734,18.159,-0.425
2008-08-28,2008,8,28,17.793,18.195,-0.402
2008-08-29,2008,8,29,17.945,18.222,-0.277
2008-08-30,2008,8,30,18.106,18.241,-0.135
2008-08-31,2008,8,31,18.1,18.264,-0.164
2008-09-01,2008,9,1,18.162,18.288,-0.126
2008-09-02,2008,9,2,18.215,18.308,-0.093
2008-09-03,2008,9,3,18.298,18.333,-0.035
2008-09-04,2008,9,4,18.283,18.352,-0.069
2008-09-05,2008,9,5,18.263,18.373,-0.11
2008-09-06,2008,9,6,18.246,18.397,-0.151
2008-09-07,2008,9,7,18.207,18.416,-0.209
2008-09-08,2008,9,8,18.22,18.445,-0.225
2008-09-09,2008,9,9,18.215,18.47,-0.255
2008-09-10,2008,9,10,18.161,18.49,-0.329
2008-09-11,2008,9,11,18.166,18.502,-0.336
2008-09-12,2008,9,12,18.124,18.521,-0.397
2008-09-13,2008,9,13,18.142,18.522,-0.38
2008-09-14,2008,9,14,18.175,18.529,-0.354
2008-09-15,2008,9,15,18.243,18.533,-0.29
2008-09-16,2008,9,16,18.184,18.546,-0.362
2008-09-17,2008,9,17,18.229,18.565,-0.336
2008-09-18,2008,9,18,18.165,18.567,-0.402
2008-09-19,2008,9,19,18.186,18.572,-0.386
2008-09-20,2008,9,20,18.095,18.574,-0.479
2008-09-21,2008,9,21,18.068,18.576,-0.508
2008-09-22,2008,9,22,18.049,18.569,-0.52
2008-09-23,2008,9,23,18.014,18.57,-0.556
2008-09-24,2008,9,24,17.976,18.571,-0.595
2008-09-25,2008,9,25,18.046,18.566,-0.52
2008-09-26,2008,9,26,18.09,18.552,-0.462
2008-09-27,2008,9,27,18.003,18.541,-0.538
2008-09-28,2008,9,28,18.003,18.525,-0.522
2008-09-29,2008,9,29,18.048,18.525,-0.477
2008-09-30,2008,9,30,18.075,18.508,-0.433
2008-10-01,2008,10,1,18.127,18.508,-0.381
2008-10-02,2008,10,2,18.142,18.504,-0.362
2008-10-03,2008,10,3,18.16,18.476,-0.316
2008-10-04,2008,10,4,18.203,18.448,-0.245
2008-10-05,2008,10,5,18.189,18.44,-0.251
2008-10-06,2008,10,6,18.099,18.425,-0.326
2008-10-07,2008,10,7,18.073,18.394,-0.321
2008-10-08,2008,10,8,18.117,18.361,-0.244
2008-10-09,2008,10,9,18.048,18.329,-0.281
2008-10-10,2008,10,10,18.009,18.299,-0.29
2008-10-11,2008,10,11,18.043,18.287,-0.244
2008-10-12,2008,10,12,18.071,18.265,-0.194
2008-10-13,2008,10,13,18.079,18.235,-0.156
2008-10-14,2008,10,14,18.135,18.224,-0.089
2008-10-15,2008,10,15,18.028,18.193,-0.165
2008-10-16,2008,10,16,17.984,18.158,-0.174
2008-10-17,2008,10,17,17.966,18.116,-0.15
2008-10-18,2008,10,18,17.945,18.062,-0.117
2008-10-19,2008,10,19,17.972,18.012,-0.04
2008-10-20,2008,10,20,17.994,17.97,0.024
2008-10-21,2008,10,21,17.922,17.921,0.001
2008-10-22,2008,10,22,17.875,17.872,0.003
2008-10-23,2008,10,23,17.874,17.833,0.041
2008-10-24,2008,10,24,17.848,17.791,0.057
2008-10-25,2008,10,25,17.877,17.736,0.141
2008-10-26,2008,10,26,17.871,17.681,0.19
2008-10-27,2008,10,27,17.89,17.633,0.257
2008-10-28,2008,10,28,17.834,17.555,0.279
2008-10-29,2008,10,29,17.8,17.509,0.291
2008-10-30,2008,10,30,17.79,17.449,0.341
2008-10-31,2008,10,31,17.846,17.367,0.479
2008-11-01,2008,11,1,17.818,17.312,0.506
2008-11-02,2008,11,2,17.755,17.229,0.526
2008-11-03,2008,11,3,17.67,17.153,0.517
2008-11-04,2008,11,4,17.592,17.081,0.511
2008-11-05,2008,11,5,17.604,17.011,0.593
2008-11-06,2008,11,6,17.475,16.934,0.541
2008-11-07,2008,11,7,17.331,16.848,0.483
2008-11-08,2008,11,8,17.173,16.762,0.411
2008-11-09,2008,11,9,17.047,16.667,0.38
2008-11-10,2008,11,10,16.892,16.562,0.33
2008-11-11,2008,11,11,16.748,16.472,0.276
2008-11-12,2008,11,12,16.651,16.378,0.273
2008-11-13,2008,11,13,16.542,16.272,0.27
2008-11-14,2008,11,14,16.5,16.175,0.325
2008-11-15,2008,11,15,16.271,16.061,0.21
2008-11-16,2008,11,16,16.233,15.925,0.308
2008-11-17,2008,11,17,16.126,15.797,0.329
2008-11-18,2008,11,18,15.943,15.665,0.278
2008-11-19,2008,11,19,15.815,15.509,0.306
2008-11-20,2008,11,20,15.745,15.368,0.377
2008-11-21,2008,11,21,15.613,15.213,0.4
2008-11-22,2008,11,22,15.57,15.069,0.501
2008-11-23,2008,11,23,15.368,14.896,0.472
2008-11-24,2008,11,24,15.238,14.74,0.498
2008-11-25,2008,11,25,15.06,14.575,0.485
2008-11-26,2008,11,26,14.94,14.417,0.523
2008-11-27,2008,11,27,14.867,14.239,0.628
2008-11-28,2008,11,28,14.754,14.055,0.699
2008-11-29,2008,11,29,14.656,13.868,0.788
2008-11-30,2008,11,30,14.447,13.685,0.762
2008-12-01,2008,12,1,14.396,13.513,0.883
2008-12-02,2008,12,2,14.236,13.294,0.942
2008-12-03,2008,12,3,14.051,13.105,0.946
2008-12-04,2008,12,4,13.914,12.904,1.01
2008-12-05,2008,12,5,13.69,12.703,0.987
2008-12-06,2008,12,6,13.537,12.495,1.042
2008-12-07,2008,12,7,13.362,12.29,1.072
2008-12-08,2008,12,8,13.147,12.068,1.079
2008-12-09,2008,12,9,12.962,11.859,1.103
2008-12-10,2008,12,10,12.734,11.659,1.075
2008-12-11,2008,12,11,12.652,11.436,1.216
2008-12-12,2008,12,12,12.448,11.222,1.226
2008-12-13,2008,12,13,12.315,10.998,1.317
2008-12-14,2008,12,14,12.152,10.755,1.397
2008-12-15,2008,12,15,11.968,10.498,1.47
2008-12-16,2008,12,16,11.75,10.247,1.503
2008-12-17,2008,12,17,11.486,9.984,1.502
2008-12-18,2008,12,18,11.235,9.732,1.503
2008-12-19,2008,12,19,10.995,9.48,1.515
2008-12-20,2008,12,20,10.813,9.255,1.558
2008-12-21,2008,12,21,10.514,9.039,1.475
2008-12-22,2008,12,22,10.282,8.835,1.447
2008-12-23,2008,12,23,10.112,8.631,1.481
2008-12-24,2008,12,24,9.88,8.416,1.464
2008-12-25,2008,12,25,9.699,8.224,1.475
2008-12-26,2008,12,26,9.522,8.018,1.504
2008-12-27,2008,12,27,9.215,7.811,1.404
2008-12-28,2008,12,28,9.014,7.624,1.39
2008-12-29,2008,12,29,8.512,7.406,1.106
2008-12-30,2008,12,30,8.242,7.222,1.02
2008-12-31,2008,12,31,8.029,7.059,0.97
2009-01-01,2009,1,1,8.007,6.999,1.008
2009-01-02,2009,1,2,7.772,6.808,0.964
2009-01-03,2009,1,3,7.585,6.621,0.964
2009-01-04,2009,1,4,7.385,6.451,0.934
2009-01-05,2009,1,5,7.251,6.296,0.955
2009-01-06,2009,1,6,7.14,6.142,0.998
2009-01-07,2009,1,7,7.013,5.999,1.014
2009-01-08,2009,1,8,6.876,5.838,1.038
2009-01-09,2009,1,9,6.645,5.681,0.964
2009-01-10,2009,1,10,6.558,5.547,1.011
2009-01-11,2009,1,11,6.451,5.423,1.028
2009-01-12,2009,1,12,6.328,5.305,1.023
2009-01-13,2009,1,13,6.191,5.16,1.031
2009-01-14,2009,1,14,6.131,5.047,1.084
2009-01-15,2009,1,15,5.891,4.926,0.965
2009-01-16,2009,1,16,5.76,4.819,0.941
2009-01-17,2009,1,17,5.533,4.709,0.824
2009-01-18,2009,1,18,5.355,4.614,0.741
2009-01-19,2009,1,19,5.202,4.521,0.681
2009-01-20,2009,1,20,5.104,4.427,0.677
2009-01-21,2009,1,21,4.947,4.335,0.612
2009-01-22,2009,1,22,4.757,4.24,0.517
2009-01-23,2009,1,23,4.562,4.154,0.408
2009-01-24,2009,1,24,4.437,4.074,0.363
2009-01-25,2009,1,25,4.3,3.998,0.302
2009-01-26,2009,1,26,4.219,3.929,0.29
2009-01-27,2009,1,27,4.092,3.861,0.231
2009-01-28,2009,1,28,3.966,3.808,0.158
2009-01-29,2009,1,29,3.906,3.734,0.172
2009-01-30,2009,1,30,3.784,3.665,0.119
2009-01-31,2009,1,31,3.78,3.605,0.175
2009-02-01,2009,2,1,3.623,3.534,0.089
2009-02-02,2009,2,2,3.549,3.489,0.06
2009-02-03,2009,2,3,3.442,3.43,0.012
2009-02-04,2009,2,4,3.411,3.377,0.034
2009-02-05,2009,2,5,3.295,3.326,-0.031
2009-02-06,2009,2,6,3.18,3.28,-0.1
2009-02-07,2009,2,7,3.166,3.227,-0.061
2009-02-08,2009,2,8,3.147,3.181,-0.034
2009-02-09,2009,2,9,3.145,3.141,0.004
2009-02-10,2009,2,10,3.047,3.097,-0.05
2009-02-11,2009,2,11,2.98,3.064,-0.084
2009-02-12,2009,2,12,2.939,3.025,-0.086
2009-02-13,2009,2,13,2.921,2.998,-0.077
2009-02-14,2009,2,14,2.858,2.969,-0.111
2009-02-15,2009,2,15,2.794,2.935,-0.141
2009-02-16,2009,2,16,2.799,2.918,-0.119
2009-02-17,2009,2,17,2.788,2.914,-0.126
2009-02-18,2009,2,18,2.78,2.903,-0.123
2009-02-19,2009,2,19,2.76,2.881,-0.121
2009-02-20,2009,2,20,2.741,2.876,-0.135
2009-02-21,2009,2,21,2.677,2.881,-0.204
2009-02-22,2009,2,22,2.671,2.885,-0.214
2009-02-23,2009,2,23,2.73,2.892,-0.162
2009-02-24,2009,2,24,2.706,2.889,-0.183
2009-02-25,2009,2,25,2.81,2.907,-0.097
2009-02-26,2009,2,26,2.837,2.931,-0.094
2009-02-27,2009,2,27,2.925,2.96,-0.035
2009-02-28,2009,2,28,3.015,2.994,0.021
2009-03-01,2009,3,1,3.09,3.061,0.029
2009-03-02,2009,3,2,3.254,3.105,0.149
2009-03-03,2009,3,3,3.287,3.166,0.121
2009-03-04,2009,3,4,3.399,3.211,0.188
2009-03-05,2009,3,5,3.475,3.253,0.222
2009-03-06,2009,3,6,3.532,3.306,0.226
2009-03-07,2009,3,7,3.64,3.37,0.27
2009-03-08,2009,3,8,3.719,3.433,0.286
2009-03-09,2009,3,9,3.694,3.507,0.187
2009-03-10,2009,3,10,3.757,3.592,0.165
2009-03-11,2009,3,11,3.907,3.658,0.249
2009-03-12,2009,3,12,3.9,3.735,0.165
2009-03-13,2009,3,13,3.982,3.815,0.167
2009-03-14,2009,3,14,4.171,3.892,0.279
2009-03-15,2009,3,15,4.205,3.966,0.239
2009-03-16,2009,3,16,4.331,4.035,0.296
2009-03-17,2009,3,17,4.421,4.11,0.311
2009-03-18,2009,3,18,4.563,4.199,0.364
2009-03-19,2009,3,19,4.894,4.271,0.623
2009-03-20,2009,3,20,4.997,4.362,0.635
2009-03-21,2009,3,21,4.981,4.441,0.54
2009-03-22,2009,3,22,4.984,4.521,0.463
2009-03-23,2009,3,23,5.088,4.613,0.475
2009-03-24,2009,3,24,5.136,4.701,0.435
2009-03-25,2009,3,25,5.204,4.798,0.406
2009-03-26,2009,3,26,5.365,4.884,0.481
2009-03-27,2009,3,27,5.519,4.956,0.563
2009-03-28,2009,3,28,5.564,5.047,0.517
2009-03-29,2009,3,29,5.751,5.139,0.612
2009-03-30,2009,3,30,5.881,5.219,0.662
2009-03-31,2009,3,31,5.982,5.312,0.67
2009-04-01,2009,4,1,6.072,5.405,0.667
2009-04-02,2009,4,2,6.146,5.508,0.638
2009-04-03,2009,4,3,6.277,5.607,0.67
2009-04-04,2009,4,4,6.385,5.708,0.677
2009-04-05,2009,4,5,6.49,5.806,0.684
2009-04-06,2009,4,6,6.584,5.908,0.676
2009-04-07,2009,4,7,6.688,6.018,0.67
2009-04-08,2009,4,8,6.787,6.125,0.662
2009-04-09,2009,4,9,6.934,6.218,0.716
2009-04-10,2009,4,10,7.09,6.329,0.761
2009-04-11,2009,4,11,7.31,6.434,0.876
2009-04-12,2009,4,12,7.465,6.549,0.916
2009-04-13,2009,4,13,7.661,6.656,1.005
2009-04-14,2009,4,14,7.785,6.757,1.028
2009-04-15,2009,4,15,7.89,6.862,1.028
2009-04-16,2009,4,16,7.998,6.977,1.021
2009-04-17,2009,4,17,8.082,7.089,0.993
2009-04-18,2009,4,18,8.185,7.194,0.991
2009-04-19,2009,4,19,8.246,7.303,0.943
2009-04-20,2009,4,20,8.388,7.414,0.974
2009-04-21,2009,4,21,8.502,7.516,0.986
2009-04-22,2009,4,22,8.585,7.624,0.961
2009-04-23,2009,4,23,8.707,7.733,0.974
2009-04-24,2009,4,24,8.809,7.84,0.969
2009-04-25,2009,4,25,8.923,7.947,0.976
2009-04-26,2009,4,26,9.061,8.05,1.011
2009-04-27,2009,4,27,9.133,8.165,0.968
2009-04-28,2009,4,28,9.211,8.28,0.931
2009-04-29,2009,4,29,9.281,8.387,0.894
2009-04-30,2009,4,30,9.28,8.497,0.783
2009-05-01,2009,5,1,9.339,8.604,0.735
2009-05-02,2009,5,2,9.438,8.71,0.728
2009-05-03,2009,5,3,9.534,8.825,0.709
2009-05-04,2009,5,4,9.641,8.94,0.701
2009-05-05,2009,5,5,9.747,9.053,0.694
2009-05-06,2009,5,6,9.895,9.161,0.734
2009-05-07,2009,5,7,10.004,9.28,0.724
2009-05-08,2009,5,8,10.119,9.392,0.727
2009-05-09,2009,5,9,10.239,9.487,0.752
2009-05-10,2009,5,10,10.323,9.588,0.735
2009-05-11,2009,5,11,10.426,9.705,0.721
2009-05-12,2009,5,12,10.596,9.811,0.785
2009-05-13,2009,5,13,10.727,9.928,0.799
2009-05-14,2009,5,14,10.844,10.039,0.805
2009-05-15,2009,5,15,10.944,10.147,0.797
2009-05-16,2009,5,16,11.036,10.26,0.776
2009-05-17,2009,5,17,11.178,10.366,0.812
2009-05-18,2009,5,18,11.204,10.47,0.734
2009-05-19,2009,5,19,11.23,10.583,0.647
2009-05-20,2009,5,20,11.289,10.708,0.581
2009-05-21,2009,5,21,11.316,10.809,0.507
2009-05-22,2009,5,22,11.395,10.909,0.486
2009-05-23,2009,5,23,11.514,11.019,0.495
2009-05-24,2009,5,24,11.671,11.119,0.552
2009-05-25,2009,5,25,11.83,11.219,0.611
2009-05-26,2009,5,26,11.972,11.321,0.651
2009-05-27,2009,5,27,12.034,11.422,0.612
2009-05-28,2009,5,28,12.171,11.532,0.639
2009-05-29,2009,5,29,12.313,11.629,0.684
2009-05-30,2009,5,30,12.337,11.732,0.605
2009-05-31,2009,5,31,12.392,11.859,0.533
2009-06-01,2009,6,1,12.44,11.978,0.462
2009-06-02,2009,6,2,12.529,12.077,0.452
2009-06-03,2009,6,3,12.66,12.168,0.492
2009-06-04,2009,6,4,12.744,12.271,0.473
2009-06-05,2009,6,5,12.839,12.383,0.456
2009-06-06,2009,6,6,12.937,12.49,0.447
2009-06-07,2009,6,7,13.041,12.581,0.46
2009-06-08,2009,6,8,13.179,12.69,0.489
2009-06-09,2009,6,9,13.375,12.792,0.583
2009-06-10,2009,6,10,13.557,12.894,0.663
2009-06-11,2009,6,11,13.629,12.987,0.642
2009-06-12,2009,6,12,13.666,13.074,0.592
2009-06-13,2009,6,13,13.733,13.172,0.561
2009-06-14,2009,6,14,13.866,13.279,0.587
2009-06-15,2009,6,15,13.928,13.384,0.544
2009-06-16,2009,6,16,13.965,13.487,0.478
2009-06-17,2009,6,17,14.08,13.597,0.483
2009-06-18,2009,6,18,14.223,13.692,0.531
2009-06-19,2009,6,19,14.293,13.796,0.497
2009-06-20,2009,6,20,14.415,13.898,0.517
2009-06-21,2009,6,21,14.477,13.991,0.486
2009-06-22,2009,6,22,14.575,14.085,0.49
2009-06-23,2009,6,23,14.638,14.186,0.452
2009-06-24,2009,6,24,14.77,14.279,0.491
2009-06-25,2009,6,25,14.878,14.37,0.508
2009-06-26,2009,6,26,14.926,14.448,0.478
2009-06-27,2009,6,27,14.981,14.524,0.457
2009-06-28,2009,6,28,14.921,14.622,0.299
2009-06-29,2009,6,29,14.956,14.709,0.247
2009-06-30,2009,6,30,15.003,14.812,0.191
2009-07-01,2009,7,1,15.11,14.896,0.214
2009-07-02,2009,7,2,15.239,14.966,0.273
2009-07-03,2009,7,3,15.295,15.039,0.256
2009-07-04,2009,7,4,15.269,15.112,0.157
2009-07-05,2009,7,5,15.364,15.187,0.177
2009-07-06,2009,7,6,15.45,15.265,0.185
2009-07-07,2009,7,7,15.601,15.329,0.272
2009-07-08,2009,7,8,15.752,15.395,0.357
2009-07-09,2009,7,9,15.914,15.482,0.432
2009-07-10,2009,7,10,16.038,15.547,0.491
2009-07-11,2009,7,11,16.122,15.652,0.47
2009-07-12,2009,7,12,16.269,15.753,0.516
2009-07-13,2009,7,13,16.35,15.839,0.511
2009-07-14,2009,7,14,16.35,15.909,0.441
2009-07-15,2009,7,15,16.32,15.971,0.349
2009-07-16,2009,7,16,16.499,16.038,0.461
2009-07-17,2009,7,17,16.638,16.084,0.554
2009-07-18,2009,7,18,16.574,16.164,0.41
2009-07-19,2009,7,19,16.43,16.257,0.173
2009-07-20,2009,7,20,16.437,16.345,0.092
2009-07-21,2009,7,21,16.492,16.437,0.055
2009-07-22,2009,7,22,16.553,16.517,0.036
2009-07-23,2009,7,23,16.618,16.591,0.027
2009-07-24,2009,7,24,16.687,16.643,0.044
2009-07-25,2009,7,25,16.74,16.69,0.05
2009-07-26,2009,7,26,16.838,16.746,0.092
2009-07-27,2009,7,27,16.908,16.801,0.107
2009-07-28,2009,7,28,16.964,16.857,0.107
2009-07-29,2009,7,29,17.059,16.929,0.13
2009-07-30,2009,7,30,17.092,16.981,0.111
2009-07-31,2009,7,31,17.129,17.028,0.101
2009-08-01,2009,8,1,17.249,17.083,0.166
2009-08-02,2009,8,2,17.39,17.135,0.255
2009-08-03,2009,8,3,17.405,17.19,0.215
2009-08-04,2009,8,4,17.481,17.236,0.245
2009-08-05,2009,8,5,17.561,17.287,0.274
2009-08-06,2009,8,6,17.626,17.35,0.276
2009-08-07,2009,8,7,17.691,17.421,0.27
2009-08-08,2009,8,8,17.778,17.481,0.297
2009-08-09,2009,8,9,17.907,17.514,0.393
2009-08-10,2009,8,10,17.939,17.547,0.392
2009-08-11,2009,8,11,18.021,17.593,0.428
2009-08-12,2009,8,12,18.14,17.642,0.498
2009-08-13,2009,8,13,18.128,17.683,0.445
2009-08-14,2009,8,14,18.222,17.738,0.484
2009-08-15,2009,8,15,18.258,17.782,0.476
2009-08-16,2009,8,16,18.255,17.827,0.428
2009-08-17,2009,8,17,18.277,17.845,0.432
2009-08-18,2009,8,18,18.32,17.867,0.453
2009-08-19,2009,8,19,18.294,17.888,0.406
2009-08-20,2009,8,20,18.294,17.924,0.37
2009-08-21,2009,8,21,18.385,17.964,0.421
2009-08-22,2009,8,22,18.356,17.983,0.373
2009-08-23,2009,8,23,18.35,18.018,0.332
2009-08-24,2009,8,24,18.328,18.053,0.275
2009-08-25,2009,8,25,18.386,18.105,0.281
2009-08-26,2009,8,26,18.447,18.145,0.302
2009-08-27,2009,8,27,18.538,18.159,0.379
2009-08-28,2009,8,28,18.506,18.195,0.311
2009-08-29,2009,8,29,18.467,18.222,0.245
2009-08-30,2009,8,30,18.518,18.241,0.277
2009-08-31,2009,8,31,18.515,18.264,0.251
2009-09-01,2009,9,1,18.601,18.288,0.313
2009-09-02,2009,9,2,18.652,18.308,0.344
2009-09-03,2009,9,3,18.725,18.333,0.392
2009-09-04,2009,9,4,18.776,18.352,0.424
2009-09-05,2009,9,5,18.836,18.373,0.463
2009-09-06,2009,9,6,18.817,18.397,0.42
2009-09-07,2009,9,7,18.825,18.416,0.409
2009-09-08,2009,9,8,18.797,18.445,0.352
2009-09-09,2009,9,9,18.837,18.47,0.367
2009-09-10,2009,9,10,18.907,18.49,0.417
2009-09-11,2009,9,11,18.905,18.502,0.403
2009-09-12,2009,9,12,18.903,18.521,0.382
2009-09-13,2009,9,13,18.921,18.522,0.399
2009-09-14,2009,9,14,18.868,18.529,0.339
2009-09-15,2009,9,15,18.867,18.533,0.334
2009-09-16,2009,9,16,18.936,18.546,0.39
2009-09-17,2009,9,17,18.978,18.565,0.413
2009-09-18,2009,9,18,19.004,18.567,0.437
2009-09-19,2009,9,19,19.107,18.572,0.535
2009-09-20,2009,9,20,19.154,18.574,0.58
2009-09-21,2009,9,21,19.202,18.576,0.626
2009-09-22,2009,9,22,19.218,18.569,0.649
2009-09-23,2009,9,23,19.256,18.57,0.686
2009-09-24,2009,9,24,19.299,18.571,0.728
2009-09-25,2009,9,25,19.272,18.566,0.706
2009-09-26,2009,9,26,19.209,18.552,0.657
2009-09-27,2009,9,27,19.11,18.541,0.569
2009-09-28,2009,9,28,19.04,18.525,0.515
2009-09-29,2009,9,29,18.891,18.525,0.366
2009-09-30,2009,9,30,18.901,18.508,0.393
2009-10-01,2009,10,1,18.857,18.508,0.349
2009-10-02,2009,10,2,18.849,18.504,0.345
2009-10-03,2009,10,3,18.853,18.476,0.377
2009-10-04,2009,10,4,18.932,18.448,0.484
2009-10-05,2009,10,5,18.842,18.44,0.402
2009-10-06,2009,10,6,18.773,18.425,0.348
2009-10-07,2009,10,7,18.69,18.394,0.296
2009-10-08,2009,10,8,18.643,18.361,0.282
2009-10-09,2009,10,9,18.624,18.329,0.295
2009-10-10,2009,10,10,18.561,18.299,0.262
2009-10-11,2009,10,11,18.511,18.287,0.224
2009-10-12,2009,10,12,18.551,18.265,0.286
2009-10-13,2009,10,13,18.467,18.235,0.232
2009-10-14,2009,10,14,18.396,18.224,0.172
2009-10-15,2009,10,15,18.347,18.193,0.154
2009-10-16,2009,10,16,18.256,18.158,0.098
2009-10-17,2009,10,17,18.223,18.116,0.107
2009-10-18,2009,10,18,18.24,18.062,0.178
2009-10-19,2009,10,19,18.164,18.012,0.152
2009-10-20,2009,10,20,18.162,17.97,0.192
2009-10-21,2009,10,21,18.143,17.921,0.222
2009-10-22,2009,10,22,18.064,17.872,0.192
2009-10-23,2009,10,23,18.012,17.833,0.179
2009-10-24,2009,10,24,18.011,17.791,0.22
2009-10-25,2009,10,25,17.995,17.736,0.259
2009-10-26,2009,10,26,17.858,17.681,0.177
2009-10-27,2009,10,27,17.74,17.633,0.107
2009-10-28,2009,10,28,17.672,17.555,0.117
2009-10-29,2009,10,29,17.638,17.509,0.129
2009-10-30,2009,10,30,17.657,17.449,0.208
2009-10-31,2009,10,31,17.514,17.367,0.147
2009-11-01,2009,11,1,17.381,17.312,0.069
2009-11-02,2009,11,2,17.3,17.229,0.071
2009-11-03,2009,11,3,17.197,17.153,0.044
2009-11-04,2009,11,4,17.079,17.081,-0.002
2009-11-05,2009,11,5,17.01,17.011,-0.001
2009-11-06,2009,11,6,16.93,16.934,-0.004
2009-11-07,2009,11,7,16.865,16.848,0.017
2009-11-08,2009,11,8,16.765,16.762,0.003
2009-11-09,2009,11,9,16.648,16.667,-0.019
2009-11-10,2009,11,10,16.554,16.562,-0.008
2009-11-11,2009,11,11,16.531,16.472,0.059
2009-11-12,2009,11,12,16.467,16.378,0.089
2009-11-13,2009,11,13,16.309,16.272,0.037
2009-11-14,2009,11,14,16.208,16.175,0.033
2009-11-15,2009,11,15,16.052,16.061,-0.009
2009-11-16,2009,11,16,15.956,15.925,0.031
2009-11-17,2009,11,17,15.805,15.797,0.008
2009-11-18,2009,11,18,15.654,15.665,-0.011
2009-11-19,2009,11,19,15.527,15.509,0.018
2009-11-20,2009,11,20,15.359,15.368,-0.009
2009-11-21,2009,11,21,15.193,15.213,-0.02
2009-11-22,2009,11,22,15.079,15.069,0.01
2009-11-23,2009,11,23,15.037,14.896,0.141
2009-11-24,2009,11,24,14.855,14.74,0.115
2009-11-25,2009,11,25,14.656,14.575,0.081
2009-11-26,2009,11,26,14.506,14.417,0.089
2009-11-27,2009,11,27,14.383,14.239,0.144
2009-11-28,2009,11,28,14.217,14.055,0.162
2009-11-29,2009,11,29,14.029,13.868,0.161
2009-11-30,2009,11,30,13.883,13.685,0.198
2009-12-01,2009,12,1,13.664,13.513,0.151
2009-12-02,2009,12,2,13.492,13.294,0.198
2009-12-03,2009,12,3,13.296,13.105,0.191
2009-12-04,2009,12,4,13.173,12.904,0.269
2009-12-05,2009,12,5,12.95,12.703,0.247
2009-12-06,2009,12,6,12.747,12.495,0.252
2009-12-07,2009,12,7,12.498,12.29,0.208
2009-12-08,2009,12,8,12.31,12.068,0.242
2009-12-09,2009,12,9,12.077,11.859,0.218
2009-12-10,2009,12,10,11.858,11.659,0.199
2009-12-11,2009,12,11,11.739,11.436,0.303
2009-12-12,2009,12,12,11.569,11.222,0.347
2009-12-13,2009,12,13,11.34,10.998,0.342
2009-12-14,2009,12,14,11.208,10.755,0.453
2009-12-15,2009,12,15,11.11,10.498,0.612
2009-12-16,2009,12,16,10.839,10.247,0.592
2009-12-17,2009,12,17,10.537,9.984,0.553
2009-12-18,2009,12,18,10.257,9.732,0.525
2009-12-19,2009,12,19,10.045,9.48,0.565
2009-12-20,2009,12,20,9.931,9.255,0.676
2009-12-21,2009,12,21,9.766,9.039,0.727
2009-12-22,2009,12,22,9.581,8.835,0.746
2009-12-23,2009,12,23,9.343,8.631,0.712
2009-12-24,2009,12,24,9.175,8.416,0.759
2009-12-25,2009,12,25,8.984,8.224,0.76
2009-12-26,2009,12,26,8.76,8.018,0.742
2009-12-27,2009,12,27,8.558,7.811,0.747
2009-12-28,2009,12,28,8.404,7.624,0.78
2009-12-29,2009,12,29,8.219,7.406,0.813
2009-12-30,2009,12,30,7.871,7.222,0.649
2009-12-31,2009,12,31,7.594,7.059,0.535
2010-01-01,2010,1,1,7.456,6.999,0.457
2010-01-02,2010,1,2,7.161,6.808,0.353
2010-01-03,2010,1,3,6.812,6.621,0.191
2010-01-04,2010,1,4,6.617,6.451,0.166
2010-01-05,2010,1,5,6.366,6.296,0.07
2010-01-06,2010,1,6,6.094,6.142,-0.048
2010-01-07,2010,1,7,5.863,5.999,-0.136
2010-01-08,2010,1,8,5.676,5.838,-0.162
2010-01-09,2010,1,9,5.454,5.681,-0.227
2010-01-10,2010,1,10,5.285,5.547,-0.262
2010-01-11,2010,1,11,5.22,5.423,-0.203
2010-01-12,2010,1,12,5.109,5.305,-0.196
2010-01-13,2010,1,13,4.964,5.16,-0.196
2010-01-14,2010,1,14,4.838,5.047,-0.209
2010-01-15,2010,1,15,4.683,4.926,-0.243
2010-01-16,2010,1,16,4.583,4.819,-0.236
2010-01-17,2010,1,17,4.527,4.709,-0.182
2010-01-18,2010,1,18,4.503,4.614,-0.111
2010-01-19,2010,1,19,4.398,4.521,-0.123
2010-01-20,2010,1,20,4.341,4.427,-0.086
2010-01-21,2010,1,21,4.265,4.335,-0.07
2010-01-22,2010,1,22,4.297,4.24,0.057
2010-01-23,2010,1,23,4.262,4.154,0.108
2010-01-24,2010,1,24,4.133,4.074,0.059
2010-01-25,2010,1,25,4.048,3.998,0.05
2010-01-26,2010,1,26,3.991,3.929,0.062
2010-01-27,2010,1,27,3.922,3.861,0.061
2010-01-28,2010,1,28,3.828,3.808,0.02
2010-01-29,2010,1,29,3.711,3.734,-0.023
2010-01-30,2010,1,30,3.648,3.665,-0.017
2010-01-31,2010,1,31,3.646,3.605,0.041
2010-02-01,2010,2,1,3.572,3.534,0.038
2010-02-02,2010,2,2,3.529,3.489,0.04
2010-02-03,2010,2,3,3.481,3.43,0.051
2010-02-04,2010,2,4,3.423,3.377,0.046
2010-02-05,2010,2,5,3.389,3.326,0.063
2010-02-06,2010,2,6,3.332,3.28,0.052
2010-02-07,2010,2,7,3.227,3.227,0.0
2010-02-08,2010,2,8,3.158,3.181,-0.023
2010-02-09,2010,2,9,3.144,3.141,0.003
2010-02-10,2010,2,10,3.135,3.097,0.038
2010-02-11,2010,2,11,3.074,3.064,0.01
2010-02-12,2010,2,12,2.992,3.025,-0.033
2010-02-13,2010,2,13,2.931,2.998,-0.067
2010-02-14,2010,2,14,2.906,2.969,-0.063
2010-02-15,2010,2,15,2.877,2.935,-0.058
2010-02-16,2010,2,16,2.842,2.918,-0.076
2010-02-17,2010,2,17,2.863,2.914,-0.051
2010-02-18,2010,2,18,2.852,2.903,-0.051
2010-02-19,2010,2,19,2.878,2.881,-0.003
2010-02-20,2010,2,20,2.856,2.876,-0.02
2010-02-21,2010,2,21,2.92,2.881,0.039
2010-02-22,2010,2,22,2.978,2.885,0.093
2010-02-23,2010,2,23,3.044,2.892,0.152
2010-02-24,2010,2,24,3.049,2.889,0.16
2010-02-25,2010,2,25,3.054,2.907,0.147
2010-02-26,2010,2,26,3.184,2.931,0.253
2010-02-27,2010,2,27,3.123,2.96,0.163
2010-02-28,2010,2,28,3.141,2.994,0.147
2010-03-01,2010,3,1,3.124,3.061,0.063
2010-03-02,2010,3,2,3.164,3.105,0.059
2010-03-03,2010,3,3,3.176,3.166,0.01
2010-03-04,2010,3,4,3.215,3.211,0.004
2010-03-05,2010,3,5,3.329,3.253,0.076
2010-03-06,2010,3,6,3.381,3.306,0.075
2010-03-07,2010,3,7,3.416,3.37,0.046
2010-03-08,2010,3,8,3.535,3.433,0.102
2010-03-09,2010,3,9,3.594,3.507,0.087
2010-03-10,2010,3,10,3.648,3.592,0.056
2010-03-11,2010,3,11,3.689,3.658,0.031
2010-03-12,2010,3,12,3.69,3.735,-0.045
2010-03-13,2010,3,13,3.715,3.815,-0.1
2010-03-14,2010,3,14,3.759,3.892,-0.133
2010-03-15,2010,3,15,3.762,3.966,-0.204
2010-03-16,2010,3,16,3.788,4.035,-0.247
2010-03-17,2010,3,17,3.836,4.11,-0.274
2010-03-18,2010,3,18,3.828,4.199,-0.371
2010-03-19,2010,3,19,3.91,4.271,-0.361
2010-03-20,2010,3,20,3.879,4.362,-0.483
2010-03-21,2010,3,21,3.881,4.441,-0.56
2010-03-22,2010,3,22,3.889,4.521,-0.632
2010-03-23,2010,3,23,3.957,4.613,-0.656
2010-03-24,2010,3,24,4.093,4.701,-0.608
2010-03-25,2010,3,25,4.22,4.798,-0.578
2010-03-26,2010,3,26,4.339,4.884,-0.545
2010-03-27,2010,3,27,4.465,4.956,-0.491
2010-03-28,2010,3,28,4.589,5.047,-0.458
2010-03-29,2010,3,29,4.647,5.139,-0.492
2010-03-30,2010,3,30,4.812,5.219,-0.407
2010-03-31,2010,3,31,4.919,5.312,-0.393
2010-04-01,2010,4,1,5.048,5.405,-0.357
2010-04-02,2010,4,2,5.185,5.508,-0.323
2010-04-03,2010,4,3,5.319,5.607,-0.288
2010-04-04,2010,4,4,5.437,5.708,-0.271
2010-04-05,2010,4,5,5.565,5.806,-0.241
2010-04-06,2010,4,6,5.641,5.908,-0.267
2010-04-07,2010,4,7,5.722,6.018,-0.296
2010-04-08,2010,4,8,5.805,6.125,-0.32
2010-04-09,2010,4,9,5.907,6.218,-0.311
2010-04-10,2010,4,10,6.031,6.329,-0.298
2010-04-11,2010,4,11,6.114,6.434,-0.32
2010-04-12,2010,4,12,6.213,6.549,-0.336
2010-04-13,2010,4,13,6.297,6.656,-0.359
2010-04-14,2010,4,14,6.437,6.757,-0.32
2010-04-15,2010,4,15,6.548,6.862,-0.314
2010-04-16,2010,4,16,6.667,6.977,-0.31
2010-04-17,2010,4,17,6.827,7.089,-0.262
2010-04-18,2010,4,18,6.966,7.194,-0.228
2010-04-19,2010,4,19,7.068,7.303,-0.235
2010-04-20,2010,4,20,7.196,7.414,-0.218
2010-04-21,2010,4,21,7.357,7.516,-0.159
2010-04-22,2010,4,22,7.448,7.624,-0.176
2010-04-23,2010,4,23,7.586,7.733,-0.147
2010-04-24,2010,4,24,7.755,7.84,-0.085
2010-04-25,2010,4,25,7.938,7.947,-0.009
2010-04-26,2010,4,26,8.107,8.05,0.057
2010-04-27,2010,4,27,8.117,8.165,-0.048
2010-04-28,2010,4,28,8.208,8.28,-0.072
2010-04-29,2010,4,29,8.392,8.387,0.005
2010-04-30,2010,4,30,8.562,8.497,0.065
2010-05-01,2010,5,1,8.672,8.604,0.068
2010-05-02,2010,5,2,8.792,8.71,0.082
2010-05-03,2010,5,3,8.893,8.825,0.068
2010-05-04,2010,5,4,9.036,8.94,0.096
2010-05-05,2010,5,5,9.159,9.053,0.106
2010-05-06,2010,5,6,9.352,9.161,0.191
2010-05-07,2010,5,7,9.547,9.28,0.267
2010-05-08,2010,5,8,9.604,9.392,0.212
2010-05-09,2010,5,9,9.646,9.487,0.159
2010-05-10,2010,5,10,9.757,9.588,0.169
2010-05-11,2010,5,11,9.878,9.705,0.173
2010-05-12,2010,5,12,10.037,9.811,0.226
2010-05-13,2010,5,13,10.207,9.928,0.279
2010-05-14,2010,5,14,10.293,10.039,0.254
2010-05-15,2010,5,15,10.425,10.147,0.278
2010-05-16,2010,5,16,10.572,10.26,0.312
2010-05-17,2010,5,17,10.663,10.366,0.297
2010-05-18,2010,5,18,10.803,10.47,0.333
2010-05-19,2010,5,19,10.955,10.583,0.372
2010-05-20,2010,5,20,11.039,10.708,0.331
2010-05-21,2010,5,21,11.156,10.809,0.347
2010-05-22,2010,5,22,11.383,10.909,0.474
2010-05-23,2010,5,23,11.629,11.019,0.61
2010-05-24,2010,5,24,11.769,11.119,0.65
2010-05-25,2010,5,25,11.947,11.219,0.728
2010-05-26,2010,5,26,12.039,11.321,0.718
2010-05-27,2010,5,27,12.272,11.422,0.85
2010-05-28,2010,5,28,12.427,11.532,0.895
2010-05-29,2010,5,29,12.524,11.629,0.895
2010-05-30,2010,5,30,12.618,11.732,0.886
2010-05-31,2010,5,31,12.723,11.859,0.864
2010-06-01,2010,6,1,12.888,11.978,0.91
2010-06-02,2010,6,2,12.969,12.077,0.892
2010-06-03,2010,6,3,13.016,12.168,0.848
2010-06-04,2010,6,4,13.148,12.271,0.877
2010-06-05,2010,6,5,13.288,12.383,0.905
2010-06-06,2010,6,6,13.41,12.49,0.92
2010-06-07,2010,6,7,13.489,12.581,0.908
2010-06-08,2010,6,8,13.596,12.69,0.906
2010-06-09,2010,6,9,13.736,12.792,0.944
2010-06-10,2010,6,10,13.84,12.894,0.946
2010-06-11,2010,6,11,13.973,12.987,0.986
2010-06-12,2010,6,12,14.022,13.074,0.948
2010-06-13,2010,6,13,14.083,13.172,0.911
2010-06-14,2010,6,14,14.155,13.279,0.876
2010-06-15,2010,6,15,14.263,13.384,0.879
2010-06-16,2010,6,16,14.413,13.487,0.926
2010-06-17,2010,6,17,14.598,13.597,1.001
2010-06-18,2010,6,18,14.771,13.692,1.079
2010-06-19,2010,6,19,14.825,13.796,1.029
2010-06-20,2010,6,20,14.916,13.898,1.018
2010-06-21,2010,6,21,14.99,13.991,0.999
2010-06-22,2010,6,22,15.107,14.085,1.022
2010-06-23,2010,6,23,15.22,14.186,1.034
2010-06-24,2010,6,24,15.341,14.279,1.062
2010-06-25,2010,6,25,15.479,14.37,1.109
2010-06-26,2010,6,26,15.614,14.448,1.166
2010-06-27,2010,6,27,15.67,14.524,1.146
2010-06-28,2010,6,28,15.733,14.622,1.111
2010-06-29,2010,6,29,15.838,14.709,1.129
2010-06-30,2010,6,30,15.915,14.812,1.103
2010-07-01,2010,7,1,16.004,14.896,1.108
2010-07-02,2010,7,2,16.084,14.966,1.118
2010-07-03,2010,7,3,16.089,15.039,1.05
2010-07-04,2010,7,4,16.174,15.112,1.062
2010-07-05,2010,7,5,16.271,15.187,1.084
2010-07-06,2010,7,6,16.379,15.265,1.114
2010-07-07,2010,7,7,16.423,15.329,1.094
2010-07-08,2010,7,8,16.433,15.395,1.038
2010-07-09,2010,7,9,16.485,15.482,1.003
2010-07-10,2010,7,10,16.586,15.547,1.039
2010-07-11,2010,7,11,16.683,15.652,1.031
2010-07-12,2010,7,12,16.816,15.753,1.063
2010-07-13,2010,7,13,16.942,15.839,1.103
2010-07-14,2010,7,14,17.002,15.909,1.093
2010-07-15,2010,7,15,17.013,15.971,1.042
2010-07-16,2010,7,16,17.011,16.038,0.973
2010-07-17,2010,7,17,17.011,16.084,0.927
2010-07-18,2010,7,18,17.044,16.164,0.88
2010-07-19,2010,7,19,17.187,16.257,0.93
2010-07-20,2010,7,20,17.252,16.345,0.907
2010-07-21,2010,7,21,17.242,16.437,0.805
2010-07-22,2010,7,22,17.233,16.517,0.716
2010-07-23,2010,7,23,17.252,16.591,0.661
2010-07-24,2010,7,24,17.238,16.643,0.595
2010-07-25,2010,7,25,17.318,16.69,0.628
2010-07-26,2010,7,26,17.391,16.746,0.645
2010-07-27,2010,7,27,17.44,16.801,0.639
2010-07-28,2010,7,28,17.492,16.857,0.635
2010-07-29,2010,7,29,17.581,16.929,0.652
2010-07-30,2010,7,30,17.701,16.981,0.72
2010-07-31,2010,7,31,17.784,17.028,0.756
2010-08-01,2010,8,1,17.823,17.083,0.74
2010-08-02,2010,8,2,17.888,17.135,0.753
2010-08-03,2010,8,3,17.932,17.19,0.742
2010-08-04,2010,8,4,18.004,17.236,0.768
2010-08-05,2010,8,5,18.136,17.287,0.849
2010-08-06,2010,8,6,18.24,17.35,0.89
2010-08-07,2010,8,7,18.271,17.421,0.85
2010-08-08,2010,8,8,18.359,17.481,0.878
2010-08-09,2010,8,9,18.445,17.514,0.931
2010-08-10,2010,8,10,18.488,17.547,0.941
2010-08-11,2010,8,11,18.619,17.593,1.026
2010-08-12,2010,8,12,18.679,17.642,1.037
2010-08-13,2010,8,13,18.781,17.683,1.098
2010-08-14,2010,8,14,18.82,17.738,1.082
2010-08-15,2010,8,15,18.943,17.782,1.161
2010-08-16,2010,8,16,18.842,17.827,1.015
2010-08-17,2010,8,17,18.833,17.845,0.988
2010-08-18,2010,8,18,18.837,17.867,0.97
2010-08-19,2010,8,19,18.755,17.888,0.867
2010-08-20,2010,8,20,18.692,17.924,0.768
2010-08-21,2010,8,21,18.78,17.964,0.816
2010-08-22,2010,8,22,18.813,17.983,0.83
2010-08-23,2010,8,23,18.85,18.018,0.832
2010-08-24,2010,8,24,18.906,18.053,0.853
2010-08-25,2010,8,25,18.917,18.105,0.812
2010-08-26,2010,8,26,18.894,18.145,0.749
2010-08-27,2010,8,27,18.845,18.159,0.686
2010-08-28,2010,8,28,18.836,18.195,0.641
2010-08-29,2010,8,29,18.88,18.222,0.658
2010-08-30,2010,8,30,18.876,18.241,0.635
2010-08-31,2010,8,31,18.835,18.264,0.571
2010-09-01,2010,9,1,18.833,18.288,0.545
2010-09-02,2010,9,2,18.83,18.308,0.522
2010-09-03,2010,9,3,18.9,18.333,0.567
2010-09-04,2010,9,4,18.904,18.352,0.552
2010-09-05,2010,9,5,18.91,18.373,0.537
2010-09-06,2010,9,6,18.998,18.397,0.601
2010-09-07,2010,9,7,18.936,18.416,0.52
2010-09-08,2010,9,8,18.953,18.445,0.508
2010-09-09,2010,9,9,18.918,18.47,0.448
2010-09-10,2010,9,10,18.919,18.49,0.429
2010-09-11,2010,9,11,18.893,18.502,0.391
2010-09-12,2010,9,12,18.916,18.521,0.395
2010-09-13,2010,9,13,18.889,18.522,0.367
2010-09-14,2010,9,14,18.876,18.529,0.347
2010-09-15,2010,9,15,18.791,18.533,0.258
2010-09-16,2010,9,16,18.742,18.546,0.196
2010-09-17,2010,9,17,18.768,18.565,0.203
2010-09-18,2010,9,18,18.662,18.567,0.095
2010-09-19,2010,9,19,18.52,18.572,-0.052
2010-09-20,2010,9,20,18.441,18.574,-0.133
2010-09-21,2010,9,21,18.53,18.576,-0.046
2010-09-22,2010,9,22,18.681,18.569,0.112
2010-09-23,2010,9,23,18.725,18.57,0.155
2010-09-24,2010,9,24,18.754,18.571,0.183
2010-09-25,2010,9,25,18.785,18.566,0.219
2010-09-26,2010,9,26,18.761,18.552,0.209
2010-09-27,2010,9,27,18.69,18.541,0.149
2010-09-28,2010,9,28,18.779,18.525,0.254
2010-09-29,2010,9,29,18.833,18.525,0.308
2010-09-30,2010,9,30,18.821,18.508,0.313
2010-10-01,2010,10,1,18.812,18.508,0.304
2010-10-02,2010,10,2,18.864,18.504,0.36
2010-10-03,2010,10,3,18.932,18.476,0.456
2010-10-04,2010,10,4,18.963,18.448,0.515
2010-10-05,2010,10,5,18.931,18.44,0.491
2010-10-06,2010,10,6,18.958,18.425,0.533
2010-10-07,2010,10,7,18.896,18.394,0.502
2010-10-08,2010,10,8,18.915,18.361,0.554
2010-10-09,2010,10,9,18.883,18.329,0.554
2010-10-10,2010,10,10,18.882,18.299,0.583
2010-10-11,2010,10,11,18.865,18.287,0.578
2010-10-12,2010,10,12,18.862,18.265,0.597
2010-10-13,2010,10,13,18.819,18.235,0.584
2010-10-14,2010,10,14,18.801,18.224,0.577
2010-10-15,2010,10,15,18.773,18.193,0.58
2010-10-16,2010,10,16,18.749,18.158,0.591
2010-10-17,2010,10,17,18.695,18.116,0.579
2010-10-18,2010,10,18,18.671,18.062,0.609
2010-10-19,2010,10,19,18.644,18.012,0.632
2010-10-20,2010,10,20,18.545,17.97,0.575
2010-10-21,2010,10,21,18.52,17.921,0.599
2010-10-22,2010,10,22,18.525,17.872,0.653
2010-10-23,2010,10,23,18.483,17.833,0.65
2010-10-24,2010,10,24,18.469,17.791,0.678
2010-10-25,2010,10,25,18.408,17.736,0.672
2010-10-26,2010,10,26,18.331,17.681,0.65
2010-10-27,2010,10,27,18.266,17.633,0.633
2010-10-28,2010,10,28,18.268,17.555,0.713
2010-10-29,2010,10,29,18.19,17.509,0.681
2010-10-30,2010,10,30,18.126,17.449,0.677
2010-10-31,2010,10,31,18.052,17.367,0.685
2010-11-01,2010,11,1,17.906,17.312,0.594
2010-11-02,2010,11,2,17.846,17.229,0.617
2010-11-03,2010,11,3,17.688,17.153,0.535
2010-11-04,2010,11,4,17.604,17.081,0.523
2010-11-05,2010,11,5,17.636,17.011,0.625
2010-11-06,2010,11,6,17.486,16.934,0.552
2010-11-07,2010,11,7,17.414,16.848,0.566
2010-11-08,2010,11,8,17.382,16.762,0.62
2010-11-09,2010,11,9,17.42,16.667,0.753
2010-11-10,2010,11,10,17.344,16.562,0.782
2010-11-11,2010,11,11,17.093,16.472,0.621
2010-11-12,2010,11,12,17.04,16.378,0.662
2010-11-13,2010,11,13,17.077,16.272,0.805
2010-11-14,2010,11,14,17.034,16.175,0.859
2010-11-15,2010,11,15,16.906,16.061,0.845
2010-11-16,2010,11,16,16.798,15.925,0.873
2010-11-17,2010,11,17,16.72,15.797,0.923
2010-11-18,2010,11,18,16.658,15.665,0.993
2010-11-19,2010,11,19,16.641,15.509,1.132
2010-11-20,2010,11,20,16.504,15.368,1.136
2010-11-21,2010,11,21,16.497,15.213,1.284
2010-11-22,2010,11,22,16.337,15.069,1.268
2010-11-23,2010,11,23,16.242,14.896,1.346
2010-11-24,2010,11,24,16.119,14.74,1.379
2010-11-25,2010,11,25,15.952,14.575,1.377
2010-11-26,2010,11,26,15.786,14.417,1.369
2010-11-27,2010,11,27,15.597,14.239,1.358
2010-11-28,2010,11,28,15.407,14.055,1.352
2010-11-29,2010,11,29,15.349,13.868,1.481
2010-11-30,2010,11,30,15.164,13.685,1.479
2010-12-01,2010,12,1,14.879,13.513,1.366
2010-12-02,2010,12,2,14.741,13.294,1.447
2010-12-03,2010,12,3,14.463,13.105,1.358
2010-12-04,2010,12,4,14.282,12.904,1.378
2010-12-05,2010,12,5,14.147,12.703,1.444
2010-12-06,2010,12,6,14.075,12.495,1.58
2010-12-07,2010,12,7,13.735,12.29,1.445
2010-12-08,2010,12,8,13.422,12.068,1.354
2010-12-09,2010,12,9,13.068,11.859,1.209
2010-12-10,2010,12,10,12.857,11.659,1.198
2010-12-11,2010,12,11,12.621,11.436,1.185
2010-12-12,2010,12,12,12.419,11.222,1.197
2010-12-13,2010,12,13,12.286,10.998,1.288
2010-12-14,2010,12,14,12.151,10.755,1.396
2010-12-15,2010,12,15,11.912,10.498,1.414
2010-12-16,2010,12,16,11.587,10.247,1.34
2010-12-17,2010,12,17,11.225,9.984,1.241
2010-12-18,2010,12,18,10.802,9.732,1.07
2010-12-19,2010,12,19,10.575,9.48,1.095
2010-12-20,2010,12,20,10.345,9.255,1.09
2010-12-21,2010,12,21,9.925,9.039,0.886
2010-12-22,2010,12,22,9.662,8.835,0.827
2010-12-23,2010,12,23,9.385,8.631,0.754
2010-12-24,2010,12,24,9.109,8.416,0.693
2010-12-25,2010,12,25,8.833,8.224,0.609
2010-12-26,2010,12,26,8.553,8.018,0.535
2010-12-27,2010,12,27,8.317,7.811,0.506
2010-12-28,2010,12,28,7.976,7.624,0.352
2010-12-29,2010,12,29,7.66,7.406,0.254
2010-12-30,2010,12,30,7.322,7.222,0.1
2010-12-31,2010,12,31,7.072,7.059,0.013
2011-01-01,2011,1,1,6.843,6.999,-0.156
2011-01-02,2011,1,2,6.693,6.808,-0.115
2011-01-03,2011,1,3,6.554,6.621,-0.067
2011-01-04,2011,1,4,6.384,6.451,-0.067
2011-01-05,2011,1,5,6.241,6.296,-0.055
2011-01-06,2011,1,6,6.124,6.142,-0.018
2011-01-07,2011,1,7,5.91,5.999,-0.089
2011-01-08,2011,1,8,5.678,5.838,-0.16
2011-01-09,2011,1,9,5.473,5.681,-0.208
2011-01-10,2011,1,10,5.312,5.547,-0.235
2011-01-11,2011,1,11,5.091,5.423,-0.332
2011-01-12,2011,1,12,4.882,5.305,-0.423
2011-01-13,2011,1,13,4.721,5.16,-0.439
2011-01-14,2011,1,14,4.669,5.047,-0.378
2011-01-15,2011,1,15,4.466,4.926,-0.46
2011-01-16,2011,1,16,4.205,4.819,-0.614
2011-01-17,2011,1,17,4.105,4.709,-0.604
2011-01-18,2011,1,18,3.955,4.614,-0.659
2011-01-19,2011,1,19,3.691,4.521,-0.83
2011-01-20,2011,1,20,3.548,4.427,-0.879
2011-01-21,2011,1,21,3.527,4.335,-0.808
2011-01-22,2011,1,22,3.395,4.24,-0.845
2011-01-23,2011,1,23,3.296,4.154,-0.858
2011-01-24,2011,1,24,3.306,4.074,-0.768
2011-01-25,2011,1,25,3.235,3.998,-0.763
2011-01-26,2011,1,26,3.195,3.929,-0.734
2011-01-27,2011,1,27,3.148,3.861,-0.713
2011-01-28,2011,1,28,3.089,3.808,-0.719
2011-01-29,2011,1,29,3.056,3.734,-0.678
2011-01-30,2011,1,30,3.052,3.665,-0.613
2011-01-31,2011,1,31,3.019,3.605,-0.586
2011-02-01,2011,2,1,2.946,3.534,-0.588
2011-02-02,2011,2,2,2.874,3.489,-0.615
2011-02-03,2011,2,3,2.806,3.43,-0.624
2011-02-04,2011,2,4,2.77,3.377,-0.607
2011-02-05,2011,2,5,2.759,3.326,-0.567
2011-02-06,2011,2,6,2.696,3.28,-0.584
2011-02-07,2011,2,7,2.633,3.227,-0.594
2011-02-08,2011,2,8,2.615,3.181,-0.566
2011-02-09,2011,2,9,2.614,3.141,-0.527
2011-02-10,2011,2,10,2.575,3.097,-0.522
2011-02-11,2011,2,11,2.532,3.064,-0.532
2011-02-12,2011,2,12,2.546,3.025,-0.479
2011-02-13,2011,2,13,2.521,2.998,-0.477
2011-02-14,2011,2,14,2.471,2.969,-0.498
2011-02-15,2011,2,15,2.44,2.935,-0.495
2011-02-16,2011,2,16,2.381,2.918,-0.537
2011-02-17,2011,2,17,2.367,2.914,-0.547
2011-02-18,2011,2,18,2.352,2.903,-0.551
2011-02-19,2011,2,19,2.373,2.881,-0.508
2011-02-20,2011,2,20,2.36,2.876,-0.516
2011-02-21,2011,2,21,2.327,2.881,-0.554
2011-02-22,2011,2,22,2.319,2.885,-0.566
2011-02-23,2011,2,23,2.327,2.892,-0.565
2011-02-24,2011,2,24,2.379,2.889,-0.51
2011-02-25,2011,2,25,2.344,2.907,-0.563
2011-02-26,2011,2,26,2.358,2.931,-0.573
2011-02-27,2011,2,27,2.395,2.96,-0.565
2011-02-28,2011,2,28,2.454,2.994,-0.54
2011-03-01,2011,3,1,2.543,3.061,-0.518
2011-03-02,2011,3,2,2.517,3.105,-0.588
2011-03-03,2011,3,3,2.553,3.166,-0.613
2011-03-04,2011,3,4,2.587,3.211,-0.624
2011-03-05,2011,3,5,2.627,3.253,-0.626
2011-03-06,2011,3,6,2.704,3.306,-0.602
2011-03-07,2011,3,7,2.782,3.37,-0.588
2011-03-08,2011,3,8,2.891,3.433,-0.542
2011-03-09,2011,3,9,2.991,3.507,-0.516
2011-03-10,2011,3,10,3.067,3.592,-0.525
2011-03-11,2011,3,11,3.102,3.658,-0.556
2011-03-12,2011,3,12,3.146,3.735,-0.589
2011-03-13,2011,3,13,3.183,3.815,-0.632
2011-03-14,2011,3,14,3.263,3.892,-0.629
2011-03-15,2011,3,15,3.332,3.966,-0.634
2011-03-16,2011,3,16,3.377,4.035,-0.658
2011-03-17,2011,3,17,3.499,4.11,-0.611
2011-03-18,2011,3,18,3.552,4.199,-0.647
2011-03-19,2011,3,19,3.563,4.271,-0.708
2011-03-20,2011,3,20,3.633,4.362,-0.729
2011-03-21,2011,3,21,3.669,4.441,-0.772
2011-03-22,2011,3,22,3.681,4.521,-0.84
2011-03-23,2011,3,23,3.813,4.613,-0.8
2011-03-24,2011,3,24,3.85,4.701,-0.851
2011-03-25,2011,3,25,3.935,4.798,-0.863
2011-03-26,2011,3,26,3.939,4.884,-0.945
2011-03-27,2011,3,27,3.995,4.956,-0.961
2011-03-28,2011,3,28,4.054,5.047,-0.993
2011-03-29,2011,3,29,4.088,5.139,-1.051
2011-03-30,2011,3,30,4.188,5.219,-1.031
2011-03-31,2011,3,31,4.279,5.312,-1.033
2011-04-01,2011,4,1,4.372,5.405,-1.033
2011-04-02,2011,4,2,4.43,5.508,-1.078
2011-04-03,2011,4,3,4.505,5.607,-1.102
2011-04-04,2011,4,4,4.561,5.708,-1.147
2011-04-05,2011,4,5,4.687,5.806,-1.119
2011-04-06,2011,4,6,4.868,5.908,-1.04
2011-04-07,2011,4,7,5.034,6.018,-0.984
2011-04-08,2011,4,8,5.127,6.125,-0.998
2011-04-09,2011,4,9,5.317,6.218,-0.901
2011-04-10,2011,4,10,5.578,6.329,-0.751
2011-04-11,2011,4,11,5.726,6.434,-0.708
2011-04-12,2011,4,12,5.794,6.549,-0.755
2011-04-13,2011,4,13,5.898,6.656,-0.758
2011-04-14,2011,4,14,5.971,6.757,-0.786
2011-04-15,2011,4,15,6.008,6.862,-0.854
2011-04-16,2011,4,16,6.104,6.977,-0.873
2011-04-17,2011,4,17,6.277,7.089,-0.812
2011-04-18,2011,4,18,6.426,7.194,-0.768
2011-04-19,2011,4,19,6.561,7.303,-0.742
2011-04-20,2011,4,20,6.677,7.414,-0.737
2011-04-21,2011,4,21,6.753,7.516,-0.763
2011-04-22,2011,4,22,6.89,7.624,-0.734
2011-04-23,2011,4,23,6.989,7.733,-0.744
2011-04-24,2011,4,24,7.095,7.84,-0.745
2011-04-25,2011,4,25,7.23,7.947,-0.717
2011-04-26,2011,4,26,7.396,8.05,-0.654
2011-04-27,2011,4,27,7.462,8.165,-0.703
2011-04-28,2011,4,28,7.579,8.28,-0.701
2011-04-29,2011,4,29,7.731,8.387,-0.656
2011-04-30,2011,4,30,7.852,8.497,-0.645
2011-05-01,2011,5,1,8.005,8.604,-0.599
2011-05-02,2011,5,2,8.194,8.71,-0.516
2011-05-03,2011,5,3,8.32,8.825,-0.505
2011-05-04,2011,5,4,8.4,8.94,-0.54
2011-05-05,2011,5,5,8.483,9.053,-0.57
2011-05-06,2011,5,6,8.632,9.161,-0.529
2011-05-07,2011,5,7,8.788,9.28,-0.492
2011-05-08,2011,5,8,8.872,9.392,-0.52
2011-05-09,2011,5,9,9.074,9.487,-0.413
2011-05-10,2011,5,10,9.274,9.588,-0.314
2011-05-11,2011,5,11,9.474,9.705,-0.231
2011-05-12,2011,5,12,9.689,9.811,-0.122
2011-05-13,2011,5,13,9.819,9.928,-0.109
2011-05-14,2011,5,14,9.931,10.039,-0.108
2011-05-15,2011,5,15,10.053,10.147,-0.094
2011-05-16,2011,5,16,10.225,10.26,-0.035
2011-05-17,2011,5,17,10.349,10.366,-0.017
2011-05-18,2011,5,18,10.378,10.47,-0.092
2011-05-19,2011,5,19,10.524,10.583,-0.059
2011-05-20,2011,5,20,10.656,10.708,-0.052
2011-05-21,2011,5,21,10.769,10.809,-0.04
2011-05-22,2011,5,22,10.957,10.909,0.048
2011-05-23,2011,5,23,11.079,11.019,0.06
2011-05-24,2011,5,24,11.3,11.119,0.181
2011-05-25,2011,5,25,11.316,11.219,0.097
2011-05-26,2011,5,26,11.371,11.321,0.05
2011-05-27,2011,5,27,11.495,11.422,0.073
2011-05-28,2011,5,28,11.663,11.532,0.131
2011-05-29,2011,5,29,11.798,11.629,0.169
2011-05-30,2011,5,30,11.934,11.732,0.202
2011-05-31,2011,5,31,12.053,11.859,0.194
2011-06-01,2011,6,1,12.213,11.978,0.235
2011-06-02,2011,6,2,12.241,12.077,0.164
2011-06-03,2011,6,3,12.197,12.168,0.029
2011-06-04,2011,6,4,12.275,12.271,0.004
2011-06-05,2011,6,5,12.419,12.383,0.036
2011-06-06,2011,6,6,12.559,12.49,0.069
2011-06-07,2011,6,7,12.6,12.581,0.019
2011-06-08,2011,6,8,12.656,12.69,-0.034
2011-06-09,2011,6,9,12.727,12.792,-0.065
2011-06-10,2011,6,10,12.871,12.894,-0.023
2011-06-11,2011,6,11,12.994,12.987,0.007
2011-06-12,2011,6,12,13.068,13.074,-0.006
2011-06-13,2011,6,13,13.198,13.172,0.026
2011-06-14,2011,6,14,13.35,13.279,0.071
2011-06-15,2011,6,15,13.443,13.384,0.059
2011-06-16,2011,6,16,13.424,13.487,-0.063
2011-06-17,2011,6,17,13.515,13.597,-0.082
2011-06-18,2011,6,18,13.602,13.692,-0.09
2011-06-19,2011,6,19,13.679,13.796,-0.117
2011-06-20,2011,6,20,13.744,13.898,-0.154
2011-06-21,2011,6,21,13.834,13.991,-0.157
2011-06-22,2011,6,22,13.916,14.085,-0.169
2011-06-23,2011,6,23,14.007,14.186,-0.179
2011-06-24,2011,6,24,14.009,14.279,-0.27
2011-06-25,2011,6,25,14.06,14.37,-0.31
2011-06-26,2011,6,26,14.099,14.448,-0.349
2011-06-27,2011,6,27,14.226,14.524,-0.298
2011-06-28,2011,6,28,14.287,14.622,-0.335
2011-06-29,2011,6,29,14.358,14.709,-0.351
2011-06-30,2011,6,30,14.428,14.812,-0.384
2011-07-01,2011,7,1,14.496,14.896,-0.4
2011-07-02,2011,7,2,14.595,14.966,-0.371
2011-07-03,2011,7,3,14.632,15.039,-0.407
2011-07-04,2011,7,4,14.668,15.112,-0.444
2011-07-05,2011,7,5,14.682,15.187,-0.505
2011-07-06,2011,7,6,14.768,15.265,-0.497
2011-07-07,2011,7,7,14.776,15.329,-0.553
2011-07-08,2011,7,8,14.747,15.395,-0.648
2011-07-09,2011,7,9,14.821,15.482,-0.661
2011-07-10,2011,7,10,14.936,15.547,-0.611
2011-07-11,2011,7,11,15.094,15.652,-0.558
2011-07-12,2011,7,12,15.302,15.753,-0.451
2011-07-13,2011,7,13,15.383,15.839,-0.456
2011-07-14,2011,7,14,15.415,15.909,-0.494
2011-07-15,2011,7,15,15.57,15.971,-0.401
2011-07-16,2011,7,16,15.789,16.038,-0.249
2011-07-17,2011,7,17,15.849,16.084,-0.235
2011-07-18,2011,7,18,15.985,16.164,-0.179
2011-07-19,2011,7,19,16.103,16.257,-0.154
2011-07-20,2011,7,20,16.256,16.345,-0.089
2011-07-21,2011,7,21,16.418,16.437,-0.019
2011-07-22,2011,7,22,16.459,16.517,-0.058
2011-07-23,2011,7,23,16.476,16.591,-0.115
2011-07-24,2011,7,24,16.52,16.643,-0.123
2011-07-25,2011,7,25,16.662,16.69,-0.028
2011-07-26,2011,7,26,16.87,16.746,0.124
2011-07-27,2011,7,27,16.918,16.801,0.117
2011-07-28,2011,7,28,16.967,16.857,0.11
2011-07-29,2011,7,29,17.025,16.929,0.096
2011-07-30,2011,7,30,17.011,16.981,0.03
2011-07-31,2011,7,31,17.136,17.028,0.108
2011-08-01,2011,8,1,17.166,17.083,0.083
2011-08-02,2011,8,2,17.268,17.135,0.133
2011-08-03,2011,8,3,17.347,17.19,0.157
2011-08-04,2011,8,4,17.477,17.236,0.241
2011-08-05,2011,8,5,17.5,17.287,0.213
2011-08-06,2011,8,6,17.494,17.35,0.144
2011-08-07,2011,8,7,17.547,17.421,0.126
2011-08-08,2011,8,8,17.536,17.481,0.055
2011-08-09,2011,8,9,17.534,17.514,0.02
2011-08-10,2011,8,10,17.57,17.547,0.023
2011-08-11,2011,8,11,17.572,17.593,-0.021
2011-08-12,2011,8,12,17.646,17.642,0.004
2011-08-13,2011,8,13,17.733,17.683,0.05
2011-08-14,2011,8,14,17.781,17.738,0.043
2011-08-15,2011,8,15,17.852,17.782,0.07
2011-08-16,2011,8,16,17.908,17.827,0.081
2011-08-17,2011,8,17,17.937,17.845,0.092
2011-08-18,2011,8,18,17.993,17.867,0.126
2011-08-19,2011,8,19,18.022,17.888,0.134
2011-08-20,2011,8,20,18.033,17.924,0.109
2011-08-21,2011,8,21,18.128,17.964,0.164
2011-08-22,2011,8,22,18.145,17.983,0.162
2011-08-23,2011,8,23,18.101,18.018,0.083
2011-08-24,2011,8,24,17.949,18.053,-0.104
2011-08-25,2011,8,25,17.896,18.105,-0.209
2011-08-26,2011,8,26,17.978,18.145,-0.167
2011-08-27,2011,8,27,18.039,18.159,-0.12
2011-08-28,2011,8,28,18.116,18.195,-0.079
2011-08-29,2011,8,29,18.159,18.222,-0.063
2011-08-30,2011,8,30,18.216,18.241,-0.025
2011-08-31,2011,8,31,18.326,18.264,0.062
2011-09-01,2011,9,1,18.436,18.288,0.148
2011-09-02,2011,9,2,18.575,18.308,0.267
2011-09-03,2011,9,3,18.618,18.333,0.285
2011-09-04,2011,9,4,18.645,18.352,0.293
2011-09-05,2011,9,5,18.6,18.373,0.227
2011-09-06,2011,9,6,18.566,18.397,0.169
2011-09-07,2011,9,7,18.567,18.416,0.151
2011-09-08,2011,9,8,18.541,18.445,0.096
2011-09-09,2011,9,9,18.568,18.47,0.098
2011-09-10,2011,9,10,18.561,18.49,0.071
2011-09-11,2011,9,11,18.598,18.502,0.096
2011-09-12,2011,9,12,18.678,18.521,0.157
2011-09-13,2011,9,13,18.724,18.522,0.202
2011-09-14,2011,9,14,18.747,18.529,0.218
2011-09-15,2011,9,15,18.771,18.533,0.238
2011-09-16,2011,9,16,18.809,18.546,0.263
2011-09-17,2011,9,17,18.832,18.565,0.267
2011-09-18,2011,9,18,18.897,18.567,0.33
2011-09-19,2011,9,19,18.91,18.572,0.338
2011-09-20,2011,9,20,18.909,18.574,0.335
2011-09-21,2011,9,21,18.889,18.576,0.313
2011-09-22,2011,9,22,18.918,18.569,0.349
2011-09-23,2011,9,23,18.954,18.57,0.384
2011-09-24,2011,9,24,18.855,18.571,0.284
2011-09-25,2011,9,25,18.872,18.566,0.306
2011-09-26,2011,9,26,18.833,18.552,0.281
2011-09-27,2011,9,27,18.849,18.541,0.308
2011-09-28,2011,9,28,18.794,18.525,0.269
2011-09-29,2011,9,29,18.815,18.525,0.29
2011-09-30,2011,9,30,18.846,18.508,0.338
2011-10-01,2011,10,1,18.92,18.508,0.412
2011-10-02,2011,10,2,18.916,18.504,0.412
2011-10-03,2011,10,3,18.82,18.476,0.344
2011-10-04,2011,10,4,18.819,18.448,0.371
2011-10-05,2011,10,5,18.785,18.44,0.345
2011-10-06,2011,10,6,18.779,18.425,0.354
2011-10-07,2011,10,7,18.726,18.394,0.332
2011-10-08,2011,10,8,18.708,18.361,0.347
2011-10-09,2011,10,9,18.653,18.329,0.324
2011-10-10,2011,10,10,18.571,18.299,0.272
2011-10-11,2011,10,11,18.488,18.287,0.201
2011-10-12,2011,10,12,18.402,18.265,0.137
2011-10-13,2011,10,13,18.376,18.235,0.141
2011-10-14,2011,10,14,18.317,18.224,0.093
2011-10-15,2011,10,15,18.168,18.193,-0.025
2011-10-16,2011,10,16,18.146,18.158,-0.012
2011-10-17,2011,10,17,18.149,18.116,0.033
2011-10-18,2011,10,18,18.135,18.062,0.073
2011-10-19,2011,10,19,18.071,18.012,0.059
2011-10-20,2011,10,20,18.027,17.97,0.057
2011-10-21,2011,10,21,18.015,17.921,0.094
2011-10-22,2011,10,22,17.933,17.872,0.061
2011-10-23,2011,10,23,17.883,17.833,0.05
2011-10-24,2011,10,24,17.807,17.791,0.016
2011-10-25,2011,10,25,17.721,17.736,-0.015
2011-10-26,2011,10,26,17.639,17.681,-0.042
2011-10-27,2011,10,27,17.603,17.633,-0.03
2011-10-28,2011,10,28,17.581,17.555,0.026
2011-10-29,2011,10,29,17.592,17.509,0.083
2011-10-30,2011,10,30,17.557,17.449,0.108
2011-10-31,2011,10,31,17.466,17.367,0.099
2011-11-01,2011,11,1,17.386,17.312,0.074
2011-11-02,2011,11,2,17.335,17.229,0.106
2011-11-03,2011,11,3,17.243,17.153,0.09
2011-11-04,2011,11,4,17.068,17.081,-0.013
2011-11-05,2011,11,5,17.017,17.011,0.006
2011-11-06,2011,11,6,16.925,16.934,-0.009
2011-11-07,2011,11,7,16.863,16.848,0.015
2011-11-08,2011,11,8,16.75,16.762,-0.012
2011-11-09,2011,11,9,16.702,16.667,0.035
2011-11-10,2011,11,10,16.591,16.562,0.029
2011-11-11,2011,11,11,16.522,16.472,0.05
2011-11-12,2011,11,12,16.395,16.378,0.017
2011-11-13,2011,11,13,16.192,16.272,-0.08
2011-11-14,2011,11,14,16.008,16.175,-0.167
2011-11-15,2011,11,15,15.827,16.061,-0.234
2011-11-16,2011,11,16,15.724,15.925,-0.201
2011-11-17,2011,11,17,15.576,15.797,-0.221
2011-11-18,2011,11,18,15.45,15.665,-0.215
2011-11-19,2011,11,19,15.28,15.509,-0.229
2011-11-20,2011,11,20,15.128,15.368,-0.24
2011-11-21,2011,11,21,14.991,15.213,-0.222
2011-11-22,2011,11,22,14.915,15.069,-0.154
2011-11-23,2011,11,23,14.772,14.896,-0.124
2011-11-24,2011,11,24,14.621,14.74,-0.119
2011-11-25,2011,11,25,14.543,14.575,-0.032
2011-11-26,2011,11,26,14.438,14.417,0.021
2011-11-27,2011,11,27,14.267,14.239,0.028
2011-11-28,2011,11,28,14.163,14.055,0.108
2011-11-29,2011,11,29,14.082,13.868,0.214
2011-11-30,2011,11,30,13.947,13.685,0.262
2011-12-01,2011,12,1,13.852,13.513,0.339
2011-12-02,2011,12,2,13.765,13.294,0.471
2011-12-03,2011,12,3,13.67,13.105,0.565
2011-12-04,2011,12,4,13.59,12.904,0.686
2011-12-05,2011,12,5,13.487,12.703,0.784
2011-12-06,2011,12,6,13.381,12.495,0.886
2011-12-07,2011,12,7,13.2,12.29,0.91
2011-12-08,2011,12,8,13.029,12.068,0.961
2011-12-09,2011,12,9,12.956,11.859,1.097
2011-12-10,2011,12,10,12.668,11.659,1.009
2011-12-11,2011,12,11,12.509,11.436,1.073
2011-12-12,2011,12,12,12.331,11.222,1.109
2011-12-13,2011,12,13,12.166,10.998,1.168
2011-12-14,2011,12,14,12.038,10.755,1.283
2011-12-15,2011,12,15,11.755,10.498,1.257
2011-12-16,2011,12,16,11.59,10.247,1.343
2011-12-17,2011,12,17,11.439,9.984,1.455
2011-12-18,2011,12,18,11.183,9.732,1.451
2011-12-19,2011,12,19,10.924,9.48,1.444
2011-12-20,2011,12,20,10.468,9.255,1.213
2011-12-21,2011,12,21,10.12,9.039,1.081
2011-12-22,2011,12,22,9.851,8.835,1.016
2011-12-23,2011,12,23,9.653,8.631,1.022
2011-12-24,2011,12,24,9.324,8.416,0.908
2011-12-25,2011,12,25,9.042,8.224,0.818
2011-12-26,2011,12,26,8.706,8.018,0.688
2011-12-27,2011,12,27,8.489,7.811,0.678
2011-12-28,2011,12,28,8.283,7.624,0.659
2011-12-29,2011,12,29,8.073,7.406,0.667
2011-12-30,2011,12,30,7.906,7.222,0.684
2011-12-31,2011,12,31,7.72,7.059,0.661
2012-01-01,2012,1,1,7.572,6.999,0.573
2012-01-02,2012,1,2,7.466,6.808,0.658
2012-01-03,2012,1,3,7.346,6.621,0.725
2012-01-04,2012,1,4,7.166,6.451,0.715
2012-01-05,2012,1,5,7.061,6.296,0.765
2012-01-06,2012,1,6,6.906,6.142,0.764
2012-01-07,2012,1,7,6.696,5.999,0.697
2012-01-08,2012,1,8,6.6,5.838,0.762
2012-01-09,2012,1,9,6.465,5.681,0.784
2012-01-10,2012,1,10,6.29,5.547,0.743
2012-01-11,2012,1,11,6.156,5.423,0.733
2012-01-12,2012,1,12,5.979,5.305,0.674
2012-01-13,2012,1,13,5.855,5.16,0.695
2012-01-14,2012,1,14,5.68,5.047,0.633
2012-01-15,2012,1,15,5.577,4.926,0.651
2012-01-16,2012,1,16,5.514,4.819,0.695
2012-01-17,2012,1,17,5.365,4.709,0.656
2012-01-18,2012,1,18,5.196,4.614,0.582
2012-01-19,2012,1,19,5.128,4.521,0.607
2012-01-20,2012,1,20,5.071,4.427,0.644
2012-01-21,2012,1,21,4.956,4.335,0.621
2012-01-22,2012,1,22,4.851,4.24,0.611
2012-01-23,2012,1,23,4.757,4.154,0.603
2012-01-24,2012,1,24,4.677,4.074,0.603
2012-01-25,2012,1,25,4.579,3.998,0.581
2012-01-26,2012,1,26,4.517,3.929,0.588
2012-01-27,2012,1,27,4.466,3.861,0.605
2012-01-28,2012,1,28,4.435,3.808,0.627
2012-01-29,2012,1,29,4.375,3.734,0.641
2012-01-30,2012,1,30,4.314,3.665,0.649
2012-01-31,2012,1,31,4.254,3.605,0.649
2012-02-01,2012,2,1,4.227,3.534,0.693
2012-02-02,2012,2,2,4.172,3.489,0.683
2012-02-03,2012,2,3,4.124,3.43,0.694
2012-02-04,2012,2,4,4.065,3.377,0.688
2012-02-05,2012,2,5,4.026,3.326,0.7
2012-02-06,2012,2,6,3.955,3.28,0.675
2012-02-07,2012,2,7,3.868,3.227,0.641
2012-02-08,2012,2,8,3.84,3.181,0.659
2012-02-09,2012,2,9,3.755,3.141,0.614
2012-02-10,2012,2,10,3.637,3.097,0.54
2012-02-11,2012,2,11,3.639,3.064,0.575
2012-02-12,2012,2,12,3.658,3.025,0.633
2012-02-13,2012,2,13,3.645,2.998,0.647
2012-02-14,2012,2,14,3.587,2.969,0.618
2012-02-15,2012,2,15,3.518,2.935,0.583
2012-02-16,2012,2,16,3.402,2.918,0.484
2012-02-17,2012,2,17,3.332,2.914,0.418
2012-02-18,2012,2,18,3.314,2.903,0.411
2012-02-19,2012,2,19,3.262,2.881,0.381
2012-02-20,2012,2,20,3.214,2.876,0.338
2012-02-21,2012,2,21,3.201,2.881,0.32
2012-02-22,2012,2,22,3.162,2.885,0.277
2012-02-23,2012,2,23,3.111,2.892,0.219
2012-02-24,2012,2,24,3.137,2.889,0.248
2012-02-25,2012,2,25,3.25,2.907,0.343
2012-02-26,2012,2,26,3.292,2.931,0.361
2012-02-27,2012,2,27,3.195,2.96,0.235
2012-02-28,2012,2,28,3.226,2.994,0.232
2012-02-29,2012,2,29,3.23,3.014,0.216
2012-03-01,2012,3,1,3.286,3.061,0.225
2012-03-02,2012,3,2,3.36,3.105,0.255
2012-03-03,2012,3,3,3.386,3.166,0.22
2012-03-04,2012,3,4,3.48,3.211,0.269
2012-03-05,2012,3,5,3.554,3.253,0.301
2012-03-06,2012,3,6,3.601,3.306,0.295
2012-03-07,2012,3,7,3.69,3.37,0.32
2012-03-08,2012,3,8,3.791,3.433,0.358
2012-03-09,2012,3,9,3.891,3.507,0.384
2012-03-10,2012,3,10,4.011,3.592,0.419
2012-03-11,2012,3,11,4.083,3.658,0.425
2012-03-12,2012,3,12,4.184,3.735,0.449
2012-03-13,2012,3,13,4.37,3.815,0.555
2012-03-14,2012,3,14,4.399,3.892,0.507
2012-03-15,2012,3,15,4.489,3.966,0.523
2012-03-16,2012,3,16,4.626,4.035,0.591
2012-03-17,2012,3,17,4.723,4.11,0.613
2012-03-18,2012,3,18,4.787,4.199,0.588
2012-03-19,2012,3,19,4.867,4.271,0.596
2012-03-20,2012,3,20,4.924,4.362,0.562
2012-03-21,2012,3,21,5.019,4.441,0.578
2012-03-22,2012,3,22,5.13,4.521,0.609
2012-03-23,2012,3,23,5.167,4.613,0.554
2012-03-24,2012,3,24,5.177,4.701,0.476
2012-03-25,2012,3,25,5.292,4.798,0.494
2012-03-26,2012,3,26,5.415,4.884,0.531
2012-03-27,2012,3,27,5.524,4.956,0.568
2012-03-28,2012,3,28,5.658,5.047,0.611
2012-03-29,2012,3,29,5.644,5.139,0.505
2012-03-30,2012,3,30,5.725,5.219,0.506
2012-03-31,2012,3,31,5.805,5.312,0.493
2012-04-01,2012,4,1,5.912,5.405,0.507
2012-04-02,2012,4,2,6.044,5.508,0.536
2012-04-03,2012,4,3,6.077,5.607,0.47
2012-04-04,2012,4,4,6.15,5.708,0.442
2012-04-05,2012,4,5,6.231,5.806,0.425
2012-04-06,2012,4,6,6.23,5.908,0.322
2012-04-07,2012,4,7,6.301,6.018,0.283
2012-04-08,2012,4,8,6.374,6.125,0.249
2012-04-09,2012,4,9,6.421,6.218,0.203
2012-04-10,2012,4,10,6.515,6.329,0.186
2012-04-11,2012,4,11,6.741,6.434,0.307
2012-04-12,2012,4,12,6.86,6.549,0.311
2012-04-13,2012,4,13,6.94,6.656,0.284
2012-04-14,2012,4,14,7.092,6.757,0.335
2012-04-15,2012,4,15,7.229,6.862,0.367
2012-04-16,2012,4,16,7.413,6.977,0.436
2012-04-17,2012,4,17,7.475,7.089,0.386
2012-04-18,2012,4,18,7.582,7.194,0.388
2012-04-19,2012,4,19,7.664,7.303,0.361
2012-04-20,2012,4,20,7.784,7.414,0.37
2012-04-21,2012,4,21,7.965,7.516,0.449
2012-04-22,2012,4,22,8.002,7.624,0.378
2012-04-23,2012,4,23,8.141,7.733,0.408
2012-04-24,2012,4,24,8.266,7.84,0.426
2012-04-25,2012,4,25,8.382,7.947,0.435
2012-04-26,2012,4,26,8.493,8.05,0.443
2012-04-27,2012,4,27,8.612,8.165,0.447
2012-04-28,2012,4,28,8.702,8.28,0.422
2012-04-29,2012,4,29,8.803,8.387,0.416
2012-04-30,2012,4,30,8.876,8.497,0.379
2012-05-01,2012,5,1,8.951,8.604,0.347
2012-05-02,2012,5,2,9.111,8.71,0.401
2012-05-03,2012,5,3,9.225,8.825,0.4
2012-05-04,2012,5,4,9.27,8.94,0.33
2012-05-05,2012,5,5,9.373,9.053,0.32
2012-05-06,2012,5,6,9.472,9.161,0.311
2012-05-07,2012,5,7,9.673,9.28,0.393
2012-05-08,2012,5,8,9.779,9.392,0.387
2012-05-09,2012,5,9,9.908,9.487,0.421
2012-05-10,2012,5,10,10.011,9.588,0.423
2012-05-11,2012,5,11,9.958,9.705,0.253
2012-05-12,2012,5,12,10.037,9.811,0.226
2012-05-13,2012,5,13,10.147,9.928,0.219
2012-05-14,2012,5,14,10.232,10.039,0.193
2012-05-15,2012,5,15,10.343,10.147,0.196
2012-05-16,2012,5,16,10.496,10.26,0.236
2012-05-17,2012,5,17,10.56,10.366,0.194
2012-05-18,2012,5,18,10.628,10.47,0.158
2012-05-19,2012,5,19,10.756,10.583,0.173
2012-05-20,2012,5,20,10.828,10.708,0.12
2012-05-21,2012,5,21,10.956,10.809,0.147
2012-05-22,2012,5,22,11.011,10.909,0.102
2012-05-23,2012,5,23,11.049,11.019,0.03
2012-05-24,2012,5,24,11.132,11.119,0.013
2012-05-25,2012,5,25,11.24,11.219,0.021
2012-05-26,2012,5,26,11.306,11.321,-0.015
2012-05-27,2012,5,27,11.531,11.422,0.109
2012-05-28,2012,5,28,11.677,11.532,0.145
2012-05-29,2012,5,29,11.752,11.629,0.123
2012-05-30,2012,5,30,11.839,11.732,0.107
2012-05-31,2012,5,31,11.916,11.859,0.057
2012-06-01,2012,6,1,11.984,11.978,0.006
2012-06-02,2012,6,2,12.064,12.077,-0.013
2012-06-03,2012,6,3,12.184,12.168,0.016
2012-06-04,2012,6,4,12.315,12.271,0.044
2012-06-05,2012,6,5,12.379,12.383,-0.004
2012-06-06,2012,6,6,12.546,12.49,0.056
2012-06-07,2012,6,7,12.597,12.581,0.016
2012-06-08,2012,6,8,12.704,12.69,0.014
2012-06-09,2012,6,9,12.864,12.792,0.072
2012-06-10,2012,6,10,12.987,12.894,0.093
2012-06-11,2012,6,11,13.077,12.987,0.09
2012-06-12,2012,6,12,13.159,13.074,0.085
2012-06-13,2012,6,13,13.261,13.172,0.089
2012-06-14,2012,6,14,13.418,13.279,0.139
2012-06-15,2012,6,15,13.517,13.384,0.133
2012-06-16,2012,6,16,13.621,13.487,0.134
2012-06-17,2012,6,17,13.782,13.597,0.185
2012-06-18,2012,6,18,13.877,13.692,0.185
2012-06-19,2012,6,19,13.973,13.796,0.177
2012-06-20,2012,6,20,14.081,13.898,0.183
2012-06-21,2012,6,21,14.165,13.991,0.174
2012-06-22,2012,6,22,14.268,14.085,0.183
2012-06-23,2012,6,23,14.365,14.186,0.179
2012-06-24,2012,6,24,14.424,14.279,0.145
2012-06-25,2012,6,25,14.526,14.37,0.156
2012-06-26,2012,6,26,14.615,14.448,0.167
2012-06-27,2012,6,27,14.76,14.524,0.236
2012-06-28,2012,6,28,14.891,14.622,0.269
2012-06-29,2012,6,29,14.983,14.709,0.274
2012-06-30,2012,6,30,15.013,14.812,0.201
2012-07-01,2012,7,1,15.05,14.896,0.154
2012-07-02,2012,7,2,15.122,14.966,0.156
2012-07-03,2012,7,3,15.311,15.039,0.272
2012-07-04,2012,7,4,15.332,15.112,0.22
2012-07-05,2012,7,5,15.441,15.187,0.254
2012-07-06,2012,7,6,15.584,15.265,0.319
2012-07-07,2012,7,7,15.649,15.329,0.32
2012-07-08,2012,7,8,15.759,15.395,0.364
2012-07-09,2012,7,9,15.883,15.482,0.401
2012-07-10,2012,7,10,15.968,15.547,0.421
2012-07-11,2012,7,11,16.078,15.652,0.426
2012-07-12,2012,7,12,16.163,15.753,0.41
2012-07-13,2012,7,13,16.171,15.839,0.332
2012-07-14,2012,7,14,16.204,15.909,0.295
2012-07-15,2012,7,15,16.268,15.971,0.297
2012-07-16,2012,7,16,16.386,16.038,0.348
2012-07-17,2012,7,17,16.481,16.084,0.397
2012-07-18,2012,7,18,16.564,16.164,0.4
2012-07-19,2012,7,19,16.546,16.257,0.289
2012-07-20,2012,7,20,16.541,16.345,0.196
2012-07-21,2012,7,21,16.577,16.437,0.14
2012-07-22,2012,7,22,16.623,16.517,0.106
2012-07-23,2012,7,23,16.784,16.591,0.193
2012-07-24,2012,7,24,16.871,16.643,0.228
2012-07-25,2012,7,25,17.006,16.69,0.316
2012-07-26,2012,7,26,17.112,16.746,0.366
2012-07-27,2012,7,27,17.053,16.801,0.252
2012-07-28,2012,7,28,17.111,16.857,0.254
2012-07-29,2012,7,29,17.125,16.929,0.196
2012-07-30,2012,7,30,17.187,16.981,0.206
2012-07-31,2012,7,31,17.288,17.028,0.26
2012-08-01,2012,8,1,17.432,17.083,0.349
2012-08-02,2012,8,2,17.553,17.135,0.418
2012-08-03,2012,8,3,17.598,17.19,0.408
2012-08-04,2012,8,4,17.736,17.236,0.5
2012-08-05,2012,8,5,17.78,17.287,0.493
2012-08-06,2012,8,6,17.801,17.35,0.451
2012-08-07,2012,8,7,17.847,17.421,0.426
2012-08-08,2012,8,8,17.852,17.481,0.371
2012-08-09,2012,8,9,17.906,17.514,0.392
2012-08-10,2012,8,10,17.94,17.547,0.393
2012-08-11,2012,8,11,18.007,17.593,0.414
2012-08-12,2012,8,12,18.036,17.642,0.394
2012-08-13,2012,8,13,18.056,17.683,0.373
2012-08-14,2012,8,14,18.068,17.738,0.33
2012-08-15,2012,8,15,18.087,17.782,0.305
2012-08-16,2012,8,16,18.098,17.827,0.271
2012-08-17,2012,8,17,18.084,17.845,0.239
2012-08-18,2012,8,18,18.089,17.867,0.222
2012-08-19,2012,8,19,18.123,17.888,0.235
2012-08-20,2012,8,20,18.177,17.924,0.253
2012-08-21,2012,8,21,18.174,17.964,0.21
2012-08-22,2012,8,22,18.264,17.983,0.281
2012-08-23,2012,8,23,18.291,18.018,0.273
2012-08-24,2012,8,24,18.343,18.053,0.29
2012-08-25,2012,8,25,18.344,18.105,0.239
2012-08-26,2012,8,26,18.427,18.145,0.282
2012-08-27,2012,8,27,18.501,18.159,0.342
2012-08-28,2012,8,28,18.529,18.195,0.334
2012-08-29,2012,8,29,18.629,18.222,0.407
2012-08-30,2012,8,30,18.619,18.241,0.378
2012-08-31,2012,8,31,18.615,18.264,0.351
2012-09-01,2012,9,1,18.632,18.288,0.344
2012-09-02,2012,9,2,18.747,18.308,0.439
2012-09-03,2012,9,3,18.753,18.333,0.42
2012-09-04,2012,9,4,18.849,18.352,0.497
2012-09-05,2012,9,5,18.814,18.373,0.441
2012-09-06,2012,9,6,18.869,18.397,0.472
2012-09-07,2012,9,7,18.908,18.416,0.492
2012-09-08,2012,9,8,19.002,18.445,0.557
2012-09-09,2012,9,9,19.122,18.47,0.652
2012-09-10,2012,9,10,19.242,18.49,0.752
2012-09-11,2012,9,11,19.293,18.502,0.791
2012-09-12,2012,9,12,19.334,18.521,0.813
2012-09-13,2012,9,13,19.388,18.522,0.866
2012-09-14,2012,9,14,19.373,18.529,0.844
2012-09-15,2012,9,15,19.391,18.533,0.858
2012-09-16,2012,9,16,19.343,18.546,0.797
2012-09-17,2012,9,17,19.276,18.565,0.711
2012-09-18,2012,9,18,19.282,18.567,0.715
2012-09-19,2012,9,19,19.327,18.572,0.755
2012-09-20,2012,9,20,19.359,18.574,0.785
2012-09-21,2012,9,21,19.387,18.576,0.811
2012-09-22,2012,9,22,19.478,18.569,0.909
2012-09-23,2012,9,23,19.46,18.57,0.89
2012-09-24,2012,9,24,19.464,18.571,0.893
2012-09-25,2012,9,25,19.472,18.566,0.906
2012-09-26,2012,9,26,19.477,18.552,0.925
2012-09-27,2012,9,27,19.374,18.541,0.833
2012-09-28,2012,9,28,19.349,18.525,0.824
2012-09-29,2012,9,29,19.257,18.525,0.732
2012-09-30,2012,9,30,19.213,18.508,0.705
2012-10-01,2012,10,1,19.235,18.508,0.727
2012-10-02,2012,10,2,19.214,18.504,0.71
2012-10-03,2012,10,3,19.193,18.476,0.717
2012-10-04,2012,10,4,19.127,18.448,0.679
2012-10-05,2012,10,5,19.034,18.44,0.594
2012-10-06,2012,10,6,19.078,18.425,0.653
2012-10-07,2012,10,7,19.012,18.394,0.618
2012-10-08,2012,10,8,18.97,18.361,0.609
2012-10-09,2012,10,9,18.948,18.329,0.619
2012-10-10,2012,10,10,18.93,18.299,0.631
2012-10-11,2012,10,11,18.877,18.287,0.59
2012-10-12,2012,10,12,18.875,18.265,0.61
2012-10-13,2012,10,13,18.733,18.235,0.498
2012-10-14,2012,10,14,18.646,18.224,0.422
2012-10-15,2012,10,15,18.661,18.193,0.468
2012-10-16,2012,10,16,18.67,18.158,0.512
2012-10-17,2012,10,17,18.631,18.116,0.515
2012-10-18,2012,10,18,18.54,18.062,0.478
2012-10-19,2012,10,19,18.504,18.012,0.492
2012-10-20,2012,10,20,18.493,17.97,0.523
2012-10-21,2012,10,21,18.461,17.921,0.54
2012-10-22,2012,10,22,18.415,17.872,0.543
2012-10-23,2012,10,23,18.305,17.833,0.472
2012-10-24,2012,10,24,18.221,17.791,0.43
2012-10-25,2012,10,25,18.139,17.736,0.403
2012-10-26,2012,10,26,18.136,17.681,0.455
2012-10-27,2012,10,27,18.045,17.633,0.412
2012-10-28,2012,10,28,17.921,17.555,0.366
2012-10-29,2012,10,29,17.888,17.509,0.379
2012-10-30,2012,10,30,17.81,17.449,0.361
2012-10-31,2012,10,31,17.698,17.367,0.331
2012-11-01,2012,11,1,17.685,17.312,0.373
2012-11-02,2012,11,2,17.644,17.229,0.415
2012-11-03,2012,11,3,17.63,17.153,0.477
2012-11-04,2012,11,4,17.544,17.081,0.463
2012-11-05,2012,11,5,17.464,17.011,0.453
2012-11-06,2012,11,6,17.372,16.934,0.438
2012-11-07,2012,11,7,17.246,16.848,0.398
2012-11-08,2012,11,8,17.186,16.762,0.424
2012-11-09,2012,11,9,17.088,16.667,0.421
2012-11-10,2012,11,10,16.95,16.562,0.388
2012-11-11,2012,11,11,16.809,16.472,0.337
2012-11-12,2012,11,12,16.748,16.378,0.37
2012-11-13,2012,11,13,16.678,16.272,0.406
2012-11-14,2012,11,14,16.518,16.175,0.343
2012-11-15,2012,11,15,16.336,16.061,0.275
2012-11-16,2012,11,16,16.193,15.925,0.268
2012-11-17,2012,11,17,16.088,15.797,0.291
2012-11-18,2012,11,18,15.955,15.665,0.29
2012-11-19,2012,11,19,15.863,15.509,0.354
2012-11-20,2012,11,20,15.667,15.368,0.299
2012-11-21,2012,11,21,15.528,15.213,0.315
2012-11-22,2012,11,22,15.34,15.069,0.271
2012-11-23,2012,11,23,15.158,14.896,0.262
2012-11-24,2012,11,24,14.97,14.74,0.23
2012-11-25,2012,11,25,14.832,14.575,0.257
2012-11-26,2012,11,26,14.568,14.417,0.151
2012-11-27,2012,11,27,14.246,14.239,0.007
2012-11-28,2012,11,28,14.198,14.055,0.143
2012-11-29,2012,11,29,14.013,13.868,0.145
2012-11-30,2012,11,30,13.781,13.685,0.096
2012-12-01,2012,12,1,13.559,13.513,0.046
2012-12-02,2012,12,2,13.393,13.294,0.099
2012-12-03,2012,12,3,13.21,13.105,0.105
2012-12-04,2012,12,4,12.954,12.904,0.05
2012-12-05,2012,12,5,12.786,12.703,0.083
2012-12-06,2012,12,6,12.606,12.495,0.111
2012-12-07,2012,12,7,12.378,12.29,0.088
2012-12-08,2012,12,8,12.171,12.068,0.103
2012-12-09,2012,12,9,12.023,11.859,0.164
2012-12-10,2012,12,10,11.829,11.659,0.17
2012-12-11,2012,12,11,11.603,11.436,0.167
2012-12-12,2012,12,12,11.376,11.222,0.154
2012-12-13,2012,12,13,11.139,10.998,0.141
2012-12-14,2012,12,14,10.867,10.755,0.112
2012-12-15,2012,12,15,10.609,10.498,0.111
2012-12-16,2012,12,16,10.431,10.247,0.184
2012-12-17,2012,12,17,10.201,9.984,0.217
2012-12-18,2012,12,18,9.962,9.732,0.23
2012-12-19,2012,12,19,9.667,9.48,0.187
2012-12-20,2012,12,20,9.476,9.255,0.221
2012-12-21,2012,12,21,9.31,9.039,0.271
2012-12-22,2012,12,22,9.099,8.835,0.264
2012-12-23,2012,12,23,8.847,8.631,0.216
2012-12-24,2012,12,24,8.56,8.416,0.144
2012-12-25,2012,12,25,8.339,8.224,0.115
2012-12-26,2012,12,26,8.054,8.018,0.036
2012-12-27,2012,12,27,7.912,7.811,0.101
2012-12-28,2012,12,28,7.749,7.624,0.125
2012-12-29,2012,12,29,7.542,7.406,0.136
2012-12-30,2012,12,30,7.323,7.222,0.101
2012-12-31,2012,12,31,7.246,7.059,0.187
2013-01-01,2013,1,1,7.121,6.999,0.122
2013-01-02,2013,1,2,6.935,6.808,0.127
2013-01-03,2013,1,3,6.841,6.621,0.22
2013-01-04,2013,1,4,6.756,6.451,0.305
2013-01-05,2013,1,5,6.601,6.296,0.305
2013-01-06,2013,1,6,6.543,6.142,0.401
2013-01-07,2013,1,7,6.416,5.999,0.417
2013-01-08,2013,1,8,6.334,5.838,0.496
2013-01-09,2013,1,9,6.179,5.681,0.498
2013-01-10,2013,1,10,6.095,5.547,0.548
2013-01-11,2013,1,11,6.004,5.423,0.581
2013-01-12,2013,1,12,5.905,5.305,0.6
2013-01-13,2013,1,13,5.746,5.16,0.586
2013-01-14,2013,1,14,5.623,5.047,0.576
2013-01-15,2013,1,15,5.508,4.926,0.582
2013-01-16,2013,1,16,5.424,4.819,0.605
2013-01-17,2013,1,17,5.372,4.709,0.663
2013-01-18,2013,1,18,5.292,4.614,0.678
2013-01-19,2013,1,19,5.185,4.521,0.664
2013-01-20,2013,1,20,5.101,4.427,0.674
2013-01-21,2013,1,21,4.953,4.335,0.618
2013-01-22,2013,1,22,4.936,4.24,0.696
2013-01-23,2013,1,23,4.856,4.154,0.702
2013-01-24,2013,1,24,4.757,4.074,0.683
2013-01-25,2013,1,25,4.654,3.998,0.656
2013-01-26,2013,1,26,4.665,3.929,0.736
2013-01-27,2013,1,27,4.538,3.861,0.677
2013-01-28,2013,1,28,4.485,3.808,0.677
2013-01-29,2013,1,29,4.427,3.734,0.693
2013-01-30,2013,1,30,4.323,3.665,0.658
2013-01-31,2013,1,31,4.267,3.605,0.662
2013-02-01,2013,2,1,4.202,3.534,0.668
2013-02-02,2013,2,2,4.146,3.489,0.657
2013-02-03,2013,2,3,4.096,3.43,0.666
2013-02-04,2013,2,4,4.033,3.377,0.656
2013-02-05,2013,2,5,3.96,3.326,0.634
2013-02-06,2013,2,6,3.925,3.28,0.645
2013-02-07,2013,2,7,3.903,3.227,0.676
2013-02-08,2013,2,8,3.895,3.181,0.714
2013-02-09,2013,2,9,3.887,3.141,0.746
2013-02-10,2013,2,10,3.847,3.097,0.75
2013-02-11,2013,2,11,3.833,3.064,0.769
2013-02-12,2013,2,12,3.812,3.025,0.787
2013-02-13,2013,2,13,3.741,2.998,0.743
2013-02-14,2013,2,14,3.753,2.969,0.784
2013-02-15,2013,2,15,3.741,2.935,0.806
2013-02-16,2013,2,16,3.713,2.918,0.795
2013-02-17,2013,2,17,3.695,2.914,0.781
2013-02-18,2013,2,18,3.708,2.903,0.805
2013-02-19,2013,2,19,3.679,2.881,0.798
2013-02-20,2013,2,20,3.693,2.876,0.817
2013-02-21,2013,2,21,3.693,2.881,0.812
2013-02-22,2013,2,22,3.754,2.885,0.869
2013-02-23,2013,2,23,3.738,2.892,0.846
2013-02-24,2013,2,24,3.761,2.889,0.872
2013-02-25,2013,2,25,3.789,2.907,0.882
2013-02-26,2013,2,26,3.739,2.931,0.808
2013-02-27,2013,2,27,3.801,2.96,0.841
2013-02-28,2013,2,28,3.883,2.994,0.889
2013-03-01,2013,3,1,3.87,3.061,0.809
2013-03-02,2013,3,2,4.031,3.105,0.926
2013-03-03,2013,3,3,4.121,3.166,0.955
2013-03-04,2013,3,4,4.16,3.211,0.949
2013-03-05,2013,3,5,4.196,3.253,0.943
2013-03-06,2013,3,6,4.262,3.306,0.956
2013-03-07,2013,3,7,4.366,3.37,0.996
2013-03-08,2013,3,8,4.45,3.433,1.017
2013-03-09,2013,3,9,4.539,3.507,1.032
2013-03-10,2013,3,10,4.701,3.592,1.109
2013-03-11,2013,3,11,4.729,3.658,1.071
2013-03-12,2013,3,12,4.807,3.735,1.072
2013-03-13,2013,3,13,4.874,3.815,1.059
2013-03-14,2013,3,14,4.954,3.892,1.062
2013-03-15,2013,3,15,4.976,3.966,1.01
2013-03-16,2013,3,16,5.024,4.035,0.989
2013-03-17,2013,3,17,5.094,4.11,0.984
2013-03-18,2013,3,18,5.173,4.199,0.974
2013-03-19,2013,3,19,5.23,4.271,0.959
2013-03-20,2013,3,20,5.266,4.362,0.904
2013-03-21,2013,3,21,5.329,4.441,0.888
2013-03-22,2013,3,22,5.41,4.521,0.889
2013-03-23,2013,3,23,5.476,4.613,0.863
2013-03-24,2013,3,24,5.562,4.701,0.861
2013-03-25,2013,3,25,5.661,4.798,0.863
2013-03-26,2013,3,26,5.706,4.884,0.822
2013-03-27,2013,3,27,5.747,4.956,0.791
2013-03-28,2013,3,28,5.841,5.047,0.794
2013-03-29,2013,3,29,5.92,5.139,0.781
2013-03-30,2013,3,30,5.996,5.219,0.777
2013-03-31,2013,3,31,6.068,5.312,0.756
2013-04-01,2013,4,1,6.2,5.405,0.795
2013-04-02,2013,4,2,6.305,5.508,0.797
2013-04-03,2013,4,3,6.388,5.607,0.781
2013-04-04,2013,4,4,6.497,5.708,0.789
2013-04-05,2013,4,5,6.596,5.806,0.79
2013-04-06,2013,4,6,6.703,5.908,0.795
2013-04-07,2013,4,7,6.82,6.018,0.802
2013-04-08,2013,4,8,6.958,6.125,0.833
2013-04-09,2013,4,9,7.057,6.218,0.839
2013-04-10,2013,4,10,7.139,6.329,0.81
2013-04-11,2013,4,11,7.239,6.434,0.805
2013-04-12,2013,4,12,7.322,6.549,0.773
2013-04-13,2013,4,13,7.392,6.656,0.736
2013-04-14,2013,4,14,7.509,6.757,0.752
2013-04-15,2013,4,15,7.57,6.862,0.708
2013-04-16,2013,4,16,7.634,6.977,0.657
2013-04-17,2013,4,17,7.733,7.089,0.644
2013-04-18,2013,4,18,7.865,7.194,0.671
2013-04-19,2013,4,19,7.949,7.303,0.646
2013-04-20,2013,4,20,7.98,7.414,0.566
2013-04-21,2013,4,21,8.055,7.516,0.539
2013-04-22,2013,4,22,8.177,7.624,0.553
2013-04-23,2013,4,23,8.313,7.733,0.58
2013-04-24,2013,4,24,8.433,7.84,0.593
2013-04-25,2013,4,25,8.576,7.947,0.629
2013-04-26,2013,4,26,8.624,8.05,0.574
2013-04-27,2013,4,27,8.726,8.165,0.561
2013-04-28,2013,4,28,8.848,8.28,0.568
2013-04-29,2013,4,29,8.937,8.387,0.55
2013-04-30,2013,4,30,9.134,8.497,0.637
2013-05-01,2013,5,1,9.186,8.604,0.582
2013-05-02,2013,5,2,9.309,8.71,0.599
2013-05-03,2013,5,3,9.457,8.825,0.632
2013-05-04,2013,5,4,9.568,8.94,0.628
2013-05-05,2013,5,5,9.662,9.053,0.609
2013-05-06,2013,5,6,9.765,9.161,0.604
2013-05-07,2013,5,7,9.957,9.28,0.677
2013-05-08,2013,5,8,10.057,9.392,0.665
2013-05-09,2013,5,9,10.189,9.487,0.702
2013-05-10,2013,5,10,10.329,9.588,0.741
2013-05-11,2013,5,11,10.432,9.705,0.727
2013-05-12,2013,5,12,10.608,9.811,0.797
2013-05-13,2013,5,13,10.7,9.928,0.772
2013-05-14,2013,5,14,10.777,10.039,0.738
2013-05-15,2013,5,15,10.85,10.147,0.703
2013-05-16,2013,5,16,10.944,10.26,0.684
2013-05-17,2013,5,17,11.042,10.366,0.676
2013-05-18,2013,5,18,11.132,10.47,0.662
2013-05-19,2013,5,19,11.273,10.583,0.69
2013-05-20,2013,5,20,11.397,10.708,0.689
2013-05-21,2013,5,21,11.534,10.809,0.725
2013-05-22,2013,5,22,11.651,10.909,0.742
2013-05-23,2013,5,23,11.752,11.019,0.733
2013-05-24,2013,5,24,11.852,11.119,0.733
2013-05-25,2013,5,25,11.936,11.219,0.717
2013-05-26,2013,5,26,12.04,11.321,0.719
2013-05-27,2013,5,27,12.137,11.422,0.715
2013-05-28,2013,5,28,12.138,11.532,0.606
2013-05-29,2013,5,29,12.146,11.629,0.517
2013-05-30,2013,5,30,12.278,11.732,0.546
2013-05-31,2013,5,31,12.414,11.859,0.555
2013-06-01,2013,6,1,12.538,11.978,0.56
2013-06-02,2013,6,2,12.691,12.077,0.614
2013-06-03,2013,6,3,12.89,12.168,0.722
2013-06-04,2013,6,4,13.094,12.271,0.823
2013-06-05,2013,6,5,13.187,12.383,0.804
2013-06-06,2013,6,6,13.299,12.49,0.809
2013-06-07,2013,6,7,13.386,12.581,0.805
2013-06-08,2013,6,8,13.441,12.69,0.751
2013-06-09,2013,6,9,13.546,12.792,0.754
2013-06-10,2013,6,10,13.633,12.894,0.739
2013-06-11,2013,6,11,13.684,12.987,0.697
2013-06-12,2013,6,12,13.72,13.074,0.646
2013-06-13,2013,6,13,13.871,13.172,0.699
2013-06-14,2013,6,14,13.993,13.279,0.714
2013-06-15,2013,6,15,14.168,13.384,0.784
2013-06-16,2013,6,16,14.377,13.487,0.89
2013-06-17,2013,6,17,14.497,13.597,0.9
2013-06-18,2013,6,18,14.602,13.692,0.91
2013-06-19,2013,6,19,14.604,13.796,0.808
2013-06-20,2013,6,20,14.57,13.898,0.672
2013-06-21,2013,6,21,14.664,13.991,0.673
2013-06-22,2013,6,22,14.759,14.085,0.674
2013-06-23,2013,6,23,14.832,14.186,0.646
2013-06-24,2013,6,24,14.887,14.279,0.608
2013-06-25,2013,6,25,15.017,14.37,0.647
2013-06-26,2013,6,26,15.146,14.448,0.698
2013-06-27,2013,6,27,15.221,14.524,0.697
2013-06-28,2013,6,28,15.34,14.622,0.718
2013-06-29,2013,6,29,15.488,14.709,0.779
2013-06-30,2013,6,30,15.5,14.812,0.688
2013-07-01,2013,7,1,15.575,14.896,0.679
2013-07-02,2013,7,2,15.607,14.966,0.641
2013-07-03,2013,7,3,15.672,15.039,0.633
2013-07-04,2013,7,4,15.755,15.112,0.643
2013-07-05,2013,7,5,15.914,15.187,0.727
2013-07-06,2013,7,6,15.988,15.265,0.723
2013-07-07,2013,7,7,16.139,15.329,0.81
2013-07-08,2013,7,8,16.232,15.395,0.837
2013-07-09,2013,7,9,16.33,15.482,0.848
2013-07-10,2013,7,10,16.435,15.547,0.888
2013-07-11,2013,7,11,16.511,15.652,0.859
2013-07-12,2013,7,12,16.519,15.753,0.766
2013-07-13,2013,7,13,16.692,15.839,0.853
2013-07-14,2013,7,14,16.768,15.909,0.859
2013-07-15,2013,7,15,16.802,15.971,0.831
2013-07-16,2013,7,16,16.917,16.038,0.879
2013-07-17,2013,7,17,16.899,16.084,0.815
2013-07-18,2013,7,18,16.893,16.164,0.729
2013-07-19,2013,7,19,16.962,16.257,0.705
2013-07-20,2013,7,20,17.112,16.345,0.767
2013-07-21,2013,7,21,17.253,16.437,0.816
2013-07-22,2013,7,22,17.316,16.517,0.799
2013-07-23,2013,7,23,17.242,16.591,0.651
2013-07-24,2013,7,24,17.287,16.643,0.644
2013-07-25,2013,7,25,17.393,16.69,0.703
2013-07-26,2013,7,26,17.545,16.746,0.799
2013-07-27,2013,7,27,17.66,16.801,0.859
2013-07-28,2013,7,28,17.728,16.857,0.871
2013-07-29,2013,7,29,17.808,16.929,0.879
2013-07-30,2013,7,30,18.003,16.981,1.022
2013-07-31,2013,7,31,18.108,17.028,1.08
2013-08-01,2013,8,1,18.137,17.083,1.054
2013-08-02,2013,8,2,18.129,17.135,0.994
2013-08-03,2013,8,3,18.176,17.19,0.986
2013-08-04,2013,8,4,18.184,17.236,0.948
2013-08-05,2013,8,5,18.136,17.287,0.849
2013-08-06,2013,8,6,18.021,17.35,0.671
2013-08-07,2013,8,7,18.071,17.421,0.65
2013-08-08,2013,8,8,18.122,17.481,0.641
2013-08-09,2013,8,9,18.301,17.514,0.787
2013-08-10,2013,8,10,18.432,17.547,0.885
2013-08-11,2013,8,11,18.52,17.593,0.927
2013-08-12,2013,8,12,18.564,17.642,0.922
2013-08-13,2013,8,13,18.7,17.683,1.017
2013-08-14,2013,8,14,18.746,17.738,1.008
2013-08-15,2013,8,15,18.776,17.782,0.994
2013-08-16,2013,8,16,18.747,17.827,0.92
2013-08-17,2013,8,17,18.752,17.845,0.907
2013-08-18,2013,8,18,18.734,17.867,0.867
2013-08-19,2013,8,19,18.885,17.888,0.997
2013-08-20,2013,8,20,18.923,17.924,0.999
2013-08-21,2013,8,21,18.952,17.964,0.988
2013-08-22,2013,8,22,18.98,17.983,0.997
2013-08-23,2013,8,23,19.022,18.018,1.004
2013-08-24,2013,8,24,19.036,18.053,0.983
2013-08-25,2013,8,25,19.077,18.105,0.972
2013-08-26,2013,8,26,19.088,18.145,0.943
2013-08-27,2013,8,27,19.09,18.159,0.931
2013-08-28,2013,8,28,19.062,18.195,0.867
2013-08-29,2013,8,29,19.056,18.222,0.834
2013-08-30,2013,8,30,19.089,18.241,0.848
2013-08-31,2013,8,31,19.069,18.264,0.805
2013-09-01,2013,9,1,19.126,18.288,0.838
2013-09-02,2013,9,2,19.22,18.308,0.912
2013-09-03,2013,9,3,19.252,18.333,0.919
2013-09-04,2013,9,4,19.22,18.352,0.868
2013-09-05,2013,9,5,19.194,18.373,0.821
2013-09-06,2013,9,6,19.064,18.397,0.667
2013-09-07,2013,9,7,19.083,18.416,0.667
2013-09-08,2013,9,8,19.122,18.445,0.677
2013-09-09,2013,9,9,19.218,18.47,0.748
2013-09-10,2013,9,10,19.32,18.49,0.83
2013-09-11,2013,9,11,19.396,18.502,0.894
2013-09-12,2013,9,12,19.384,18.521,0.863
2013-09-13,2013,9,13,19.506,18.522,0.984
2013-09-14,2013,9,14,19.552,18.529,1.023
2013-09-15,2013,9,15,19.513,18.533,0.98
2013-09-16,2013,9,16,19.472,18.546,0.926
2013-09-17,2013,9,17,19.494,18.565,0.929
2013-09-18,2013,9,18,19.502,18.567,0.935
2013-09-19,2013,9,19,19.482,18.572,0.91
2013-09-20,2013,9,20,19.533,18.574,0.959
2013-09-21,2013,9,21,19.561,18.576,0.985
2013-09-22,2013,9,22,19.505,18.569,0.936
2013-09-23,2013,9,23,19.429,18.57,0.859
2013-09-24,2013,9,24,19.45,18.571,0.879
2013-09-25,2013,9,25,19.421,18.566,0.855
2013-09-26,2013,9,26,19.467,18.552,0.915
2013-09-27,2013,9,27,19.515,18.541,0.974
2013-09-28,2013,9,28,19.574,18.525,1.049
2013-09-29,2013,9,29,19.505,18.525,0.98
2013-09-30,2013,9,30,19.58,18.508,1.072
2013-10-01,2013,10,1,19.608,18.508,1.1
2013-10-02,2013,10,2,19.508,18.504,1.004
2013-10-03,2013,10,3,19.481,18.476,1.005
2013-10-04,2013,10,4,19.401,18.448,0.953
2013-10-05,2013,10,5,19.36,18.44,0.92
2013-10-06,2013,10,6,19.33,18.425,0.905
2013-10-07,2013,10,7,19.316,18.394,0.922
2013-10-08,2013,10,8,19.354,18.361,0.993
2013-10-09,2013,10,9,19.341,18.329,1.012
2013-10-10,2013,10,10,19.369,18.299,1.07
2013-10-11,2013,10,11,19.325,18.287,1.038
2013-10-12,2013,10,12,19.251,18.265,0.986
2013-10-13,2013,10,13,19.259,18.235,1.024
2013-10-14,2013,10,14,19.275,18.224,1.051
2013-10-15,2013,10,15,19.283,18.193,1.09
2013-10-16,2013,10,16,19.246,18.158,1.088
2013-10-17,2013,10,17,19.148,18.116,1.032
2013-10-18,2013,10,18,19.132,18.062,1.07
2013-10-19,2013,10,19,19.069,18.012,1.057
2013-10-20,2013,10,20,18.93,17.97,0.96
2013-10-21,2013,10,21,18.769,17.921,0.848
2013-10-22,2013,10,22,18.705,17.872,0.833
2013-10-23,2013,10,23,18.579,17.833,0.746
2013-10-24,2013,10,24,18.544,17.791,0.753
2013-10-25,2013,10,25,18.501,17.736,0.765
2013-10-26,2013,10,26,18.501,17.681,0.82
2013-10-27,2013,10,27,18.479,17.633,0.846
2013-10-28,2013,10,28,18.428,17.555,0.873
2013-10-29,2013,10,29,18.394,17.509,0.885
2013-10-30,2013,10,30,18.339,17.449,0.89
2013-10-31,2013,10,31,18.326,17.367,0.959
2013-11-01,2013,11,1,18.273,17.312,0.961
2013-11-02,2013,11,2,18.263,17.229,1.034
2013-11-03,2013,11,3,18.151,17.153,0.998
2013-11-04,2013,11,4,18.044,17.081,0.963
2013-11-05,2013,11,5,17.99,17.011,0.979
2013-11-06,2013,11,6,17.929,16.934,0.995
2013-11-07,2013,11,7,17.859,16.848,1.011
2013-11-08,2013,11,8,17.807,16.762,1.045
2013-11-09,2013,11,9,17.705,16.667,1.038
2013-11-10,2013,11,10,17.601,16.562,1.039
2013-11-11,2013,11,11,17.499,16.472,1.027
2013-11-12,2013,11,12,17.348,16.378,0.97
2013-11-13,2013,11,13,17.224,16.272,0.952
2013-11-14,2013,11,14,17.098,16.175,0.923
2013-11-15,2013,11,15,16.996,16.061,0.935
2013-11-16,2013,11,16,16.986,15.925,1.061
2013-11-17,2013,11,17,16.752,15.797,0.955
2013-11-18,2013,11,18,16.65,15.665,0.985
2013-11-19,2013,11,19,16.585,15.509,1.076
2013-11-20,2013,11,20,16.424,15.368,1.056
2013-11-21,2013,11,21,16.321,15.213,1.108
2013-11-22,2013,11,22,16.231,15.069,1.162
2013-11-23,2013,11,23,16.08,14.896,1.184
2013-11-24,2013,11,24,15.905,14.74,1.165
2013-11-25,2013,11,25,15.752,14.575,1.177
2013-11-26,2013,11,26,15.655,14.417,1.238
2013-11-27,2013,11,27,15.511,14.239,1.272
2013-11-28,2013,11,28,15.338,14.055,1.283
2013-11-29,2013,11,29,15.166,13.868,1.298
2013-11-30,2013,11,30,15.022,13.685,1.337
2013-12-01,2013,12,1,14.787,13.513,1.274
2013-12-02,2013,12,2,14.66,13.294,1.366
2013-12-03,2013,12,3,14.416,13.105,1.311
2013-12-04,2013,12,4,14.279,12.904,1.375
2013-12-05,2013,12,5,14.118,12.703,1.415
2013-12-06,2013,12,6,13.915,12.495,1.42
2013-12-07,2013,12,7,13.701,12.29,1.411
2013-12-08,2013,12,8,13.577,12.068,1.509
2013-12-09,2013,12,9,13.348,11.859,1.489
2013-12-10,2013,12,10,13.064,11.659,1.405
2013-12-11,2013,12,11,12.827,11.436,1.391
2013-12-12,2013,12,12,12.567,11.222,1.345
2013-12-13,2013,12,13,12.383,10.998,1.385
2013-12-14,2013,12,14,12.247,10.755,1.492
2013-12-15,2013,12,15,12.137,10.498,1.639
2013-12-16,2013,12,16,11.975,10.247,1.728
2013-12-17,2013,12,17,11.825,9.984,1.841
2013-12-18,2013,12,18,11.638,9.732,1.906
2013-12-19,2013,12,19,11.443,9.48,1.963
2013-12-20,2013,12,20,11.207,9.255,1.952
2013-12-21,2013,12,21,11.0,9.039,1.961
2013-12-22,2013,12,22,10.76,8.835,1.925
2013-12-23,2013,12,23,10.461,8.631,1.83
2013-12-24,2013,12,24,10.084,8.416,1.668
2013-12-25,2013,12,25,9.878,8.224,1.654
2013-12-26,2013,12,26,9.67,8.018,1.652
2013-12-27,2013,12,27,9.529,7.811,1.718
2013-12-28,2013,12,28,9.317,7.624,1.693
2013-12-29,2013,12,29,9.096,7.406,1.69
2013-12-30,2013,12,30,8.849,7.222,1.627
2013-12-31,2013,12,31,8.703,7.059,1.644
2014-01-01,2014,1,1,8.546,6.999,1.547
2014-01-02,2014,1,2,8.41,6.808,1.602
2014-01-03,2014,1,3,8.243,6.621,1.622
2014-01-04,2014,1,4,8.114,6.451,1.663
2014-01-05,2014,1,5,7.88,6.296,1.584
2014-01-06,2014,1,6,7.711,6.142,1.569
2014-01-07,2014,1,7,7.463,5.999,1.464
2014-01-08,2014,1,8,7.295,5.838,1.457
2014-01-09,2014,1,9,7.167,5.681,1.486
2014-01-10,2014,1,10,7.068,5.547,1.521
2014-01-11,2014,1,11,6.99,5.423,1.567
2014-01-12,2014,1,12,6.803,5.305,1.498
2014-01-13,2014,1,13,6.684,5.16,1.524
2014-01-14,2014,1,14,6.533,5.047,1.486
2014-01-15,2014,1,15,6.389,4.926,1.463
2014-01-16,2014,1,16,6.233,4.819,1.414
2014-01-17,2014,1,17,6.042,4.709,1.333
2014-01-18,2014,1,18,5.843,4.614,1.229
2014-01-19,2014,1,19,5.691,4.521,1.17
2014-01-20,2014,1,20,5.585,4.427,1.158
2014-01-21,2014,1,21,5.539,4.335,1.204
2014-01-22,2014,1,22,5.512,4.24,1.272
2014-01-23,2014,1,23,5.42,4.154,1.266
2014-01-24,2014,1,24,5.241,4.074,1.167
2014-01-25,2014,1,25,5.129,3.998,1.131
2014-01-26,2014,1,26,5.025,3.929,1.096
2014-01-27,2014,1,27,4.901,3.861,1.04
2014-01-28,2014,1,28,4.774,3.808,0.966
2014-01-29,2014,1,29,4.677,3.734,0.943
2014-01-30,2014,1,30,4.65,3.665,0.985
2014-01-31,2014,1,31,4.573,3.605,0.968
2014-02-01,2014,2,1,4.52,3.534,0.986
2014-02-02,2014,2,2,4.458,3.489,0.969
2014-02-03,2014,2,3,4.403,3.43,0.973
2014-02-04,2014,2,4,4.309,3.377,0.932
2014-02-05,2014,2,5,4.261,3.326,0.935
2014-02-06,2014,2,6,4.234,3.28,0.954
2014-02-07,2014,2,7,4.165,3.227,0.938
2014-02-08,2014,2,8,3.998,3.181,0.817
2014-02-09,2014,2,9,3.918,3.141,0.777
2014-02-10,2014,2,10,3.842,3.097,0.745
2014-02-11,2014,2,11,3.806,3.064,0.742
2014-02-12,2014,2,12,3.739,3.025,0.714
2014-02-13,2014,2,13,3.719,2.998,0.721
2014-02-14,2014,2,14,3.655,2.969,0.686
2014-02-15,2014,2,15,3.615,2.935,0.68
2014-02-16,2014,2,16,3.641,2.918,0.723
2014-02-17,2014,2,17,3.624,2.914,0.71
2014-02-18,2014,2,18,3.626,2.903,0.723
2014-02-19,2014,2,19,3.574,2.881,0.693
2014-02-20,2014,2,20,3.572,2.876,0.696
2014-02-21,2014,2,21,3.548,2.881,0.667
2014-02-22,2014,2,22,3.556,2.885,0.671
2014-02-23,2014,2,23,3.559,2.892,0.667
2014-02-24,2014,2,24,3.57,2.889,0.681
2014-02-25,2014,2,25,3.638,2.907,0.731
2014-02-26,2014,2,26,3.648,2.931,0.717
2014-02-27,2014,2,27,3.695,2.96,0.735
2014-02-28,2014,2,28,3.711,2.994,0.717
2014-03-01,2014,3,1,3.72,3.061,0.659
2014-03-02,2014,3,2,3.78,3.105,0.675
2014-03-03,2014,3,3,3.826,3.166,0.66
2014-03-04,2014,3,4,3.916,3.211,0.705
2014-03-05,2014,3,5,4.006,3.253,0.753
2014-03-06,2014,3,6,4.111,3.306,0.805
2014-03-07,2014,3,7,4.096,3.37,0.726
2014-03-08,2014,3,8,4.19,3.433,0.757
2014-03-09,2014,3,9,4.285,3.507,0.778
2014-03-10,2014,3,10,4.334,3.592,0.742
2014-03-11,2014,3,11,4.389,3.658,0.731
2014-03-12,2014,3,12,4.486,3.735,0.751
2014-03-13,2014,3,13,4.564,3.815,0.749
2014-03-14,2014,3,14,4.592,3.892,0.7
2014-03-15,2014,3,15,4.688,3.966,0.722
2014-03-16,2014,3,16,4.709,4.035,0.674
2014-03-17,2014,3,17,4.809,4.11,0.699
2014-03-18,2014,3,18,4.847,4.199,0.648
2014-03-19,2014,3,19,4.993,4.271,0.722
2014-03-20,2014,3,20,5.083,4.362,0.721
2014-03-21,2014,3,21,5.205,4.441,0.764
2014-03-22,2014,3,22,5.417,4.521,0.896
2014-03-23,2014,3,23,5.464,4.613,0.851
2014-03-24,2014,3,24,5.607,4.701,0.906
2014-03-25,2014,3,25,5.698,4.798,0.9
2014-03-26,2014,3,26,5.854,4.884,0.97
2014-03-27,2014,3,27,6.016,4.956,1.06
2014-03-28,2014,3,28,6.183,5.047,1.136
2014-03-29,2014,3,29,6.264,5.139,1.125
2014-03-30,2014,3,30,6.334,5.219,1.115
2014-03-31,2014,3,31,6.481,5.312,1.169
2014-04-01,2014,4,1,6.579,5.405,1.174
2014-04-02,2014,4,2,6.708,5.508,1.2
2014-04-03,2014,4,3,6.869,5.607,1.262
2014-04-04,2014,4,4,6.981,5.708,1.273
2014-04-05,2014,4,5,7.097,5.806,1.291
2014-04-06,2014,4,6,7.224,5.908,1.316
2014-04-07,2014,4,7,7.336,6.018,1.318
2014-04-08,2014,4,8,7.502,6.125,1.377
2014-04-09,2014,4,9,7.624,6.218,1.406
2014-04-10,2014,4,10,7.755,6.329,1.426
2014-04-11,2014,4,11,7.939,6.434,1.505
2014-04-12,2014,4,12,8.036,6.549,1.487
2014-04-13,2014,4,13,8.146,6.656,1.49
2014-04-14,2014,4,14,8.203,6.757,1.446
2014-04-15,2014,4,15,8.372,6.862,1.51
2014-04-16,2014,4,16,8.566,6.977,1.589
2014-04-17,2014,4,17,8.69,7.089,1.601
2014-04-18,2014,4,18,8.784,7.194,1.59
2014-04-19,2014,4,19,8.904,7.303,1.601
2014-04-20,2014,4,20,8.975,7.414,1.561
2014-04-21,2014,4,21,9.063,7.516,1.547
2014-04-22,2014,4,22,9.065,7.624,1.441
2014-04-23,2014,4,23,9.138,7.733,1.405
2014-04-24,2014,4,24,9.263,7.84,1.423
2014-04-25,2014,4,25,9.331,7.947,1.384
2014-04-26,2014,4,26,9.46,8.05,1.41
2014-04-27,2014,4,27,9.55,8.165,1.385
2014-04-28,2014,4,28,9.62,8.28,1.34
2014-04-29,2014,4,29,9.698,8.387,1.311
2014-04-30,2014,4,30,9.812,8.497,1.315
2014-05-01,2014,5,1,9.949,8.604,1.345
2014-05-02,2014,5,2,10.043,8.71,1.333
2014-05-03,2014,5,3,10.243,8.825,1.418
2014-05-04,2014,5,4,10.456,8.94,1.516
2014-05-05,2014,5,5,10.582,9.053,1.529
2014-05-06,2014,5,6,10.613,9.161,1.452
2014-05-07,2014,5,7,10.644,9.28,1.364
2014-05-08,2014,5,8,10.768,9.392,1.376
2014-05-09,2014,5,9,10.931,9.487,1.444
2014-05-10,2014,5,10,10.891,9.588,1.303
2014-05-11,2014,5,11,10.975,9.705,1.27
2014-05-12,2014,5,12,11.076,9.811,1.265
2014-05-13,2014,5,13,11.15,9.928,1.222
2014-05-14,2014,5,14,11.217,10.039,1.178
2014-05-15,2014,5,15,11.344,10.147,1.197
2014-05-16,2014,5,16,11.396,10.26,1.136
2014-05-17,2014,5,17,11.479,10.366,1.113
2014-05-18,2014,5,18,11.638,10.47,1.168
2014-05-19,2014,5,19,11.905,10.583,1.322
2014-05-20,2014,5,20,11.979,10.708,1.271
2014-05-21,2014,5,21,12.116,10.809,1.307
2014-05-22,2014,5,22,12.227,10.909,1.318
2014-05-23,2014,5,23,12.32,11.019,1.301
2014-05-24,2014,5,24,12.465,11.119,1.346
2014-05-25,2014,5,25,12.469,11.219,1.25
2014-05-26,2014,5,26,12.515,11.321,1.194
2014-05-27,2014,5,27,12.562,11.422,1.14
2014-05-28,2014,5,28,12.677,11.532,1.145
2014-05-29,2014,5,29,12.71,11.629,1.081
2014-05-30,2014,5,30,12.781,11.732,1.049
2014-05-31,2014,5,31,12.979,11.859,1.12
2014-06-01,2014,6,1,13.115,11.978,1.137
2014-06-02,2014,6,2,13.242,12.077,1.165
2014-06-03,2014,6,3,13.363,12.168,1.195
2014-06-04,2014,6,4,13.426,12.271,1.155
2014-06-05,2014,6,5,13.533,12.383,1.15
2014-06-06,2014,6,6,13.621,12.49,1.131
2014-06-07,2014,6,7,13.745,12.581,1.164
2014-06-08,2014,6,8,13.865,12.69,1.175
2014-06-09,2014,6,9,13.892,12.792,1.1
2014-06-10,2014,6,10,13.964,12.894,1.07
2014-06-11,2014,6,11,14.093,12.987,1.106
2014-06-12,2014,6,12,14.233,13.074,1.159
2014-06-13,2014,6,13,14.303,13.172,1.131
2014-06-14,2014,6,14,14.415,13.279,1.136
2014-06-15,2014,6,15,14.571,13.384,1.187
2014-06-16,2014,6,16,14.703,13.487,1.216
2014-06-17,2014,6,17,14.831,13.597,1.234
2014-06-18,2014,6,18,15.014,13.692,1.322
2014-06-19,2014,6,19,15.084,13.796,1.288
2014-06-20,2014,6,20,15.186,13.898,1.288
2014-06-21,2014,6,21,15.401,13.991,1.41
2014-06-22,2014,6,22,15.533,14.085,1.448
2014-06-23,2014,6,23,15.592,14.186,1.406
2014-06-24,2014,6,24,15.645,14.279,1.366
2014-06-25,2014,6,25,15.796,14.37,1.426
2014-06-26,2014,6,26,15.907,14.448,1.459
2014-06-27,2014,6,27,15.984,14.524,1.46
2014-06-28,2014,6,28,16.084,14.622,1.462
2014-06-29,2014,6,29,16.153,14.709,1.444
2014-06-30,2014,6,30,16.306,14.812,1.494
2014-07-01,2014,7,1,16.401,14.896,1.505
2014-07-02,2014,7,2,16.449,14.966,1.483
2014-07-03,2014,7,3,16.512,15.039,1.473
2014-07-04,2014,7,4,16.601,15.112,1.489
2014-07-05,2014,7,5,16.627,15.187,1.44
2014-07-06,2014,7,6,16.627,15.265,1.362
2014-07-07,2014,7,7,16.632,15.329,1.303
2014-07-08,2014,7,8,16.642,15.395,1.247
2014-07-09,2014,7,9,16.533,15.482,1.051
2014-07-10,2014,7,10,16.489,15.547,0.942
2014-07-11,2014,7,11,16.494,15.652,0.842
2014-07-12,2014,7,12,16.665,15.753,0.912
2014-07-13,2014,7,13,16.712,15.839,0.873
2014-07-14,2014,7,14,16.76,15.909,0.851
2014-07-15,2014,7,15,16.803,15.971,0.832
2014-07-16,2014,7,16,16.845,16.038,0.807
2014-07-17,2014,7,17,16.873,16.084,0.789
2014-07-18,2014,7,18,17.017,16.164,0.853
2014-07-19,2014,7,19,17.167,16.257,0.91
2014-07-20,2014,7,20,17.276,16.345,0.931
2014-07-21,2014,7,21,17.411,16.437,0.974
2014-07-22,2014,7,22,17.52,16.517,1.003
2014-07-23,2014,7,23,17.639,16.591,1.048
2014-07-24,2014,7,24,17.757,16.643,1.114
2014-07-25,2014,7,25,17.822,16.69,1.132
2014-07-26,2014,7,26,17.916,16.746,1.17
2014-07-27,2014,7,27,17.883,16.801,1.082
2014-07-28,2014,7,28,17.963,16.857,1.106
2014-07-29,2014,7,29,17.996,16.929,1.067
2014-07-30,2014,7,30,18.086,16.981,1.105
2014-07-31,2014,7,31,18.16,17.028,1.132
2014-08-01,2014,8,1,18.272,17.083,1.189
2014-08-02,2014,8,2,18.263,17.135,1.128
2014-08-03,2014,8,3,18.415,17.19,1.225
2014-08-04,2014,8,4,18.637,17.236,1.401
2014-08-05,2014,8,5,18.625,17.287,1.338
2014-08-06,2014,8,6,18.578,17.35,1.228
2014-08-07,2014,8,7,18.64,17.421,1.219
2014-08-08,2014,8,8,18.739,17.481,1.258
2014-08-09,2014,8,9,18.769,17.514,1.255
2014-08-10,2014,8,10,18.801,17.547,1.254
2014-08-11,2014,8,11,18.819,17.593,1.226
2014-08-12,2014,8,12,18.86,17.642,1.218
2014-08-13,2014,8,13,18.909,17.683,1.226
2014-08-14,2014,8,14,19.046,17.738,1.308
2014-08-15,2014,8,15,19.097,17.782,1.315
2014-08-16,2014,8,16,19.014,17.827,1.187
2014-08-17,2014,8,17,18.987,17.845,1.142
2014-08-18,2014,8,18,19.006,17.867,1.139
2014-08-19,2014,8,19,19.05,17.888,1.162
2014-08-20,2014,8,20,19.124,17.924,1.2
2014-08-21,2014,8,21,19.15,17.964,1.186
2014-08-22,2014,8,22,19.171,17.983,1.188
2014-08-23,2014,8,23,19.166,18.018,1.148
2014-08-24,2014,8,24,19.073,18.053,1.02
2014-08-25,2014,8,25,19.003,18.105,0.898
2014-08-26,2014,8,26,18.995,18.145,0.85
2014-08-27,2014,8,27,19.091,18.159,0.932
2014-08-28,2014,8,28,19.19,18.195,0.995
2014-08-29,2014,8,29,19.218,18.222,0.996
2014-08-30,2014,8,30,19.234,18.241,0.993
2014-08-31,2014,8,31,19.205,18.264,0.941
2014-09-01,2014,9,1,19.183,18.288,0.895
2014-09-02,2014,9,2,19.178,18.308,0.87
2014-09-03,2014,9,3,19.223,18.333,0.89
2014-09-04,2014,9,4,19.3,18.352,0.948
2014-09-05,2014,9,5,19.346,18.373,0.973
2014-09-06,2014,9,6,19.389,18.397,0.992
2014-09-07,2014,9,7,19.326,18.416,0.91
2014-09-08,2014,9,8,19.341,18.445,0.896
2014-09-09,2014,9,9,19.496,18.47,1.026
2014-09-10,2014,9,10,19.541,18.49,1.051
2014-09-11,2014,9,11,19.6,18.502,1.098
2014-09-12,2014,9,12,19.683,18.521,1.162
2014-09-13,2014,9,13,19.784,18.522,1.262
2014-09-14,2014,9,14,19.814,18.529,1.285
2014-09-15,2014,9,15,19.89,18.533,1.357
2014-09-16,2014,9,16,19.966,18.546,1.42
2014-09-17,2014,9,17,20.094,18.565,1.529
2014-09-18,2014,9,18,20.178,18.567,1.611
2014-09-19,2014,9,19,20.168,18.572,1.596
2014-09-20,2014,9,20,20.201,18.574,1.627
2014-09-21,2014,9,21,20.14,18.576,1.564
2014-09-22,2014,9,22,20.087,18.569,1.518
2014-09-23,2014,9,23,20.019,18.57,1.449
2014-09-24,2014,9,24,19.989,18.571,1.418
2014-09-25,2014,9,25,19.978,18.566,1.412
2014-09-26,2014,9,26,20.053,18.552,1.501
2014-09-27,2014,9,27,20.062,18.541,1.521
2014-09-28,2014,9,28,19.979,18.525,1.454
2014-09-29,2014,9,29,19.881,18.525,1.356
2014-09-30,2014,9,30,19.803,18.508,1.295
2014-10-01,2014,10,1,19.67,18.508,1.162
2014-10-02,2014,10,2,19.602,18.504,1.098
2014-10-03,2014,10,3,19.635,18.476,1.159
2014-10-04,2014,10,4,19.513,18.448,1.065
2014-10-05,2014,10,5,19.555,18.44,1.115
2014-10-06,2014,10,6,19.625,18.425,1.2
2014-10-07,2014,10,7,19.543,18.394,1.149
2014-10-08,2014,10,8,19.441,18.361,1.08
2014-10-09,2014,10,9,19.418,18.329,1.089
2014-10-10,2014,10,10,19.384,18.299,1.085
2014-10-11,2014,10,11,19.274,18.287,0.987
2014-10-12,2014,10,12,19.222,18.265,0.957
2014-10-13,2014,10,13,19.182,18.235,0.947
2014-10-14,2014,10,14,19.108,18.224,0.884
2014-10-15,2014,10,15,19.037,18.193,0.844
2014-10-16,2014,10,16,18.971,18.158,0.813
2014-10-17,2014,10,17,18.88,18.116,0.764
2014-10-18,2014,10,18,18.858,18.062,0.796
2014-10-19,2014,10,19,18.816,18.012,0.804
2014-10-20,2014,10,20,18.733,17.97,0.763
2014-10-21,2014,10,21,18.636,17.921,0.715
2014-10-22,2014,10,22,18.627,17.872,0.755
2014-10-23,2014,10,23,18.65,17.833,0.817
2014-10-24,2014,10,24,18.652,17.791,0.861
2014-10-25,2014,10,25,18.64,17.736,0.904
2014-10-26,2014,10,26,18.562,17.681,0.881
2014-10-27,2014,10,27,18.539,17.633,0.906
2014-10-28,2014,10,28,18.45,17.555,0.895
2014-10-29,2014,10,29,18.384,17.509,0.875
2014-10-30,2014,10,30,18.287,17.449,0.838
2014-10-31,2014,10,31,18.193,17.367,0.826
2014-11-01,2014,11,1,18.049,17.312,0.737
2014-11-02,2014,11,2,17.857,17.229,0.628
2014-11-03,2014,11,3,17.817,17.153,0.664
2014-11-04,2014,11,4,17.776,17.081,0.695
2014-11-05,2014,11,5,17.685,17.011,0.674
2014-11-06,2014,11,6,17.603,16.934,0.669
2014-11-07,2014,11,7,17.502,16.848,0.654
2014-11-08,2014,11,8,17.387,16.762,0.625
2014-11-09,2014,11,9,17.266,16.667,0.599
2014-11-10,2014,11,10,17.129,16.562,0.567
2014-11-11,2014,11,11,17.017,16.472,0.545
2014-11-12,2014,11,12,16.906,16.378,0.528
2014-11-13,2014,11,13,16.69,16.272,0.418
2014-11-14,2014,11,14,16.591,16.175,0.416
2014-11-15,2014,11,15,16.469,16.061,0.408
2014-11-16,2014,11,16,16.282,15.925,0.357
2014-11-17,2014,11,17,16.169,15.797,0.372
2014-11-18,2014,11,18,16.059,15.665,0.394
2014-11-19,2014,11,19,16.003,15.509,0.494
2014-11-20,2014,11,20,15.886,15.368,0.518
2014-11-21,2014,11,21,15.773,15.213,0.56
2014-11-22,2014,11,22,15.649,15.069,0.58
2014-11-23,2014,11,23,15.531,14.896,0.635
2014-11-24,2014,11,24,15.359,14.74,0.619
2014-11-25,2014,11,25,15.23,14.575,0.655
2014-11-26,2014,11,26,15.095,14.417,0.678
2014-11-27,2014,11,27,14.939,14.239,0.7
2014-11-28,2014,11,28,14.791,14.055,0.736
2014-11-29,2014,11,29,14.637,13.868,0.769
2014-11-30,2014,11,30,14.486,13.685,0.801
2014-12-01,2014,12,1,14.375,13.513,0.862
2014-12-02,2014,12,2,14.218,13.294,0.924
2014-12-03,2014,12,3,14.131,13.105,1.026
2014-12-04,2014,12,4,14.031,12.904,1.127
2014-12-05,2014,12,5,13.863,12.703,1.16
2014-12-06,2014,12,6,13.726,12.495,1.231
2014-12-07,2014,12,7,13.586,12.29,1.296
2014-12-08,2014,12,8,13.383,12.068,1.315
2014-12-09,2014,12,9,13.278,11.859,1.419
2014-12-10,2014,12,10,13.015,11.659,1.356
2014-12-11,2014,12,11,12.819,11.436,1.383
2014-12-12,2014,12,12,12.699,11.222,1.477
2014-12-13,2014,12,13,12.575,10.998,1.577
2014-12-14,2014,12,14,12.542,10.755,1.787
2014-12-15,2014,12,15,12.263,10.498,1.765
2014-12-16,2014,12,16,12.057,10.247,1.81
2014-12-17,2014,12,17,11.805,9.984,1.821
2014-12-18,2014,12,18,11.521,9.732,1.789
2014-12-19,2014,12,19,11.378,9.48,1.898
2014-12-20,2014,12,20,11.135,9.255,1.88
2014-12-21,2014,12,21,11.025,9.039,1.986
2014-12-22,2014,12,22,10.714,8.835,1.879
2014-12-23,2014,12,23,10.473,8.631,1.842
2014-12-24,2014,12,24,10.356,8.416,1.94
2014-12-25,2014,12,25,10.174,8.224,1.95
2014-12-26,2014,12,26,10.046,8.018,2.028
2014-12-27,2014,12,27,9.943,7.811,2.132
2014-12-28,2014,12,28,9.832,7.624,2.208
2014-12-29,2014,12,29,9.701,7.406,2.295
2014-12-30,2014,12,30,9.605,7.222,2.383
2014-12-31,2014,12,31,9.508,7.059,2.449
2015-01-01,2015,1,1,9.393,6.999,2.394
2015-01-02,2015,1,2,9.273,6.808,2.465
2015-01-03,2015,1,3,9.154,6.621,2.533
2015-01-04,2015,1,4,8.983,6.451,2.532
2015-01-05,2015,1,5,8.821,6.296,2.525
2015-01-06,2015,1,6,8.724,6.142,2.582
2015-01-07,2015,1,7,8.544,5.999,2.545
2015-01-08,2015,1,8,8.423,5.838,2.585
2015-01-09,2015,1,9,8.216,5.681,2.535
2015-01-10,2015,1,10,8.033,5.547,2.486
2015-01-11,2015,1,11,7.849,5.423,2.426
2015-01-12,2015,1,12,7.613,5.305,2.308
2015-01-13,2015,1,13,7.492,5.16,2.332
2015-01-14,2015,1,14,7.387,5.047,2.34
2015-01-15,2015,1,15,7.193,4.926,2.267
2015-01-16,2015,1,16,7.054,4.819,2.235
2015-01-17,2015,1,17,6.841,4.709,2.132
2015-01-18,2015,1,18,6.647,4.614,2.033
2015-01-19,2015,1,19,6.382,4.521,1.861
2015-01-20,2015,1,20,5.864,4.427,1.437
2015-01-21,2015,1,21,5.7,4.335,1.365
2015-01-22,2015,1,22,5.436,4.24,1.196
2015-01-23,2015,1,23,5.315,4.154,1.161
2015-01-24,2015,1,24,5.088,4.074,1.014
2015-01-25,2015,1,25,4.965,3.998,0.967
2015-01-26,2015,1,26,4.867,3.929,0.938
2015-01-27,2015,1,27,4.785,3.861,0.924
2015-01-28,2015,1,28,4.707,3.808,0.899
2015-01-29,2015,1,29,4.587,3.734,0.853
2015-01-30,2015,1,30,4.544,3.665,0.879
2015-01-31,2015,1,31,4.528,3.605,0.923
2015-02-01,2015,2,1,4.489,3.534,0.955
2015-02-02,2015,2,2,4.371,3.489,0.882
2015-02-03,2015,2,3,4.28,3.43,0.85
2015-02-04,2015,2,4,4.234,3.377,0.857
2015-02-05,2015,2,5,4.08,3.326,0.754
2015-02-06,2015,2,6,4.046,3.28,0.766
2015-02-07,2015,2,7,3.954,3.227,0.727
2015-02-08,2015,2,8,3.887,3.181,0.706
2015-02-09,2015,2,9,3.822,3.141,0.681
2015-02-10,2015,2,10,3.737,3.097,0.64
2015-02-11,2015,2,11,3.684,3.064,0.62
2015-02-12,2015,2,12,3.665,3.025,0.64
2015-02-13,2015,2,13,3.666,2.998,0.668
2015-02-14,2015,2,14,3.634,2.969,0.665
2015-02-15,2015,2,15,3.663,2.935,0.728
2015-02-16,2015,2,16,3.609,2.918,0.691
2015-02-17,2015,2,17,3.573,2.914,0.659
2015-02-18,2015,2,18,3.544,2.903,0.641
2015-02-19,2015,2,19,3.589,2.881,0.708
2015-02-20,2015,2,20,3.62,2.876,0.744
2015-02-21,2015,2,21,3.641,2.881,0.76
2015-02-22,2015,2,22,3.669,2.885,0.784
2015-02-23,2015,2,23,3.655,2.892,0.763
2015-02-24,2015,2,24,3.615,2.889,0.726
2015-02-25,2015,2,25,3.615,2.907,0.708
2015-02-26,2015,2,26,3.639,2.931,0.708
2015-02-27,2015,2,27,3.674,2.96,0.714
2015-02-28,2015,2,28,3.715,2.994,0.721
2015-03-01,2015,3,1,3.765,3.061,0.704
2015-03-02,2015,3,2,3.75,3.105,0.645
2015-03-03,2015,3,3,3.818,3.166,0.652
2015-03-04,2015,3,4,3.894,3.211,0.683
2015-03-05,2015,3,5,3.959,3.253,0.706
2015-03-06,2015,3,6,4.021,3.306,0.715
2015-03-07,2015,3,7,4.07,3.37,0.7
2015-03-08,2015,3,8,4.122,3.433,0.689
2015-03-09,2015,3,9,4.22,3.507,0.713
2015-03-10,2015,3,10,4.299,3.592,0.707
2015-03-11,2015,3,11,4.506,3.658,0.848
2015-03-12,2015,3,12,4.547,3.735,0.812
2015-03-13,2015,3,13,4.612,3.815,0.797
2015-03-14,2015,3,14,4.675,3.892,0.783
2015-03-15,2015,3,15,4.772,3.966,0.806
2015-03-16,2015,3,16,4.902,4.035,0.867
2015-03-17,2015,3,17,5.009,4.11,0.899
2015-03-18,2015,3,18,5.139,4.199,0.94
2015-03-19,2015,3,19,5.228,4.271,0.957
2015-03-20,2015,3,20,5.412,4.362,1.05
2015-03-21,2015,3,21,5.437,4.441,0.996
2015-03-22,2015,3,22,5.524,4.521,1.003
2015-03-23,2015,3,23,5.655,4.613,1.042
2015-03-24,2015,3,24,5.743,4.701,1.042
2015-03-25,2015,3,25,5.821,4.798,1.023
2015-03-26,2015,3,26,5.926,4.884,1.042
2015-03-27,2015,3,27,6.023,4.956,1.067
2015-03-28,2015,3,28,6.117,5.047,1.07
2015-03-29,2015,3,29,6.226,5.139,1.087
2015-03-30,2015,3,30,6.291,5.219,1.072
2015-03-31,2015,3,31,6.409,5.312,1.097
2015-04-01,2015,4,1,6.598,5.405,1.193
2015-04-02,2015,4,2,6.698,5.508,1.19
2015-04-03,2015,4,3,6.738,5.607,1.131
2015-04-04,2015,4,4,6.822,5.708,1.114
2015-04-05,2015,4,5,6.92,5.806,1.114
2015-04-06,2015,4,6,7.047,5.908,1.139
2015-04-07,2015,4,7,7.224,6.018,1.206
2015-04-08,2015,4,8,7.392,6.125,1.267
2015-04-09,2015,4,9,7.569,6.218,1.351
2015-04-10,2015,4,10,7.748,6.329,1.419
2015-04-11,2015,4,11,7.774,6.434,1.34
2015-04-12,2015,4,12,7.875,6.549,1.326
2015-04-13,2015,4,13,7.985,6.656,1.329
2015-04-14,2015,4,14,8.111,6.757,1.354
2015-04-15,2015,4,15,8.272,6.862,1.41
2015-04-16,2015,4,16,8.455,6.977,1.478
2015-04-17,2015,4,17,8.614,7.089,1.525
2015-04-18,2015,4,18,8.731,7.194,1.537
2015-04-19,2015,4,19,8.864,7.303,1.561
2015-04-20,2015,4,20,9.01,7.414,1.596
2015-04-21,2015,4,21,9.194,7.516,1.678
2015-04-22,2015,4,22,9.245,7.624,1.621
2015-04-23,2015,4,23,9.334,7.733,1.601
2015-04-24,2015,4,24,9.476,7.84,1.636
2015-04-25,2015,4,25,9.622,7.947,1.675
2015-04-26,2015,4,26,9.788,8.05,1.738
2015-04-27,2015,4,27,9.865,8.165,1.7
2015-04-28,2015,4,28,9.966,8.28,1.686
2015-04-29,2015,4,29,10.095,8.387,1.708
2015-04-30,2015,4,30,10.164,8.497,1.667
2015-05-01,2015,5,1,10.278,8.604,1.674
2015-05-02,2015,5,2,10.381,8.71,1.671
2015-05-03,2015,5,3,10.468,8.825,1.643
2015-05-04,2015,5,4,10.574,8.94,1.634
2015-05-05,2015,5,5,10.636,9.053,1.583
2015-05-06,2015,5,6,10.753,9.161,1.592
2015-05-07,2015,5,7,10.869,9.28,1.589
2015-05-08,2015,5,8,11.031,9.392,1.639
2015-05-09,2015,5,9,11.158,9.487,1.671
2015-05-10,2015,5,10,11.227,9.588,1.639
2015-05-11,2015,5,11,11.278,9.705,1.573
2015-05-12,2015,5,12,11.293,9.811,1.482
2015-05-13,2015,5,13,11.395,9.928,1.467
2015-05-14,2015,5,14,11.545,10.039,1.506
2015-05-15,2015,5,15,11.672,10.147,1.525
2015-05-16,2015,5,16,11.807,10.26,1.547
2015-05-17,2015,5,17,11.932,10.366,1.566
2015-05-18,2015,5,18,11.948,10.47,1.478
2015-05-19,2015,5,19,11.973,10.583,1.39
2015-05-20,2015,5,20,12.012,10.708,1.304
2015-05-21,2015,5,21,12.189,10.809,1.38
2015-05-22,2015,5,22,12.287,10.909,1.378
2015-05-23,2015,5,23,12.393,11.019,1.374
2015-05-24,2015,5,24,12.515,11.119,1.396
2015-05-25,2015,5,25,12.61,11.219,1.391
2015-05-26,2015,5,26,12.692,11.321,1.371
2015-05-27,2015,5,27,12.763,11.422,1.341
2015-05-28,2015,5,28,12.83,11.532,1.298
2015-05-29,2015,5,29,12.91,11.629,1.281
2015-05-30,2015,5,30,12.886,11.732,1.154
2015-05-31,2015,5,31,12.895,11.859,1.036
2015-06-01,2015,6,1,12.972,11.978,0.994
2015-06-02,2015,6,2,13.059,12.077,0.982
2015-06-03,2015,6,3,13.174,12.168,1.006
2015-06-04,2015,6,4,13.256,12.271,0.985
2015-06-05,2015,6,5,13.354,12.383,0.971
2015-06-06,2015,6,6,13.403,12.49,0.913
2015-06-07,2015,6,7,13.581,12.581,1.0
2015-06-08,2015,6,8,13.622,12.69,0.932
2015-06-09,2015,6,9,13.764,12.792,0.972
2015-06-10,2015,6,10,13.873,12.894,0.979
2015-06-11,2015,6,11,13.969,12.987,0.982
2015-06-12,2015,6,12,14.077,13.074,1.003
2015-06-13,2015,6,13,14.196,13.172,1.024
2015-06-14,2015,6,14,14.34,13.279,1.061
2015-06-15,2015,6,15,14.47,13.384,1.086
2015-06-16,2015,6,16,14.533,13.487,1.046
2015-06-17,2015,6,17,14.656,13.597,1.059
2015-06-18,2015,6,18,14.795,13.692,1.103
2015-06-19,2015,6,19,14.94,13.796,1.144
2015-06-20,2015,6,20,15.039,13.898,1.141
2015-06-21,2015,6,21,15.156,13.991,1.165
2015-06-22,2015,6,22,15.233,14.085,1.148
2015-06-23,2015,6,23,15.317,14.186,1.131
2015-06-24,2015,6,24,15.349,14.279,1.07
2015-06-25,2015,6,25,15.421,14.37,1.051
2015-06-26,2015,6,26,15.509,14.448,1.061
2015-06-27,2015,6,27,15.612,14.524,1.088
2015-06-28,2015,6,28,15.743,14.622,1.121
2015-06-29,2015,6,29,15.866,14.709,1.157
2015-06-30,2015,6,30,15.968,14.812,1.156
2015-07-01,2015,7,1,15.979,14.896,1.083
2015-07-02,2015,7,2,16.042,14.966,1.076
2015-07-03,2015,7,3,16.101,15.039,1.062
2015-07-04,2015,7,4,16.198,15.112,1.086
2015-07-05,2015,7,5,16.332,15.187,1.145
2015-07-06,2015,7,6,16.397,15.265,1.132
2015-07-07,2015,7,7,16.467,15.329,1.138
2015-07-08,2015,7,8,16.526,15.395,1.131
2015-07-09,2015,7,9,16.609,15.482,1.127
2015-07-10,2015,7,10,16.666,15.547,1.119
2015-07-11,2015,7,11,16.756,15.652,1.104
2015-07-12,2015,7,12,16.761,15.753,1.008
2015-07-13,2015,7,13,16.7,15.839,0.861
2015-07-14,2015,7,14,16.7,15.909,0.791
2015-07-15,2015,7,15,16.746,15.971,0.775
2015-07-16,2015,7,16,16.758,16.038,0.72
2015-07-17,2015,7,17,16.744,16.084,0.66
2015-07-18,2015,7,18,16.809,16.164,0.645
2015-07-19,2015,7,19,16.774,16.257,0.517
2015-07-20,2015,7,20,16.801,16.345,0.456
2015-07-21,2015,7,21,16.853,16.437,0.416
2015-07-22,2015,7,22,16.881,16.517,0.364
2015-07-23,2015,7,23,16.919,16.591,0.328
2015-07-24,2015,7,24,17.039,16.643,0.396
2015-07-25,2015,7,25,17.186,16.69,0.496
2015-07-26,2015,7,26,17.257,16.746,0.511
2015-07-27,2015,7,27,17.376,16.801,0.575
2015-07-28,2015,7,28,17.437,16.857,0.58
2015-07-29,2015,7,29,17.437,16.929,0.508
2015-07-30,2015,7,30,17.339,16.981,0.358
2015-07-31,2015,7,31,17.442,17.028,0.414
2015-08-01,2015,8,1,17.409,17.083,0.326
2015-08-02,2015,8,2,17.466,17.135,0.331
2015-08-03,2015,8,3,17.482,17.19,0.292
2015-08-04,2015,8,4,17.468,17.236,0.232
2015-08-05,2015,8,5,17.591,17.287,0.304
2015-08-06,2015,8,6,17.534,17.35,0.184
2015-08-07,2015,8,7,17.597,17.421,0.176
2015-08-08,2015,8,8,17.666,17.481,0.185
2015-08-09,2015,8,9,17.67,17.514,0.156
2015-08-10,2015,8,10,17.637,17.547,0.09
2015-08-11,2015,8,11,17.647,17.593,0.054
2015-08-12,2015,8,12,17.634,17.642,-0.008
2015-08-13,2015,8,13,17.648,17.683,-0.035
2015-08-14,2015,8,14,17.613,17.738,-0.125
2015-08-15,2015,8,15,17.602,17.782,-0.18
2015-08-16,2015,8,16,17.621,17.827,-0.206
2015-08-17,2015,8,17,17.67,17.845,-0.175
2015-08-18,2015,8,18,17.641,17.867,-0.226
2015-08-19,2015,8,19,17.61,17.888,-0.278
2015-08-20,2015,8,20,17.646,17.924,-0.278
2015-08-21,2015,8,21,17.693,17.964,-0.271
2015-08-22,2015,8,22,17.794,17.983,-0.189
2015-08-23,2015,8,23,17.848,18.018,-0.17
2015-08-24,2015,8,24,17.821,18.053,-0.232
2015-08-25,2015,8,25,17.929,18.105,-0.176
2015-08-26,2015,8,26,18.031,18.145,-0.114
2015-08-27,2015,8,27,18.079,18.159,-0.08
2015-08-28,2015,8,28,18.126,18.195,-0.069
2015-08-29,2015,8,29,18.294,18.222,0.072
2015-08-30,2015,8,30,18.392,18.241,0.151
2015-08-31,2015,8,31,18.371,18.264,0.107
2015-09-01,2015,9,1,18.402,18.288,0.114
2015-09-02,2015,9,2,18.436,18.308,0.128
2015-09-03,2015,9,3,18.488,18.333,0.155
2015-09-04,2015,9,4,18.559,18.352,0.207
2015-09-05,2015,9,5,18.586,18.373,0.213
2015-09-06,2015,9,6,18.511,18.397,0.114
2015-09-07,2015,9,7,18.578,18.416,0.162
2015-09-08,2015,9,8,18.548,18.445,0.103
2015-09-09,2015,9,9,18.537,18.47,0.067
2015-09-10,2015,9,10,18.555,18.49,0.065
2015-09-11,2015,9,11,18.463,18.502,-0.039
2015-09-12,2015,9,12,18.49,18.521,-0.031
2015-09-13,2015,9,13,18.36,18.522,-0.162
2015-09-14,2015,9,14,18.291,18.529,-0.238
2015-09-15,2015,9,15,18.257,18.533,-0.276
2015-09-16,2015,9,16,18.362,18.546,-0.184
2015-09-17,2015,9,17,18.33,18.565,-0.235
2015-09-18,2015,9,18,18.326,18.567,-0.241
2015-09-19,2015,9,19,18.339,18.572,-0.233
2015-09-20,2015,9,20,18.352,18.574,-0.222
2015-09-21,2015,9,21,18.326,18.576,-0.25
2015-09-22,2015,9,22,18.291,18.569,-0.278
2015-09-23,2015,9,23,18.282,18.57,-0.288
2015-09-24,2015,9,24,18.245,18.571,-0.326
2015-09-25,2015,9,25,18.222,18.566,-0.344
2015-09-26,2015,9,26,18.375,18.552,-0.177
2015-09-27,2015,9,27,18.535,18.541,-0.006
2015-09-28,2015,9,28,18.718,18.525,0.193
2015-09-29,2015,9,29,18.728,18.525,0.203
2015-09-30,2015,9,30,18.828,18.508,0.32
2015-10-01,2015,10,1,18.814,18.508,0.306
2015-10-02,2015,10,2,18.912,18.504,0.408
2015-10-03,2015,10,3,18.881,18.476,0.405
2015-10-04,2015,10,4,18.845,18.448,0.397
2015-10-05,2015,10,5,18.829,18.44,0.389
2015-10-06,2015,10,6,18.819,18.425,0.394
2015-10-07,2015,10,7,18.798,18.394,0.404
2015-10-08,2015,10,8,18.743,18.361,0.382
2015-10-09,2015,10,9,18.738,18.329,0.409
2015-10-10,2015,10,10,18.646,18.299,0.347
2015-10-11,2015,10,11,18.567,18.287,0.28
2015-10-12,2015,10,12,18.51,18.265,0.245
2015-10-13,2015,10,13,18.521,18.235,0.286
2015-10-14,2015,10,14,18.54,18.224,0.316
2015-10-15,2015,10,15,18.58,18.193,0.387
2015-10-16,2015,10,16,18.525,18.158,0.367
2015-10-17,2015,10,17,18.499,18.116,0.383
2015-10-18,2015,10,18,18.458,18.062,0.396
2015-10-19,2015,10,19,18.376,18.012,0.364
2015-10-20,2015,10,20,18.329,17.97,0.359
2015-10-21,2015,10,21,18.334,17.921,0.413
2015-10-22,2015,10,22,18.249,17.872,0.377
2015-10-23,2015,10,23,18.216,17.833,0.383
2015-10-24,2015,10,24,18.128,17.791,0.337
2015-10-25,2015,10,25,18.04,17.736,0.304
2015-10-26,2015,10,26,17.992,17.681,0.311
2015-10-27,2015,10,27,17.877,17.633,0.244
2015-10-28,2015,10,28,17.814,17.555,0.259
2015-10-29,2015,10,29,17.784,17.509,0.275
2015-10-30,2015,10,30,17.728,17.449,0.279
2015-10-31,2015,10,31,17.595,17.367,0.228
2015-11-01,2015,11,1,17.544,17.312,0.232
2015-11-02,2015,11,2,17.456,17.229,0.227
2015-11-03,2015,11,3,17.371,17.153,0.218
2015-11-04,2015,11,4,17.247,17.081,0.166
2015-11-05,2015,11,5,17.216,17.011,0.205
2015-11-06,2015,11,6,17.104,16.934,0.17
2015-11-07,2015,11,7,17.025,16.848,0.177
2015-11-08,2015,11,8,16.922,16.762,0.16
2015-11-09,2015,11,9,16.834,16.667,0.167
2015-11-10,2015,11,10,16.747,16.562,0.185
2015-11-11,2015,11,11,16.706,16.472,0.234
2015-11-12,2015,11,12,16.635,16.378,0.257
2015-11-13,2015,11,13,16.603,16.272,0.331
2015-11-14,2015,11,14,16.52,16.175,0.345
2015-11-15,2015,11,15,16.413,16.061,0.352
2015-11-16,2015,11,16,16.329,15.925,0.404
2015-11-17,2015,11,17,16.31,15.797,0.513
2015-11-18,2015,11,18,16.133,15.665,0.468
2015-11-19,2015,11,19,16.023,15.509,0.514
2015-11-20,2015,11,20,15.898,15.368,0.53
2015-11-21,2015,11,21,15.722,15.213,0.509
2015-11-22,2015,11,22,15.603,15.069,0.534
2015-11-23,2015,11,23,15.529,14.896,0.633
2015-11-24,2015,11,24,15.356,14.74,0.616
2015-11-25,2015,11,25,15.154,14.575,0.579
2015-11-26,2015,11,26,14.969,14.417,0.552
2015-11-27,2015,11,27,14.742,14.239,0.503
2015-11-28,2015,11,28,14.595,14.055,0.54
2015-11-29,2015,11,29,14.36,13.868,0.492
2015-11-30,2015,11,30,14.187,13.685,0.502
2015-12-01,2015,12,1,14.045,13.513,0.532
2015-12-02,2015,12,2,13.894,13.294,0.6
2015-12-03,2015,12,3,13.602,13.105,0.497
2015-12-04,2015,12,4,13.462,12.904,0.558
2015-12-05,2015,12,5,13.24,12.703,0.537
2015-12-06,2015,12,6,12.949,12.495,0.454
2015-12-07,2015,12,7,12.746,12.29,0.456
2015-12-08,2015,12,8,12.479,12.068,0.411
2015-12-09,2015,12,9,12.247,11.859,0.388
2015-12-10,2015,12,10,11.986,11.659,0.327
2015-12-11,2015,12,11,11.718,11.436,0.282
2015-12-12,2015,12,12,11.407,11.222,0.185
2015-12-13,2015,12,13,10.997,10.998,-0.001
2015-12-14,2015,12,14,10.729,10.755,-0.026
2015-12-15,2015,12,15,10.561,10.498,0.063
2015-12-16,2015,12,16,10.376,10.247,0.129
2015-12-17,2015,12,17,10.204,9.984,0.22
2015-12-18,2015,12,18,10.036,9.732,0.304
2015-12-19,2015,12,19,9.923,9.48,0.443
2015-12-20,2015,12,20,9.759,9.255,0.504
2015-12-21,2015,12,21,9.616,9.039,0.577
2015-12-22,2015,12,22,9.429,8.835,0.594
2015-12-23,2015,12,23,9.283,8.631,0.652
2015-12-24,2015,12,24,9.07,8.416,0.654
2015-12-25,2015,12,25,8.943,8.224,0.719
2015-12-26,2015,12,26,8.648,8.018,0.63
2015-12-27,2015,12,27,8.358,7.811,0.547
2015-12-28,2015,12,28,8.098,7.624,0.474
2015-12-29,2015,12,29,7.791,7.406,0.385
2015-12-30,2015,12,30,7.494,7.222,0.272
2015-12-31,2015,12,31,7.222,7.059,0.163
2016-01-01,2016,1,1,6.911,6.999,-0.088
2016-01-02,2016,1,2,6.721,6.808,-0.087
2016-01-03,2016,1,3,6.554,6.621,-0.067
2016-01-04,2016,1,4,6.413,6.451,-0.038
2016-01-05,2016,1,5,6.25,6.296,-0.046
2016-01-06,2016,1,6,6.014,6.142,-0.128
2016-01-07,2016,1,7,5.841,5.999,-0.158
2016-01-08,2016,1,8,5.719,5.838,-0.119
2016-01-09,2016,1,9,5.649,5.681,-0.032
2016-01-10,2016,1,10,5.365,5.547,-0.182
2016-01-11,2016,1,11,5.18,5.423,-0.243
2016-01-12,2016,1,12,5.112,5.305,-0.193
2016-01-13,2016,1,13,5.007,5.16,-0.153
2016-01-14,2016,1,14,4.688,5.047,-0.359
2016-01-15,2016,1,15,4.561,4.926,-0.365
2016-01-16,2016,1,16,4.441,4.819,-0.378
2016-01-17,2016,1,17,4.251,4.709,-0.458
2016-01-18,2016,1,18,4.168,4.614,-0.446
2016-01-19,2016,1,19,4.02,4.521,-0.501
2016-01-20,2016,1,20,3.914,4.427,-0.513
2016-01-21,2016,1,21,3.866,4.335,-0.469
2016-01-22,2016,1,22,3.74,4.24,-0.5
2016-01-23,2016,1,23,3.635,4.154,-0.519
2016-01-24,2016,1,24,3.604,4.074,-0.47
2016-01-25,2016,1,25,3.582,3.998,-0.416
2016-01-26,2016,1,26,3.52,3.929,-0.409
2016-01-27,2016,1,27,3.421,3.861,-0.44
2016-01-28,2016,1,28,3.372,3.808,-0.436
2016-01-29,2016,1,29,3.387,3.734,-0.347
2016-01-30,2016,1,30,3.256,3.665,-0.409
2016-01-31,2016,1,31,3.201,3.605,-0.404
2016-02-01,2016,2,1,3.176,3.534,-0.358
2016-02-02,2016,2,2,3.096,3.489,-0.393
2016-02-03,2016,2,3,3.058,3.43,-0.372
2016-02-04,2016,2,4,2.987,3.377,-0.39
2016-02-05,2016,2,5,2.938,3.326,-0.388
2016-02-06,2016,2,6,2.91,3.28,-0.37
2016-02-07,2016,2,7,2.89,3.227,-0.337
2016-02-08,2016,2,8,2.837,3.181,-0.344
2016-02-09,2016,2,9,2.805,3.141,-0.336
2016-02-10,2016,2,10,2.779,3.097,-0.318
2016-02-11,2016,2,11,2.764,3.064,-0.3
2016-02-12,2016,2,12,2.735,3.025,-0.29
2016-02-13,2016,2,13,2.715,2.998,-0.283
2016-02-14,2016,2,14,2.669,2.969,-0.3
2016-02-15,2016,2,15,2.621,2.935,-0.314
2016-02-16,2016,2,16,2.625,2.918,-0.293
2016-02-17,2016,2,17,2.616,2.914,-0.298
2016-02-18,2016,2,18,2.645,2.903,-0.258
2016-02-19,2016,2,19,2.651,2.881,-0.23
2016-02-20,2016,2,20,2.712,2.876,-0.164
2016-02-21,2016,2,21,2.742,2.881,-0.139
2016-02-22,2016,2,22,2.726,2.885,-0.159
2016-02-23,2016,2,23,2.742,2.892,-0.15
2016-02-24,2016,2,24,2.735,2.889,-0.154
2016-02-25,2016,2,25,2.748,2.907,-0.159
2016-02-26,2016,2,26,2.728,2.931,-0.203
2016-02-27,2016,2,27,2.724,2.96,-0.236
2016-02-28,2016,2,28,2.731,2.994,-0.263
2016-02-29,2016,2,29,2.791,3.014,-0.223
2016-03-01,2016,3,1,2.813,3.061,-0.248
2016-03-02,2016,3,2,2.85,3.105,-0.255
2016-03-03,2016,3,3,2.929,3.166,-0.237
2016-03-04,2016,3,4,2.961,3.211,-0.25
2016-03-05,2016,3,5,3.005,3.253,-0.248
2016-03-06,2016,3,6,3.049,3.306,-0.257
2016-03-07,2016,3,7,3.093,3.37,-0.277
2016-03-08,2016,3,8,3.145,3.433,-0.288
2016-03-09,2016,3,9,3.255,3.507,-0.252
2016-03-10,2016,3,10,3.298,3.592,-0.294
2016-03-11,2016,3,11,3.36,3.658,-0.298
2016-03-12,2016,3,12,3.504,3.735,-0.231
2016-03-13,2016,3,13,3.586,3.815,-0.229
2016-03-14,2016,3,14,3.672,3.892,-0.22
2016-03-15,2016,3,15,3.814,3.966,-0.152
2016-03-16,2016,3,16,3.957,4.035,-0.078
2016-03-17,2016,3,17,4.053,4.11,-0.057
2016-03-18,2016,3,18,4.207,4.199,0.008
2016-03-19,2016,3,19,4.303,4.271,0.032
2016-03-20,2016,3,20,4.402,4.362,0.04
2016-03-21,2016,3,21,4.501,4.441,0.06
2016-03-22,2016,3,22,4.668,4.521,0.147
2016-03-23,2016,3,23,4.818,4.613,0.205
2016-03-24,2016,3,24,4.962,4.701,0.261
2016-03-25,2016,3,25,5.099,4.798,0.301
2016-03-26,2016,3,26,5.178,4.884,0.294
2016-03-27,2016,3,27,5.335,4.956,0.379
2016-03-28,2016,3,28,5.407,5.047,0.36
2016-03-29,2016,3,29,5.535,5.139,0.396
2016-03-30,2016,3,30,5.664,5.219,0.445
2016-03-31,2016,3,31,5.717,5.312,0.405
2016-04-01,2016,4,1,5.772,5.405,0.367
2016-04-02,2016,4,2,5.879,5.508,0.371
2016-04-03,2016,4,3,5.984,5.607,0.377
2016-04-04,2016,4,4,6.058,5.708,0.35
2016-04-05,2016,4,5,6.152,5.806,0.346
2016-04-06,2016,4,6,6.301,5.908,0.393
2016-04-07,2016,4,7,6.354,6.018,0.336
2016-04-08,2016,4,8,6.409,6.125,0.284
2016-04-09,2016,4,9,6.485,6.218,0.267
2016-04-10,2016,4,10,6.547,6.329,0.218
2016-04-11,2016,4,11,6.615,6.434,0.181
2016-04-12,2016,4,12,6.787,6.549,0.238
2016-04-13,2016,4,13,6.938,6.656,0.282
2016-04-14,2016,4,14,7.1,6.757,0.343
2016-04-15,2016,4,15,7.201,6.862,0.339
2016-04-16,2016,4,16,7.327,6.977,0.35
2016-04-17,2016,4,17,7.48,7.089,0.391
2016-04-18,2016,4,18,7.536,7.194,0.342
2016-04-19,2016,4,19,7.578,7.303,0.275
2016-04-20,2016,4,20,7.658,7.414,0.244
2016-04-21,2016,4,21,7.767,7.516,0.251
2016-04-22,2016,4,22,7.87,7.624,0.246
2016-04-23,2016,4,23,7.963,7.733,0.23
2016-04-24,2016,4,24,8.138,7.84,0.298
2016-04-25,2016,4,25,8.273,7.947,0.326
2016-04-26,2016,4,26,8.367,8.05,0.317
2016-04-27,2016,4,27,8.417,8.165,0.252
2016-04-28,2016,4,28,8.491,8.28,0.211
2016-04-29,2016,4,29,8.566,8.387,0.179
2016-04-30,2016,4,30,8.635,8.497,0.138
2016-05-01,2016,5,1,8.734,8.604,0.13
2016-05-02,2016,5,2,8.891,8.71,0.181
2016-05-03,2016,5,3,9.002,8.825,0.177
2016-05-04,2016,5,4,9.101,8.94,0.161
2016-05-05,2016,5,5,9.154,9.053,0.101
2016-05-06,2016,5,6,9.262,9.161,0.101
2016-05-07,2016,5,7,9.316,9.28,0.036
2016-05-08,2016,5,8,9.409,9.392,0.017
2016-05-09,2016,5,9,9.532,9.487,0.045
2016-05-10,2016,5,10,9.546,9.588,-0.042
2016-05-11,2016,5,11,9.602,9.705,-0.103
2016-05-12,2016,5,12,9.656,9.811,-0.155
2016-05-13,2016,5,13,9.787,9.928,-0.141
2016-05-14,2016,5,14,9.876,10.039,-0.163
2016-05-15,2016,5,15,9.974,10.147,-0.173
2016-05-16,2016,5,16,10.111,10.26,-0.149
2016-05-17,2016,5,17,10.257,10.366,-0.109
2016-05-18,2016,5,18,10.31,10.47,-0.16
2016-05-19,2016,5,19,10.493,10.583,-0.09
2016-05-20,2016,5,20,10.546,10.708,-0.162
2016-05-21,2016,5,21,10.696,10.809,-0.113
2016-05-22,2016,5,22,10.726,10.909,-0.183
2016-05-23,2016,5,23,10.767,11.019,-0.252
2016-05-24,2016,5,24,10.867,11.119,-0.252
2016-05-25,2016,5,25,10.965,11.219,-0.254
2016-05-26,2016,5,26,10.932,11.321,-0.389
2016-05-27,2016,5,27,11.055,11.422,-0.367
2016-05-28,2016,5,28,11.097,11.532,-0.435
2016-05-29,2016,5,29,11.114,11.629,-0.515
2016-05-30,2016,5,30,11.128,11.732,-0.604
2016-05-31,2016,5,31,11.268,11.859,-0.591
2016-06-01,2016,6,1,11.426,11.978,-0.552
2016-06-02,2016,6,2,11.536,12.077,-0.541
2016-06-03,2016,6,3,11.679,12.168,-0.489
2016-06-04,2016,6,4,11.775,12.271,-0.496
2016-06-05,2016,6,5,11.972,12.383,-0.411
2016-06-06,2016,6,6,12.164,12.49,-0.326
2016-06-07,2016,6,7,12.253,12.581,-0.328
2016-06-08,2016,6,8,12.383,12.69,-0.307
2016-06-09,2016,6,9,12.549,12.792,-0.243
2016-06-10,2016,6,10,12.592,12.894,-0.302
2016-06-11,2016,6,11,12.768,12.987,-0.219
2016-06-12,2016,6,12,12.93,13.074,-0.144
2016-06-13,2016,6,13,13.1,13.172,-0.072
2016-06-14,2016,6,14,13.295,13.279,0.016
2016-06-15,2016,6,15,13.322,13.384,-0.062
2016-06-16,2016,6,16,13.441,13.487,-0.046
2016-06-17,2016,6,17,13.518,13.597,-0.079
2016-06-18,2016,6,18,13.629,13.692,-0.063
2016-06-19,2016,6,19,13.823,13.796,0.027
2016-06-20,2016,6,20,13.876,13.898,-0.022
2016-06-21,2016,6,21,13.946,13.991,-0.045
2016-06-22,2016,6,22,14.076,14.085,-0.009
2016-06-23,2016,6,23,14.117,14.186,-0.069
2016-06-24,2016,6,24,14.171,14.279,-0.108
2016-06-25,2016,6,25,14.243,14.37,-0.127
2016-06-26,2016,6,26,14.31,14.448,-0.138
2016-06-27,2016,6,27,14.429,14.524,-0.095
2016-06-28,2016,6,28,14.52,14.622,-0.102
2016-06-29,2016,6,29,14.656,14.709,-0.053
2016-06-30,2016,6,30,14.759,14.812,-0.053
2016-07-01,2016,7,1,14.851,14.896,-0.045
2016-07-02,2016,7,2,14.819,14.966,-0.147
2016-07-03,2016,7,3,14.854,15.039,-0.185
2016-07-04,2016,7,4,14.996,15.112,-0.116
2016-07-05,2016,7,5,15.148,15.187,-0.039
2016-07-06,2016,7,6,15.413,15.265,0.148
2016-07-07,2016,7,7,15.559,15.329,0.23
2016-07-08,2016,7,8,15.604,15.395,0.209
2016-07-09,2016,7,9,15.683,15.482,0.201
2016-07-10,2016,7,10,15.795,15.547,0.248
2016-07-11,2016,7,11,15.907,15.652,0.255
2016-07-12,2016,7,12,15.992,15.753,0.239
2016-07-13,2016,7,13,16.047,15.839,0.208
2016-07-14,2016,7,14,16.067,15.909,0.158
2016-07-15,2016,7,15,16.08,15.971,0.109
2016-07-16,2016,7,16,16.109,16.038,0.071
2016-07-17,2016,7,17,16.113,16.084,0.029
2016-07-18,2016,7,18,16.191,16.164,0.027
2016-07-19,2016,7,19,16.2,16.257,-0.057
2016-07-20,2016,7,20,16.184,16.345,-0.161
2016-07-21,2016,7,21,16.231,16.437,-0.206
2016-07-22,2016,7,22,16.359,16.517,-0.158
2016-07-23,2016,7,23,16.471,16.591,-0.12
2016-07-24,2016,7,24,16.576,16.643,-0.067
2016-07-25,2016,7,25,16.626,16.69,-0.064
2016-07-26,2016,7,26,16.687,16.746,-0.059
2016-07-27,2016,7,27,16.774,16.801,-0.027
2016-07-28,2016,7,28,16.755,16.857,-0.102
2016-07-29,2016,7,29,16.831,16.929,-0.098
2016-07-30,2016,7,30,16.924,16.981,-0.057
2016-07-31,2016,7,31,16.893,17.028,-0.135
2016-08-01,2016,8,1,16.962,17.083,-0.121
2016-08-02,2016,8,2,16.983,17.135,-0.152
2016-08-03,2016,8,3,17.059,17.19,-0.131
2016-08-04,2016,8,4,17.123,17.236,-0.113
2016-08-05,2016,8,5,17.161,17.287,-0.126
2016-08-06,2016,8,6,17.217,17.35,-0.133
2016-08-07,2016,8,7,17.276,17.421,-0.145
2016-08-08,2016,8,8,17.424,17.481,-0.057
2016-08-09,2016,8,9,17.563,17.514,0.049
2016-08-10,2016,8,10,17.616,17.547,0.069
2016-08-11,2016,8,11,17.653,17.593,0.06
2016-08-12,2016,8,12,17.772,17.642,0.13
2016-08-13,2016,8,13,17.833,17.683,0.15
2016-08-14,2016,8,14,17.827,17.738,0.089
2016-08-15,2016,8,15,17.93,17.782,0.148
2016-08-16,2016,8,16,17.996,17.827,0.169
2016-08-17,2016,8,17,18.034,17.845,0.189
2016-08-18,2016,8,18,18.048,17.867,0.181
2016-08-19,2016,8,19,18.225,17.888,0.337
2016-08-20,2016,8,20,18.241,17.924,0.317
2016-08-21,2016,8,21,18.314,17.964,0.35
2016-08-22,2016,8,22,18.335,17.983,0.352
2016-08-23,2016,8,23,18.262,18.018,0.244
2016-08-24,2016,8,24,18.26,18.053,0.207
2016-08-25,2016,8,25,18.404,18.105,0.299
2016-08-26,2016,8,26,18.503,18.145,0.358
2016-08-27,2016,8,27,18.51,18.159,0.351
2016-08-28,2016,8,28,18.572,18.195,0.377
2016-08-29,2016,8,29,18.581,18.222,0.359
2016-08-30,2016,8,30,18.482,18.241,0.241
2016-08-31,2016,8,31,18.487,18.264,0.223
2016-09-01,2016,9,1,18.376,18.288,0.088
2016-09-02,2016,9,2,18.27,18.308,-0.038
2016-09-03,2016,9,3,18.272,18.333,-0.061
2016-09-04,2016,9,4,18.337,18.352,-0.015
2016-09-05,2016,9,5,18.379,18.373,0.006
2016-09-06,2016,9,6,18.414,18.397,0.017
2016-09-07,2016,9,7,18.464,18.416,0.048
2016-09-08,2016,9,8,18.436,18.445,-0.009
2016-09-09,2016,9,9,18.326,18.47,-0.144
2016-09-10,2016,9,10,18.308,18.49,-0.182
2016-09-11,2016,9,11,18.171,18.502,-0.331
2016-09-12,2016,9,12,18.057,18.521,-0.464
2016-09-13,2016,9,13,17.948,18.522,-0.574
2016-09-14,2016,9,14,17.907,18.529,-0.622
2016-09-15,2016,9,15,17.926,18.533,-0.607
2016-09-16,2016,9,16,17.915,18.546,-0.631
2016-09-17,2016,9,17,18.038,18.565,-0.527
2016-09-18,2016,9,18,18.058,18.567,-0.509
2016-09-19,2016,9,19,17.998,18.572,-0.574
2016-09-20,2016,9,20,18.035,18.574,-0.539
2016-09-21,2016,9,21,18.115,18.576,-0.461
2016-09-22,2016,9,22,18.111,18.569,-0.458
2016-09-23,2016,9,23,18.043,18.57,-0.527
2016-09-24,2016,9,24,18.045,18.571,-0.526
2016-09-25,2016,9,25,18.082,18.566,-0.484
2016-09-26,2016,9,26,18.152,18.552,-0.4
2016-09-27,2016,9,27,18.074,18.541,-0.467
2016-09-28,2016,9,28,18.088,18.525,-0.437
2016-09-29,2016,9,29,18.069,18.525,-0.456
2016-09-30,2016,9,30,18.088,18.508,-0.42
2016-10-01,2016,10,1,18.096,18.508,-0.412
2016-10-02,2016,10,2,18.076,18.504,-0.428
2016-10-03,2016,10,3,18.142,18.476,-0.334
2016-10-04,2016,10,4,18.202,18.448,-0.246
2016-10-05,2016,10,5,18.13,18.44,-0.31
2016-10-06,2016,10,6,18.007,18.425,-0.418
2016-10-07,2016,10,7,17.902,18.394,-0.492
2016-10-08,2016,10,8,17.868,18.361,-0.493
2016-10-09,2016,10,9,17.885,18.329,-0.444
2016-10-10,2016,10,10,17.884,18.299,-0.415
2016-10-11,2016,10,11,17.781,18.287,-0.506
2016-10-12,2016,10,12,17.784,18.265,-0.481
2016-10-13,2016,10,13,17.737,18.235,-0.498
2016-10-14,2016,10,14,17.686,18.224,-0.538
2016-10-15,2016,10,15,17.667,18.193,-0.526
2016-10-16,2016,10,16,17.573,18.158,-0.585
2016-10-17,2016,10,17,17.401,18.116,-0.715
2016-10-18,2016,10,18,17.346,18.062,-0.716
2016-10-19,2016,10,19,17.301,18.012,-0.711
2016-10-20,2016,10,20,17.239,17.97,-0.731
2016-10-21,2016,10,21,17.215,17.921,-0.706
2016-10-22,2016,10,22,17.164,17.872,-0.708
2016-10-23,2016,10,23,17.102,17.833,-0.731
2016-10-24,2016,10,24,16.995,17.791,-0.796
2016-10-25,2016,10,25,16.912,17.736,-0.824
2016-10-26,2016,10,26,16.839,17.681,-0.842
2016-10-27,2016,10,27,16.812,17.633,-0.821
2016-10-28,2016,10,28,16.711,17.555,-0.844
2016-10-29,2016,10,29,16.693,17.509,-0.816
2016-10-30,2016,10,30,16.572,17.449,-0.877
2016-10-31,2016,10,31,16.538,17.367,-0.829
2016-11-01,2016,11,1,16.494,17.312,-0.818
2016-11-02,2016,11,2,16.428,17.229,-0.801
2016-11-03,2016,11,3,16.354,17.153,-0.799
2016-11-04,2016,11,4,16.19,17.081,-0.891
2016-11-05,2016,11,5,16.116,17.011,-0.895
2016-11-06,2016,11,6,15.954,16.934,-0.98
2016-11-07,2016,11,7,15.822,16.848,-1.026
2016-11-08,2016,11,8,15.656,16.762,-1.106
2016-11-09,2016,11,9,15.425,16.667,-1.242
2016-11-10,2016,11,10,15.181,16.562,-1.381
2016-11-11,2016,11,11,14.984,16.472,-1.488
2016-11-12,2016,11,12,14.74,16.378,-1.638
2016-11-13,2016,11,13,14.558,16.272,-1.714
2016-11-14,2016,11,14,14.383,16.175,-1.792
2016-11-15,2016,11,15,14.19,16.061,-1.871
2016-11-16,2016,11,16,14.041,15.925,-1.884
2016-11-17,2016,11,17,13.873,15.797,-1.924
2016-11-18,2016,11,18,13.705,15.665,-1.96
2016-11-19,2016,11,19,13.561,15.509,-1.948
2016-11-20,2016,11,20,13.352,15.368,-2.016
2016-11-21,2016,11,21,13.144,15.213,-2.069
2016-11-22,2016,11,22,13.085,15.069,-1.984
2016-11-23,2016,11,23,12.986,14.896,-1.91
2016-11-24,2016,11,24,12.882,14.74,-1.858
2016-11-25,2016,11,25,12.777,14.575,-1.798
2016-11-26,2016,11,26,12.593,14.417,-1.824
2016-11-27,2016,11,27,12.399,14.239,-1.84
2016-11-28,2016,11,28,12.158,14.055,-1.897
2016-11-29,2016,11,29,11.9,13.868,-1.968
2016-11-30,2016,11,30,11.749,13.685,-1.936
2016-12-01,2016,12,1,11.584,13.513,-1.929
2016-12-02,2016,12,2,11.425,13.294,-1.869
2016-12-03,2016,12,3,11.164,13.105,-1.941
2016-12-04,2016,12,4,10.897,12.904,-2.007
2016-12-05,2016,12,5,10.68,12.703,-2.023
2016-12-06,2016,12,6,10.503,12.495,-1.992
2016-12-07,2016,12,7,10.288,12.29,-2.002
2016-12-08,2016,12,8,10.007,12.068,-2.061
2016-12-09,2016,12,9,9.824,11.859,-2.035
2016-12-10,2016,12,10,9.566,11.659,-2.093
2016-12-11,2016,12,11,9.184,11.436,-2.252
2016-12-12,2016,12,12,8.853,11.222,-2.369
2016-12-13,2016,12,13,8.589,10.998,-2.409
2016-12-14,2016,12,14,8.303,10.755,-2.452
2016-12-15,2016,12,15,8.18,10.498,-2.318
2016-12-16,2016,12,16,7.958,10.247,-2.289
2016-12-17,2016,12,17,7.856,9.984,-2.128
2016-12-18,2016,12,18,7.686,9.732,-2.046
2016-12-19,2016,12,19,7.429,9.48,-2.051
2016-12-20,2016,12,20,7.232,9.255,-2.023
2016-12-21,2016,12,21,7.125,9.039,-1.914
2016-12-22,2016,12,22,6.979,8.835,-1.856
2016-12-23,2016,12,23,6.73,8.631,-1.901
2016-12-24,2016,12,24,6.509,8.416,-1.907
2016-12-25,2016,12,25,6.377,8.224,-1.847
2016-12-26,2016,12,26,6.226,8.018,-1.792
2016-12-27,2016,12,27,6.156,7.811,-1.655
2016-12-28,2016,12,28,6.038,7.624,-1.586
2016-12-29,2016,12,29,5.873,7.406,-1.533
2016-12-30,2016,12,30,5.787,7.222,-1.435
2016-12-31,2016,12,31,5.653,7.059,-1.406
2017-01-01,2017,1,1,5.516,6.999,-1.483
2017-01-02,2017,1,2,5.387,6.808,-1.421
2017-01-03,2017,1,3,5.232,6.621,-1.389
2017-01-04,2017,1,4,5.149,6.451,-1.302
2017-01-05,2017,1,5,5.065,6.296,-1.231
2017-01-06,2017,1,6,4.94,6.142,-1.202
2017-01-07,2017,1,7,4.854,5.999,-1.145
2017-01-08,2017,1,8,4.781,5.838,-1.057
2017-01-09,2017,1,9,4.664,5.681,-1.017
2017-01-10,2017,1,10,4.498,5.547,-1.049
2017-01-11,2017,1,11,4.275,5.423,-1.148
2017-01-12,2017,1,12,4.07,5.305,-1.235
2017-01-13,2017,1,13,4.012,5.16,-1.148
2017-01-14,2017,1,14,3.897,5.047,-1.15
2017-01-15,2017,1,15,3.708,4.926,-1.218
2017-01-16,2017,1,16,3.563,4.819,-1.256
2017-01-17,2017,1,17,3.489,4.709,-1.22
2017-01-18,2017,1,18,3.386,4.614,-1.228
2017-01-19,2017,1,19,3.269,4.521,-1.252
2017-01-20,2017,1,20,3.193,4.427,-1.234
2017-01-21,2017,1,21,3.163,4.335,-1.172
2017-01-22,2017,1,22,3.069,4.24,-1.171
2017-01-23,2017,1,23,2.96,4.154,-1.194
2017-01-24,2017,1,24,2.876,4.074,-1.198
2017-01-25,2017,1,25,2.762,3.998,-1.236
2017-01-26,2017,1,26,2.692,3.929,-1.237
2017-01-27,2017,1,27,2.677,3.861,-1.184
2017-01-28,2017,1,28,2.595,3.808,-1.213
2017-01-29,2017,1,29,2.524,3.734,-1.21
2017-01-30,2017,1,30,2.521,3.665,-1.144
2017-01-31,2017,1,31,2.514,3.605,-1.091
2017-02-01,2017,2,1,2.498,3.534,-1.036
2017-02-02,2017,2,2,2.456,3.489,-1.033
2017-02-03,2017,2,3,2.42,3.43,-1.01
2017-02-04,2017,2,4,2.423,3.377,-0.954
2017-02-05,2017,2,5,2.394,3.326,-0.932
2017-02-06,2017,2,6,2.398,3.28,-0.882
2017-02-07,2017,2,7,2.427,3.227,-0.8
2017-02-08,2017,2,8,2.424,3.181,-0.757
2017-02-09,2017,2,9,2.375,3.141,-0.766
2017-02-10,2017,2,10,2.312,3.097,-0.785
2017-02-11,2017,2,11,2.306,3.064,-0.758
2017-02-12,2017,2,12,2.243,3.025,-0.782
2017-02-13,2017,2,13,2.255,2.998,-0.743
2017-02-14,2017,2,14,2.242,2.969,-0.727
2017-02-15,2017,2,15,2.301,2.935,-0.634
2017-02-16,2017,2,16,2.306,2.918,-0.612
2017-02-17,2017,2,17,2.294,2.914,-0.62
2017-02-18,2017,2,18,2.23,2.903,-0.673
2017-02-19,2017,2,19,2.219,2.881,-0.662
2017-02-20,2017,2,20,2.209,2.876,-0.667
2017-02-21,2017,2,21,2.236,2.881,-0.645
2017-02-22,2017,2,22,2.211,2.885,-0.674
2017-02-23,2017,2,23,2.173,2.892,-0.719
2017-02-24,2017,2,24,2.169,2.889,-0.72
2017-02-25,2017,2,25,2.142,2.907,-0.765
2017-02-26,2017,2,26,2.159,2.931,-0.772
2017-02-27,2017,2,27,2.112,2.96,-0.848
2017-02-28,2017,2,28,2.128,2.994,-0.866
2017-03-01,2017,3,1,2.08,3.061,-0.981
2017-03-02,2017,3,2,2.127,3.105,-0.978
2017-03-03,2017,3,3,2.106,3.166,-1.06
2017-03-04,2017,3,4,2.136,3.211,-1.075
2017-03-05,2017,3,5,2.149,3.253,-1.104
2017-03-06,2017,3,6,2.176,3.306,-1.13
2017-03-07,2017,3,7,2.174,3.37,-1.196
2017-03-08,2017,3,8,2.258,3.433,-1.175
2017-03-09,2017,3,9,2.326,3.507,-1.181
2017-03-10,2017,3,10,2.327,3.592,-1.265
2017-03-11,2017,3,11,2.392,3.658,-1.266
2017-03-12,2017,3,12,2.464,3.735,-1.271
2017-03-13,2017,3,13,2.493,3.815,-1.322
2017-03-14,2017,3,14,2.528,3.892,-1.364
2017-03-15,2017,3,15,2.58,3.966,-1.386
2017-03-16,2017,3,16,2.629,4.035,-1.406
2017-03-17,2017,3,17,2.686,4.11,-1.424
2017-03-18,2017,3,18,2.774,4.199,-1.425
2017-03-19,2017,3,19,2.91,4.271,-1.361
2017-03-20,2017,3,20,2.929,4.362,-1.433
2017-03-21,2017,3,21,2.978,4.441,-1.463
2017-03-22,2017,3,22,2.936,4.521,-1.585
2017-03-23,2017,3,23,2.977,4.613,-1.636
2017-03-24,2017,3,24,3.056,4.701,-1.645
2017-03-25,2017,3,25,3.114,4.798,-1.684
2017-03-26,2017,3,26,3.194,4.884,-1.69
2017-03-27,2017,3,27,3.298,4.956,-1.658
2017-03-28,2017,3,28,3.378,5.047,-1.669
2017-03-29,2017,3,29,3.435,5.139,-1.704
2017-03-30,2017,3,30,3.485,5.219,-1.734
2017-03-31,2017,3,31,3.576,5.312,-1.736
2017-04-01,2017,4,1,3.653,5.405,-1.752
2017-04-02,2017,4,2,3.749,5.508,-1.759
2017-04-03,2017,4,3,3.943,5.607,-1.664
2017-04-04,2017,4,4,4.15,5.708,-1.558
2017-04-05,2017,4,5,4.237,5.806,-1.569
2017-04-06,2017,4,6,4.325,5.908,-1.583
2017-04-07,2017,4,7,4.454,6.018,-1.564
2017-04-08,2017,4,8,4.569,6.125,-1.556
2017-04-09,2017,4,9,4.677,6.218,-1.541
2017-04-10,2017,4,10,4.815,6.329,-1.514
2017-04-11,2017,4,11,4.958,6.434,-1.476
2017-04-12,2017,4,12,5.007,6.549,-1.542
2017-04-13,2017,4,13,5.091,6.656,-1.565
2017-04-14,2017,4,14,5.22,6.757,-1.537
2017-04-15,2017,4,15,5.343,6.862,-1.519
2017-04-16,2017,4,16,5.425,6.977,-1.552
2017-04-17,2017,4,17,5.586,7.089,-1.503
2017-04-18,2017,4,18,5.693,7.194,-1.501
2017-04-19,2017,4,19,5.835,7.303,-1.468
2017-04-20,2017,4,20,5.963,7.414,-1.451
2017-04-21,2017,4,21,6.135,7.516,-1.381
2017-04-22,2017,4,22,6.227,7.624,-1.397
2017-04-23,2017,4,23,6.357,7.733,-1.376
2017-04-24,2017,4,24,6.473,7.84,-1.367
2017-04-25,2017,4,25,6.543,7.947,-1.404
2017-04-26,2017,4,26,6.725,8.05,-1.325
2017-04-27,2017,4,27,6.865,8.165,-1.3
2017-04-28,2017,4,28,6.928,8.28,-1.352
2017-04-29,2017,4,29,7.03,8.387,-1.357
2017-04-30,2017,4,30,7.102,8.497,-1.395
2017-05-01,2017,5,1,7.183,8.604,-1.421
2017-05-02,2017,5,2,7.343,8.71,-1.367
2017-05-03,2017,5,3,7.501,8.825,-1.324
2017-05-04,2017,5,4,7.616,8.94,-1.324
2017-05-05,2017,5,5,7.699,9.053,-1.354
2017-05-06,2017,5,6,7.827,9.161,-1.334
2017-05-07,2017,5,7,7.961,9.28,-1.319
2017-05-08,2017,5,8,8.099,9.392,-1.293
2017-05-09,2017,5,9,8.205,9.487,-1.282
2017-05-10,2017,5,10,8.345,9.588,-1.243
2017-05-11,2017,5,11,8.494,9.705,-1.211
2017-05-12,2017,5,12,8.603,9.811,-1.208
2017-05-13,2017,5,13,8.74,9.928,-1.188
2017-05-14,2017,5,14,8.921,10.039,-1.118
2017-05-15,2017,5,15,9.063,10.147,-1.084
2017-05-16,2017,5,16,9.166,10.26,-1.094
2017-05-17,2017,5,17,9.324,10.366,-1.042
2017-05-18,2017,5,18,9.431,10.47,-1.039
2017-05-19,2017,5,19,9.475,10.583,-1.108
2017-05-20,2017,5,20,9.566,10.708,-1.142
2017-05-21,2017,5,21,9.568,10.809,-1.241
2017-05-22,2017,5,22,9.651,10.909,-1.258
2017-05-23,2017,5,23,9.779,11.019,-1.24
2017-05-24,2017,5,24,9.916,11.119,-1.203
2017-05-25,2017,5,25,9.994,11.219,-1.225
2017-05-26,2017,5,26,10.075,11.321,-1.246
2017-05-27,2017,5,27,10.169,11.422,-1.253
2017-05-28,2017,5,28,10.281,11.532,-1.251
2017-05-29,2017,5,29,10.363,11.629,-1.266
2017-05-30,2017,5,30,10.448,11.732,-1.284
2017-05-31,2017,5,31,10.623,11.859,-1.236
2017-06-01,2017,6,1,10.753,11.978,-1.225
2017-06-02,2017,6,2,10.831,12.077,-1.246
2017-06-03,2017,6,3,11.026,12.168,-1.142
2017-06-04,2017,6,4,11.184,12.271,-1.087
2017-06-05,2017,6,5,11.33,12.383,-1.053
2017-06-06,2017,6,6,11.441,12.49,-1.049
2017-06-07,2017,6,7,11.595,12.581,-0.986
2017-06-08,2017,6,8,11.755,12.69,-0.935
2017-06-09,2017,6,9,11.912,12.792,-0.88
2017-06-10,2017,6,10,12.033,12.894,-0.861
2017-06-11,2017,6,11,12.094,12.987,-0.893
2017-06-12,2017,6,12,12.089,13.074,-0.985
2017-06-13,2017,6,13,12.171,13.172,-1.001
2017-06-14,2017,6,14,12.295,13.279,-0.984
2017-06-15,2017,6,15,12.5,13.384,-0.884
2017-06-16,2017,6,16,12.565,13.487,-0.922
2017-06-17,2017,6,17,12.659,13.597,-0.938
2017-06-18,2017,6,18,12.747,13.692,-0.945
2017-06-19,2017,6,19,12.723,13.796,-1.073
2017-06-20,2017,6,20,12.868,13.898,-1.03
2017-06-21,2017,6,21,12.978,13.991,-1.013
2017-06-22,2017,6,22,13.036,14.085,-1.049
2017-06-23,2017,6,23,13.197,14.186,-0.989
2017-06-24,2017,6,24,13.239,14.279,-1.04
2017-06-25,2017,6,25,13.314,14.37,-1.056
2017-06-26,2017,6,26,13.398,14.448,-1.05
2017-06-27,2017,6,27,13.456,14.524,-1.068
2017-06-28,2017,6,28,13.555,14.622,-1.067
2017-06-29,2017,6,29,13.714,14.709,-0.995
2017-06-30,2017,6,30,13.805,14.812,-1.007
2017-07-01,2017,7,1,13.883,14.896,-1.013
2017-07-02,2017,7,2,14.027,14.966,-0.939
2017-07-03,2017,7,3,14.172,15.039,-0.867
2017-07-04,2017,7,4,14.264,15.112,-0.848
2017-07-05,2017,7,5,14.369,15.187,-0.818
2017-07-06,2017,7,6,14.478,15.265,-0.787
2017-07-07,2017,7,7,14.574,15.329,-0.755
2017-07-08,2017,7,8,14.653,15.395,-0.742
2017-07-09,2017,7,9,14.632,15.482,-0.85
2017-07-10,2017,7,10,14.722,15.547,-0.825
2017-07-11,2017,7,11,14.804,15.652,-0.848
2017-07-12,2017,7,12,14.889,15.753,-0.864
2017-07-13,2017,7,13,14.969,15.839,-0.87
2017-07-14,2017,7,14,14.992,15.909,-0.917
2017-07-15,2017,7,15,15.009,15.971,-0.962
2017-07-16,2017,7,16,15.068,16.038,-0.97
2017-07-17,2017,7,17,15.198,16.084,-0.886
2017-07-18,2017,7,18,15.369,16.164,-0.795
2017-07-19,2017,7,19,15.582,16.257,-0.675
2017-07-20,2017,7,20,15.702,16.345,-0.643
2017-07-21,2017,7,21,15.84,16.437,-0.597
2017-07-22,2017,7,22,15.969,16.517,-0.548
2017-07-23,2017,7,23,15.996,16.591,-0.595
2017-07-24,2017,7,24,16.039,16.643,-0.604
2017-07-25,2017,7,25,16.074,16.69,-0.616
2017-07-26,2017,7,26,16.277,16.746,-0.469
2017-07-27,2017,7,27,16.355,16.801,-0.446
2017-07-28,2017,7,28,16.471,16.857,-0.386
2017-07-29,2017,7,29,16.564,16.929,-0.365
2017-07-30,2017,7,30,16.65,16.981,-0.331
2017-07-31,2017,7,31,16.606,17.028,-0.422
2017-08-01,2017,8,1,16.539,17.083,-0.544
2017-08-02,2017,8,2,16.52,17.135,-0.615
2017-08-03,2017,8,3,16.514,17.19,-0.676
2017-08-04,2017,8,4,16.552,17.236,-0.684
2017-08-05,2017,8,5,16.669,17.287,-0.618
2017-08-06,2017,8,6,16.841,17.35,-0.509
2017-08-07,2017,8,7,16.881,17.421,-0.54
2017-08-08,2017,8,8,16.889,17.481,-0.592
2017-08-09,2017,8,9,16.953,17.514,-0.561
2017-08-10,2017,8,10,17.005,17.547,-0.542
2017-08-11,2017,8,11,17.019,17.593,-0.574
2017-08-12,2017,8,12,16.997,17.642,-0.645
2017-08-13,2017,8,13,17.009,17.683,-0.674
2017-08-14,2017,8,14,17.112,17.738,-0.626
2017-08-15,2017,8,15,17.163,17.782,-0.619
2017-08-16,2017,8,16,17.241,17.827,-0.586
2017-08-17,2017,8,17,17.271,17.845,-0.574
2017-08-18,2017,8,18,17.239,17.867,-0.628
2017-08-19,2017,8,19,17.267,17.888,-0.621
2017-08-20,2017,8,20,17.36,17.924,-0.564
2017-08-21,2017,8,21,17.48,17.964,-0.484
2017-08-22,2017,8,22,17.658,17.983,-0.325
2017-08-23,2017,8,23,17.734,18.018,-0.284
2017-08-24,2017,8,24,17.772,18.053,-0.281
2017-08-25,2017,8,25,17.782,18.105,-0.323
2017-08-26,2017,8,26,17.755,18.145,-0.39
2017-08-27,2017,8,27,17.668,18.159,-0.491
2017-08-28,2017,8,28,17.677,18.195,-0.518
2017-08-29,2017,8,29,17.691,18.222,-0.531
2017-08-30,2017,8,30,17.758,18.241,-0.483
2017-08-31,2017,8,31,17.77,18.264,-0.494
2017-09-01,2017,9,1,17.751,18.288,-0.537
2017-09-02,2017,9,2,17.695,18.308,-0.613
2017-09-03,2017,9,3,17.679,18.333,-0.654
2017-09-04,2017,9,4,17.794,18.352,-0.558
2017-09-05,2017,9,5,17.92,18.373,-0.453
2017-09-06,2017,9,6,17.901,18.397,-0.496
2017-09-07,2017,9,7,17.93,18.416,-0.486
2017-09-08,2017,9,8,18.016,18.445,-0.429
2017-09-09,2017,9,9,18.024,18.47,-0.446
2017-09-10,2017,9,10,18.015,18.49,-0.475
2017-09-11,2017,9,11,18.014,18.502,-0.488
2017-09-12,2017,9,12,18.09,18.521,-0.431
2017-09-13,2017,9,13,18.074,18.522,-0.448
2017-09-14,2017,9,14,18.013,18.529,-0.516
2017-09-15,2017,9,15,17.994,18.533,-0.539
2017-09-16,2017,9,16,18.034,18.546,-0.512
2017-09-17,2017,9,17,17.983,18.565,-0.582
2017-09-18,2017,9,18,17.992,18.567,-0.575
2017-09-19,2017,9,19,17.906,18.572,-0.666
2017-09-20,2017,9,20,17.868,18.574,-0.706
2017-09-21,2017,9,21,17.879,18.576,-0.697
2017-09-22,2017,9,22,17.869,18.569,-0.7
2017-09-23,2017,9,23,17.866,18.57,-0.704
2017-09-24,2017,9,24,17.802,18.571,-0.769
2017-09-25,2017,9,25,17.754,18.566,-0.812
2017-09-26,2017,9,26,17.848,18.552,-0.704
2017-09-27,2017,9,27,17.802,18.541,-0.739
2017-09-28,2017,9,28,17.9,18.525,-0.625
2017-09-29,2017,9,29,17.901,18.525,-0.624
2017-09-30,2017,9,30,17.863,18.508,-0.645
2017-10-01,2017,10,1,17.875,18.508,-0.633
2017-10-02,2017,10,2,17.875,18.504,-0.629
2017-10-03,2017,10,3,17.905,18.476,-0.571
2017-10-04,2017,10,4,18.023,18.448,-0.425
2017-10-05,2017,10,5,18.069,18.44,-0.371
2017-10-06,2017,10,6,18.098,18.425,-0.327
2017-10-07,2017,10,7,18.066,18.394,-0.328
2017-10-08,2017,10,8,18.113,18.361,-0.248
2017-10-09,2017,10,9,18.145,18.329,-0.184
2017-10-10,2017,10,10,18.089,18.299,-0.21
2017-10-11,2017,10,11,18.094,18.287,-0.193
2017-10-12,2017,10,12,18.06,18.265,-0.205
2017-10-13,2017,10,13,18.013,18.235,-0.222
2017-10-14,2017,10,14,17.901,18.224,-0.323
2017-10-15,2017,10,15,17.813,18.193,-0.38
2017-10-16,2017,10,16,17.78,18.158,-0.378
2017-10-17,2017,10,17,17.759,18.116,-0.357
2017-10-18,2017,10,18,17.754,18.062,-0.308
2017-10-19,2017,10,19,17.681,18.012,-0.331
2017-10-20,2017,10,20,17.614,17.97,-0.356
2017-10-21,2017,10,21,17.613,17.921,-0.308
2017-10-22,2017,10,22,17.582,17.872,-0.29
2017-10-23,2017,10,23,17.615,17.833,-0.218
2017-10-24,2017,10,24,17.596,17.791,-0.195
2017-10-25,2017,10,25,17.603,17.736,-0.133
2017-10-26,2017,10,26,17.588,17.681,-0.093
2017-10-27,2017,10,27,17.487,17.633,-0.146
2017-10-28,2017,10,28,17.439,17.555,-0.116
2017-10-29,2017,10,29,17.311,17.509,-0.198
2017-10-30,2017,10,30,17.238,17.449,-0.211
2017-10-31,2017,10,31,17.26,17.367,-0.107
2017-11-01,2017,11,1,17.155,17.312,-0.157
2017-11-02,2017,11,2,17.045,17.229,-0.184
2017-11-03,2017,11,3,16.94,17.153,-0.213
2017-11-04,2017,11,4,16.908,17.081,-0.173
2017-11-05,2017,11,5,16.846,17.011,-0.165
2017-11-06,2017,11,6,16.678,16.934,-0.256
2017-11-07,2017,11,7,16.487,16.848,-0.361
2017-11-08,2017,11,8,16.327,16.762,-0.435
2017-11-09,2017,11,9,16.178,16.667,-0.489
2017-11-10,2017,11,10,16.024,16.562,-0.538
2017-11-11,2017,11,11,15.85,16.472,-0.622
2017-11-12,2017,11,12,15.669,16.378,-0.709
2017-11-13,2017,11,13,15.526,16.272,-0.746
2017-11-14,2017,11,14,15.345,16.175,-0.83
2017-11-15,2017,11,15,15.295,16.061,-0.766
2017-11-16,2017,11,16,15.085,15.925,-0.84
2017-11-17,2017,11,17,14.869,15.797,-0.928
2017-11-18,2017,11,18,14.656,15.665,-1.009
2017-11-19,2017,11,19,14.574,15.509,-0.935
2017-11-20,2017,11,20,14.463,15.368,-0.905
2017-11-21,2017,11,21,14.217,15.213,-0.996
2017-11-22,2017,11,22,14.035,15.069,-1.034
2017-11-23,2017,11,23,13.85,14.896,-1.046
2017-11-24,2017,11,24,13.712,14.74,-1.028
2017-11-25,2017,11,25,13.589,14.575,-0.986
2017-11-26,2017,11,26,13.485,14.417,-0.932
2017-11-27,2017,11,27,13.349,14.239,-0.89
2017-11-28,2017,11,28,13.213,14.055,-0.842
2017-11-29,2017,11,29,13.104,13.868,-0.764
2017-11-30,2017,11,30,12.917,13.685,-0.768
2017-12-01,2017,12,1,12.631,13.513,-0.882
2017-12-02,2017,12,2,12.495,13.294,-0.799
2017-12-03,2017,12,3,12.295,13.105,-0.81
2017-12-04,2017,12,4,12.139,12.904,-0.765
2017-12-05,2017,12,5,12.052,12.703,-0.651
2017-12-06,2017,12,6,11.872,12.495,-0.623
2017-12-07,2017,12,7,11.545,12.29,-0.745
2017-12-08,2017,12,8,11.307,12.068,-0.761
2017-12-09,2017,12,9,11.041,11.859,-0.818
2017-12-10,2017,12,10,10.769,11.659,-0.89
2017-12-11,2017,12,11,10.534,11.436,-0.902
2017-12-12,2017,12,12,10.316,11.222,-0.906
2017-12-13,2017,12,13,10.079,10.998,-0.919
2017-12-14,2017,12,14,9.865,10.755,-0.89
2017-12-15,2017,12,15,9.618,10.498,-0.88
2017-12-16,2017,12,16,9.415,10.247,-0.832
2017-12-17,2017,12,17,9.079,9.984,-0.905
2017-12-18,2017,12,18,8.86,9.732,-0.872
2017-12-19,2017,12,19,8.651,9.48,-0.829
2017-12-20,2017,12,20,8.551,9.255,-0.704
2017-12-21,2017,12,21,8.291,9.039,-0.748
2017-12-22,2017,12,22,8.026,8.835,-0.809
2017-12-23,2017,12,23,7.793,8.631,-0.838
2017-12-24,2017,12,24,7.643,8.416,-0.773
2017-12-25,2017,12,25,7.499,8.224,-0.725
2017-12-26,2017,12,26,7.33,8.018,-0.688
2017-12-27,2017,12,27,7.146,7.811,-0.665
2017-12-28,2017,12,28,6.998,7.624,-0.626
2017-12-29,2017,12,29,6.829,7.406,-0.577
2017-12-30,2017,12,30,6.684,7.222,-0.538
2017-12-31,2017,12,31,6.591,7.059,-0.468
2018-01-01,2018,1,1,6.384,6.999,-0.615
2018-01-02,2018,1,2,6.244,6.808,-0.564
2018-01-03,2018,1,3,6.114,6.621,-0.507
2018-01-04,2018,1,4,5.921,6.451,-0.53
2018-01-05,2018,1,5,5.768,6.296,-0.528
2018-01-06,2018,1,6,5.681,6.142,-0.461
2018-01-07,2018,1,7,5.429,5.999,-0.57
2018-01-08,2018,1,8,5.168,5.838,-0.67
2018-01-09,2018,1,9,5.012,5.681,-0.669
2018-01-10,2018,1,10,4.738,5.547,-0.809
2018-01-11,2018,1,11,4.631,5.423,-0.792
2018-01-12,2018,1,12,4.507,5.305,-0.798
2018-01-13,2018,1,13,4.283,5.16,-0.877
2018-01-14,2018,1,14,4.159,5.047,-0.888
2018-01-15,2018,1,15,4.019,4.926,-0.907
2018-01-16,2018,1,16,3.988,4.819,-0.831
2018-01-17,2018,1,17,3.923,4.709,-0.786
2018-01-18,2018,1,18,3.769,4.614,-0.845
2018-01-19,2018,1,19,3.673,4.521,-0.848
2018-01-20,2018,1,20,3.572,4.427,-0.855
2018-01-21,2018,1,21,3.391,4.335,-0.944
2018-01-22,2018,1,22,3.378,4.24,-0.862
2018-01-23,2018,1,23,3.268,4.154,-0.886
2018-01-24,2018,1,24,3.135,4.074,-0.939
2018-01-25,2018,1,25,3.074,3.998,-0.924
2018-01-26,2018,1,26,3.001,3.929,-0.928
2018-01-27,2018,1,27,2.992,3.861,-0.869
2018-01-28,2018,1,28,2.928,3.808,-0.88
2018-01-29,2018,1,29,2.842,3.734,-0.892
2018-01-30,2018,1,30,2.791,3.665,-0.874
2018-01-31,2018,1,31,2.757,3.605,-0.848
2018-02-01,2018,2,1,2.685,3.534,-0.849
2018-02-02,2018,2,2,2.604,3.489,-0.885
2018-02-03,2018,2,3,2.526,3.43,-0.904
2018-02-04,2018,2,4,2.508,3.377,-0.869
2018-02-05,2018,2,5,2.481,3.326,-0.845
2018-02-06,2018,2,6,2.421,3.28,-0.859
2018-02-07,2018,2,7,2.367,3.227,-0.86
2018-02-08,2018,2,8,2.363,3.181,-0.818
2018-02-09,2018,2,9,2.311,3.141,-0.83
2018-02-10,2018,2,10,2.273,3.097,-0.824
2018-02-11,2018,2,11,2.347,3.064,-0.717
2018-02-12,2018,2,12,2.305,3.025,-0.72
2018-02-13,2018,2,13,2.246,2.998,-0.752
2018-02-14,2018,2,14,2.259,2.969,-0.71
2018-02-15,2018,2,15,2.276,2.935,-0.659
2018-02-16,2018,2,16,2.232,2.918,-0.686
2018-02-17,2018,2,17,2.206,2.914,-0.708
2018-02-18,2018,2,18,2.2,2.903,-0.703
2018-02-19,2018,2,19,2.2,2.881,-0.681
2018-02-20,2018,2,20,2.25,2.876,-0.626
2018-02-21,2018,2,21,2.22,2.881,-0.661
2018-02-22,2018,2,22,2.22,2.885,-0.665
2018-02-23,2018,2,23,2.231,2.892,-0.661
2018-02-24,2018,2,24,2.215,2.889,-0.674
2018-02-25,2018,2,25,2.236,2.907,-0.671
2018-02-26,2018,2,26,2.252,2.931,-0.679
2018-02-27,2018,2,27,2.324,2.96,-0.636
2018-02-28,2018,2,28,2.364,2.994,-0.63
2018-03-01,2018,3,1,2.351,3.061,-0.71
2018-03-02,2018,3,2,2.385,3.105,-0.72
2018-03-03,2018,3,3,2.46,3.166,-0.706
2018-03-04,2018,3,4,2.485,3.211,-0.726
2018-03-05,2018,3,5,2.535,3.253,-0.718
2018-03-06,2018,3,6,2.552,3.306,-0.754
2018-03-07,2018,3,7,2.687,3.37,-0.683
2018-03-08,2018,3,8,2.789,3.433,-0.644
2018-03-09,2018,3,9,2.804,3.507,-0.703
2018-03-10,2018,3,10,2.918,3.592,-0.674
2018-03-11,2018,3,11,2.996,3.658,-0.662
2018-03-12,2018,3,12,3.149,3.735,-0.586
2018-03-13,2018,3,13,3.309,3.815,-0.506
2018-03-14,2018,3,14,3.321,3.892,-0.571
2018-03-15,2018,3,15,3.348,3.966,-0.618
2018-03-16,2018,3,16,3.391,4.035,-0.644
2018-03-17,2018,3,17,3.515,4.11,-0.595
2018-03-18,2018,3,18,3.589,4.199,-0.61
2018-03-19,2018,3,19,3.727,4.271,-0.544
2018-03-20,2018,3,20,3.824,4.362,-0.538
2018-03-21,2018,3,21,3.945,4.441,-0.496
2018-03-22,2018,3,22,4.083,4.521,-0.438
2018-03-23,2018,3,23,4.319,4.613,-0.294
2018-03-24,2018,3,24,4.398,4.701,-0.303
2018-03-25,2018,3,25,4.484,4.798,-0.314
2018-03-26,2018,3,26,4.561,4.884,-0.323
2018-03-27,2018,3,27,4.628,4.956,-0.328
2018-03-28,2018,3,28,4.704,5.047,-0.343
2018-03-29,2018,3,29,4.769,5.139,-0.37
2018-03-30,2018,3,30,4.846,5.219,-0.373
2018-03-31,2018,3,31,4.868,5.312,-0.444
2018-04-01,2018,4,1,4.93,5.405,-0.475
2018-04-02,2018,4,2,5.012,5.508,-0.496
2018-04-03,2018,4,3,5.069,5.607,-0.538
2018-04-04,2018,4,4,5.073,5.708,-0.635
2018-04-05,2018,4,5,5.111,5.806,-0.695
2018-04-06,2018,4,6,5.212,5.908,-0.696
2018-04-07,2018,4,7,5.337,6.018,-0.681
2018-04-08,2018,4,8,5.412,6.125,-0.713
2018-04-09,2018,4,9,5.555,6.218,-0.663
2018-04-10,2018,4,10,5.65,6.329,-0.679
2018-04-11,2018,4,11,5.716,6.434,-0.718
2018-04-12,2018,4,12,5.763,6.549,-0.786
2018-04-13,2018,4,13,5.822,6.656,-0.834
2018-04-14,2018,4,14,5.937,6.757,-0.82
2018-04-15,2018,4,15,6.023,6.862,-0.839
2018-04-16,2018,4,16,6.151,6.977,-0.826
2018-04-17,2018,4,17,6.241,7.089,-0.848
2018-04-18,2018,4,18,6.233,7.194,-0.961
2018-04-19,2018,4,19,6.289,7.303,-1.014
2018-04-20,2018,4,20,6.376,7.414,-1.038
2018-04-21,2018,4,21,6.458,7.516,-1.058
2018-04-22,2018,4,22,6.496,7.624,-1.128
2018-04-23,2018,4,23,6.566,7.733,-1.167
2018-04-24,2018,4,24,6.667,7.84,-1.173
2018-04-25,2018,4,25,6.744,7.947,-1.203
2018-04-26,2018,4,26,6.807,8.05,-1.243
2018-04-27,2018,4,27,6.94,8.165,-1.225
2018-04-28,2018,4,28,7.026,8.28,-1.254
2018-04-29,2018,4,29,7.129,8.387,-1.258
2018-04-30,2018,4,30,7.25,8.497,-1.247
2018-05-01,2018,5,1,7.392,8.604,-1.212
2018-05-02,2018,5,2,7.501,8.71,-1.209
2018-05-03,2018,5,3,7.608,8.825,-1.217
2018-05-04,2018,5,4,7.724,8.94,-1.216
2018-05-05,2018,5,5,7.974,9.053,-1.079
2018-05-06,2018,5,6,8.165,9.161,-0.996
2018-05-07,2018,5,7,8.242,9.28,-1.038
2018-05-08,2018,5,8,8.355,9.392,-1.037
2018-05-09,2018,5,9,8.461,9.487,-1.026
2018-05-10,2018,5,10,8.615,9.588,-0.973
2018-05-11,2018,5,11,8.733,9.705,-0.972
2018-05-12,2018,5,12,8.862,9.811,-0.949
2018-05-13,2018,5,13,9.086,9.928,-0.842
2018-05-14,2018,5,14,9.163,10.039,-0.876
2018-05-15,2018,5,15,9.27,10.147,-0.877
2018-05-16,2018,5,16,9.334,10.26,-0.926
2018-05-17,2018,5,17,9.413,10.366,-0.953
2018-05-18,2018,5,18,9.585,10.47,-0.885
2018-05-19,2018,5,19,9.772,10.583,-0.811
2018-05-20,2018,5,20,9.915,10.708,-0.793
2018-05-21,2018,5,21,10.11,10.809,-0.699
2018-05-22,2018,5,22,10.233,10.909,-0.676
2018-05-23,2018,5,23,10.233,11.019,-0.786
2018-05-24,2018,5,24,10.273,11.119,-0.846
2018-05-25,2018,5,25,10.314,11.219,-0.905
2018-05-26,2018,5,26,10.446,11.321,-0.875
2018-05-27,2018,5,27,10.534,11.422,-0.888
2018-05-28,2018,5,28,10.762,11.532,-0.77
2018-05-29,2018,5,29,10.845,11.629,-0.784
2018-05-30,2018,5,30,10.94,11.732,-0.792
2018-05-31,2018,5,31,11.102,11.859,-0.757
2018-06-01,2018,6,1,11.282,11.978,-0.696
2018-06-02,2018,6,2,11.402,12.077,-0.675
2018-06-03,2018,6,3,11.475,12.168,-0.693
2018-06-04,2018,6,4,11.623,12.271,-0.648
2018-06-05,2018,6,5,11.672,12.383,-0.711
2018-06-06,2018,6,6,11.761,12.49,-0.729
2018-06-07,2018,6,7,11.829,12.581,-0.752
2018-06-08,2018,6,8,12.032,12.69,-0.658
2018-06-09,2018,6,9,12.161,12.792,-0.631
2018-06-10,2018,6,10,12.308,12.894,-0.586
2018-06-11,2018,6,11,12.424,12.987,-0.563
2018-06-12,2018,6,12,12.572,13.074,-0.502
2018-06-13,2018,6,13,12.685,13.172,-0.487
2018-06-14,2018,6,14,12.845,13.279,-0.434
2018-06-15,2018,6,15,12.963,13.384,-0.421
2018-06-16,2018,6,16,13.108,13.487,-0.379
2018-06-17,2018,6,17,13.139,13.597,-0.458
2018-06-18,2018,6,18,13.106,13.692,-0.586
2018-06-19,2018,6,19,13.197,13.796,-0.599
2018-06-20,2018,6,20,13.336,13.898,-0.562
2018-06-21,2018,6,21,13.482,13.991,-0.509
2018-06-22,2018,6,22,13.573,14.085,-0.512
2018-06-23,2018,6,23,13.744,14.186,-0.442
2018-06-24,2018,6,24,13.821,14.279,-0.458
2018-06-25,2018,6,25,13.919,14.37,-0.451
2018-06-26,2018,6,26,14.022,14.448,-0.426
2018-06-27,2018,6,27,14.087,14.524,-0.437
2018-06-28,2018,6,28,14.188,14.622,-0.434
2018-06-29,2018,6,29,14.342,14.709,-0.367
2018-06-30,2018,6,30,14.459,14.812,-0.353
2018-07-01,2018,7,1,14.588,14.896,-0.308
2018-07-02,2018,7,2,14.694,14.966,-0.272
2018-07-03,2018,7,3,14.744,15.039,-0.295
2018-07-04,2018,7,4,14.83,15.112,-0.282
2018-07-05,2018,7,5,14.885,15.187,-0.302
2018-07-06,2018,7,6,14.98,15.265,-0.285
2018-07-07,2018,7,7,15.038,15.329,-0.291
2018-07-08,2018,7,8,15.127,15.395,-0.268
2018-07-09,2018,7,9,15.284,15.482,-0.198
2018-07-10,2018,7,10,15.344,15.547,-0.203
2018-07-11,2018,7,11,15.405,15.652,-0.247
2018-07-12,2018,7,12,15.494,15.753,-0.259
2018-07-13,2018,7,13,15.601,15.839,-0.238
2018-07-14,2018,7,14,15.662,15.909,-0.247
2018-07-15,2018,7,15,15.695,15.971,-0.276
2018-07-16,2018,7,16,15.712,16.038,-0.326
2018-07-17,2018,7,17,15.828,16.084,-0.256
2018-07-18,2018,7,18,15.89,16.164,-0.274
2018-07-19,2018,7,19,15.919,16.257,-0.338
2018-07-20,2018,7,20,15.953,16.345,-0.392
2018-07-21,2018,7,21,15.979,16.437,-0.458
2018-07-22,2018,7,22,16.141,16.517,-0.376
2018-07-23,2018,7,23,16.211,16.591,-0.38
2018-07-24,2018,7,24,16.242,16.643,-0.401
2018-07-25,2018,7,25,16.287,16.69,-0.403
2018-07-26,2018,7,26,16.32,16.746,-0.426
2018-07-27,2018,7,27,16.428,16.801,-0.373
2018-07-28,2018,7,28,16.453,16.857,-0.404
2018-07-29,2018,7,29,16.526,16.929,-0.403
2018-07-30,2018,7,30,16.66,16.981,-0.321
2018-07-31,2018,7,31,16.79,17.028,-0.238
2018-08-01,2018,8,1,16.844,17.083,-0.239
2018-08-02,2018,8,2,16.975,17.135,-0.16
2018-08-03,2018,8,3,17.002,17.19,-0.188
2018-08-04,2018,8,4,16.931,17.236,-0.305
2018-08-05,2018,8,5,16.946,17.287,-0.341
2018-08-06,2018,8,6,17.001,17.35,-0.349
2018-08-07,2018,8,7,17.109,17.421,-0.312
2018-08-08,2018,8,8,17.236,17.481,-0.245
2018-08-09,2018,8,9,17.2,17.514,-0.314
2018-08-10,2018,8,10,17.114,17.547,-0.433
2018-08-11,2018,8,11,17.127,17.593,-0.466
2018-08-12,2018,8,12,17.113,17.642,-0.529
2018-08-13,2018,8,13,17.216,17.683,-0.467
2018-08-14,2018,8,14,17.276,17.738,-0.462
2018-08-15,2018,8,15,17.36,17.782,-0.422
2018-08-16,2018,8,16,17.365,17.827,-0.462
2018-08-17,2018,8,17,17.441,17.845,-0.404
2018-08-18,2018,8,18,17.532,17.867,-0.335
2018-08-19,2018,8,19,17.539,17.888,-0.349
2018-08-20,2018,8,20,17.563,17.924,-0.361
2018-08-21,2018,8,21,17.555,17.964,-0.409
2018-08-22,2018,8,22,17.611,17.983,-0.372
2018-08-23,2018,8,23,17.738,18.018,-0.28
2018-08-24,2018,8,24,17.808,18.053,-0.245
2018-08-25,2018,8,25,17.87,18.105,-0.235
2018-08-26,2018,8,26,17.931,18.145,-0.214
2018-08-27,2018,8,27,17.937,18.159,-0.222
2018-08-28,2018,8,28,17.872,18.195,-0.323
2018-08-29,2018,8,29,17.93,18.222,-0.292
2018-08-30,2018,8,30,17.918,18.241,-0.323
2018-08-31,2018,8,31,17.879,18.264,-0.385
2018-09-01,2018,9,1,17.818,18.288,-0.47
2018-09-02,2018,9,2,17.896,18.308,-0.412
2018-09-03,2018,9,3,17.971,18.333,-0.362
2018-09-04,2018,9,4,17.965,18.352,-0.387
2018-09-05,2018,9,5,17.936,18.373,-0.437
2018-09-06,2018,9,6,17.856,18.397,-0.541
2018-09-07,2018,9,7,17.816,18.416,-0.6
2018-09-08,2018,9,8,17.798,18.445,-0.647
2018-09-09,2018,9,9,17.785,18.47,-0.685
2018-09-10,2018,9,10,17.742,18.49,-0.748
2018-09-11,2018,9,11,17.745,18.502,-0.757
2018-09-12,2018,9,12,17.691,18.521,-0.83
2018-09-13,2018,9,13,17.673,18.522,-0.849
2018-09-14,2018,9,14,17.654,18.529,-0.875
2018-09-15,2018,9,15,17.725,18.533,-0.808
2018-09-16,2018,9,16,17.879,18.546,-0.667
2018-09-17,2018,9,17,17.965,18.565,-0.6
2018-09-18,2018,9,18,17.998,18.567,-0.569
2018-09-19,2018,9,19,18.125,18.572,-0.447
2018-09-20,2018,9,20,18.175,18.574,-0.399
2018-09-21,2018,9,21,18.174,18.576,-0.402
2018-09-22,2018,9,22,18.178,18.569,-0.391
2018-09-23,2018,9,23,18.157,18.57,-0.413
2018-09-24,2018,9,24,18.123,18.571,-0.448
2018-09-25,2018,9,25,18.076,18.566,-0.49
2018-09-26,2018,9,26,18.118,18.552,-0.434
2018-09-27,2018,9,27,18.117,18.541,-0.424
2018-09-28,2018,9,28,18.134,18.525,-0.391
2018-09-29,2018,9,29,18.234,18.525,-0.291
2018-09-30,2018,9,30,18.315,18.508,-0.193
2018-10-01,2018,10,1,18.298,18.508,-0.21
2018-10-02,2018,10,2,18.229,18.504,-0.275
2018-10-03,2018,10,3,18.17,18.476,-0.306
2018-10-04,2018,10,4,18.2,18.448,-0.248
2018-10-05,2018,10,5,18.166,18.44,-0.274
2018-10-06,2018,10,6,18.153,18.425,-0.272
2018-10-07,2018,10,7,18.146,18.394,-0.248
2018-10-08,2018,10,8,18.127,18.361,-0.234
2018-10-09,2018,10,9,18.097,18.329,-0.232
2018-10-10,2018,10,10,18.026,18.299,-0.273
2018-10-11,2018,10,11,18.045,18.287,-0.242
2018-10-12,2018,10,12,18.079,18.265,-0.186
2018-10-13,2018,10,13,17.985,18.235,-0.25
2018-10-14,2018,10,14,17.945,18.224,-0.279
2018-10-15,2018,10,15,17.92,18.193,-0.273
2018-10-16,2018,10,16,17.896,18.158,-0.262
2018-10-17,2018,10,17,17.924,18.116,-0.192
2018-10-18,2018,10,18,17.875,18.062,-0.187
2018-10-19,2018,10,19,17.77,18.012,-0.242
2018-10-20,2018,10,20,17.653,17.97,-0.317
2018-10-21,2018,10,21,17.5,17.921,-0.421
2018-10-22,2018,10,22,17.383,17.872,-0.489
2018-10-23,2018,10,23,17.335,17.833,-0.498
2018-10-24,2018,10,24,17.314,17.791,-0.477
2018-10-25,2018,10,25,17.237,17.736,-0.499
2018-10-26,2018,10,26,17.181,17.681,-0.5
2018-10-27,2018,10,27,17.174,17.633,-0.459
2018-10-28,2018,10,28,17.138,17.555,-0.417
2018-10-29,2018,10,29,17.01,17.509,-0.499
2018-10-30,2018,10,30,16.907,17.449,-0.542
2018-10-31,2018,10,31,16.815,17.367,-0.552
2018-11-01,2018,11,1,16.765,17.312,-0.547
2018-11-02,2018,11,2,16.665,17.229,-0.564
2018-11-03,2018,11,3,16.644,17.153,-0.509
2018-11-04,2018,11,4,16.546,17.081,-0.535
2018-11-05,2018,11,5,16.363,17.011,-0.648
2018-11-06,2018,11,6,16.148,16.934,-0.786
2018-11-07,2018,11,7,16.05,16.848,-0.798
2018-11-08,2018,11,8,15.981,16.762,-0.781
2018-11-09,2018,11,9,15.857,16.667,-0.81
2018-11-10,2018,11,10,15.824,16.562,-0.738
2018-11-11,2018,11,11,15.708,16.472,-0.764
2018-11-12,2018,11,12,15.603,16.378,-0.775
2018-11-13,2018,11,13,15.493,16.272,-0.779
2018-11-14,2018,11,14,15.357,16.175,-0.818
2018-11-15,2018,11,15,15.192,16.061,-0.869
2018-11-16,2018,11,16,15.104,15.925,-0.821
2018-11-17,2018,11,17,14.986,15.797,-0.811
2018-11-18,2018,11,18,14.881,15.665,-0.784
2018-11-19,2018,11,19,14.659,15.509,-0.85
2018-11-20,2018,11,20,14.576,15.368,-0.792
2018-11-21,2018,11,21,14.43,15.213,-0.783
2018-11-22,2018,11,22,14.324,15.069,-0.745
2018-11-23,2018,11,23,14.193,14.896,-0.703
2018-11-24,2018,11,24,14.103,14.74,-0.637
2018-11-25,2018,11,25,13.951,14.575,-0.624
2018-11-26,2018,11,26,13.834,14.417,-0.583
2018-11-27,2018,11,27,13.724,14.239,-0.515
2018-11-28,2018,11,28,13.517,14.055,-0.538
2018-11-29,2018,11,29,13.397,13.868,-0.471
2018-11-30,2018,11,30,13.18,13.685,-0.505
2018-12-01,2018,12,1,13.038,13.513,-0.475
2018-12-02,2018,12,2,12.943,13.294,-0.351
2018-12-03,2018,12,3,12.728,13.105,-0.377
2018-12-04,2018,12,4,12.557,12.904,-0.347
2018-12-05,2018,12,5,12.325,12.703,-0.378
2018-12-06,2018,12,6,12.074,12.495,-0.421
2018-12-07,2018,12,7,11.881,12.29,-0.409
2018-12-08,2018,12,8,11.717,12.068,-0.351
2018-12-09,2018,12,9,11.35,11.859,-0.509
2018-12-10,2018,12,10,10.981,11.659,-0.678
2018-12-11,2018,12,11,10.694,11.436,-0.742
2018-12-12,2018,12,12,10.388,11.222,-0.834
2018-12-13,2018,12,13,10.124,10.998,-0.874
2018-12-14,2018,12,14,9.898,10.755,-0.857
2018-12-15,2018,12,15,9.58,10.498,-0.918
2018-12-16,2018,12,16,9.275,10.247,-0.972
2018-12-17,2018,12,17,9.024,9.984,-0.96
2018-12-18,2018,12,18,8.543,9.732,-1.189
2018-12-19,2018,12,19,8.178,9.48,-1.302
2018-12-20,2018,12,20,7.961,9.255,-1.294
2018-12-21,2018,12,21,7.583,9.039,-1.456
2018-12-22,2018,12,22,7.207,8.835,-1.628
2018-12-23,2018,12,23,6.974,8.631,-1.657
2018-12-24,2018,12,24,6.632,8.416,-1.784
2018-12-25,2018,12,25,6.371,8.224,-1.853
2018-12-26,2018,12,26,6.194,8.018,-1.824
2018-12-27,2018,12,27,5.989,7.811,-1.822
2018-12-28,2018,12,28,5.833,7.624,-1.791
2018-12-29,2018,12,29,5.704,7.406,-1.702
2018-12-30,2018,12,30,5.599,7.222,-1.623
2018-12-31,2018,12,31,5.487,7.059,-1.572
2019-01-01,2019,1,1,5.314,6.999,-1.685
2019-01-02,2019,1,2,5.136,6.808,-1.672
2019-01-03,2019,1,3,4.968,6.621,-1.653
2019-01-04,2019,1,4,4.876,6.451,-1.575
2019-01-05,2019,1,5,4.75,6.296,-1.546
2019-01-06,2019,1,6,4.677,6.142,-1.465
2019-01-07,2019,1,7,4.578,5.999,-1.421
2019-01-08,2019,1,8,4.461,5.838,-1.377
2019-01-09,2019,1,9,4.318,5.681,-1.363
2019-01-10,2019,1,10,4.207,5.547,-1.34
2019-01-11,2019,1,11,4.094,5.423,-1.329
2019-01-12,2019,1,12,4.056,5.305,-1.249
2019-01-13,2019,1,13,3.96,5.16,-1.2
2019-01-14,2019,1,14,3.857,5.047,-1.19
2019-01-15,2019,1,15,3.779,4.926,-1.147
2019-01-16,2019,1,16,3.743,4.819,-1.076
2019-01-17,2019,1,17,3.715,4.709,-0.994
2019-01-18,2019,1,18,3.616,4.614,-0.998
2019-01-19,2019,1,19,3.543,4.521,-0.978
2019-01-20,2019,1,20,3.48,4.427,-0.947
2019-01-21,2019,1,21,3.415,4.335,-0.92
2019-01-22,2019,1,22,3.373,4.24,-0.867
2019-01-23,2019,1,23,3.296,4.154,-0.858
2019-01-24,2019,1,24,3.242,4.074,-0.832
2019-01-25,2019,1,25,3.184,3.998,-0.814
2019-01-26,2019,1,26,3.141,3.929,-0.788
2019-01-27,2019,1,27,3.117,3.861,-0.744
2019-01-28,2019,1,28,3.095,3.808,-0.713
2019-01-29,2019,1,29,3.005,3.734,-0.729
2019-01-30,2019,1,30,2.972,3.665,-0.693
2019-01-31,2019,1,31,2.95,3.605,-0.655
2019-02-01,2019,2,1,2.926,3.534,-0.608
2019-02-02,2019,2,2,2.944,3.489,-0.545
2019-02-03,2019,2,3,2.919,3.43,-0.511
2019-02-04,2019,2,4,2.889,3.377,-0.488
2019-02-05,2019,2,5,2.855,3.326,-0.471
2019-02-06,2019,2,6,2.834,3.28,-0.446
2019-02-07,2019,2,7,2.831,3.227,-0.396
2019-02-08,2019,2,8,2.832,3.181,-0.349
2019-02-09,2019,2,9,2.788,3.141,-0.353
2019-02-10,2019,2,10,2.753,3.097,-0.344
2019-02-11,2019,2,11,2.759,3.064,-0.305
2019-02-12,2019,2,12,2.65,3.025,-0.375
2019-02-13,2019,2,13,2.625,2.998,-0.373
2019-02-14,2019,2,14,2.597,2.969,-0.372
2019-02-15,2019,2,15,2.589,2.935,-0.346
2019-02-16,2019,2,16,2.556,2.918,-0.362
2019-02-17,2019,2,17,2.569,2.914,-0.345
2019-02-18,2019,2,18,2.587,2.903,-0.316
2019-02-19,2019,2,19,2.549,2.881,-0.332
2019-02-20,2019,2,20,2.542,2.876,-0.334
2019-02-21,2019,2,21,2.506,2.881,-0.375
2019-02-22,2019,2,22,2.469,2.885,-0.416
2019-02-23,2019,2,23,2.461,2.892,-0.431
2019-02-24,2019,2,24,2.486,2.889,-0.403
2019-02-25,2019,2,25,2.471,2.907,-0.436
2019-02-26,2019,2,26,2.482,2.931,-0.449
2019-02-27,2019,2,27,2.445,2.96,-0.515
2019-02-28,2019,2,28,2.427,2.994,-0.567
2019-03-01,2019,3,1,2.474,3.061,-0.587
2019-03-02,2019,3,2,2.531,3.105,-0.574
2019-03-03,2019,3,3,2.542,3.166,-0.624
2019-03-04,2019,3,4,2.579,3.211,-0.632
2019-03-05,2019,3,5,2.599,3.253,-0.654
2019-03-06,2019,3,6,2.61,3.306,-0.696
2019-03-07,2019,3,7,2.617,3.37,-0.753
2019-03-08,2019,3,8,2.655,3.433,-0.778
2019-03-09,2019,3,9,2.754,3.507,-0.753
2019-03-10,2019,3,10,2.785,3.592,-0.807
2019-03-11,2019,3,11,2.795,3.658,-0.863
2019-03-12,2019,3,12,2.829,3.735,-0.906
2019-03-13,2019,3,13,2.912,3.815,-0.903
2019-03-14,2019,3,14,3.009,3.892,-0.883
2019-03-15,2019,3,15,2.976,3.966,-0.99
2019-03-16,2019,3,16,3.029,4.035,-1.006
2019-03-17,2019,3,17,3.091,4.11,-1.019
2019-03-18,2019,3,18,3.166,4.199,-1.033
2019-03-19,2019,3,19,3.303,4.271,-0.968
2019-03-20,2019,3,20,3.334,4.362,-1.028
2019-03-21,2019,3,21,3.427,4.441,-1.014
2019-03-22,2019,3,22,3.494,4.521,-1.027
2019-03-23,2019,3,23,3.662,4.613,-0.951
2019-03-24,2019,3,24,3.638,4.701,-1.063
2019-03-25,2019,3,25,3.691,4.798,-1.107
2019-03-26,2019,3,26,3.784,4.884,-1.1
2019-03-27,2019,3,27,3.853,4.956,-1.103
2019-03-28,2019,3,28,3.913,5.047,-1.134
2019-03-29,2019,3,29,3.965,5.139,-1.174
2019-03-30,2019,3,30,4.044,5.219,-1.175
2019-03-31,2019,3,31,4.166,5.312,-1.146
2019-04-01,2019,4,1,4.222,5.405,-1.183
2019-04-02,2019,4,2,4.384,5.508,-1.124
2019-04-03,2019,4,3,4.472,5.607,-1.135
2019-04-04,2019,4,4,4.549,5.708,-1.159
2019-04-05,2019,4,5,4.707,5.806,-1.099
2019-04-06,2019,4,6,4.882,5.908,-1.026
2019-04-07,2019,4,7,4.922,6.018,-1.096
2019-04-08,2019,4,8,4.986,6.125,-1.139
2019-04-09,2019,4,9,5.103,6.218,-1.115
2019-04-10,2019,4,10,5.202,6.329,-1.127
2019-04-11,2019,4,11,5.299,6.434,-1.135
2019-04-12,2019,4,12,5.407,6.549,-1.142
2019-04-13,2019,4,13,5.521,6.656,-1.135
2019-04-14,2019,4,14,5.609,6.757,-1.148
2019-04-15,2019,4,15,5.752,6.862,-1.11
2019-04-16,2019,4,16,5.93,6.977,-1.047
2019-04-17,2019,4,17,6.003,7.089,-1.086
2019-04-18,2019,4,18,6.064,7.194,-1.13
2019-04-19,2019,4,19,6.116,7.303,-1.187
2019-04-20,2019,4,20,6.205,7.414,-1.209
2019-04-21,2019,4,21,6.272,7.516,-1.244
2019-04-22,2019,4,22,6.256,7.624,-1.368
2019-04-23,2019,4,23,6.393,7.733,-1.34
2019-04-24,2019,4,24,6.506,7.84,-1.334
2019-04-25,2019,4,25,6.575,7.947,-1.372
2019-04-26,2019,4,26,6.655,8.05,-1.395
2019-04-27,2019,4,27,6.764,8.165,-1.401
2019-04-28,2019,4,28,6.84,8.28,-1.44
2019-04-29,2019,4,29,6.925,8.387,-1.462
2019-04-30,2019,4,30,7.024,8.497,-1.473
2019-05-01,2019,5,1,7.145,8.604,-1.459
2019-05-02,2019,5,2,7.212,8.71,-1.498
2019-05-03,2019,5,3,7.37,8.825,-1.455
2019-05-04,2019,5,4,7.574,8.94,-1.366
2019-05-05,2019,5,5,7.657,9.053,-1.396
2019-05-06,2019,5,6,7.673,9.161,-1.488
2019-05-07,2019,5,7,7.793,9.28,-1.487
2019-05-08,2019,5,8,7.923,9.392,-1.469
2019-05-09,2019,5,9,8.016,9.487,-1.471
2019-05-10,2019,5,10,8.147,9.588,-1.441
2019-05-11,2019,5,11,8.288,9.705,-1.417
2019-05-12,2019,5,12,8.378,9.811,-1.433
2019-05-13,2019,5,13,8.497,9.928,-1.431
2019-05-14,2019,5,14,8.599,10.039,-1.44
2019-05-15,2019,5,15,8.68,10.147,-1.467
2019-05-16,2019,5,16,8.834,10.26,-1.426
2019-05-17,2019,5,17,8.988,10.366,-1.378
2019-05-18,2019,5,18,9.078,10.47,-1.392
2019-05-19,2019,5,19,9.24,10.583,-1.343
2019-05-20,2019,5,20,9.348,10.708,-1.36
2019-05-21,2019,5,21,9.556,10.809,-1.253
2019-05-22,2019,5,22,9.659,10.909,-1.25
2019-05-23,2019,5,23,9.735,11.019,-1.284
2019-05-24,2019,5,24,9.846,11.119,-1.273
2019-05-25,2019,5,25,9.908,11.219,-1.311
2019-05-26,2019,5,26,10.013,11.321,-1.308
2019-05-27,2019,5,27,10.105,11.422,-1.317
2019-05-28,2019,5,28,10.1,11.532,-1.432
2019-05-29,2019,5,29,10.252,11.629,-1.377
2019-05-30,2019,5,30,10.362,11.732,-1.37
2019-05-31,2019,5,31,10.45,11.859,-1.409
2019-06-01,2019,6,1,10.533,11.978,-1.445
2019-06-02,2019,6,2,10.674,12.077,-1.403
2019-06-03,2019,6,3,10.732,12.168,-1.436
2019-06-04,2019,6,4,10.901,12.271,-1.37
2019-06-05,2019,6,5,11.101,12.383,-1.282
2019-06-06,2019,6,6,11.232,12.49,-1.258
2019-06-07,2019,6,7,11.346,12.581,-1.235
2019-06-08,2019,6,8,11.47,12.69,-1.22
2019-06-09,2019,6,9,11.559,12.792,-1.233
2019-06-10,2019,6,10,11.646,12.894,-1.248
2019-06-11,2019,6,11,11.751,12.987,-1.236
2019-06-12,2019,6,12,11.885,13.074,-1.189
2019-06-13,2019,6,13,11.986,13.172,-1.186
2019-06-14,2019,6,14,12.006,13.279,-1.273
2019-06-15,2019,6,15,12.082,13.384,-1.302
2019-06-16,2019,6,16,12.157,13.487,-1.33
2019-06-17,2019,6,17,12.244,13.597,-1.353
2019-06-18,2019,6,18,12.4,13.692,-1.292
2019-06-19,2019,6,19,12.6,13.796,-1.196
2019-06-20,2019,6,20,12.764,13.898,-1.134
2019-06-21,2019,6,21,12.913,13.991,-1.078
2019-06-22,2019,6,22,13.024,14.085,-1.061
2019-06-23,2019,6,23,13.164,14.186,-1.022
2019-06-24,2019,6,24,13.245,14.279,-1.034
2019-06-25,2019,6,25,13.441,14.37,-0.929
2019-06-26,2019,6,26,13.6,14.448,-0.848
2019-06-27,2019,6,27,13.663,14.524,-0.861
2019-06-28,2019,6,28,13.705,14.622,-0.917
2019-06-29,2019,6,29,13.816,14.709,-0.893
2019-06-30,2019,6,30,13.893,14.812,-0.919
2019-07-01,2019,7,1,13.942,14.896,-0.954
2019-07-02,2019,7,2,13.986,14.966,-0.98
2019-07-03,2019,7,3,14.057,15.039,-0.982
2019-07-04,2019,7,4,14.165,15.112,-0.947
2019-07-05,2019,7,5,14.317,15.187,-0.87
2019-07-06,2019,7,6,14.398,15.265,-0.867
2019-07-07,2019,7,7,14.446,15.329,-0.883
2019-07-08,2019,7,8,14.577,15.395,-0.818
2019-07-09,2019,7,9,14.647,15.482,-0.835
2019-07-10,2019,7,10,14.772,15.547,-0.775
2019-07-11,2019,7,11,14.906,15.652,-0.746
2019-07-12,2019,7,12,15.006,15.753,-0.747
2019-07-13,2019,7,13,15.04,15.839,-0.799
2019-07-14,2019,7,14,15.142,15.909,-0.767
2019-07-15,2019,7,15,15.299,15.971,-0.672
2019-07-16,2019,7,16,15.416,16.038,-0.622
2019-07-17,2019,7,17,15.62,16.084,-0.464
2019-07-18,2019,7,18,15.699,16.164,-0.465
2019-07-19,2019,7,19,15.663,16.257,-0.594
2019-07-20,2019,7,20,15.576,16.345,-0.769
2019-07-21,2019,7,21,15.652,16.437,-0.785
2019-07-22,2019,7,22,15.803,16.517,-0.714
2019-07-23,2019,7,23,15.935,16.591,-0.656
2019-07-24,2019,7,24,16.006,16.643,-0.637
2019-07-25,2019,7,25,16.172,16.69,-0.518
2019-07-26,2019,7,26,16.206,16.746,-0.54
2019-07-27,2019,7,27,16.209,16.801,-0.592
2019-07-28,2019,7,28,16.327,16.857,-0.53
2019-07-29,2019,7,29,16.445,16.929,-0.484
2019-07-30,2019,7,30,16.447,16.981,-0.534
2019-07-31,2019,7,31,16.491,17.028,-0.537
2019-08-01,2019,8,1,16.55,17.083,-0.533
2019-08-02,2019,8,2,16.661,17.135,-0.474
2019-08-03,2019,8,3,16.734,17.19,-0.456
2019-08-04,2019,8,4,16.709,17.236,-0.527
2019-08-05,2019,8,5,16.794,17.287,-0.493
2019-08-06,2019,8,6,16.989,17.35,-0.361
2019-08-07,2019,8,7,17.112,17.421,-0.309
2019-08-08,2019,8,8,17.19,17.481,-0.291
2019-08-09,2019,8,9,17.209,17.514,-0.305
2019-08-10,2019,8,10,17.336,17.547,-0.211
2019-08-11,2019,8,11,17.337,17.593,-0.256
2019-08-12,2019,8,12,17.406,17.642,-0.236
2019-08-13,2019,8,13,17.398,17.683,-0.285
2019-08-14,2019,8,14,17.458,17.738,-0.28
2019-08-15,2019,8,15,17.495,17.782,-0.287
2019-08-16,2019,8,16,17.57,17.827,-0.257
2019-08-17,2019,8,17,17.563,17.845,-0.282
2019-08-18,2019,8,18,17.622,17.867,-0.245
2019-08-19,2019,8,19,17.669,17.888,-0.219
2019-08-20,2019,8,20,17.703,17.924,-0.221
2019-08-21,2019,8,21,17.7,17.964,-0.264
2019-08-22,2019,8,22,17.731,17.983,-0.252
2019-08-23,2019,8,23,17.832,18.018,-0.186
2019-08-24,2019,8,24,17.902,18.053,-0.151
2019-08-25,2019,8,25,17.958,18.105,-0.147
2019-08-26,2019,8,26,17.985,18.145,-0.16
2019-08-27,2019,8,27,18.009,18.159,-0.15
2019-08-28,2019,8,28,17.999,18.195,-0.196
2019-08-29,2019,8,29,18.018,18.222,-0.204
2019-08-30,2019,8,30,18.058,18.241,-0.183
2019-08-31,2019,8,31,18.113,18.264,-0.151
2019-09-01,2019,9,1,18.186,18.288,-0.102
2019-09-02,2019,9,2,18.258,18.308,-0.05
2019-09-03,2019,9,3,18.356,18.333,0.023
2019-09-04,2019,9,4,18.381,18.352,0.029
2019-09-05,2019,9,5,18.369,18.373,-0.004
2019-09-06,2019,9,6,18.272,18.397,-0.125
2019-09-07,2019,9,7,18.274,18.416,-0.142
2019-09-08,2019,9,8,18.195,18.445,-0.25
2019-09-09,2019,9,9,18.212,18.47,-0.258
2019-09-10,2019,9,10,18.23,18.49,-0.26
2019-09-11,2019,9,11,18.299,18.502,-0.203
2019-09-12,2019,9,12,18.256,18.521,-0.265
2019-09-13,2019,9,13,18.311,18.522,-0.211
2019-09-14,2019,9,14,18.286,18.529,-0.243
2019-09-15,2019,9,15,18.418,18.533,-0.115
2019-09-16,2019,9,16,18.432,18.546,-0.114
2019-09-17,2019,9,17,18.434,18.565,-0.131
2019-09-18,2019,9,18,18.301,18.567,-0.266
2019-09-19,2019,9,19,18.199,18.572,-0.373
2019-09-20,2019,9,20,18.232,18.574,-0.342
2019-09-21,2019,9,21,18.252,18.576,-0.324
2019-09-22,2019,9,22,18.345,18.569,-0.224
2019-09-23,2019,9,23,18.406,18.57,-0.164
2019-09-24,2019,9,24,18.419,18.571,-0.152
2019-09-25,2019,9,25,18.444,18.566,-0.122
2019-09-26,2019,9,26,18.489,18.552,-0.063
2019-09-27,2019,9,27,18.439,18.541,-0.102
2019-09-28,2019,9,28,18.416,18.525,-0.109
2019-09-29,2019,9,29,18.456,18.525,-0.069
2019-09-30,2019,9,30,18.477,18.508,-0.031
2019-10-01,2019,10,1,18.418,18.508,-0.09
2019-10-02,2019,10,2,18.368,18.504,-0.136
2019-10-03,2019,10,3,18.345,18.476,-0.131
2019-10-04,2019,10,4,18.414,18.448,-0.034
2019-10-05,2019,10,5,18.43,18.44,-0.01
2019-10-06,2019,10,6,18.391,18.425,-0.034
2019-10-07,2019,10,7,18.41,18.394,0.016
2019-10-08,2019,10,8,18.329,18.361,-0.032
2019-10-09,2019,10,9,18.233,18.329,-0.096
2019-10-10,2019,10,10,18.234,18.299,-0.065
2019-10-11,2019,10,11,18.225,18.287,-0.062
2019-10-12,2019,10,12,18.299,18.265,0.034
2019-10-13,2019,10,13,18.289,18.235,0.054
2019-10-14,2019,10,14,18.233,18.224,0.009
2019-10-15,2019,10,15,18.193,18.193,0.0
2019-10-16,2019,10,16,18.135,18.158,-0.023
2019-10-17,2019,10,17,18.066,18.116,-0.05
2019-10-18,2019,10,18,17.975,18.062,-0.087
2019-10-19,2019,10,19,17.946,18.012,-0.066
2019-10-20,2019,10,20,17.828,17.97,-0.142
2019-10-21,2019,10,21,17.762,17.921,-0.159
2019-10-22,2019,10,22,17.681,17.872,-0.191
2019-10-23,2019,10,23,17.667,17.833,-0.166
2019-10-24,2019,10,24,17.561,17.791,-0.23
2019-10-25,2019,10,25,17.452,17.736,-0.284
2019-10-26,2019,10,26,17.421,17.681,-0.26
2019-10-27,2019,10,27,17.293,17.633,-0.34
2019-10-28,2019,10,28,17.236,17.555,-0.319
2019-10-29,2019,10,29,17.154,17.509,-0.355
2019-10-30,2019,10,30,17.063,17.449,-0.386
2019-10-31,2019,10,31,16.987,17.367,-0.38
2019-11-01,2019,11,1,16.891,17.312,-0.421
2019-11-02,2019,11,2,16.766,17.229,-0.463
2019-11-03,2019,11,3,16.595,17.153,-0.558
2019-11-04,2019,11,4,16.47,17.081,-0.611
2019-11-05,2019,11,5,16.281,17.011,-0.73
2019-11-06,2019,11,6,16.176,16.934,-0.758
2019-11-07,2019,11,7,16.097,16.848,-0.751
2019-11-08,2019,11,8,16.007,16.762,-0.755
2019-11-09,2019,11,9,15.93,16.667,-0.737
2019-11-10,2019,11,10,15.754,16.562,-0.808
2019-11-11,2019,11,11,15.562,16.472,-0.91
2019-11-12,2019,11,12,15.43,16.378,-0.948
2019-11-13,2019,11,13,15.238,16.272,-1.034
2019-11-14,2019,11,14,15.159,16.175,-1.016
2019-11-15,2019,11,15,15.058,16.061,-1.003
2019-11-16,2019,11,16,14.939,15.925,-0.986
2019-11-17,2019,11,17,14.895,15.797,-0.902
2019-11-18,2019,11,18,14.763,15.665,-0.902
2019-11-19,2019,11,19,14.596,15.509,-0.913
2019-11-20,2019,11,20,14.437,15.368,-0.931
2019-11-21,2019,11,21,14.335,15.213,-0.878
2019-11-22,2019,11,22,14.196,15.069,-0.873
2019-11-23,2019,11,23,14.057,14.896,-0.839
2019-11-24,2019,11,24,13.929,14.74,-0.811
2019-11-25,2019,11,25,13.752,14.575,-0.823
2019-11-26,2019,11,26,13.6,14.417,-0.817
2019-11-27,2019,11,27,13.421,14.239,-0.818
2019-11-28,2019,11,28,13.36,14.055,-0.695
2019-11-29,2019,11,29,13.178,13.868,-0.69
2019-11-30,2019,11,30,12.971,13.685,-0.714
2019-12-01,2019,12,1,12.827,13.513,-0.686
2019-12-02,2019,12,2,12.67,13.294,-0.624
2019-12-03,2019,12,3,12.463,13.105,-0.642
2019-12-04,2019,12,4,12.275,12.904,-0.629
2019-12-05,2019,12,5,12.048,12.703,-0.655
2019-12-06,2019,12,6,11.766,12.495,-0.729
2019-12-07,2019,12,7,11.528,12.29,-0.762
2019-12-08,2019,12,8,11.297,12.068,-0.771
2019-12-09,2019,12,9,11.067,11.859,-0.792
2019-12-10,2019,12,10,10.659,11.659,-1.0
2019-12-11,2019,12,11,10.46,11.436,-0.976
2019-12-12,2019,12,12,10.17,11.222,-1.052
2019-12-13,2019,12,13,9.905,10.998,-1.093
2019-12-14,2019,12,14,9.65,10.755,-1.105
2019-12-15,2019,12,15,9.429,10.498,-1.069
2019-12-16,2019,12,16,9.244,10.247,-1.003
2019-12-17,2019,12,17,9.071,9.984,-0.913
2019-12-18,2019,12,18,8.877,9.732,-0.855
2019-12-19,2019,12,19,8.664,9.48,-0.816
2019-12-20,2019,12,20,8.402,9.255,-0.853
2019-12-21,2019,12,21,8.168,9.039,-0.871
2019-12-22,2019,12,22,7.901,8.835,-0.934
2019-12-23,2019,12,23,7.68,8.631,-0.951
2019-12-24,2019,12,24,7.46,8.416,-0.956
2019-12-25,2019,12,25,7.232,8.224,-0.992
2019-12-26,2019,12,26,7.11,8.018,-0.908
2019-12-27,2019,12,27,7.011,7.811,-0.8
2019-12-28,2019,12,28,6.878,7.624,-0.746
2019-12-29,2019,12,29,6.735,7.406,-0.671
2019-12-30,2019,12,30,6.624,7.222,-0.598
2019-12-31,2019,12,31,6.399,7.059,-0.66
2020-01-01,2020,1,1,6.285,6.999,-0.714
2020-01-02,2020,1,2,6.129,6.808,-0.679
2020-01-03,2020,1,3,5.967,6.621,-0.654
2020-01-04,2020,1,4,5.876,6.451,-0.575
2020-01-05,2020,1,5,5.774,6.296,-0.522
2020-01-06,2020,1,6,5.734,6.142,-0.408
2020-01-07,2020,1,7,5.611,5.999,-0.388
2020-01-08,2020,1,8,5.432,5.838,-0.406
2020-01-09,2020,1,9,5.235,5.681,-0.446
2020-01-10,2020,1,10,5.065,5.547,-0.482
2020-01-11,2020,1,11,4.962,5.423,-0.461
2020-01-12,2020,1,12,4.863,5.305,-0.442
2020-01-13,2020,1,13,4.726,5.16,-0.434
2020-01-14,2020,1,14,4.602,5.047,-0.445
2020-01-15,2020,1,15,4.442,4.926,-0.484
2020-01-16,2020,1,16,4.393,4.819,-0.426
2020-01-17,2020,1,17,4.356,4.709,-0.353
2020-01-18,2020,1,18,4.249,4.614,-0.365
2020-01-19,2020,1,19,4.154,4.521,-0.367
2020-01-20,2020,1,20,4.016,4.427,-0.411
2020-01-21,2020,1,21,4.009,4.335,-0.326
2020-01-22,2020,1,22,3.949,4.24,-0.291
2020-01-23,2020,1,23,3.92,4.154,-0.234
2020-01-24,2020,1,24,3.825,4.074,-0.249
2020-01-25,2020,1,25,3.755,3.998,-0.243
2020-01-26,2020,1,26,3.679,3.929,-0.25
2020-01-27,2020,1,27,3.606,3.861,-0.255
2020-01-28,2020,1,28,3.583,3.808,-0.225
2020-01-29,2020,1,29,3.481,3.734,-0.253
2020-01-30,2020,1,30,3.431,3.665,-0.234
2020-01-31,2020,1,31,3.436,3.605,-0.169
2020-02-01,2020,2,1,3.375,3.534,-0.159
2020-02-02,2020,2,2,3.335,3.489,-0.154
2020-02-03,2020,2,3,3.233,3.43,-0.197
2020-02-04,2020,2,4,3.239,3.377,-0.138
2020-02-05,2020,2,5,3.19,3.326,-0.136
2020-02-06,2020,2,6,3.138,3.28,-0.142
2020-02-07,2020,2,7,3.091,3.227,-0.136
2020-02-08,2020,2,8,3.059,3.181,-0.122
2020-02-09,2020,2,9,3.023,3.141,-0.118
2020-02-10,2020,2,10,3.004,3.097,-0.093
2020-02-11,2020,2,11,2.974,3.064,-0.09
2020-02-12,2020,2,12,2.956,3.025,-0.069
2020-02-13,2020,2,13,2.901,2.998,-0.097
2020-02-14,2020,2,14,2.852,2.969,-0.117
2020-02-15,2020,2,15,2.824,2.935,-0.111
2020-02-16,2020,2,16,2.794,2.918,-0.124
2020-02-17,2020,2,17,2.758,2.914,-0.156
2020-02-18,2020,2,18,2.714,2.903,-0.189
2020-02-19,2020,2,19,2.711,2.881,-0.17
2020-02-20,2020,2,20,2.769,2.876,-0.107
2020-02-21,2020,2,21,2.76,2.881,-0.121
2020-02-22,2020,2,22,2.747,2.885,-0.138
2020-02-23,2020,2,23,2.756,2.892,-0.136
2020-02-24,2020,2,24,2.754,2.889,-0.135
2020-02-25,2020,2,25,2.757,2.907,-0.15
2020-02-26,2020,2,26,2.757,2.931,-0.174
2020-02-27,2020,2,27,2.735,2.96,-0.225
2020-02-28,2020,2,28,2.753,2.994,-0.241
2020-02-29,2020,2,29,2.723,3.014,-0.291
2020-03-01,2020,3,1,2.747,3.061,-0.314
2020-03-02,2020,3,2,2.752,3.105,-0.353
2020-03-03,2020,3,3,2.778,3.166,-0.388
2020-03-04,2020,3,4,2.853,3.211,-0.358
2020-03-05,2020,3,5,2.969,3.253,-0.284
2020-03-06,2020,3,6,3.109,3.306,-0.197
2020-03-07,2020,3,7,3.194,3.37,-0.176
2020-03-08,2020,3,8,3.305,3.433,-0.128
2020-03-09,2020,3,9,3.392,3.507,-0.115
2020-03-10,2020,3,10,3.496,3.592,-0.096
2020-03-11,2020,3,11,3.623,3.658,-0.035
2020-03-12,2020,3,12,3.73,3.735,-0.005
2020-03-13,2020,3,13,3.816,3.815,0.001
2020-03-14,2020,3,14,3.933,3.892,0.041
2020-03-15,2020,3,15,4.029,3.966,0.063
2020-03-16,2020,3,16,4.063,4.035,0.028
2020-03-17,2020,3,17,4.1,4.11,-0.01
2020-03-18,2020,3,18,4.198,4.199,-0.001
2020-03-19,2020,3,19,4.279,4.271,0.008
2020-03-20,2020,3,20,4.409,4.362,0.047
2020-03-21,2020,3,21,4.488,4.441,0.047
2020-03-22,2020,3,22,4.506,4.521,-0.015
2020-03-23,2020,3,23,4.559,4.613,-0.054
2020-03-24,2020,3,24,4.681,4.701,-0.02
2020-03-25,2020,3,25,4.729,4.798,-0.069
2020-03-26,2020,3,26,4.858,4.884,-0.026
2020-03-27,2020,3,27,4.921,4.956,-0.035
2020-03-28,2020,3,28,4.97,5.047,-0.077
2020-03-29,2020,3,29,5.114,5.139,-0.025
2020-03-30,2020,3,30,5.179,5.219,-0.04
2020-03-31,2020,3,31,5.304,5.312,-0.008
2020-04-01,2020,4,1,5.391,5.405,-0.014
2020-04-02,2020,4,2,5.457,5.508,-0.051
2020-04-03,2020,4,3,5.551,5.607,-0.056
2020-04-04,2020,4,4,5.577,5.708,-0.131
2020-04-05,2020,4,5,5.68,5.806,-0.126
2020-04-06,2020,4,6,5.742,5.908,-0.166
2020-04-07,2020,4,7,5.844,6.018,-0.174
2020-04-08,2020,4,8,5.931,6.125,-0.194
2020-04-09,2020,4,9,6.053,6.218,-0.165
2020-04-10,2020,4,10,6.115,6.329,-0.214
2020-04-11,2020,4,11,6.226,6.434,-0.208
2020-04-12,2020,4,12,6.32,6.549,-0.229
2020-04-13,2020,4,13,6.448,6.656,-0.208
2020-04-14,2020,4,14,6.424,6.757,-0.333
2020-04-15,2020,4,15,6.517,6.862,-0.345
2020-04-16,2020,4,16,6.583,6.977,-0.394
2020-04-17,2020,4,17,6.712,7.089,-0.377
2020-04-18,2020,4,18,6.75,7.194,-0.444
2020-04-19,2020,4,19,6.817,7.303,-0.486
2020-04-20,2020,4,20,7.02,7.414,-0.394
2020-04-21,2020,4,21,7.087,7.516,-0.429
2020-04-22,2020,4,22,7.159,7.624,-0.465
2020-04-23,2020,4,23,7.313,7.733,-0.42
2020-04-24,2020,4,24,7.478,7.84,-0.362
2020-04-25,2020,4,25,7.645,7.947,-0.302
2020-04-26,2020,4,26,7.796,8.05,-0.254
2020-04-27,2020,4,27,7.927,8.165,-0.238
2020-04-28,2020,4,28,8.056,8.28,-0.224
2020-04-29,2020,4,29,8.061,8.387,-0.326
2020-04-30,2020,4,30,8.191,8.497,-0.306
2020-05-01,2020,5,1,8.338,8.604,-0.266
2020-05-02,2020,5,2,8.411,8.71,-0.299
2020-05-03,2020,5,3,8.492,8.825,-0.333
2020-05-04,2020,5,4,8.55,8.94,-0.39
2020-05-05,2020,5,5,8.603,9.053,-0.45
2020-05-06,2020,5,6,8.723,9.161,-0.438
2020-05-07,2020,5,7,8.852,9.28,-0.428
2020-05-08,2020,5,8,8.965,9.392,-0.427
2020-05-09,2020,5,9,9.095,9.487,-0.392
2020-05-10,2020,5,10,9.199,9.588,-0.389
2020-05-11,2020,5,11,9.261,9.705,-0.444
2020-05-12,2020,5,12,9.356,9.811,-0.455
2020-05-13,2020,5,13,9.489,9.928,-0.439
2020-05-14,2020,5,14,9.519,10.039,-0.52
2020-05-15,2020,5,15,9.594,10.147,-0.553
2020-05-16,2020,5,16,9.673,10.26,-0.587
2020-05-17,2020,5,17,9.841,10.366,-0.525
2020-05-18,2020,5,18,10.021,10.47,-0.449
2020-05-19,2020,5,19,10.168,10.583,-0.415
2020-05-20,2020,5,20,10.292,10.708,-0.416
2020-05-21,2020,5,21,10.397,10.809,-0.412
2020-05-22,2020,5,22,10.598,10.909,-0.311
2020-05-23,2020,5,23,10.708,11.019,-0.311
2020-05-24,2020,5,24,10.782,11.119,-0.337
2020-05-25,2020,5,25,10.943,11.219,-0.276
2020-05-26,2020,5,26,10.99,11.321,-0.331
2020-05-27,2020,5,27,11.151,11.422,-0.271
2020-05-28,2020,5,28,11.386,11.532,-0.146
2020-05-29,2020,5,29,11.454,11.629,-0.175
2020-05-30,2020,5,30,11.519,11.732,-0.213
2020-05-31,2020,5,31,11.634,11.859,-0.225
2020-06-01,2020,6,1,11.778,11.978,-0.2
2020-06-02,2020,6,2,11.866,12.077,-0.211
2020-06-03,2020,6,3,12.0,12.168,-0.168
2020-06-04,2020,6,4,12.082,12.271,-0.189
2020-06-05,2020,6,5,12.203,12.383,-0.18
2020-06-06,2020,6,6,12.325,12.49,-0.165
2020-06-07,2020,6,7,12.447,12.581,-0.134
2020-06-08,2020,6,8,12.467,12.69,-0.223
2020-06-09,2020,6,9,12.584,12.792,-0.208
2020-06-10,2020,6,10,12.775,12.894,-0.119
2020-06-11,2020,6,11,12.916,12.987,-0.071
2020-06-12,2020,6,12,13.009,13.074,-0.065
2020-06-13,2020,6,13,13.118,13.172,-0.054
2020-06-14,2020,6,14,13.279,13.279,0.0
2020-06-15,2020,6,15,13.409,13.384,0.025
2020-06-16,2020,6,16,13.471,13.487,-0.016
2020-06-17,2020,6,17,13.481,13.597,-0.116
2020-06-18,2020,6,18,13.536,13.692,-0.156
2020-06-19,2020,6,19,13.576,13.796,-0.22
2020-06-20,2020,6,20,13.71,13.898,-0.188
2020-06-21,2020,6,21,13.834,13.991,-0.157
2020-06-22,2020,6,22,13.983,14.085,-0.102
2020-06-23,2020,6,23,14.093,14.186,-0.093
2020-06-24,2020,6,24,14.123,14.279,-0.156
2020-06-25,2020,6,25,14.146,14.37,-0.224
2020-06-26,2020,6,26,14.236,14.448,-0.212
2020-06-27,2020,6,27,14.337,14.524,-0.187
2020-06-28,2020,6,28,14.418,14.622,-0.204
2020-06-29,2020,6,29,14.49,14.709,-0.219
2020-06-30,2020,6,30,14.541,14.812,-0.271
2020-07-01,2020,7,1,14.614,14.896,-0.282
2020-07-02,2020,7,2,14.687,14.966,-0.279
2020-07-03,2020,7,3,14.804,15.039,-0.235
2020-07-04,2020,7,4,14.956,15.112,-0.156
2020-07-05,2020,7,5,15.066,15.187,-0.121
2020-07-06,2020,7,6,15.126,15.265,-0.139
2020-07-07,2020,7,7,15.159,15.329,-0.17
2020-07-08,2020,7,8,15.249,15.395,-0.146
2020-07-09,2020,7,9,15.325,15.482,-0.157
2020-07-10,2020,7,10,15.417,15.547,-0.13
2020-07-11,2020,7,11,15.391,15.652,-0.261
2020-07-12,2020,7,12,15.414,15.753,-0.339
2020-07-13,2020,7,13,15.455,15.839,-0.384
2020-07-14,2020,7,14,15.57,15.909,-0.339
2020-07-15,2020,7,15,15.633,15.971,-0.338
2020-07-16,2020,7,16,15.634,16.038,-0.404
2020-07-17,2020,7,17,15.726,16.084,-0.358
2020-07-18,2020,7,18,15.813,16.164,-0.351
2020-07-19,2020,7,19,15.868,16.257,-0.389
2020-07-20,2020,7,20,15.977,16.345,-0.368
2020-07-21,2020,7,21,15.977,16.437,-0.46
2020-07-22,2020,7,22,16.114,16.517,-0.403
2020-07-23,2020,7,23,16.222,16.591,-0.369
2020-07-24,2020,7,24,16.272,16.643,-0.371
2020-07-25,2020,7,25,16.383,16.69,-0.307
2020-07-26,2020,7,26,16.426,16.746,-0.32
2020-07-27,2020,7,27,16.525,16.801,-0.276
2020-07-28,2020,7,28,16.593,16.857,-0.264
2020-07-29,2020,7,29,16.552,16.929,-0.377
2020-07-30,2020,7,30,16.619,16.981,-0.362
2020-07-31,2020,7,31,16.797,17.028,-0.231
2020-08-01,2020,8,1,16.803,17.083,-0.28
2020-08-02,2020,8,2,16.848,17.135,-0.287
2020-08-03,2020,8,3,16.898,17.19,-0.292
2020-08-04,2020,8,4,16.879,17.236,-0.357
2020-08-05,2020,8,5,16.95,17.287,-0.337
2020-08-06,2020,8,6,17.007,17.35,-0.343
2020-08-07,2020,8,7,17.086,17.421,-0.335
2020-08-08,2020,8,8,17.259,17.481,-0.222
2020-08-09,2020,8,9,17.352,17.514,-0.162
2020-08-10,2020,8,10,17.395,17.547,-0.152
2020-08-11,2020,8,11,17.512,17.593,-0.081
2020-08-12,2020,8,12,17.614,17.642,-0.028
2020-08-13,2020,8,13,17.656,17.683,-0.027
2020-08-14,2020,8,14,17.757,17.738,0.019
2020-08-15,2020,8,15,17.725,17.782,-0.057
2020-08-16,2020,8,16,17.753,17.827,-0.074
2020-08-17,2020,8,17,17.833,17.845,-0.012
2020-08-18,2020,8,18,17.921,17.867,0.054
2020-08-19,2020,8,19,18.011,17.888,0.123
2020-08-20,2020,8,20,18.018,17.924,0.094
2020-08-21,2020,8,21,18.078,17.964,0.114
2020-08-22,2020,8,22,18.11,17.983,0.127
2020-08-23,2020,8,23,18.187,18.018,0.169
2020-08-24,2020,8,24,18.253,18.053,0.2
2020-08-25,2020,8,25,18.314,18.105,0.209
2020-08-26,2020,8,26,18.382,18.145,0.237
2020-08-27,2020,8,27,18.487,18.159,0.328
2020-08-28,2020,8,28,18.517,18.195,0.322
2020-08-29,2020,8,29,18.696,18.222,0.474
2020-08-30,2020,8,30,18.608,18.241,0.367
2020-08-31,2020,8,31,18.6,18.264,0.336
2020-09-01,2020,9,1,18.495,18.288,0.207
2020-09-02,2020,9,2,18.459,18.308,0.151
2020-09-03,2020,9,3,18.591,18.333,0.258
2020-09-04,2020,9,4,18.529,18.352,0.177
2020-09-05,2020,9,5,18.583,18.373,0.21
2020-09-06,2020,9,6,18.632,18.397,0.235
2020-09-07,2020,9,7,18.702,18.416,0.286
2020-09-08,2020,9,8,18.703,18.445,0.258
2020-09-09,2020,9,9,18.664,18.47,0.194
2020-09-10,2020,9,10,18.769,18.49,0.279
2020-09-11,2020,9,11,18.829,18.502,0.327
2020-09-12,2020,9,12,18.891,18.521,0.37
2020-09-13,2020,9,13,18.907,18.522,0.385
2020-09-14,2020,9,14,19.034,18.529,0.505
2020-09-15,2020,9,15,19.006,18.533,0.473
2020-09-16,2020,9,16,18.954,18.546,0.408
2020-09-17,2020,9,17,18.922,18.565,0.357
2020-09-18,2020,9,18,19.0,18.567,0.433
2020-09-19,2020,9,19,18.964,18.572,0.392
2020-09-20,2020,9,20,18.87,18.574,0.296
2020-09-21,2020,9,21,18.836,18.576,0.26
2020-09-22,2020,9,22,18.919,18.569,0.35
2020-09-23,2020,9,23,18.922,18.57,0.352
2020-09-24,2020,9,24,19.009,18.571,0.438
2020-09-25,2020,9,25,19.062,18.566,0.496
2020-09-26,2020,9,26,19.035,18.552,0.483
2020-09-27,2020,9,27,19.025,18.541,0.484
2020-09-28,2020,9,28,19.002,18.525,0.477
2020-09-29,2020,9,29,18.948,18.525,0.423
2020-09-30,2020,9,30,18.889,18.508,0.381
2020-10-01,2020,10,1,18.896,18.508,0.388
2020-10-02,2020,10,2,18.939,18.504,0.435
2020-10-03,2020,10,3,18.966,18.476,0.49
2020-10-04,2020,10,4,18.892,18.448,0.444
2020-10-05,2020,10,5,18.904,18.44,0.464
2020-10-06,2020,10,6,18.882,18.425,0.457
2020-10-07,2020,10,7,18.846,18.394,0.452
2020-10-08,2020,10,8,18.779,18.361,0.418
2020-10-09,2020,10,9,18.719,18.329,0.39
2020-10-10,2020,10,10,18.659,18.299,0.36
2020-10-11,2020,10,11,18.628,18.287,0.341
2020-10-12,2020,10,12,18.562,18.265,0.297
2020-10-13,2020,10,13,18.518,18.235,0.283
2020-10-14,2020,10,14,18.5,18.224,0.276
2020-10-15,2020,10,15,18.482,18.193,0.289
2020-10-16,2020,10,16,18.486,18.158,0.328
2020-10-17,2020,10,17,18.43,18.116,0.314
2020-10-18,2020,10,18,18.423,18.062,0.361
2020-10-19,2020,10,19,18.4,18.012,0.388
2020-10-20,2020,10,20,18.366,17.97,0.396
2020-10-21,2020,10,21,18.35,17.921,0.429
2020-10-22,2020,10,22,18.382,17.872,0.51
2020-10-23,2020,10,23,18.347,17.833,0.514
2020-10-24,2020,10,24,18.279,17.791,0.488
2020-10-25,2020,10,25,18.238,17.736,0.502
2020-10-26,2020,10,26,18.195,17.681,0.514
2020-10-27,2020,10,27,18.131,17.633,0.498
2020-10-28,2020,10,28,18.106,17.555,0.551
2020-10-29,2020,10,29,18.082,17.509,0.573
2020-10-30,2020,10,30,17.999,17.449,0.55
2020-10-31,2020,10,31,17.909,17.367,0.542
2020-11-01,2020,11,1,17.768,17.312,0.456
2020-11-02,2020,11,2,17.668,17.229,0.439
2020-11-03,2020,11,3,17.567,17.153,0.414
2020-11-04,2020,11,4,17.387,17.081,0.306
2020-11-05,2020,11,5,17.296,17.011,0.285
2020-11-06,2020,11,6,17.275,16.934,0.341
2020-11-07,2020,11,7,17.214,16.848,0.366
2020-11-08,2020,11,8,17.116,16.762,0.354
2020-11-09,2020,11,9,16.947,16.667,0.28
2020-11-10,2020,11,10,16.867,16.562,0.305
2020-11-11,2020,11,11,16.841,16.472,0.369
2020-11-12,2020,11,12,16.785,16.378,0.407
2020-11-13,2020,11,13,16.653,16.272,0.381
2020-11-14,2020,11,14,16.595,16.175,0.42
2020-11-15,2020,11,15,16.553,16.061,0.492
2020-11-16,2020,11,16,16.392,15.925,0.467
2020-11-17,2020,11,17,16.284,15.797,0.487
2020-11-18,2020,11,18,16.266,15.665,0.601
2020-11-19,2020,11,19,16.105,15.509,0.596
2020-11-20,2020,11,20,15.946,15.368,0.578
2020-11-21,2020,11,21,15.771,15.213,0.558
2020-11-22,2020,11,22,15.578,15.069,0.509
2020-11-23,2020,11,23,15.437,14.896,0.541
2020-11-24,2020,11,24,15.204,14.74,0.464
2020-11-25,2020,11,25,15.076,14.575,0.501
2020-11-26,2020,11,26,14.834,14.417,0.417
2020-11-27,2020,11,27,14.626,14.239,0.387
2020-11-28,2020,11,28,14.436,14.055,0.381
2020-11-29,2020,11,29,14.309,13.868,0.441
2020-11-30,2020,11,30,14.13,13.685,0.445
2020-12-01,2020,12,1,13.983,13.513,0.47
2020-12-02,2020,12,2,13.897,13.294,0.603
2020-12-03,2020,12,3,13.744,13.105,0.639
2020-12-04,2020,12,4,13.499,12.904,0.595
2020-12-05,2020,12,5,13.329,12.703,0.626
2020-12-06,2020,12,6,13.194,12.495,0.699
2020-12-07,2020,12,7,12.921,12.29,0.631
2020-12-08,2020,12,8,12.644,12.068,0.576
2020-12-09,2020,12,9,12.466,11.859,0.607
2020-12-10,2020,12,10,12.226,11.659,0.567
2020-12-11,2020,12,11,11.985,11.436,0.549
2020-12-12,2020,12,12,11.741,11.222,0.519
2020-12-13,2020,12,13,11.545,10.998,0.547
2020-12-14,2020,12,14,11.314,10.755,0.559
2020-12-15,2020,12,15,11.061,10.498,0.563
2020-12-16,2020,12,16,10.767,10.247,0.52
2020-12-17,2020,12,17,10.476,9.984,0.492
2020-12-18,2020,12,18,10.147,9.732,0.415
2020-12-19,2020,12,19,9.89,9.48,0.41
2020-12-20,2020,12,20,9.63,9.255,0.375
2020-12-21,2020,12,21,9.289,9.039,0.25
2020-12-22,2020,12,22,9.102,8.835,0.267
2020-12-23,2020,12,23,8.766,8.631,0.135
2020-12-24,2020,12,24,8.558,8.416,0.142
2020-12-25,2020,12,25,8.274,8.224,0.05
2020-12-26,2020,12,26,7.888,8.018,-0.13
2020-12-27,2020,12,27,7.441,7.811,-0.37
2020-12-28,2020,12,28,7.208,7.624,-0.416
2020-12-29,2020,12,29,7.121,7.406,-0.285
2020-12-30,2020,12,30,6.984,7.222,-0.238
2020-12-31,2020,12,31,6.725,7.059,-0.334
2021-01-01,2021,1,1,6.599,6.999,-0.4
2021-01-02,2021,1,2,6.48,6.808,-0.328
2021-01-03,2021,1,3,6.358,6.621,-0.263
2021-01-04,2021,1,4,6.204,6.451,-0.247
2021-01-05,2021,1,5,6.027,6.296,-0.269
2021-01-06,2021,1,6,5.868,6.142,-0.274
2021-01-07,2021,1,7,5.701,5.999,-0.298
2021-01-08,2021,1,8,5.582,5.838,-0.256
2021-01-09,2021,1,9,5.503,5.681,-0.178
2021-01-10,2021,1,10,5.443,5.547,-0.104
2021-01-11,2021,1,11,5.349,5.423,-0.074
2021-01-12,2021,1,12,5.141,5.305,-0.164
2021-01-13,2021,1,13,5.044,5.16,-0.116
2021-01-14,2021,1,14,4.948,5.047,-0.099
2021-01-15,2021,1,15,4.817,4.926,-0.109
2021-01-16,2021,1,16,4.741,4.819,-0.078
2021-01-17,2021,1,17,4.582,4.709,-0.127
2021-01-18,2021,1,18,4.423,4.614,-0.191
2021-01-19,2021,1,19,4.286,4.521,-0.235
2021-01-20,2021,1,20,4.287,4.427,-0.14
2021-01-21,2021,1,21,4.134,4.335,-0.201
2021-01-22,2021,1,22,3.967,4.24,-0.273
2021-01-23,2021,1,23,3.953,4.154,-0.201
2021-01-24,2021,1,24,3.81,4.074,-0.264
2021-01-25,2021,1,25,3.728,3.998,-0.27
2021-01-26,2021,1,26,3.669,3.929,-0.26
2021-01-27,2021,1,27,3.552,3.861,-0.309
2021-01-28,2021,1,28,3.568,3.808,-0.24
2021-01-29,2021,1,29,3.516,3.734,-0.218
2021-01-30,2021,1,30,3.457,3.665,-0.208
2021-01-31,2021,1,31,3.358,3.605,-0.247
2021-02-01,2021,2,1,3.351,3.534,-0.183
2021-02-02,2021,2,2,3.256,3.489,-0.233
2021-02-03,2021,2,3,3.153,3.43,-0.277
2021-02-04,2021,2,4,3.114,3.377,-0.263
2021-02-05,2021,2,5,3.07,3.326,-0.256
2021-02-06,2021,2,6,3.045,3.28,-0.235
2021-02-07,2021,2,7,2.994,3.227,-0.233
2021-02-08,2021,2,8,3.071,3.181,-0.11
2021-02-09,2021,2,9,2.998,3.141,-0.143
2021-02-10,2021,2,10,2.904,3.097,-0.193
2021-02-11,2021,2,11,2.852,3.064,-0.212
2021-02-12,2021,2,12,2.833,3.025,-0.192
2021-02-13,2021,2,13,2.811,2.998,-0.187
2021-02-14,2021,2,14,2.727,2.969,-0.242
2021-02-15,2021,2,15,2.709,2.935,-0.226
2021-02-16,2021,2,16,2.69,2.918,-0.228
2021-02-17,2021,2,17,2.749,2.914,-0.165
2021-02-18,2021,2,18,2.717,2.903,-0.186
2021-02-19,2021,2,19,2.739,2.881,-0.142
2021-02-20,2021,2,20,2.703,2.876,-0.173
2021-02-21,2021,2,21,2.691,2.881,-0.19
2021-02-22,2021,2,22,2.68,2.885,-0.205
2021-02-23,2021,2,23,2.718,2.892,-0.174
2021-02-24,2021,2,24,2.718,2.889,-0.171
2021-02-25,2021,2,25,2.769,2.907,-0.138
2021-02-26,2021,2,26,2.875,2.931,-0.056
2021-02-27,2021,2,27,2.982,2.96,0.022
2021-02-28,2021,2,28,3.064,2.994,0.07
2021-03-01,2021,3,1,3.215,3.061,0.154
2021-03-02,2021,3,2,3.338,3.105,0.233
2021-03-03,2021,3,3,3.495,3.166,0.329
2021-03-04,2021,3,4,3.647,3.211,0.436
2021-03-05,2021,3,5,3.706,3.253,0.453
2021-03-06,2021,3,6,3.808,3.306,0.502
2021-03-07,2021,3,7,3.857,3.37,0.487
2021-03-08,2021,3,8,3.959,3.433,0.526
2021-03-09,2021,3,9,4.018,3.507,0.511
2021-03-10,2021,3,10,4.043,3.592,0.451
2021-03-11,2021,3,11,4.111,3.658,0.453
2021-03-12,2021,3,12,4.164,3.735,0.429
2021-03-13,2021,3,13,4.238,3.815,0.423
2021-03-14,2021,3,14,4.341,3.892,0.449
2021-03-15,2021,3,15,4.366,3.966,0.4
2021-03-16,2021,3,16,4.467,4.035,0.432
2021-03-17,2021,3,17,4.494,4.11,0.384
2021-03-18,2021,3,18,4.54,4.199,0.341
2021-03-19,2021,3,19,4.611,4.271,0.34
2021-03-20,2021,3,20,4.678,4.362,0.316
2021-03-21,2021,3,21,4.827,4.441,0.386
2021-03-22,2021,3,22,4.943,4.521,0.422
2021-03-23,2021,3,23,5.048,4.613,0.435
2021-03-24,2021,3,24,5.135,4.701,0.434
2021-03-25,2021,3,25,5.242,4.798,0.444
2021-03-26,2021,3,26,5.272,4.884,0.388
2021-03-27,2021,3,27,5.32,4.956,0.364
2021-03-28,2021,3,28,5.418,5.047,0.371
2021-03-29,2021,3,29,5.474,5.139,0.335
2021-03-30,2021,3,30,5.54,5.219,0.321
2021-03-31,2021,3,31,5.674,5.312,0.362
2021-04-01,2021,4,1,5.784,5.405,0.379
2021-04-02,2021,4,2,5.879,5.508,0.371
2021-04-03,2021,4,3,5.954,5.607,0.347
2021-04-04,2021,4,4,6.03,5.708,0.322
2021-04-05,2021,4,5,6.083,5.806,0.277
2021-04-06,2021,4,6,6.157,5.908,0.249
2021-04-07,2021,4,7,6.223,6.018,0.205
2021-04-08,2021,4,8,6.31,6.125,0.185
2021-04-09,2021,4,9,6.394,6.218,0.176
2021-04-10,2021,4,10,6.494,6.329,0.165
2021-04-11,2021,4,11,6.59,6.434,0.156
2021-04-12,2021,4,12,6.693,6.549,0.144
2021-04-13,2021,4,13,6.854,6.656,0.198
2021-04-14,2021,4,14,6.967,6.757,0.21
2021-04-15,2021,4,15,7.071,6.862,0.209
2021-04-16,2021,4,16,7.124,6.977,0.147
2021-04-17,2021,4,17,7.29,7.089,0.201
2021-04-18,2021,4,18,7.401,7.194,0.207
2021-04-19,2021,4,19,7.543,7.303,0.24
2021-04-20,2021,4,20,7.575,7.414,0.161
2021-04-21,2021,4,21,7.701,7.516,0.185
2021-04-22,2021,4,22,7.765,7.624,0.141
2021-04-23,2021,4,23,7.867,7.733,0.134
2021-04-24,2021,4,24,7.959,7.84,0.119
2021-04-25,2021,4,25,8.048,7.947,0.101
2021-04-26,2021,4,26,8.156,8.05,0.106
2021-04-27,2021,4,27,8.32,8.165,0.155
2021-04-28,2021,4,28,8.468,8.28,0.188
2021-04-29,2021,4,29,8.58,8.387,0.193
2021-04-30,2021,4,30,8.692,8.497,0.195
2021-05-01,2021,5,1,8.828,8.604,0.224
2021-05-02,2021,5,2,8.882,8.71,0.172
2021-05-03,2021,5,3,9.014,8.825,0.189
2021-05-04,2021,5,4,9.133,8.94,0.193
2021-05-05,2021,5,5,9.28,9.053,0.227
2021-05-06,2021,5,6,9.368,9.161,0.207
2021-05-07,2021,5,7,9.555,9.28,0.275
2021-05-08,2021,5,8,9.683,9.392,0.291
2021-05-09,2021,5,9,9.778,9.487,0.291
2021-05-10,2021,5,10,9.905,9.588,0.317
2021-05-11,2021,5,11,10.008,9.705,0.303
2021-05-12,2021,5,12,10.066,9.811,0.255
2021-05-13,2021,5,13,10.154,9.928,0.226
2021-05-14,2021,5,14,10.235,10.039,0.196
2021-05-15,2021,5,15,10.379,10.147,0.232
2021-05-16,2021,5,16,10.459,10.26,0.199
2021-05-17,2021,5,17,10.525,10.366,0.159
2021-05-18,2021,5,18,10.624,10.47,0.154
2021-05-19,2021,5,19,10.68,10.583,0.097
2021-05-20,2021,5,20,10.712,10.708,0.004
2021-05-21,2021,5,21,10.842,10.809,0.033
2021-05-22,2021,5,22,10.936,10.909,0.027
2021-05-23,2021,5,23,11.001,11.019,-0.018
2021-05-24,2021,5,24,11.1,11.119,-0.019
2021-05-25,2021,5,25,11.255,11.219,0.036
2021-05-26,2021,5,26,11.494,11.321,0.173
2021-05-27,2021,5,27,11.587,11.422,0.165
2021-05-28,2021,5,28,11.644,11.532,0.112
2021-05-29,2021,5,29,11.689,11.629,0.06
2021-05-30,2021,5,30,11.751,11.732,0.019
2021-05-31,2021,5,31,11.857,11.859,-0.002
2021-06-01,2021,6,1,11.947,11.978,-0.031
2021-06-02,2021,6,2,12.032,12.077,-0.045
2021-06-03,2021,6,3,12.135,12.168,-0.033
2021-06-04,2021,6,4,12.222,12.271,-0.049
2021-06-05,2021,6,5,12.333,12.383,-0.05
2021-06-06,2021,6,6,12.426,12.49,-0.064
2021-06-07,2021,6,7,12.554,12.581,-0.027
2021-06-08,2021,6,8,12.666,12.69,-0.024
2021-06-09,2021,6,9,12.829,12.792,0.037
2021-06-10,2021,6,10,12.964,12.894,0.07
2021-06-11,2021,6,11,13.105,12.987,0.118
2021-06-12,2021,6,12,13.222,13.074,0.148
2021-06-13,2021,6,13,13.363,13.172,0.191
2021-06-14,2021,6,14,13.544,13.279,0.265
2021-06-15,2021,6,15,13.631,13.384,0.247
2021-06-16,2021,6,16,13.725,13.487,0.238
2021-06-17,2021,6,17,13.872,13.597,0.275
2021-06-18,2021,6,18,13.846,13.692,0.154
2021-06-19,2021,6,19,13.886,13.796,0.09
2021-06-20,2021,6,20,13.966,13.898,0.068
2021-06-21,2021,6,21,14.114,13.991,0.123
2021-06-22,2021,6,22,14.183,14.085,0.098
2021-06-23,2021,6,23,14.289,14.186,0.103
2021-06-24,2021,6,24,14.374,14.279,0.095
2021-06-25,2021,6,25,14.568,14.37,0.198
2021-06-26,2021,6,26,14.698,14.448,0.25
2021-06-27,2021,6,27,14.883,14.524,0.359
2021-06-28,2021,6,28,14.94,14.622,0.318
2021-06-29,2021,6,29,14.948,14.709,0.239
2021-06-30,2021,6,30,14.985,14.812,0.173
2021-07-01,2021,7,1,15.071,14.896,0.175
2021-07-02,2021,7,2,15.218,14.966,0.252
2021-07-03,2021,7,3,15.345,15.039,0.306
2021-07-04,2021,7,4,15.392,15.112,0.28
2021-07-05,2021,7,5,15.506,15.187,0.319
2021-07-06,2021,7,6,15.648,15.265,0.383
2021-07-07,2021,7,7,15.74,15.329,0.411
2021-07-08,2021,7,8,15.841,15.395,0.446
2021-07-09,2021,7,9,15.83,15.482,0.348
2021-07-10,2021,7,10,15.913,15.547,0.366
2021-07-11,2021,7,11,15.881,15.652,0.229
2021-07-12,2021,7,12,15.922,15.753,0.169
2021-07-13,2021,7,13,16.072,15.839,0.233
2021-07-14,2021,7,14,16.223,15.909,0.314
2021-07-15,2021,7,15,16.386,15.971,0.415
2021-07-16,2021,7,16,16.547,16.038,0.509
2021-07-17,2021,7,17,16.633,16.084,0.549
2021-07-18,2021,7,18,16.739,16.164,0.575
2021-07-19,2021,7,19,16.927,16.257,0.67
2021-07-20,2021,7,20,16.809,16.345,0.464
2021-07-21,2021,7,21,16.894,16.437,0.457
2021-07-22,2021,7,22,17.064,16.517,0.547
2021-07-23,2021,7,23,17.186,16.591,0.595
2021-07-24,2021,7,24,17.254,16.643,0.611
2021-07-25,2021,7,25,17.288,16.69,0.598
2021-07-26,2021,7,26,17.336,16.746,0.59
2021-07-27,2021,7,27,17.428,16.801,0.627
2021-07-28,2021,7,28,17.438,16.857,0.581
2021-07-29,2021,7,29,17.482,16.929,0.553
2021-07-30,2021,7,30,17.522,16.981,0.541
2021-07-31,2021,7,31,17.475,17.028,0.447
2021-08-01,2021,8,1,17.464,17.083,0.381
2021-08-02,2021,8,2,17.503,17.135,0.368
2021-08-03,2021,8,3,17.535,17.19,0.345
2021-08-04,2021,8,4,17.594,17.236,0.358
2021-08-05,2021,8,5,17.64,17.287,0.353
2021-08-06,2021,8,6,17.752,17.35,0.402
2021-08-07,2021,8,7,17.812,17.421,0.391
2021-08-08,2021,8,8,17.807,17.481,0.326
2021-08-09,2021,8,9,17.856,17.514,0.342
2021-08-10,2021,8,10,17.901,17.547,0.354
2021-08-11,2021,8,11,17.864,17.593,0.271
2021-08-12,2021,8,12,17.941,17.642,0.299
2021-08-13,2021,8,13,18.048,17.683,0.365
2021-08-14,2021,8,14,18.112,17.738,0.374
2021-08-15,2021,8,15,18.091,17.782,0.309
2021-08-16,2021,8,16,18.068,17.827,0.241
2021-08-17,2021,8,17,18.215,17.845,0.37
2021-08-18,2021,8,18,18.33,17.867,0.463
2021-08-19,2021,8,19,18.418,17.888,0.53
2021-08-20,2021,8,20,18.454,17.924,0.53
2021-08-21,2021,8,21,18.471,17.964,0.507
2021-08-22,2021,8,22,18.472,17.983,0.489
2021-08-23,2021,8,23,18.497,18.018,0.479
2021-08-24,2021,8,24,18.583,18.053,0.53
2021-08-25,2021,8,25,18.686,18.105,0.581
2021-08-26,2021,8,26,18.746,18.145,0.601
2021-08-27,2021,8,27,18.773,18.159,0.614
2021-08-28,2021,8,28,18.774,18.195,0.579
2021-08-29,2021,8,29,18.856,18.222,0.634
2021-08-30,2021,8,30,18.893,18.241,0.652
2021-08-31,2021,8,31,18.862,18.264,0.598
2021-09-01,2021,9,1,18.814,18.288,0.526
2021-09-02,2021,9,2,18.645,18.308,0.337
2021-09-03,2021,9,3,18.612,18.333,0.279
2021-09-04,2021,9,4,18.658,18.352,0.306
2021-09-05,2021,9,5,18.545,18.373,0.172
2021-09-06,2021,9,6,18.605,18.397,0.208
2021-09-07,2021,9,7,18.676,18.416,0.26
2021-09-08,2021,9,8,18.774,18.445,0.329
2021-09-09,2021,9,9,18.732,18.47,0.262
2021-09-10,2021,9,10,18.713,18.49,0.223
2021-09-11,2021,9,11,18.716,18.502,0.214
2021-09-12,2021,9,12,18.684,18.521,0.163
2021-09-13,2021,9,13,18.694,18.522,0.172
2021-09-14,2021,9,14,18.538,18.529,0.009
2021-09-15,2021,9,15,18.479,18.533,-0.054
2021-09-16,2021,9,16,18.455,18.546,-0.091
2021-09-17,2021,9,17,18.417,18.565,-0.148
2021-09-18,2021,9,18,18.423,18.567,-0.144
2021-09-19,2021,9,19,18.371,18.572,-0.201
2021-09-20,2021,9,20,18.429,18.574,-0.145
2021-09-21,2021,9,21,18.433,18.576,-0.143
2021-09-22,2021,9,22,18.465,18.569,-0.104
2021-09-23,2021,9,23,18.432,18.57,-0.138
2021-09-24,2021,9,24,18.409,18.571,-0.162
2021-09-25,2021,9,25,18.426,18.566,-0.14
2021-09-26,2021,9,26,18.29,18.552,-0.262
2021-09-27,2021,9,27,18.227,18.541,-0.314
2021-09-28,2021,9,28,18.23,18.525,-0.295
2021-09-29,2021,9,29,18.22,18.525,-0.305
2021-09-30,2021,9,30,18.165,18.508,-0.343
2021-10-01,2021,10,1,18.146,18.508,-0.362
2021-10-02,2021,10,2,18.193,18.504,-0.311
2021-10-03,2021,10,3,18.199,18.476,-0.277
2021-10-04,2021,10,4,18.115,18.448,-0.333
2021-10-05,2021,10,5,18.08,18.44,-0.36
2021-10-06,2021,10,6,17.908,18.425,-0.517
2021-10-07,2021,10,7,17.928,18.394,-0.466
2021-10-08,2021,10,8,17.914,18.361,-0.447
2021-10-09,2021,10,9,17.909,18.329,-0.42
2021-10-10,2021,10,10,17.889,18.299,-0.41
2021-10-11,2021,10,11,17.83,18.287,-0.457
2021-10-12,2021,10,12,17.892,18.265,-0.373
2021-10-13,2021,10,13,17.887,18.235,-0.348
2021-10-14,2021,10,14,17.868,18.224,-0.356
2021-10-15,2021,10,15,17.914,18.193,-0.279
2021-10-16,2021,10,16,17.968,18.158,-0.19
2021-10-17,2021,10,17,17.888,18.116,-0.228
2021-10-18,2021,10,18,17.826,18.062,-0.236
2021-10-19,2021,10,19,17.691,18.012,-0.321
2021-10-20,2021,10,20,17.661,17.97,-0.309
2021-10-21,2021,10,21,17.633,17.921,-0.288
2021-10-22,2021,10,22,17.602,17.872,-0.27
2021-10-23,2021,10,23,17.529,17.833,-0.304
2021-10-24,2021,10,24,17.468,17.791,-0.323
2021-10-25,2021,10,25,17.334,17.736,-0.402
2021-10-26,2021,10,26,17.195,17.681,-0.486
2021-10-27,2021,10,27,17.13,17.633,-0.503
2021-10-28,2021,10,28,17.063,17.555,-0.492
2021-10-29,2021,10,29,16.998,17.509,-0.511
2021-10-30,2021,10,30,16.879,17.449,-0.57
2021-10-31,2021,10,31,16.826,17.367,-0.541
2021-11-01,2021,11,1,16.693,17.312,-0.619
2021-11-02,2021,11,2,16.625,17.229,-0.604
2021-11-03,2021,11,3,16.52,17.153,-0.633
2021-11-04,2021,11,4,16.496,17.081,-0.585
2021-11-05,2021,11,5,16.392,17.011,-0.619
2021-11-06,2021,11,6,16.304,16.934,-0.63
2021-11-07,2021,11,7,16.146,16.848,-0.702
2021-11-08,2021,11,8,16.045,16.762,-0.717
2021-11-09,2021,11,9,15.988,16.667,-0.679
2021-11-10,2021,11,10,15.899,16.562,-0.663
2021-11-11,2021,11,11,15.852,16.472,-0.62
2021-11-12,2021,11,12,15.773,16.378,-0.605
2021-11-13,2021,11,13,15.681,16.272,-0.591
2021-11-14,2021,11,14,15.495,16.175,-0.68
2021-11-15,2021,11,15,15.331,16.061,-0.73
2021-11-16,2021,11,16,15.161,15.925,-0.764
2021-11-17,2021,11,17,14.933,15.797,-0.864
2021-11-18,2021,11,18,14.772,15.665,-0.893
2021-11-19,2021,11,19,14.656,15.509,-0.853
2021-11-20,2021,11,20,14.483,15.368,-0.885
2021-11-21,2021,11,21,14.313,15.213,-0.9
2021-11-22,2021,11,22,14.145,15.069,-0.924
2021-11-23,2021,11,23,13.954,14.896,-0.942
2021-11-24,2021,11,24,13.855,14.74,-0.885
2021-11-25,2021,11,25,13.689,14.575,-0.886
2021-11-26,2021,11,26,13.529,14.417,-0.888
2021-11-27,2021,11,27,13.396,14.239,-0.843
2021-11-28,2021,11,28,13.208,14.055,-0.847
2021-11-29,2021,11,29,13.043,13.868,-0.825
2021-11-30,2021,11,30,12.87,13.685,-0.815
2021-12-01,2021,12,1,12.725,13.513,-0.788
2021-12-02,2021,12,2,12.591,13.294,-0.703
2021-12-03,2021,12,3,12.253,13.105,-0.852
2021-12-04,2021,12,4,11.985,12.904,-0.919
2021-12-05,2021,12,5,11.895,12.703,-0.808
2021-12-06,2021,12,6,11.63,12.495,-0.865
2021-12-07,2021,12,7,11.361,12.29,-0.929
2021-12-08,2021,12,8,11.211,12.068,-0.857
2021-12-09,2021,12,9,11.08,11.859,-0.779
2021-12-10,2021,12,10,10.776,11.659,-0.883
2021-12-11,2021,12,11,10.626,11.436,-0.81
2021-12-12,2021,12,12,10.363,11.222,-0.859
2021-12-13,2021,12,13,10.157,10.998,-0.841
2021-12-14,2021,12,14,9.895,10.755,-0.86
2021-12-15,2021,12,15,9.638,10.498,-0.86
2021-12-16,2021,12,16,9.466,10.247,-0.781
2021-12-17,2021,12,17,9.254,9.984,-0.73
2021-12-18,2021,12,18,8.83,9.732,-0.902
2021-12-19,2021,12,19,8.544,9.48,-0.936
2021-12-20,2021,12,20,8.214,9.255,-1.041
2021-12-21,2021,12,21,7.908,9.039,-1.131
2021-12-22,2021,12,22,7.501,8.835,-1.334
2021-12-23,2021,12,23,7.217,8.631,-1.414
2021-12-24,2021,12,24,6.936,8.416,-1.48
2021-12-25,2021,12,25,6.774,8.224,-1.45
2021-12-26,2021,12,26,6.675,8.018,-1.343
2021-12-27,2021,12,27,6.631,7.811,-1.18
2021-12-28,2021,12,28,6.404,7.624,-1.22
2021-12-29,2021,12,29,6.278,7.406,-1.128
2021-12-30,2021,12,30,5.97,7.222,-1.252
2021-12-31,2021,12,31,5.803,7.059,-1.256
2022-01-01,2022,1,1,5.651,6.999,-1.348
2022-01-02,2022,1,2,5.412,6.808,-1.396
2022-01-03,2022,1,3,5.268,6.621,-1.353
2022-01-04,2022,1,4,5.092,6.451,-1.359
2022-01-05,2022,1,5,4.899,6.296,-1.397
2022-01-06,2022,1,6,4.775,6.142,-1.367
2022-01-07,2022,1,7,4.73,5.999,-1.269
2022-01-08,2022,1,8,4.66,5.838,-1.178
2022-01-09,2022,1,9,4.437,5.681,-1.244
2022-01-10,2022,1,10,4.35,5.547,-1.197
2022-01-11,2022,1,11,4.259,5.423,-1.164
2022-01-12,2022,1,12,4.179,5.305,-1.126
2022-01-13,2022,1,13,4.12,5.16,-1.04
2022-01-14,2022,1,14,4.103,5.047,-0.944
2022-01-15,2022,1,15,3.978,4.926,-0.948
2022-01-16,2022,1,16,3.845,4.819,-0.974
2022-01-17,2022,1,17,3.769,4.709,-0.94
2022-01-18,2022,1,18,3.659,4.614,-0.955
2022-01-19,2022,1,19,3.511,4.521,-1.01
2022-01-20,2022,1,20,3.496,4.427,-0.931
2022-01-21,2022,1,21,3.39,4.335,-0.945
2022-01-22,2022,1,22,3.363,4.24,-0.877
2022-01-23,2022,1,23,3.273,4.154,-0.881
2022-01-24,2022,1,24,3.169,4.074,-0.905
2022-01-25,2022,1,25,3.107,3.998,-0.891
2022-01-26,2022,1,26,3.041,3.929,-0.888
2022-01-27,2022,1,27,2.962,3.861,-0.899
2022-01-28,2022,1,28,2.938,3.808,-0.87
2022-01-29,2022,1,29,2.885,3.734,-0.849
2022-01-30,2022,1,30,2.867,3.665,-0.798
2022-01-31,2022,1,31,2.804,3.605,-0.801
2022-02-01,2022,2,1,2.788,3.534,-0.746
2022-02-02,2022,2,2,2.743,3.489,-0.746
2022-02-03,2022,2,3,2.645,3.43,-0.785
2022-02-04,2022,2,4,2.585,3.377,-0.792
2022-02-05,2022,2,5,2.549,3.326,-0.777
2022-02-06,2022,2,6,2.471,3.28,-0.809
2022-02-07,2022,2,7,2.436,3.227,-0.791
2022-02-08,2022,2,8,2.311,3.181,-0.87
2022-02-09,2022,2,9,2.279,3.141,-0.862
2022-02-10,2022,2,10,2.275,3.097,-0.822
2022-02-11,2022,2,11,2.225,3.064,-0.839
2022-02-12,2022,2,12,2.214,3.025,-0.811
2022-02-13,2022,2,13,2.182,2.998,-0.816
2022-02-14,2022,2,14,2.179,2.969,-0.79
2022-02-15,2022,2,15,2.081,2.935,-0.854
2022-02-16,2022,2,16,2.044,2.918,-0.874
2022-02-17,2022,2,17,2.08,2.914,-0.834
2022-02-18,2022,2,18,2.021,2.903,-0.882
2022-02-19,2022,2,19,2.028,2.881,-0.853
2022-02-20,2022,2,20,1.972,2.876,-0.904
2022-02-21,2022,2,21,1.974,2.881,-0.907
2022-02-22,2022,2,22,1.972,2.885,-0.913
2022-02-23,2022,2,23,2.0,2.892,-0.892
2022-02-24,2022,2,24,1.976,2.889,-0.913
2022-02-25,2022,2,25,1.957,2.907,-0.95
2022-02-26,2022,2,26,1.991,2.931,-0.94
2022-02-27,2022,2,27,1.98,2.96,-0.98
2022-02-28,2022,2,28,2.004,2.994,-0.99
2022-03-01,2022,3,1,2.04,3.061,-1.021
2022-03-02,2022,3,2,2.045,3.105,-1.06
2022-03-03,2022,3,3,2.086,3.166,-1.08
2022-03-04,2022,3,4,2.158,3.211,-1.053
2022-03-05,2022,3,5,2.219,3.253,-1.034
2022-03-06,2022,3,6,2.227,3.306,-1.079
2022-03-07,2022,3,7,2.277,3.37,-1.093
2022-03-08,2022,3,8,2.326,3.433,-1.107
2022-03-09,2022,3,9,2.396,3.507,-1.111
2022-03-10,2022,3,10,2.454,3.592,-1.138
2022-03-11,2022,3,11,2.469,3.658,-1.189
2022-03-12,2022,3,12,2.52,3.735,-1.215
2022-03-13,2022,3,13,2.539,3.815,-1.276
2022-03-14,2022,3,14,2.627,3.892,-1.265
2022-03-15,2022,3,15,2.682,3.966,-1.284
2022-03-16,2022,3,16,2.748,4.035,-1.287
2022-03-17,2022,3,17,2.784,4.11,-1.326
2022-03-18,2022,3,18,2.847,4.199,-1.352
2022-03-19,2022,3,19,2.966,4.271,-1.305
2022-03-20,2022,3,20,3.035,4.362,-1.327
2022-03-21,2022,3,21,3.108,4.441,-1.333
2022-03-22,2022,3,22,3.086,4.521,-1.435
2022-03-23,2022,3,23,3.123,4.613,-1.49
2022-03-24,2022,3,24,3.27,4.701,-1.431
2022-03-25,2022,3,25,3.402,4.798,-1.396
2022-03-26,2022,3,26,3.539,4.884,-1.345
2022-03-27,2022,3,27,3.664,4.956,-1.292
2022-03-28,2022,3,28,3.807,5.047,-1.24
2022-03-29,2022,3,29,3.989,5.139,-1.15
2022-03-30,2022,3,30,4.024,5.219,-1.195
2022-03-31,2022,3,31,4.17,5.312,-1.142
2022-04-01,2022,4,1,4.319,5.405,-1.086
2022-04-02,2022,4,2,4.493,5.508,-1.015
2022-04-03,2022,4,3,4.53,5.607,-1.077
2022-04-04,2022,4,4,4.582,5.708,-1.126
2022-04-05,2022,4,5,4.667,5.806,-1.139
2022-04-06,2022,4,6,4.767,5.908,-1.141
2022-04-07,2022,4,7,4.876,6.018,-1.142
2022-04-08,2022,4,8,4.946,6.125,-1.179
2022-04-09,2022,4,9,5.061,6.218,-1.157
2022-04-10,2022,4,10,5.21,6.329,-1.119
2022-04-11,2022,4,11,5.333,6.434,-1.101
2022-04-12,2022,4,12,5.46,6.549,-1.089
2022-04-13,2022,4,13,5.579,6.656,-1.077
2022-04-14,2022,4,14,5.716,6.757,-1.041
2022-04-15,2022,4,15,5.866,6.862,-0.996
2022-04-16,2022,4,16,6.004,6.977,-0.973
2022-04-17,2022,4,17,6.15,7.089,-0.939
2022-04-18,2022,4,18,6.267,7.194,-0.927
2022-04-19,2022,4,19,6.445,7.303,-0.858
2022-04-20,2022,4,20,6.488,7.414,-0.926
2022-04-21,2022,4,21,6.58,7.516,-0.936
2022-04-22,2022,4,22,6.74,7.624,-0.884
2022-04-23,2022,4,23,6.855,7.733,-0.878
2022-04-24,2022,4,24,7.031,7.84,-0.809
2022-04-25,2022,4,25,7.105,7.947,-0.842
2022-04-26,2022,4,26,7.248,8.05,-0.802
2022-04-27,2022,4,27,7.378,8.165,-0.787
2022-04-28,2022,4,28,7.446,8.28,-0.834
2022-04-29,2022,4,29,7.58,8.387,-0.807
2022-04-30,2022,4,30,7.722,8.497,-0.775
2022-05-01,2022,5,1,7.832,8.604,-0.772
2022-05-02,2022,5,2,7.886,8.71,-0.824
2022-05-03,2022,5,3,7.994,8.825,-0.831
2022-05-04,2022,5,4,8.126,8.94,-0.814
2022-05-05,2022,5,5,8.264,9.053,-0.789
2022-05-06,2022,5,6,8.402,9.161,-0.759
2022-05-07,2022,5,7,8.524,9.28,-0.756
2022-05-08,2022,5,8,8.691,9.392,-0.701
2022-05-09,2022,5,9,8.858,9.487,-0.629
2022-05-10,2022,5,10,8.869,9.588,-0.719
2022-05-11,2022,5,11,8.898,9.705,-0.807
2022-05-12,2022,5,12,9.066,9.811,-0.745
2022-05-13,2022,5,13,9.26,9.928,-0.668
2022-05-14,2022,5,14,9.335,10.039,-0.704
2022-05-15,2022,5,15,9.462,10.147,-0.685
2022-05-16,2022,5,16,9.581,10.26,-0.679
2022-05-17,2022,5,17,9.67,10.366,-0.696
2022-05-18,2022,5,18,9.726,10.47,-0.744
2022-05-19,2022,5,19,9.853,10.583,-0.73
2022-05-20,2022,5,20,9.964,10.708,-0.744
2022-05-21,2022,5,21,10.027,10.809,-0.782
2022-05-22,2022,5,22,10.12,10.909,-0.789
2022-05-23,2022,5,23,10.107,11.019,-0.912
2022-05-24,2022,5,24,10.142,11.119,-0.977
2022-05-25,2022,5,25,10.282,11.219,-0.937
2022-05-26,2022,5,26,10.338,11.321,-0.983
2022-05-27,2022,5,27,10.476,11.422,-0.946
2022-05-28,2022,5,28,10.525,11.532,-1.007
2022-05-29,2022,5,29,10.54,11.629,-1.089
2022-05-30,2022,5,30,10.544,11.732,-1.188
2022-05-31,2022,5,31,10.6,11.859,-1.259
2022-06-01,2022,6,1,10.674,11.978,-1.304
2022-06-02,2022,6,2,10.84,12.077,-1.237
2022-06-03,2022,6,3,11.035,12.168,-1.133
2022-06-04,2022,6,4,11.175,12.271,-1.096
2022-06-05,2022,6,5,11.288,12.383,-1.095
2022-06-06,2022,6,6,11.391,12.49,-1.099
2022-06-07,2022,6,7,11.417,12.581,-1.164
2022-06-08,2022,6,8,11.537,12.69,-1.153
2022-06-09,2022,6,9,11.601,12.792,-1.191
2022-06-10,2022,6,10,11.701,12.894,-1.193
2022-06-11,2022,6,11,11.854,12.987,-1.133
2022-06-12,2022,6,12,11.911,13.074,-1.163
2022-06-13,2022,6,13,11.986,13.172,-1.186
2022-06-14,2022,6,14,12.122,13.279,-1.157
2022-06-15,2022,6,15,12.219,13.384,-1.165
2022-06-16,2022,6,16,12.314,13.487,-1.173
2022-06-17,2022,6,17,12.447,13.597,-1.15
2022-06-18,2022,6,18,12.518,13.692,-1.174
2022-06-19,2022,6,19,12.565,13.796,-1.231
2022-06-20,2022,6,20,12.629,13.898,-1.269
2022-06-21,2022,6,21,12.636,13.991,-1.355
2022-06-22,2022,6,22,12.694,14.085,-1.391
2022-06-23,2022,6,23,12.808,14.186,-1.378
2022-06-24,2022,6,24,12.869,14.279,-1.41
2022-06-25,2022,6,25,13.015,14.37,-1.355
2022-06-26,2022,6,26,13.199,14.448,-1.249
2022-06-27,2022,6,27,13.383,14.524,-1.141
2022-06-28,2022,6,28,13.473,14.622,-1.149
2022-06-29,2022,6,29,13.565,14.709,-1.144
2022-06-30,2022,6,30,13.677,14.812,-1.135
2022-07-01,2022,7,1,13.779,14.896,-1.117
2022-07-02,2022,7,2,13.928,14.966,-1.038
2022-07-03,2022,7,3,14.008,15.039,-1.031
2022-07-04,2022,7,4,14.047,15.112,-1.065
2022-07-05,2022,7,5,14.134,15.187,-1.053
2022-07-06,2022,7,6,14.161,15.265,-1.104
2022-07-07,2022,7,7,14.243,15.329,-1.086
2022-07-08,2022,7,8,14.372,15.395,-1.023
2022-07-09,2022,7,9,14.464,15.482,-1.018
2022-07-10,2022,7,10,14.587,15.547,-0.96
2022-07-11,2022,7,11,14.685,15.652,-0.967
2022-07-12,2022,7,12,14.733,15.753,-1.02
2022-07-13,2022,7,13,14.752,15.839,-1.087
2022-07-14,2022,7,14,14.836,15.909,-1.073
2022-07-15,2022,7,15,14.897,15.971,-1.074
2022-07-16,2022,7,16,14.966,16.038,-1.072
2022-07-17,2022,7,17,15.178,16.084,-0.906
2022-07-18,2022,7,18,15.261,16.164,-0.903
2022-07-19,2022,7,19,15.394,16.257,-0.863
2022-07-20,2022,7,20,15.45,16.345,-0.895
2022-07-21,2022,7,21,15.485,16.437,-0.952
2022-07-22,2022,7,22,15.572,16.517,-0.945
2022-07-23,2022,7,23,15.605,16.591,-0.986
2022-07-24,2022,7,24,15.549,16.643,-1.094
2022-07-25,2022,7,25,15.568,16.69,-1.122
2022-07-26,2022,7,26,15.578,16.746,-1.168
2022-07-27,2022,7,27,15.65,16.801,-1.151
2022-07-28,2022,7,28,15.753,16.857,-1.104
2022-07-29,2022,7,29,15.872,16.929,-1.057
2022-07-30,2022,7,30,15.947,16.981,-1.034
2022-07-31,2022,7,31,16.116,17.028,-0.912
2022-08-01,2022,8,1,16.242,17.083,-0.841
2022-08-02,2022,8,2,16.373,17.135,-0.762
2022-08-03,2022,8,3,16.44,17.19,-0.75
2022-08-04,2022,8,4,16.56,17.236,-0.676
2022-08-05,2022,8,5,16.705,17.287,-0.582
2022-08-06,2022,8,6,16.758,17.35,-0.592
2022-08-07,2022,8,7,16.74,17.421,-0.681
2022-08-08,2022,8,8,16.724,17.481,-0.757
2022-08-09,2022,8,9,16.745,17.514,-0.769
2022-08-10,2022,8,10,16.786,17.547,-0.761
2022-08-11,2022,8,11,16.794,17.593,-0.799
2022-08-12,2022,8,12,16.855,17.642,-0.787
2022-08-13,2022,8,13,16.854,17.683,-0.829
2022-08-14,2022,8,14,16.9,17.738,-0.838
2022-08-15,2022,8,15,17.002,17.782,-0.78
2022-08-16,2022,8,16,17.021,17.827,-0.806
2022-08-17,2022,8,17,17.152,17.845,-0.693
2022-08-18,2022,8,18,17.2,17.867,-0.667
2022-08-19,2022,8,19,17.168,17.888,-0.72
2022-08-20,2022,8,20,17.18,17.924,-0.744
2022-08-21,2022,8,21,17.24,17.964,-0.724
2022-08-22,2022,8,22,17.254,17.983,-0.729
2022-08-23,2022,8,23,17.376,18.018,-0.642
2022-08-24,2022,8,24,17.392,18.053,-0.661
2022-08-25,2022,8,25,17.503,18.105,-0.602
2022-08-26,2022,8,26,17.607,18.145,-0.538
2022-08-27,2022,8,27,17.645,18.159,-0.514
2022-08-28,2022,8,28,17.6,18.195,-0.595
2022-08-29,2022,8,29,17.611,18.222,-0.611
2022-08-30,2022,8,30,17.594,18.241,-0.647
2022-08-31,2022,8,31,17.536,18.264,-0.728
2022-09-01,2022,9,1,17.615,18.288,-0.673
2022-09-02,2022,9,2,17.651,18.308,-0.657
2022-09-03,2022,9,3,17.779,18.333,-0.554
2022-09-04,2022,9,4,17.813,18.352,-0.539
2022-09-05,2022,9,5,17.808,18.373,-0.565
2022-09-06,2022,9,6,17.928,18.397,-0.469
2022-09-07,2022,9,7,17.952,18.416,-0.464
2022-09-08,2022,9,8,17.986,18.445,-0.459
2022-09-09,2022,9,9,18.059,18.47,-0.411
2022-09-10,2022,9,10,18.076,18.49,-0.414
2022-09-11,2022,9,11,18.112,18.502,-0.39
2022-09-12,2022,9,12,18.219,18.521,-0.302
2022-09-13,2022,9,13,18.276,18.522,-0.246
2022-09-14,2022,9,14,18.265,18.529,-0.264
2022-09-15,2022,9,15,18.274,18.533,-0.259
2022-09-16,2022,9,16,18.192,18.546,-0.354
2022-09-17,2022,9,17,18.172,18.565,-0.393
2022-09-18,2022,9,18,18.184,18.567,-0.383
2022-09-19,2022,9,19,18.235,18.572,-0.337
2022-09-20,2022,9,20,18.177,18.574,-0.397
2022-09-21,2022,9,21,18.222,18.576,-0.354
2022-09-22,2022,9,22,18.151,18.569,-0.418
2022-09-23,2022,9,23,18.125,18.57,-0.445
2022-09-24,2022,9,24,18.142,18.571,-0.429
2022-09-25,2022,9,25,18.146,18.566,-0.42
2022-09-26,2022,9,26,18.154,18.552,-0.398
2022-09-27,2022,9,27,18.124,18.541,-0.417
2022-09-28,2022,9,28,18.111,18.525,-0.414
2022-09-29,2022,9,29,17.998,18.525,-0.527
2022-09-30,2022,9,30,17.918,18.508,-0.59
2022-10-01,2022,10,1,17.899,18.508,-0.609
2022-10-02,2022,10,2,17.958,18.504,-0.546
2022-10-03,2022,10,3,18.011,18.476,-0.465
2022-10-04,2022,10,4,18.001,18.448,-0.447
2022-10-05,2022,10,5,17.953,18.44,-0.487
2022-10-06,2022,10,6,17.89,18.425,-0.535
2022-10-07,2022,10,7,17.903,18.394,-0.491
2022-10-08,2022,10,8,17.942,18.361,-0.419
2022-10-09,2022,10,9,17.96,18.329,-0.369
2022-10-10,2022,10,10,17.898,18.299,-0.401
2022-10-11,2022,10,11,17.927,18.287,-0.36
2022-10-12,2022,10,12,17.75,18.265,-0.515
2022-10-13,2022,10,13,17.711,18.235,-0.524
2022-10-14,2022,10,14,17.731,18.224,-0.493
2022-10-15,2022,10,15,17.642,18.193,-0.551
2022-10-16,2022,10,16,17.566,18.158,-0.592
2022-10-17,2022,10,17,17.467,18.116,-0.649
2022-10-18,2022,10,18,17.38,18.062,-0.682
2022-10-19,2022,10,19,17.344,18.012,-0.668
2022-10-20,2022,10,20,17.274,17.97,-0.696
2022-10-21,2022,10,21,17.244,17.921,-0.677
2022-10-22,2022,10,22,17.234,17.872,-0.638
2022-10-23,2022,10,23,17.165,17.833,-0.668
2022-10-24,2022,10,24,17.088,17.791,-0.703
2022-10-25,2022,10,25,17.026,17.736,-0.71
2022-10-26,2022,10,26,16.984,17.681,-0.697
2022-10-27,2022,10,27,16.901,17.633,-0.732
2022-10-28,2022,10,28,16.812,17.555,-0.743
2022-10-29,2022,10,29,16.712,17.509,-0.797
2022-10-30,2022,10,30,16.694,17.449,-0.755
2022-10-31,2022,10,31,16.614,17.367,-0.753
2022-11-01,2022,11,1,16.402,17.312,-0.91
2022-11-02,2022,11,2,16.356,17.229,-0.873
2022-11-03,2022,11,3,16.256,17.153,-0.897
2022-11-04,2022,11,4,16.247,17.081,-0.834
2022-11-05,2022,11,5,16.219,17.011,-0.792
2022-11-06,2022,11,6,16.133,16.934,-0.801
2022-11-07,2022,11,7,16.097,16.848,-0.751
2022-11-08,2022,11,8,16.059,16.762,-0.703
2022-11-09,2022,11,9,15.909,16.667,-0.758
2022-11-10,2022,11,10,15.858,16.562,-0.704
2022-11-11,2022,11,11,15.782,16.472,-0.69
2022-11-12,2022,11,12,15.72,16.378,-0.658
2022-11-13,2022,11,13,15.647,16.272,-0.625
2022-11-14,2022,11,14,15.601,16.175,-0.574
2022-11-15,2022,11,15,15.532,16.061,-0.529
2022-11-16,2022,11,16,15.481,15.925,-0.444
2022-11-17,2022,11,17,15.279,15.797,-0.518
2022-11-18,2022,11,18,15.213,15.665,-0.452
2022-11-19,2022,11,19,15.038,15.509,-0.471
2022-11-20,2022,11,20,14.838,15.368,-0.53
2022-11-21,2022,11,21,14.738,15.213,-0.475
2022-11-22,2022,11,22,14.537,15.069,-0.532
2022-11-23,2022,11,23,14.348,14.896,-0.548
2022-11-24,2022,11,24,14.148,14.74,-0.592
2022-11-25,2022,11,25,13.979,14.575,-0.596
2022-11-26,2022,11,26,13.833,14.417,-0.584
2022-11-27,2022,11,27,13.698,14.239,-0.541
2022-11-28,2022,11,28,13.516,14.055,-0.539
2022-11-29,2022,11,29,13.29,13.868,-0.578
2022-11-30,2022,11,30,13.028,13.685,-0.657
2022-12-01,2022,12,1,12.884,13.513,-0.629
2022-12-02,2022,12,2,12.667,13.294,-0.627
2022-12-03,2022,12,3,12.438,13.105,-0.667
2022-12-04,2022,12,4,12.199,12.904,-0.705
2022-12-05,2022,12,5,11.946,12.703,-0.757
2022-12-06,2022,12,6,11.755,12.495,-0.74
2022-12-07,2022,12,7,11.532,12.29,-0.758
2022-12-08,2022,12,8,11.37,12.068,-0.698
2022-12-09,2022,12,9,11.08,11.859,-0.779
2022-12-10,2022,12,10,10.709,11.659,-0.95
2022-12-11,2022,12,11,10.363,11.436,-1.073
2022-12-12,2022,12,12,9.985,11.222,-1.237
2022-12-13,2022,12,13,9.671,10.998,-1.327
2022-12-14,2022,12,14,9.306,10.755,-1.449
2022-12-15,2022,12,15,9.041,10.498,-1.457
2022-12-16,2022,12,16,8.79,10.247,-1.457
2022-12-17,2022,12,17,8.594,9.984,-1.39
2022-12-18,2022,12,18,8.311,9.732,-1.421
2022-12-19,2022,12,19,7.989,9.48,-1.491
2022-12-20,2022,12,20,7.542,9.255,-1.713
2022-12-21,2022,12,21,7.32,9.039,-1.719
2022-12-22,2022,12,22,7.108,8.835,-1.727
2022-12-23,2022,12,23,6.874,8.631,-1.757
2022-12-24,2022,12,24,6.445,8.416,-1.971
2022-12-25,2022,12,25,6.158,8.224,-2.066
2022-12-26,2022,12,26,5.846,8.018,-2.172
2022-12-27,2022,12,27,5.677,7.811,-2.134
2022-12-28,2022,12,28,5.509,7.624,-2.115
2022-12-29,2022,12,29,5.144,7.406,-2.262
2022-12-30,2022,12,30,4.947,7.222,-2.275
2022-12-31,2022,12,31,4.807,7.059,-2.252
2023-01-01,2023,1,1,4.692,6.999,-2.307
2023-01-02,2023,1,2,4.576,6.808,-2.232
2023-01-03,2023,1,3,4.481,6.621,-2.14
2023-01-04,2023,1,4,4.287,6.451,-2.164
2023-01-05,2023,1,5,4.136,6.296,-2.16
2023-01-06,2023,1,6,4.007,6.142,-2.135
2023-01-07,2023,1,7,3.949,5.999,-2.05
2023-01-08,2023,1,8,3.82,5.838,-2.018
2023-01-09,2023,1,9,3.703,5.681,-1.978
2023-01-10,2023,1,10,3.635,5.547,-1.912
2023-01-11,2023,1,11,3.564,5.423,-1.859
2023-01-12,2023,1,12,3.476,5.305,-1.829
2023-01-13,2023,1,13,3.455,5.16,-1.705
2023-01-14,2023,1,14,3.397,5.047,-1.65
2023-01-15,2023,1,15,3.355,4.926,-1.571
2023-01-16,2023,1,16,3.22,4.819,-1.599
2023-01-17,2023,1,17,3.139,4.709,-1.57
2023-01-18,2023,1,18,3.08,4.614,-1.534
2023-01-19,2023,1,19,3.026,4.521,-1.495
2023-01-20,2023,1,20,2.959,4.427,-1.468
2023-01-21,2023,1,21,2.914,4.335,-1.421
2023-01-22,2023,1,22,2.887,4.24,-1.353
2023-01-23,2023,1,23,2.805,4.154,-1.349
2023-01-24,2023,1,24,2.645,4.074,-1.429
2023-01-25,2023,1,25,2.645,3.998,-1.353
2023-01-26,2023,1,26,2.562,3.929,-1.367
2023-01-27,2023,1,27,2.411,3.861,-1.45
2023-01-28,2023,1,28,2.377,3.808,-1.431
2023-01-29,2023,1,29,2.376,3.734,-1.358
2023-01-30,2023,1,30,2.313,3.665,-1.352
2023-01-31,2023,1,31,2.298,3.605,-1.307
2023-02-01,2023,2,1,2.252,3.534,-1.282
2023-02-02,2023,2,2,2.219,3.489,-1.27
2023-02-03,2023,2,3,2.193,3.43,-1.237
2023-02-04,2023,2,4,2.127,3.377,-1.25
2023-02-05,2023,2,5,2.107,3.326,-1.219
2023-02-06,2023,2,6,2.115,3.28,-1.165
2023-02-07,2023,2,7,2.092,3.227,-1.135
2023-02-08,2023,2,8,2.053,3.181,-1.128
2023-02-09,2023,2,9,2.061,3.141,-1.08
2023-02-10,2023,2,10,1.983,3.097,-1.114
2023-02-11,2023,2,11,1.976,3.064,-1.088
2023-02-12,2023,2,12,1.95,3.025,-1.075
2023-02-13,2023,2,13,1.956,2.998,-1.042
2023-02-14,2023,2,14,1.933,2.969,-1.036
2023-02-15,2023,2,15,1.913,2.935,-1.022
2023-02-16,2023,2,16,1.983,2.918,-0.935
2023-02-17,2023,2,17,1.853,2.914,-1.061
2023-02-18,2023,2,18,1.866,2.903,-1.037
2023-02-19,2023,2,19,1.849,2.881,-1.032
2023-02-20,2023,2,20,1.852,2.876,-1.024
2023-02-21,2023,2,21,1.848,2.881,-1.033
2023-02-22,2023,2,22,1.883,2.885,-1.002
2023-02-23,2023,2,23,1.888,2.892,-1.004
2023-02-24,2023,2,24,1.855,2.889,-1.034
2023-02-25,2023,2,25,1.866,2.907,-1.041
2023-02-26,2023,2,26,1.894,2.931,-1.037
2023-02-27,2023,2,27,1.91,2.96,-1.05
2023-02-28,2023,2,28,1.897,2.994,-1.097
2023-03-01,2023,3,1,1.95,3.061,-1.111
2023-03-02,2023,3,2,1.937,3.105,-1.168
2023-03-03,2023,3,3,1.934,3.166,-1.232
2023-03-04,2023,3,4,1.935,3.211,-1.276
2023-03-05,2023,3,5,1.986,3.253,-1.267
2023-03-06,2023,3,6,2.084,3.306,-1.222
2023-03-07,2023,3,7,2.141,3.37,-1.229
2023-03-08,2023,3,8,2.264,3.433,-1.169
2023-03-09,2023,3,9,2.386,3.507,-1.121
2023-03-10,2023,3,10,2.389,3.592,-1.203
2023-03-11,2023,3,11,2.422,3.658,-1.236
2023-03-12,2023,3,12,2.449,3.735,-1.286
2023-03-13,2023,3,13,2.522,3.815,-1.293
2023-03-14,2023,3,14,2.574,3.892,-1.318
2023-03-15,2023,3,15,2.701,3.966,-1.265
2023-03-16,2023,3,16,2.704,4.035,-1.331
2023-03-17,2023,3,17,2.709,4.11,-1.401
2023-03-18,2023,3,18,2.81,4.199,-1.389
2023-03-19,2023,3,19,2.867,4.271,-1.404
2023-03-20,2023,3,20,2.939,4.362,-1.423
2023-03-21,2023,3,21,3.027,4.441,-1.414
2023-03-22,2023,3,22,3.158,4.521,-1.363
2023-03-23,2023,3,23,3.318,4.613,-1.295
2023-03-24,2023,3,24,3.487,4.701,-1.214
2023-03-25,2023,3,25,3.656,4.798,-1.142
2023-03-26,2023,3,26,3.775,4.884,-1.109
2023-03-27,2023,3,27,3.792,4.956,-1.164
2023-03-28,2023,3,28,3.85,5.047,-1.197
2023-03-29,2023,3,29,3.962,5.139,-1.177
2023-03-30,2023,3,30,4.071,5.219,-1.148
2023-03-31,2023,3,31,4.186,5.312,-1.126
2023-04-01,2023,4,1,4.334,5.405,-1.071
2023-04-02,2023,4,2,4.454,5.508,-1.054
2023-04-03,2023,4,3,4.508,5.607,-1.099
2023-04-04,2023,4,4,4.57,5.708,-1.138
2023-04-05,2023,4,5,4.624,5.806,-1.182
2023-04-06,2023,4,6,4.761,5.908,-1.147
2023-04-07,2023,4,7,4.86,6.018,-1.158
2023-04-08,2023,4,8,4.952,6.125,-1.173
2023-04-09,2023,4,9,4.942,6.218,-1.276
2023-04-10,2023,4,10,5.019,6.329,-1.31
2023-04-11,2023,4,11,5.164,6.434,-1.27
2023-04-12,2023,4,12,5.269,6.549,-1.28
2023-04-13,2023,4,13,5.371,6.656,-1.285
2023-04-14,2023,4,14,5.43,6.757,-1.327
2023-04-15,2023,4,15,5.505,6.862,-1.357
2023-04-16,2023,4,16,5.532,6.977,-1.445
2023-04-17,2023,4,17,5.61,7.089,-1.479
2023-04-18,2023,4,18,5.698,7.194,-1.496
2023-04-19,2023,4,19,5.765,7.303,-1.538
2023-04-20,2023,4,20,5.808,7.414,-1.606
2023-04-21,2023,4,21,5.907,7.516,-1.609
2023-04-22,2023,4,22,6.061,7.624,-1.563
2023-04-23,2023,4,23,6.162,7.733,-1.571
2023-04-24,2023,4,24,6.252,7.84,-1.588
2023-04-25,2023,4,25,6.396,7.947,-1.551
2023-04-26,2023,4,26,6.43,8.05,-1.62
2023-04-27,2023,4,27,6.497,8.165,-1.668
2023-04-28,2023,4,28,6.66,8.28,-1.62
2023-04-29,2023,4,29,6.761,8.387,-1.626
2023-04-30,2023,4,30,6.831,8.497,-1.666
2023-05-01,2023,5,1,6.93,8.604,-1.674
2023-05-02,2023,5,2,7.052,8.71,-1.658
2023-05-03,2023,5,3,7.153,8.825,-1.672
2023-05-04,2023,5,4,7.259,8.94,-1.681
2023-05-05,2023,5,5,7.368,9.053,-1.685
2023-05-06,2023,5,6,7.454,9.161,-1.707
2023-05-07,2023,5,7,7.573,9.28,-1.707
2023-05-08,2023,5,8,7.71,9.392,-1.682
2023-05-09,2023,5,9,7.807,9.487,-1.68
2023-05-10,2023,5,10,7.921,9.588,-1.667
2023-05-11,2023,5,11,8.013,9.705,-1.692
2023-05-12,2023,5,12,8.175,9.811,-1.636
2023-05-13,2023,5,13,8.289,9.928,-1.639
2023-05-14,2023,5,14,8.326,10.039,-1.713
2023-05-15,2023,5,15,8.413,10.147,-1.734
2023-05-16,2023,5,16,8.487,10.26,-1.773
2023-05-17,2023,5,17,8.527,10.366,-1.839
2023-05-18,2023,5,18,8.539,10.47,-1.931
2023-05-19,2023,5,19,8.686,10.583,-1.897
2023-05-20,2023,5,20,8.821,10.708,-1.887
2023-05-21,2023,5,21,8.96,10.809,-1.849
2023-05-22,2023,5,22,9.076,10.909,-1.833
2023-05-23,2023,5,23,9.188,11.019,-1.831
2023-05-24,2023,5,24,9.298,11.119,-1.821
2023-05-25,2023,5,25,9.369,11.219,-1.85
2023-05-26,2023,5,26,9.344,11.321,-1.977
2023-05-27,2023,5,27,9.4,11.422,-2.022
2023-05-28,2023,5,28,9.527,11.532,-2.005
2023-05-29,2023,5,29,9.635,11.629,-1.994
2023-05-30,2023,5,30,9.733,11.732,-1.999
2023-05-31,2023,5,31,9.835,11.859,-2.024
2023-06-01,2023,6,1,9.93,11.978,-2.048
2023-06-02,2023,6,2,10.072,12.077,-2.005
2023-06-03,2023,6,3,10.223,12.168,-1.945
2023-06-04,2023,6,4,10.31,12.271,-1.961
2023-06-05,2023,6,5,10.35,12.383,-2.033
2023-06-06,2023,6,6,10.391,12.49,-2.099
2023-06-07,2023,6,7,10.506,12.581,-2.075
2023-06-08,2023,6,8,10.658,12.69,-2.032
2023-06-09,2023,6,9,10.633,12.792,-2.159
2023-06-10,2023,6,10,10.671,12.894,-2.223
2023-06-11,2023,6,11,10.757,12.987,-2.23
2023-06-12,2023,6,12,10.835,13.074,-2.239
2023-06-13,2023,6,13,10.85,13.172,-2.322
2023-06-14,2023,6,14,10.956,13.279,-2.323
2023-06-15,2023,6,15,10.996,13.384,-2.388
2023-06-16,2023,6,16,11.104,13.487,-2.383
2023-06-17,2023,6,17,11.239,13.597,-2.358
2023-06-18,2023,6,18,11.346,13.692,-2.346
2023-06-19,2023,6,19,11.377,13.796,-2.419
2023-06-20,2023,6,20,11.439,13.898,-2.459
2023-06-21,2023,6,21,11.582,13.991,-2.409
2023-06-22,2023,6,22,11.656,14.085,-2.429
2023-06-23,2023,6,23,11.715,14.186,-2.471
2023-06-24,2023,6,24,11.778,14.279,-2.501
2023-06-25,2023,6,25,11.842,14.37,-2.528
2023-06-26,2023,6,26,11.953,14.448,-2.495
2023-06-27,2023,6,27,11.993,14.524,-2.531
2023-06-28,2023,6,28,12.002,14.622,-2.62
2023-06-29,2023,6,29,12.069,14.709,-2.64
2023-06-30,2023,6,30,12.215,14.812,-2.597
2023-07-01,2023,7,1,12.431,14.896,-2.465
2023-07-02,2023,7,2,12.421,14.966,-2.545
2023-07-03,2023,7,3,12.374,15.039,-2.665
2023-07-04,2023,7,4,12.382,15.112,-2.73
2023-07-05,2023,7,5,12.421,15.187,-2.766
2023-07-06,2023,7,6,12.438,15.265,-2.827
2023-07-07,2023,7,7,12.604,15.329,-2.725
2023-07-08,2023,7,8,12.777,15.395,-2.618
2023-07-09,2023,7,9,12.957,15.482,-2.525
2023-07-10,2023,7,10,12.984,15.547,-2.563
2023-07-11,2023,7,11,13.052,15.652,-2.6
2023-07-12,2023,7,12,13.155,15.753,-2.598
2023-07-13,2023,7,13,13.285,15.839,-2.554
2023-07-14,2023,7,14,13.338,15.909,-2.571
2023-07-15,2023,7,15,13.463,15.971,-2.508
2023-07-16,2023,7,16,13.693,16.038,-2.345
2023-07-17,2023,7,17,13.838,16.084,-2.246
2023-07-18,2023,7,18,13.902,16.164,-2.262
2023-07-19,2023,7,19,13.905,16.257,-2.352
2023-07-20,2023,7,20,14.04,16.345,-2.305
2023-07-21,2023,7,21,14.156,16.437,-2.281
2023-07-22,2023,7,22,14.163,16.517,-2.354
2023-07-23,2023,7,23,14.217,16.591,-2.374
2023-07-24,2023,7,24,14.266,16.643,-2.377
2023-07-25,2023,7,25,14.38,16.69,-2.31
2023-07-26,2023,7,26,14.445,16.746,-2.301
2023-07-27,2023,7,27,14.51,16.801,-2.291
2023-07-28,2023,7,28,14.584,16.857,-2.273
2023-07-29,2023,7,29,14.733,16.929,-2.196
2023-07-30,2023,7,30,14.791,16.981,-2.19
2023-07-31,2023,7,31,14.844,17.028,-2.184
2023-08-01,2023,8,1,14.875,17.083,-2.208
2023-08-02,2023,8,2,14.874,17.135,-2.261
2023-08-03,2023,8,3,14.899,17.19,-2.291
2023-08-04,2023,8,4,14.964,17.236,-2.272
2023-08-05,2023,8,5,14.97,17.287,-2.317
2023-08-06,2023,8,6,15.009,17.35,-2.341
2023-08-07,2023,8,7,15.042,17.421,-2.379
2023-08-08,2023,8,8,15.09,17.481,-2.391
2023-08-09,2023,8,9,15.087,17.514,-2.427
2023-08-10,2023,8,10,15.085,17.547,-2.462
2023-08-11,2023,8,11,15.033,17.593,-2.56
2023-08-12,2023,8,12,15.106,17.642,-2.536
2023-08-13,2023,8,13,15.15,17.683,-2.533
2023-08-14,2023,8,14,15.227,17.738,-2.511
2023-08-15,2023,8,15,15.361,17.782,-2.421
2023-08-16,2023,8,16,15.644,17.827,-2.183
2023-08-17,2023,8,17,15.71,17.845,-2.135
2023-08-18,2023,8,18,15.703,17.867,-2.164
2023-08-19,2023,8,19,15.717,17.888,-2.171
2023-08-20,2023,8,20,15.771,17.924,-2.153
2023-08-21,2023,8,21,15.858,17.964,-2.106
2023-08-22,2023,8,22,15.961,17.983,-2.022
2023-08-23,2023,8,23,16.022,18.018,-1.996
2023-08-24,2023,8,24,16.128,18.053,-1.925
2023-08-25,2023,8,25,16.117,18.105,-1.988
2023-08-26,2023,8,26,16.31,18.145,-1.835
2023-08-27,2023,8,27,16.334,18.159,-1.825
2023-08-28,2023,8,28,16.346,18.195,-1.849
2023-08-29,2023,8,29,16.408,18.222,-1.814
2023-08-30,2023,8,30,16.492,18.241,-1.749
2023-08-31,2023,8,31,16.522,18.264,-1.742
2023-09-01,2023,9,1,16.631,18.288,-1.657
2023-09-02,2023,9,2,16.742,18.308,-1.566
2023-09-03,2023,9,3,16.852,18.333,-1.481
2023-09-04,2023,9,4,16.948,18.352,-1.404
2023-09-05,2023,9,5,17.015,18.373,-1.358
2023-09-06,2023,9,6,17.085,18.397,-1.312
2023-09-07,2023,9,7,17.109,18.416,-1.307
2023-09-08,2023,9,8,17.068,18.445,-1.377
2023-09-09,2023,9,9,17.048,18.47,-1.422
2023-09-10,2023,9,10,17.007,18.49,-1.483
2023-09-11,2023,9,11,17.004,18.502,-1.498
2023-09-12,2023,9,12,17.01,18.521,-1.511
2023-09-13,2023,9,13,17.064,18.522,-1.458
2023-09-14,2023,9,14,17.05,18.529,-1.479
2023-09-15,2023,9,15,16.987,18.533,-1.546
2023-09-16,2023,9,16,16.92,18.546,-1.626
2023-09-17,2023,9,17,16.86,18.565,-1.705
2023-09-18,2023,9,18,16.886,18.567,-1.681
2023-09-19,2023,9,19,16.914,18.572,-1.658
2023-09-20,2023,9,20,16.841,18.574,-1.733
2023-09-21,2023,9,21,16.832,18.576,-1.744
2023-09-22,2023,9,22,16.803,18.569,-1.766
2023-09-23,2023,9,23,16.761,18.57,-1.809
2023-09-24,2023,9,24,16.683,18.571,-1.888
2023-09-25,2023,9,25,16.652,18.566,-1.914
2023-09-26,2023,9,26,16.696,18.552,-1.856
2023-09-27,2023,9,27,16.758,18.541,-1.783
2023-09-28,2023,9,28,16.787,18.525,-1.738
2023-09-29,2023,9,29,16.838,18.525,-1.687
2023-09-30,2023,9,30,16.867,18.508,-1.641
2023-10-01,2023,10,1,16.824,18.508,-1.684
2023-10-02,2023,10,2,16.85,18.504,-1.654
2023-10-03,2023,10,3,16.848,18.476,-1.628
2023-10-04,2023,10,4,16.807,18.448,-1.641
2023-10-05,2023,10,5,16.761,18.44,-1.679
2023-10-06,2023,10,6,16.669,18.425,-1.756
2023-10-07,2023,10,7,16.669,18.394,-1.725
2023-10-08,2023,10,8,16.611,18.361,-1.75
2023-10-09,2023,10,9,16.597,18.329,-1.732
2023-10-10,2023,10,10,16.508,18.299,-1.791
2023-10-11,2023,10,11,16.377,18.287,-1.91
2023-10-12,2023,10,12,16.312,18.265,-1.953
2023-10-13,2023,10,13,16.265,18.235,-1.97
2023-10-14,2023,10,14,16.194,18.224,-2.03
2023-10-15,2023,10,15,16.213,18.193,-1.98
2023-10-16,2023,10,16,16.203,18.158,-1.955
2023-10-17,2023,10,17,16.173,18.116,-1.943
2023-10-18,2023,10,18,16.195,18.062,-1.867
2023-10-19,2023,10,19,16.209,18.012,-1.803
2023-10-20,2023,10,20,16.063,17.97,-1.907
2023-10-21,2023,10,21,15.966,17.921,-1.955
2023-10-22,2023,10,22,15.99,17.872,-1.882
2023-10-23,2023,10,23,16.01,17.833,-1.823
2023-10-24,2023,10,24,16.023,17.791,-1.768
2023-10-25,2023,10,25,15.987,17.736,-1.749
2023-10-26,2023,10,26,15.984,17.681,-1.697
2023-10-27,2023,10,27,16.007,17.633,-1.626
2023-10-28,2023,10,28,15.933,17.555,-1.622
2023-10-29,2023,10,29,15.846,17.509,-1.663
2023-10-30,2023,10,30,15.811,17.449,-1.638
2023-10-31,2023,10,31,15.721,17.367,-1.646
2023-11-01,2023,11,1,15.556,17.312,-1.756
2023-11-02,2023,11,2,15.527,17.229,-1.702
2023-11-03,2023,11,3,15.473,17.153,-1.68
2023-11-04,2023,11,4,15.405,17.081,-1.676
2023-11-05,2023,11,5,15.365,17.011,-1.646
2023-11-06,2023,11,6,15.427,16.934,-1.507
2023-11-07,2023,11,7,15.457,16.848,-1.391
2023-11-08,2023,11,8,15.46,16.762,-1.302
2023-11-09,2023,11,9,15.341,16.667,-1.326
2023-11-10,2023,11,10,15.278,16.562,-1.284
2023-11-11,2023,11,11,15.279,16.472,-1.193
2023-11-12,2023,11,12,15.222,16.378,-1.156
2023-11-13,2023,11,13,15.005,16.272,-1.267
2023-11-14,2023,11,14,14.855,16.175,-1.32
2023-11-15,2023,11,15,14.758,16.061,-1.303
2023-11-16,2023,11,16,14.575,15.925,-1.35
2023-11-17,2023,11,17,14.39,15.797,-1.407
2023-11-18,2023,11,18,14.236,15.665,-1.429
2023-11-19,2023,11,19,14.129,15.509,-1.38
2023-11-20,2023,11,20,13.971,15.368,-1.397
2023-11-21,2023,11,21,13.792,15.213,-1.421
2023-11-22,2023,11,22,13.751,15.069,-1.318
2023-11-23,2023,11,23,13.578,14.896,-1.318
2023-11-24,2023,11,24,13.383,14.74,-1.357
2023-11-25,2023,11,25,13.155,14.575,-1.42
2023-11-26,2023,11,26,13.029,14.417,-1.388
2023-11-27,2023,11,27,12.861,14.239,-1.378
2023-11-28,2023,11,28,12.668,14.055,-1.387
2023-11-29,2023,11,29,12.339,13.868,-1.529
2023-11-30,2023,11,30,12.088,13.685,-1.597
2023-12-01,2023,12,1,11.718,13.513,-1.795
2023-12-02,2023,12,2,11.403,13.294,-1.891
2023-12-03,2023,12,3,11.206,13.105,-1.899
2023-12-04,2023,12,4,10.896,12.904,-2.008
2023-12-05,2023,12,5,10.654,12.703,-2.049
2023-12-06,2023,12,6,10.395,12.495,-2.1
2023-12-07,2023,12,7,10.234,12.29,-2.056
2023-12-08,2023,12,8,9.993,12.068,-2.075
2023-12-09,2023,12,9,9.803,11.859,-2.056
2023-12-10,2023,12,10,9.568,11.659,-2.091
2023-12-11,2023,12,11,9.402,11.436,-2.034
2023-12-12,2023,12,12,9.212,11.222,-2.01
2023-12-13,2023,12,13,9.032,10.998,-1.966
2023-12-14,2023,12,14,8.971,10.755,-1.784
2023-12-15,2023,12,15,8.791,10.498,-1.707
2023-12-16,2023,12,16,8.598,10.247,-1.649
2023-12-17,2023,12,17,8.51,9.984,-1.474
2023-12-18,2023,12,18,8.365,9.732,-1.367
2023-12-19,2023,12,19,8.153,9.48,-1.327
2023-12-20,2023,12,20,7.984,9.255,-1.271
2023-12-21,2023,12,21,7.883,9.039,-1.156
2023-12-22,2023,12,22,7.838,8.835,-0.997
2023-12-23,2023,12,23,7.634,8.631,-0.997
2023-12-24,2023,12,24,7.543,8.416,-0.873
2023-12-25,2023,12,25,7.298,8.224,-0.926
2023-12-26,2023,12,26,7.238,8.018,-0.78
2023-12-27,2023,12,27,7.162,7.811,-0.649
2023-12-28,2023,12,28,6.855,7.624,-0.769
2023-12-29,2023,12,29,6.688,7.406,-0.718
2023-12-30,2023,12,30,6.445,7.222,-0.777
2023-12-31,2023,12,31,6.241,7.059,-0.818
2024-01-01,2024,1,1,6.11,6.999,-0.889
2024-01-02,2024,1,2,5.96,6.808,-0.848
2024-01-03,2024,1,3,5.915,6.621,-0.706
2024-01-04,2024,1,4,5.771,6.451,-0.68
2024-01-05,2024,1,5,5.485,6.296,-0.811
2024-01-06,2024,1,6,5.298,6.142,-0.844
2024-01-07,2024,1,7,5.153,5.999,-0.846
2024-01-08,2024,1,8,5.023,5.838,-0.815
2024-01-09,2024,1,9,4.968,5.681,-0.713
2024-01-10,2024,1,10,4.689,5.547,-0.858
2024-01-11,2024,1,11,4.543,5.423,-0.88
2024-01-12,2024,1,12,4.468,5.305,-0.837
2024-01-13,2024,1,13,4.329,5.16,-0.831
2024-01-14,2024,1,14,4.068,5.047,-0.979
2024-01-15,2024,1,15,3.946,4.926,-0.98
2024-01-16,2024,1,16,3.845,4.819,-0.974
2024-01-17,2024,1,17,3.65,4.709,-1.059
2024-01-18,2024,1,18,3.557,4.614,-1.057
2024-01-19,2024,1,19,3.46,4.521,-1.061
2024-01-20,2024,1,20,3.395,4.427,-1.032
2024-01-21,2024,1,21,3.288,4.335,-1.047
2024-01-22,2024,1,22,3.195,4.24,-1.045
2024-01-23,2024,1,23,3.112,4.154,-1.042
2024-01-24,2024,1,24,3.084,4.074,-0.99
2024-01-25,2024,1,25,3.0,3.998,-0.998
2024-01-26,2024,1,26,2.934,3.929,-0.995
2024-01-27,2024,1,27,2.796,3.861,-1.065
2024-01-28,2024,1,28,2.753,3.808,-1.055
2024-01-29,2024,1,29,2.652,3.734,-1.082
2024-01-30,2024,1,30,2.539,3.665,-1.126
2024-01-31,2024,1,31,2.458,3.605,-1.147
2024-02-01,2024,2,1,2.381,3.534,-1.153
2024-02-02,2024,2,2,2.401,3.489,-1.088
2024-02-03,2024,2,3,2.35,3.43,-1.08
2024-02-04,2024,2,4,2.39,3.377,-0.987
2024-02-05,2024,2,5,2.334,3.326,-0.992
2024-02-06,2024,2,6,2.289,3.28,-0.991
2024-02-07,2024,2,7,2.247,3.227,-0.98
2024-02-08,2024,2,8,2.232,3.181,-0.949
2024-02-09,2024,2,9,2.183,3.141,-0.958
2024-02-10,2024,2,10,2.168,3.097,-0.929
2024-02-11,2024,2,11,2.143,3.064,-0.921
2024-02-12,2024,2,12,2.12,3.025,-0.905
2024-02-13,2024,2,13,2.105,2.998,-0.893
2024-02-14,2024,2,14,2.093,2.969,-0.876
2024-02-15,2024,2,15,2.046,2.935,-0.889
2024-02-16,2024,2,16,2.036,2.918,-0.882
2024-02-17,2024,2,17,2.02,2.914,-0.894
2024-02-18,2024,2,18,2.02,2.903,-0.883
2024-02-19,2024,2,19,2.04,2.881,-0.841
2024-02-20,2024,2,20,2.03,2.876,-0.846
2024-02-21,2024,2,21,2.039,2.881,-0.842
2024-02-22,2024,2,22,2.036,2.885,-0.849
2024-02-23,2024,2,23,2.071,2.892,-0.821
2024-02-24,2024,2,24,2.136,2.889,-0.753
2024-02-25,2024,2,25,2.197,2.907,-0.71
2024-02-26,2024,2,26,2.262,2.931,-0.669
2024-02-27,2024,2,27,2.316,2.96,-0.644
2024-02-28,2024,2,28,2.35,2.994,-0.644
2024-02-29,2024,2,29,2.397,3.014,-0.617
2024-03-01,2024,3,1,2.471,3.061,-0.59
2024-03-02,2024,3,2,2.471,3.105,-0.634
2024-03-03,2024,3,3,2.502,3.166,-0.664
2024-03-04,2024,3,4,2.599,3.211,-0.612
2024-03-05,2024,3,5,2.733,3.253,-0.52
2024-03-06,2024,3,6,2.789,3.306,-0.517
2024-03-07,2024,3,7,2.842,3.37,-0.528
2024-03-08,2024,3,8,2.906,3.433,-0.527
2024-03-09,2024,3,9,2.971,3.507,-0.536
2024-03-10,2024,3,10,3.023,3.592,-0.569
2024-03-11,2024,3,11,3.041,3.658,-0.617
2024-03-12,2024,3,12,3.059,3.735,-0.676
2024-03-13,2024,3,13,3.069,3.815,-0.746
2024-03-14,2024,3,14,3.097,3.892,-0.795
2024-03-15,2024,3,15,3.101,3.966,-0.865
2024-03-16,2024,3,16,3.101,4.035,-0.934
2024-03-17,2024,3,17,3.196,4.11,-0.914
2024-03-18,2024,3,18,3.181,4.199,-1.018
2024-03-19,2024,3,19,3.202,4.271,-1.069
2024-03-20,2024,3,20,3.239,4.362,-1.123
2024-03-21,2024,3,21,3.305,4.441,-1.136
2024-03-22,2024,3,22,3.367,4.521,-1.154
2024-03-23,2024,3,23,3.419,4.613,-1.194
2024-03-24,2024,3,24,3.545,4.701,-1.156
2024-03-25,2024,3,25,3.619,4.798,-1.179
2024-03-26,2024,3,26,3.757,4.884,-1.127
2024-03-27,2024,3,27,3.845,4.956,-1.111
2024-03-28,2024,3,28,3.904,5.047,-1.143
2024-03-29,2024,3,29,4.03,5.139,-1.109
2024-03-30,2024,3,30,4.15,5.219,-1.069
2024-03-31,2024,3,31,4.306,5.312,-1.006
2024-04-01,2024,4,1,4.457,5.405,-0.948
2024-04-02,2024,4,2,4.61,5.508,-0.898
2024-04-03,2024,4,3,4.793,5.607,-0.814
2024-04-04,2024,4,4,4.939,5.708,-0.769
2024-04-05,2024,4,5,5.038,5.806,-0.768
2024-04-06,2024,4,6,5.124,5.908,-0.784
2024-04-07,2024,4,7,5.247,6.018,-0.771
2024-04-08,2024,4,8,5.423,6.125,-0.702
2024-04-09,2024,4,9,5.528,6.218,-0.69
2024-04-10,2024,4,10,5.638,6.329,-0.691
2024-04-11,2024,4,11,5.75,6.434,-0.684
2024-04-12,2024,4,12,5.883,6.549,-0.666
2024-04-13,2024,4,13,5.949,6.656,-0.707
2024-04-14,2024,4,14,6.112,6.757,-0.645
2024-04-15,2024,4,15,6.268,6.862,-0.594
2024-04-16,2024,4,16,6.319,6.977,-0.658
2024-04-17,2024,4,17,6.408,7.089,-0.681
2024-04-18,2024,4,18,6.51,7.194,-0.684
2024-04-19,2024,4,19,6.688,7.303,-0.615
2024-04-20,2024,4,20,6.804,7.414,-0.61
2024-04-21,2024,4,21,6.954,7.516,-0.562
2024-04-22,2024,4,22,6.98,7.624,-0.644
2024-04-23,2024,4,23,7.109,7.733,-0.624
2024-04-24,2024,4,24,7.209,7.84,-0.631
2024-04-25,2024,4,25,7.314,7.947,-0.633
2024-04-26,2024,4,26,7.477,8.05,-0.573
2024-04-27,2024,4,27,7.58,8.165,-0.585
2024-04-28,2024,4,28,7.737,8.28,-0.543
2024-04-29,2024,4,29,7.807,8.387,-0.58
2024-04-30,2024,4,30,7.921,8.497,-0.576
2024-05-01,2024,5,1,7.927,8.604,-0.677
2024-05-02,2024,5,2,7.967,8.71,-0.743
2024-05-03,2024,5,3,8.078,8.825,-0.747
2024-05-04,2024,5,4,8.162,8.94,-0.778
2024-05-05,2024,5,5,8.251,9.053,-0.802
2024-05-06,2024,5,6,8.417,9.161,-0.744
2024-05-07,2024,5,7,8.619,9.28,-0.661
2024-05-08,2024,5,8,8.722,9.392,-0.67
2024-05-09,2024,5,9,8.807,9.487,-0.68
2024-05-10,2024,5,10,8.897,9.588,-0.691
2024-05-11,2024,5,11,8.894,9.705,-0.811
2024-05-12,2024,5,12,8.971,9.811,-0.84
2024-05-13,2024,5,13,9.032,9.928,-0.896
2024-05-14,2024,5,14,9.194,10.039,-0.845
2024-05-15,2024,5,15,9.272,10.147,-0.875
2024-05-16,2024,5,16,9.341,10.26,-0.919
2024-05-17,2024,5,17,9.464,10.366,-0.902
2024-05-18,2024,5,18,9.633,10.47,-0.837
2024-05-19,2024,5,19,9.637,10.583,-0.946
2024-05-20,2024,5,20,9.687,10.708,-1.021
2024-05-21,2024,5,21,9.911,10.809,-0.898
2024-05-22,2024,5,22,10.01,10.909,-0.899
2024-05-23,2024,5,23,10.117,11.019,-0.902
2024-05-24,2024,5,24,10.167,11.119,-0.952
2024-05-25,2024,5,25,10.224,11.219,-0.995
2024-05-26,2024,5,26,10.38,11.321,-0.941
2024-05-27,2024,5,27,10.402,11.422,-1.02
2024-05-28,2024,5,28,10.457,11.532,-1.075
2024-05-29,2024,5,29,10.495,11.629,-1.134
2024-05-30,2024,5,30,10.498,11.732,-1.234
2024-05-31,2024,5,31,10.61,11.859,-1.249
2024-06-01,2024,6,1,10.786,11.978,-1.192
2024-06-02,2024,6,2,10.818,12.077,-1.259
2024-06-03,2024,6,3,10.794,12.168,-1.374
2024-06-04,2024,6,4,10.852,12.271,-1.419
2024-06-05,2024,6,5,10.918,12.383,-1.465
2024-06-06,2024,6,6,10.955,12.49,-1.535
2024-06-07,2024,6,7,11.078,12.581,-1.503
2024-06-08,2024,6,8,11.153,12.69,-1.537
2024-06-09,2024,6,9,11.24,12.792,-1.552
2024-06-10,2024,6,10,11.293,12.894,-1.601
2024-06-11,2024,6,11,11.398,12.987,-1.589
2024-06-12,2024,6,12,11.501,13.074,-1.573
2024-06-13,2024,6,13,11.699,13.172,-1.473
2024-06-14,2024,6,14,11.815,13.279,-1.464
2024-06-15,2024,6,15,11.849,13.384,-1.535
2024-06-16,2024,6,16,11.906,13.487,-1.581
2024-06-17,2024,6,17,11.995,13.597,-1.602
2024-06-18,2024,6,18,12.113,13.692,-1.579
2024-06-19,2024,6,19,12.253,13.796,-1.543
2024-06-20,2024,6,20,12.389,13.898,-1.509
2024-06-21,2024,6,21,12.421,13.991,-1.57
2024-06-22,2024,6,22,12.529,14.085,-1.556
2024-06-23,2024,6,23,12.549,14.186,-1.637
2024-06-24,2024,6,24,12.499,14.279,-1.78
2024-06-25,2024,6,25,12.521,14.37,-1.849
2024-06-26,2024,6,26,12.631,14.448,-1.817
2024-06-27,2024,6,27,12.717,14.524,-1.807
2024-06-28,2024,6,28,12.85,14.622,-1.772
2024-06-29,2024,6,29,12.926,14.709,-1.783
2024-06-30,2024,6,30,13.004,14.812,-1.808
2024-07-01,2024,7,1,13.153,14.896,-1.743
2024-07-02,2024,7,2,13.269,14.966,-1.697
2024-07-03,2024,7,3,13.41,15.039,-1.629
2024-07-04,2024,7,4,13.486,15.112,-1.626
2024-07-05,2024,7,5,13.576,15.187,-1.611
2024-07-06,2024,7,6,13.691,15.265,-1.574
2024-07-07,2024,7,7,13.786,15.329,-1.543
2024-07-08,2024,7,8,13.869,15.395,-1.526
2024-07-09,2024,7,9,13.981,15.482,-1.501
2024-07-10,2024,7,10,14.066,15.547,-1.481
2024-07-11,2024,7,11,14.084,15.652,-1.568
2024-07-12,2024,7,12,14.113,15.753,-1.64
2024-07-13,2024,7,13,14.102,15.839,-1.737
2024-07-14,2024,7,14,14.092,15.909,-1.817
2024-07-15,2024,7,15,14.096,15.971,-1.875
2024-07-16,2024,7,16,14.144,16.038,-1.894
2024-07-17,2024,7,17,14.272,16.084,-1.812
2024-07-18,2024,7,18,14.326,16.164,-1.838
2024-07-19,2024,7,19,14.428,16.257,-1.829
2024-07-20,2024,7,20,14.454,16.345,-1.891
2024-07-21,2024,7,21,14.461,16.437,-1.976
2024-07-22,2024,7,22,14.486,16.517,-2.031
2024-07-23,2024,7,23,14.48,16.591,-2.111
2024-07-24,2024,7,24,14.531,16.643,-2.112
2024-07-25,2024,7,25,14.624,16.69,-2.066
2024-07-26,2024,7,26,14.747,16.746,-1.999
2024-07-27,2024,7,27,14.747,16.801,-2.054
2024-07-28,2024,7,28,14.828,16.857,-2.029
2024-07-29,2024,7,29,14.863,16.929,-2.066
2024-07-30,2024,7,30,14.932,16.981,-2.049
2024-07-31,2024,7,31,15.136,17.028,-1.892
2024-08-01,2024,8,1,15.329,17.083,-1.754
2024-08-02,2024,8,2,15.488,17.135,-1.647
2024-08-03,2024,8,3,15.659,17.19,-1.531
2024-08-04,2024,8,4,15.819,17.236,-1.417
2024-08-05,2024,8,5,15.999,17.287,-1.288
2024-08-06,2024,8,6,16.015,17.35,-1.335
2024-08-07,2024,8,7,15.915,17.421,-1.506
2024-08-08,2024,8,8,15.974,17.481,-1.507
2024-08-09,2024,8,9,16.045,17.514,-1.469
2024-08-10,2024,8,10,16.198,17.547,-1.349
2024-08-11,2024,8,11,16.352,17.593,-1.241
2024-08-12,2024,8,12,16.488,17.642,-1.154
2024-08-13,2024,8,13,16.539,17.683,-1.144
2024-08-14,2024,8,14,16.552,17.738,-1.186
2024-08-15,2024,8,15,16.568,17.782,-1.214
2024-08-16,2024,8,16,16.557,17.827,-1.27
2024-08-17,2024,8,17,16.601,17.845,-1.244
2024-08-18,2024,8,18,16.705,17.867,-1.162
2024-08-19,2024,8,19,16.629,17.888,-1.259
2024-08-20,2024,8,20,16.676,17.924,-1.248
2024-08-21,2024,8,21,16.642,17.964,-1.322
2024-08-22,2024,8,22,16.618,17.983,-1.365
2024-08-23,2024,8,23,16.669,18.018,-1.349
2024-08-24,2024,8,24,16.643,18.053,-1.41
2024-08-25,2024,8,25,16.719,18.105,-1.386
2024-08-26,2024,8,26,16.839,18.145,-1.306
2024-08-27,2024,8,27,16.913,18.159,-1.246
2024-08-28,2024,8,28,16.855,18.195,-1.34
2024-08-29,2024,8,29,16.923,18.222,-1.299
2024-08-30,2024,8,30,16.964,18.241,-1.277
2024-08-31,2024,8,31,16.944,18.264,-1.32
2024-09-01,2024,9,1,17.019,18.288,-1.269
2024-09-02,2024,9,2,17.001,18.308,-1.307
2024-09-03,2024,9,3,17.034,18.333,-1.299
2024-09-04,2024,9,4,16.958,18.352,-1.394
2024-09-05,2024,9,5,16.955,18.373,-1.418
2024-09-06,2024,9,6,17.018,18.397,-1.379
2024-09-07,2024,9,7,17.091,18.416,-1.325
2024-09-08,2024,9,8,17.113,18.445,-1.332
2024-09-09,2024,9,9,17.148,18.47,-1.322
2024-09-10,2024,9,10,17.2,18.49,-1.29
2024-09-11,2024,9,11,17.209,18.502,-1.293
2024-09-12,2024,9,12,17.243,18.521,-1.278
2024-09-13,2024,9,13,17.242,18.522,-1.28
2024-09-14,2024,9,14,17.281,18.529,-1.248
2024-09-15,2024,9,15,17.283,18.533,-1.25
2024-09-16,2024,9,16,17.233,18.546,-1.313
2024-09-17,2024,9,17,17.213,18.565,-1.352
2024-09-18,2024,9,18,17.206,18.567,-1.361
2024-09-19,2024,9,19,17.184,18.572,-1.388
2024-09-20,2024,9,20,17.197,18.574,-1.377
2024-09-21,2024,9,21,17.211,18.576,-1.365
2024-09-22,2024,9,22,17.18,18.569,-1.389
2024-09-23,2024,9,23,17.137,18.57,-1.433
2024-09-24,2024,9,24,17.106,18.571,-1.465
2024-09-25,2024,9,25,17.135,18.566,-1.431
2024-09-26,2024,9,26,17.193,18.552,-1.359
2024-09-27,2024,9,27,17.178,18.541,-1.363
2024-09-28,2024,9,28,17.152,18.525,-1.373
2024-09-29,2024,9,29,17.224,18.525,-1.301
2024-09-30,2024,9,30,17.275,18.508,-1.233
2024-10-01,2024,10,1,17.225,18.508,-1.283
2024-10-02,2024,10,2,17.146,18.504,-1.358
2024-10-03,2024,10,3,17.1,18.476,-1.376
2024-10-04,2024,10,4,17.02,18.448,-1.428
2024-10-05,2024,10,5,16.901,18.44,-1.539
2024-10-06,2024,10,6,16.879,18.425,-1.546
2024-10-07,2024,10,7,16.883,18.394,-1.511
2024-10-08,2024,10,8,16.84,18.361,-1.521
2024-10-09,2024,10,9,16.858,18.329,-1.471
2024-10-10,2024,10,10,16.861,18.299,-1.438
2024-10-11,2024,10,11,16.809,18.287,-1.478
2024-10-12,2024,10,12,16.875,18.265,-1.39
2024-10-13,2024,10,13,16.91,18.235,-1.325
2024-10-14,2024,10,14,16.828,18.224,-1.396
2024-10-15,2024,10,15,16.785,18.193,-1.408
2024-10-16,2024,10,16,16.72,18.158,-1.438
2024-10-17,2024,10,17,16.697,18.116,-1.419
2024-10-18,2024,10,18,16.592,18.062,-1.47
2024-10-19,2024,10,19,16.559,18.012,-1.453
2024-10-20,2024,10,20,16.573,17.97,-1.397
2024-10-21,2024,10,21,16.604,17.921,-1.317
2024-10-22,2024,10,22,16.643,17.872,-1.229
2024-10-23,2024,10,23,16.586,17.833,-1.247
2024-10-24,2024,10,24,16.482,17.791,-1.309
2024-10-25,2024,10,25,16.366,17.736,-1.37
2024-10-26,2024,10,26,16.253,17.681,-1.428
2024-10-27,2024,10,27,16.184,17.633,-1.449
2024-10-28,2024,10,28,16.126,17.555,-1.429
2024-10-29,2024,10,29,16.003,17.509,-1.506
2024-10-30,2024,10,30,15.953,17.449,-1.496
2024-10-31,2024,10,31,15.893,17.367,-1.474
2024-11-01,2024,11,1,15.822,17.312,-1.49
2024-11-02,2024,11,2,15.771,17.229,-1.458
2024-11-03,2024,11,3,15.655,17.153,-1.498
2024-11-04,2024,11,4,15.529,17.081,-1.552
2024-11-05,2024,11,5,15.457,17.011,-1.554
2024-11-06,2024,11,6,15.389,16.934,-1.545
2024-11-07,2024,11,7,15.261,16.848,-1.587
2024-11-08,2024,11,8,15.178,16.762,-1.584
2024-11-09,2024,11,9,15.071,16.667,-1.596
2024-11-10,2024,11,10,14.985,16.562,-1.577
2024-11-11,2024,11,11,14.905,16.472,-1.567
2024-11-12,2024,11,12,14.828,16.378,-1.55
2024-11-13,2024,11,13,14.768,16.272,-1.504
2024-11-14,2024,11,14,14.586,16.175,-1.589
2024-11-15,2024,11,15,14.453,16.061,-1.608
2024-11-16,2024,11,16,14.336,15.925,-1.589
2024-11-17,2024,11,17,14.244,15.797,-1.553
2024-11-18,2024,11,18,14.079,15.665,-1.586
2024-11-19,2024,11,19,13.9,15.509,-1.609
2024-11-20,2024,11,20,13.839,15.368,-1.529
2024-11-21,2024,11,21,13.754,15.213,-1.459
2024-11-22,2024,11,22,13.589,15.069,-1.48
2024-11-23,2024,11,23,13.544,14.896,-1.352
2024-11-24,2024,11,24,13.428,14.74,-1.312
2024-11-25,2024,11,25,13.222,14.575,-1.353
2024-11-26,2024,11,26,13.008,14.417,-1.409
2024-11-27,2024,11,27,12.858,14.239,-1.381
2024-11-28,2024,11,28,12.709,14.055,-1.346
2024-11-29,2024,11,29,12.662,13.868,-1.206
2024-11-30,2024,11,30,12.53,13.685,-1.155
2024-12-01,2024,12,1,12.429,13.513,-1.084
2024-12-02,2024,12,2,12.237,13.294,-1.057
2024-12-03,2024,12,3,12.07,13.105,-1.035
2024-12-04,2024,12,4,11.881,12.904,-1.023
2024-12-05,2024,12,5,11.66,12.703,-1.043
2024-12-06,2024,12,6,11.551,12.495,-0.944
2024-12-07,2024,12,7,11.322,12.29,-0.968
2024-12-08,2024,12,8,11.063,12.068,-1.005
2024-12-09,2024,12,9,10.848,11.859,-1.011
2024-12-10,2024,12,10,10.646,11.659,-1.013
2024-12-11,2024,12,11,10.416,11.436,-1.02
2024-12-12,2024,12,12,10.267,11.222,-0.955
2024-12-13,2024,12,13,10.085,10.998,-0.913
2024-12-14,2024,12,14,9.896,10.755,-0.859
2024-12-15,2024,12,15,9.672,10.498,-0.826
2024-12-16,2024,12,16,9.504,10.247,-0.743
2024-12-17,2024,12,17,9.323,9.984,-0.661
2024-12-18,2024,12,18,9.094,9.732,-0.638
2024-12-19,2024,12,19,8.949,9.48,-0.531
2024-12-20,2024,12,20,8.702,9.255,-0.553
2024-12-21,2024,12,21,8.468,9.039,-0.571
2024-12-22,2024,12,22,8.375,8.835,-0.46
2024-12-23,2024,12,23,8.174,8.631,-0.457
2024-12-24,2024,12,24,8.1,8.416,-0.316
2024-12-25,2024,12,25,7.911,8.224,-0.313
2024-12-26,2024,12,26,7.761,8.018,-0.257
2024-12-27,2024,12,27,7.626,7.811,-0.185
2024-12-28,2024,12,28,7.48,7.624,-0.144
2024-12-29,2024,12,29,7.401,7.406,-0.005
2024-12-30,2024,12,30,7.32,7.222,0.098
2024-12-31,2024,12,31,7.155,7.059,0.096
2025-01-01,2025,1,1,6.901,6.999,-0.098
2025-01-02,2025,1,2,6.769,6.808,-0.039
2025-01-03,2025,1,3,6.651,6.621,0.03
2025-01-04,2025,1,4,6.405,6.451,-0.046
2025-01-05,2025,1,5,6.183,6.296,-0.113
2025-01-06,2025,1,6,6.077,6.142,-0.065
2025-01-07,2025,1,7,5.949,5.999,-0.05
2025-01-08,2025,1,8,5.752,5.838,-0.086
2025-01-09,2025,1,9,5.572,5.681,-0.109
2025-01-10,2025,1,10,5.437,5.547,-0.11
2025-01-11,2025,1,11,5.147,5.423,-0.276
2025-01-12,2025,1,12,5.054,5.305,-0.251
2025-01-13,2025,1,13,4.984,5.16,-0.176
2025-01-14,2025,1,14,4.784,5.047,-0.263
2025-01-15,2025,1,15,4.495,4.926,-0.431
2025-01-16,2025,1,16,4.361,4.819,-0.458
2025-01-17,2025,1,17,4.241,4.709,-0.468
2025-01-18,2025,1,18,4.155,4.614,-0.459
2025-01-19,2025,1,19,4.028,4.521,-0.493
2025-01-20,2025,1,20,4.009,4.427,-0.418
2025-01-21,2025,1,21,3.979,4.335,-0.356
2025-01-22,2025,1,22,3.823,4.24,-0.417
2025-01-23,2025,1,23,3.8,4.154,-0.354
2025-01-24,2025,1,24,3.708,4.074,-0.366
2025-01-25,2025,1,25,3.6,3.998,-0.398
2025-01-26,2025,1,26,3.498,3.929,-0.431
2025-01-27,2025,1,27,3.421,3.861,-0.44
2025-01-28,2025,1,28,3.345,3.808,-0.463
2025-01-29,2025,1,29,3.265,3.734,-0.469
2025-01-30,2025,1,30,3.079,3.665,-0.586
2025-01-31,2025,1,31,2.995,3.605,-0.61
2025-02-01,2025,2,1,2.921,3.534,-0.613
2025-02-02,2025,2,2,2.812,3.489,-0.677
2025-02-03,2025,2,3,2.724,3.43,-0.706
2025-02-04,2025,2,4,2.646,3.377,-0.731
2025-02-05,2025,2,5,2.528,3.326,-0.798
2025-02-06,2025,2,6,2.431,3.28,-0.849
2025-02-07,2025,2,7,2.344,3.227,-0.883
2025-02-08,2025,2,8,2.215,3.181,-0.966
2025-02-09,2025,2,9,2.196,3.141,-0.945
2025-02-10,2025,2,10,2.164,3.097,-0.933
2025-02-11,2025,2,11,2.129,3.064,-0.935
2025-02-12,2025,2,12,2.103,3.025,-0.922
2025-02-13,2025,2,13,2.087,2.998,-0.911
2025-02-14,2025,2,14,2.104,2.969,-0.865
2025-02-15,2025,2,15,2.053,2.935,-0.882
2025-02-16,2025,2,16,2.09,2.918,-0.828
2025-02-17,2025,2,17,2.126,2.914,-0.788
2025-02-18,2025,2,18,2.092,2.903,-0.811
2025-02-19,2025,2,19,2.106,2.881,-0.775
2025-02-20,2025,2,20,2.013,2.876,-0.863
2025-02-21,2025,2,21,2.004,2.881,-0.877
2025-02-22,2025,2,22,1.995,2.885,-0.89
2025-02-23,2025,2,23,2.079,2.892,-0.813
2025-02-24,2025,2,24,2.097,2.889,-0.792
2025-02-25,2025,2,25,2.009,2.907,-0.898
2025-02-26,2025,2,26,2.004,2.931,-0.927
2025-02-27,2025,2,27,1.989,2.96,-0.971
2025-02-28,2025,2,28,2.029,2.994,-0.965
2025-03-01,2025,3,1,1.959,3.061,-1.102
2025-03-02,2025,3,2,2.049,3.105,-1.056
2025-03-03,2025,3,3,2.035,3.166,-1.131
2025-03-04,2025,3,4,2.125,3.211,-1.086
2025-03-05,2025,3,5,2.094,3.253,-1.159
2025-03-06,2025,3,6,2.175,3.306,-1.131
2025-03-07,2025,3,7,2.248,3.37,-1.122
2025-03-08,2025,3,8,2.269,3.433,-1.164
2025-03-09,2025,3,9,2.319,3.507,-1.188
2025-03-10,2025,3,10,2.42,3.592,-1.172
2025-03-11,2025,3,11,2.532,3.658,-1.126
2025-03-12,2025,3,12,2.634,3.735,-1.101
2025-03-13,2025,3,13,2.753,3.815,-1.062
2025-03-14,2025,3,14,2.909,3.892,-0.983
2025-03-15,2025,3,15,2.99,3.966,-0.976
2025-03-16,2025,3,16,3.092,4.035,-0.943
2025-03-17,2025,3,17,3.163,4.11,-0.947
2025-03-18,2025,3,18,3.247,4.199,-0.952
2025-03-19,2025,3,19,3.266,4.271,-1.005
2025-03-20,2025,3,20,3.283,4.362,-1.079
2025-03-21,2025,3,21,3.403,4.441,-1.038
2025-03-22,2025,3,22,3.426,4.521,-1.095
2025-03-23,2025,3,23,3.476,4.613,-1.137
2025-03-24,2025,3,24,3.513,4.701,-1.188
2025-03-25,2025,3,25,3.62,4.798,-1.178
2025-03-26,2025,3,26,3.77,4.884,-1.114
2025-03-27,2025,3,27,3.84,4.956,-1.116
2025-03-28,2025,3,28,3.9,5.047,-1.147
2025-03-29,2025,3,29,4.093,5.139,-1.046
2025-03-30,2025,3,30,4.185,5.219,-1.034
2025-03-31,2025,3,31,4.276,5.312,-1.036
2025-04-01,2025,4,1,4.421,5.405,-0.984
2025-04-02,2025,4,2,4.563,5.508,-0.945
2025-04-03,2025,4,3,4.721,5.607,-0.886
2025-04-04,2025,4,4,4.839,5.708,-0.869
2025-04-05,2025,4,5,5.041,5.806,-0.765
2025-04-06,2025,4,6,5.211,5.908,-0.697
2025-04-07,2025,4,7,5.29,6.018,-0.728
2025-04-08,2025,4,8,5.305,6.125,-0.82
2025-04-09,2025,4,9,5.422,6.218,-0.796
2025-04-10,2025,4,10,5.516,6.329,-0.813
2025-04-11,2025,4,11,5.584,6.434,-0.85
2025-04-12,2025,4,12,5.683,6.549,-0.866
2025-04-13,2025,4,13,5.795,6.656,-0.861
2025-04-14,2025,4,14,5.94,6.757,-0.817
2025-04-15,2025,4,15,6.112,6.862,-0.75
2025-04-16,2025,4,16,6.275,6.977,-0.702
2025-04-17,2025,4,17,6.399,7.089,-0.69
2025-04-18,2025,4,18,6.525,7.194,-0.669
2025-04-19,2025,4,19,6.686,7.303,-0.617
2025-04-20,2025,4,20,6.8,7.414,-0.614
2025-04-21,2025,4,21,6.908,7.516,-0.608
2025-04-22,2025,4,22,7.008,7.624,-0.616
2025-04-23,2025,4,23,7.078,7.733,-0.655
2025-04-24,2025,4,24,7.21,7.84,-0.63
2025-04-25,2025,4,25,7.313,7.947,-0.634
2025-04-26,2025,4,26,7.336,8.05,-0.714
2025-04-27,2025,4,27,7.412,8.165,-0.753
2025-04-28,2025,4,28,7.492,8.28,-0.788
2025-04-29,2025,4,29,7.613,8.387,-0.774
2025-04-30,2025,4,30,7.7,8.497,-0.797
2025-05-01,2025,5,1,7.795,8.604,-0.809
2025-05-02,2025,5,2,7.925,8.71,-0.785
2025-05-03,2025,5,3,8.059,8.825,-0.766
2025-05-04,2025,5,4,8.118,8.94,-0.822
2025-05-05,2025,5,5,8.208,9.053,-0.845
2025-05-06,2025,5,6,8.238,9.161,-0.923
2025-05-07,2025,5,7,8.354,9.28,-0.926
2025-05-08,2025,5,8,8.529,9.392,-0.863
2025-05-09,2025,5,9,8.658,9.487,-0.829
2025-05-10,2025,5,10,8.779,9.588,-0.809
2025-05-11,2025,5,11,8.854,9.705,-0.851
2025-05-12,2025,5,12,8.968,9.811,-0.843
2025-05-13,2025,5,13,9.098,9.928,-0.83
2025-05-14,2025,5,14,9.266,10.039,-0.773
2025-05-15,2025,5,15,9.318,10.147,-0.829
2025-05-16,2025,5,16,9.344,10.26,-0.916
2025-05-17,2025,5,17,9.371,10.366,-0.995
2025-05-18,2025,5,18,9.479,10.47,-0.991
2025-05-19,2025,5,19,9.52,10.583,-1.063
2025-05-20,2025,5,20,9.647,10.708,-1.061
2025-05-21,2025,5,21,9.667,10.809,-1.142
2025-05-22,2025,5,22,9.778,10.909,-1.131
2025-05-23,2025,5,23,9.893,11.019,-1.126
2025-05-24,2025,5,24,9.979,11.119,-1.14
2025-05-25,2025,5,25,10.105,11.219,-1.114
2025-05-26,2025,5,26,10.179,11.321,-1.142
2025-05-27,2025,5,27,10.266,11.422,-1.156
2025-05-28,2025,5,28,10.434,11.532,-1.098
2025-05-29,2025,5,29,10.479,11.629,-1.15
2025-05-30,2025,5,30,10.561,11.732,-1.171
2025-05-31,2025,5,31,10.598,11.859,-1.261
2025-06-01,2025,6,1,10.608,11.978,-1.37
2025-06-02,2025,6,2,10.654,12.077,-1.423
2025-06-03,2025,6,3,10.734,12.168,-1.434
2025-06-04,2025,6,4,10.845,12.271,-1.426
2025-06-05,2025,6,5,11.0,12.383,-1.383
2025-06-06,2025,6,6,11.141,12.49,-1.349
2025-06-07,2025,6,7,11.239,12.581,-1.342
2025-06-08,2025,6,8,11.286,12.69,-1.404
2025-06-09,2025,6,9,11.333,12.792,-1.459
2025-06-10,2025,6,10,11.375,12.894,-1.519
2025-06-11,2025,6,11,11.519,12.987,-1.468
2025-06-12,2025,6,12,11.6,13.074,-1.474
2025-06-13,2025,6,13,11.709,13.172,-1.463
2025-06-14,2025,6,14,11.776,13.279,-1.503
2025-06-15,2025,6,15,12.011,13.384,-1.373
2025-06-16,2025,6,16,12.191,13.487,-1.296
2025-06-17,2025,6,17,12.331,13.597,-1.266
2025-06-18,2025,6,18,12.449,13.692,-1.243
2025-06-19,2025,6,19,12.625,13.796,-1.171
2025-06-20,2025,6,20,12.76,13.898,-1.138
2025-06-21,2025,6,21,12.858,13.991,-1.133
2025-06-22,2025,6,22,12.982,14.085,-1.103
2025-06-23,2025,6,23,13.108,14.186,-1.078
2025-06-24,2025,6,24,13.191,14.279,-1.088
2025-06-25,2025,6,25,13.2,14.37,-1.17
2025-06-26,2025,6,26,13.208,14.448,-1.24
2025-06-27,2025,6,27,13.293,14.524,-1.231
2025-06-28,2025,6,28,13.373,14.622,-1.249
2025-06-29,2025,6,29,13.45,14.709,-1.259
2025-06-30,2025,6,30,13.568,14.812,-1.244
2025-07-01,2025,7,1,13.637,14.896,-1.259
2025-07-02,2025,7,2,13.747,14.966,-1.219
2025-07-03,2025,7,3,13.847,15.039,-1.192
2025-07-04,2025,7,4,13.966,15.112,-1.146
2025-07-05,2025,7,5,14.105,15.187,-1.082
2025-07-06,2025,7,6,14.175,15.265,-1.09
2025-07-07,2025,7,7,14.186,15.329,-1.143
2025-07-08,2025,7,8,14.181,15.395,-1.214
2025-07-09,2025,7,9,14.255,15.482,-1.227
2025-07-10,2025,7,10,14.327,15.547,-1.22
2025-07-11,2025,7,11,14.332,15.652,-1.32
2025-07-12,2025,7,12,14.388,15.753,-1.365
2025-07-13,2025,7,13,14.44,15.839,-1.399
2025-07-14,2025,7,14,14.458,15.909,-1.451
2025-07-15,2025,7,15,14.503,15.971,-1.468
2025-07-16,2025,7,16,14.511,16.038,-1.527
2025-07-17,2025,7,17,14.59,16.084,-1.494
2025-07-18,2025,7,18,14.644,16.164,-1.52
2025-07-19,2025,7,19,14.742,16.257,-1.515
2025-07-20,2025,7,20,14.763,16.345,-1.582
2025-07-21,2025,7,21,14.867,16.437,-1.57
2025-07-22,2025,7,22,14.974,16.517,-1.543
2025-07-23,2025,7,23,15.155,16.591,-1.436
2025-07-24,2025,7,24,15.306,16.643,-1.337
2025-07-25,2025,7,25,15.356,16.69,-1.334
2025-07-26,2025,7,26,15.391,16.746,-1.355
2025-07-27,2025,7,27,15.495,16.801,-1.306
2025-07-28,2025,7,28,15.536,16.857,-1.321
2025-07-29,2025,7,29,15.538,16.929,-1.391
2025-07-30,2025,7,30,15.539,16.981,-1.442
2025-07-31,2025,7,31,15.658,17.028,-1.37
2025-08-01,2025,8,1,15.789,17.083,-1.294
2025-08-02,2025,8,2,15.871,17.135,-1.264
2025-08-03,2025,8,3,15.969,17.19,-1.221
2025-08-04,2025,8,4,15.954,17.236,-1.282
2025-08-05,2025,8,5,15.932,17.287,-1.355
2025-08-06,2025,8,6,16.014,17.35,-1.336
2025-08-07,2025,8,7,16.083,17.421,-1.338
2025-08-08,2025,8,8,16.094,17.481,-1.387
2025-08-09,2025,8,9,16.073,17.514,-1.441
2025-08-10,2025,8,10,16.112,17.547,-1.435
2025-08-11,2025,8,11,16.16,17.593,-1.433
2025-08-12,2025,8,12,16.18,17.642,-1.462
2025-08-13,2025,8,13,16.316,17.683,-1.367
2025-08-14,2025,8,14,16.482,17.738,-1.256
2025-08-15,2025,8,15,16.504,17.782,-1.278
2025-08-16,2025,8,16,16.492,17.827,-1.335
2025-08-17,2025,8,17,16.498,17.845,-1.347
2025-08-18,2025,8,18,16.615,17.867,-1.252
2025-08-19,2025,8,19,16.644,17.888,-1.244
2025-08-20,2025,8,20,16.618,17.924,-1.306
2025-08-21,2025,8,21,16.657,17.964,-1.307
2025-08-22,2025,8,22,16.759,17.983,-1.224
2025-08-23,2025,8,23,16.887,18.018,-1.131
2025-08-24,2025,8,24,16.919,18.053,-1.134
2025-08-25,2025,8,25,16.924,18.105,-1.181
2025-08-26,2025,8,26,16.966,18.145,-1.179
2025-08-27,2025,8,27,17.04,18.159,-1.119
2025-08-28,2025,8,28,17.172,18.195,-1.023
2025-08-29,2025,8,29,17.24,18.222,-0.982
2025-08-30,2025,8,30,17.261,18.241,-0.98
2025-08-31,2025,8,31,17.339,18.264,-0.925
2025-09-01,2025,9,1,17.384,18.288,-0.904
2025-09-02,2025,9,2,17.516,18.308,-0.792
2025-09-03,2025,9,3,17.53,18.333,-0.803
2025-09-04,2025,9,4,17.56,18.352,-0.792
2025-09-05,2025,9,5,17.511,18.373,-0.862
2025-09-06,2025,9,6,17.528,18.397,-0.869
2025-09-07,2025,9,7,17.591,18.416,-0.825
2025-09-08,2025,9,8,17.628,18.445,-0.817
2025-09-09,2025,9,9,17.649,18.47,-0.821
2025-09-10,2025,9,10,17.589,18.49,-0.901
2025-09-11,2025,9,11,17.612,18.502,-0.89
2025-09-12,2025,9,12,17.736,18.521,-0.785
2025-09-13,2025,9,13,17.791,18.522,-0.731
2025-09-14,2025,9,14,17.831,18.529,-0.698
2025-09-15,2025,9,15,17.854,18.533,-0.679
2025-09-16,2025,9,16,17.798,18.546,-0.748
2025-09-17,2025,9,17,17.77,18.565,-0.795
2025-09-18,2025,9,18,17.727,18.567,-0.84
2025-09-19,2025,9,19,17.648,18.572,-0.924
2025-09-20,2025,9,20,17.671,18.574,-0.903
2025-09-21,2025,9,21,17.702,18.576,-0.874
2025-09-22,2025,9,22,17.686,18.569,-0.883
2025-09-23,2025,9,23,17.55,18.57,-1.02
2025-09-24,2025,9,24,17.635,18.571,-0.936
2025-09-25,2025,9,25,17.648,18.566,-0.918
2025-09-26,2025,9,26,17.664,18.552,-0.888
2025-09-27,2025,9,27,17.668,18.541,-0.873
2025-09-28,2025,9,28,17.632,18.525,-0.893
2025-09-29,2025,9,29,17.536,18.525,-0.989
2025-09-30,2025,9,30,17.444,18.508,-1.064
2025-10-01,2025,10,1,17.496,18.508,-1.012
2025-10-02,2025,10,2,17.495,18.504,-1.009
2025-10-03,2025,10,3,17.39,18.476,-1.086
2025-10-04,2025,10,4,17.349,18.448,-1.099
2025-10-05,2025,10,5,17.393,18.44,-1.047
2025-10-06,2025,10,6,17.365,18.425,-1.06
2025-10-07,2025,10,7,17.331,18.394,-1.063
2025-10-08,2025,10,8,17.275,18.361,-1.086
2025-10-09,2025,10,9,17.271,18.329,-1.058
2025-10-10,2025,10,10,17.301,18.299,-0.998
2025-10-11,2025,10,11,17.274,18.287,-1.013
2025-10-12,2025,10,12,17.197,18.265,-1.068
2025-10-13,2025,10,13,17.109,18.235,-1.126
2025-10-14,2025,10,14,17.081,18.224,-1.143
2025-10-15,2025,10,15,17.089,18.193,-1.104
2025-10-16,2025,10,16,17.016,18.158,-1.142
2025-10-17,2025,10,17,16.921,18.116,-1.195
2025-10-18,2025,10,18,16.893,18.062,-1.169
2025-10-19,2025,10,19,16.889,18.012,-1.123
2025-10-20,2025,10,20,16.88,17.97,-1.09
2025-10-21,2025,10,21,16.858,17.921,-1.063
2025-10-22,2025,10,22,16.801,17.872,-1.071
2025-10-23,2025,10,23,16.75,17.833,-1.083
2025-10-24,2025,10,24,16.687,17.791,-1.104
2025-10-25,2025,10,25,16.648,17.736,-1.088
2025-10-26,2025,10,26,16.513,17.681,-1.168
2025-10-27,2025,10,27,16.445,17.633,-1.188
2025-10-28,2025,10,28,16.383,17.555,-1.172
2025-10-29,2025,10,29,16.301,17.509,-1.208
2025-10-30,2025,10,30,16.292,17.449,-1.157
2025-10-31,2025,10,31,16.213,17.367,-1.154
2025-11-01,2025,11,1,16.095,17.312,-1.217
2025-11-02,2025,11,2,16.063,17.229,-1.166
2025-11-03,2025,11,3,15.946,17.153,-1.207
2025-11-04,2025,11,4,15.861,17.081,-1.22
2025-11-05,2025,11,5,15.792,17.011,-1.219
2025-11-06,2025,11,6,15.704,16.934,-1.23
2025-11-07,2025,11,7,15.585,16.848,-1.263
2025-11-08,2025,11,8,15.502,16.762,-1.26
2025-11-09,2025,11,9,15.467,16.667,-1.2
2025-11-10,2025,11,10,15.404,16.562,-1.158
2025-11-11,2025,11,11,15.318,16.472,-1.154
2025-11-12,2025,11,12,15.184,16.378,-1.194
2025-11-13,2025,11,13,15.124,16.272,-1.148
2025-11-14,2025,11,14,14.971,16.175,-1.204
2025-11-15,2025,11,15,14.839,16.061,-1.222
2025-11-16,2025,11,16,14.74,15.925,-1.185
2025-11-17,2025,11,17,14.616,15.797,-1.181
2025-11-18,2025,11,18,14.426,15.665,-1.239
2025-11-19,2025,11,19,14.253,15.509,-1.256
2025-11-20,2025,11,20,14.105,15.368,-1.263
2025-11-21,2025,11,21,13.919,15.213,-1.294
2025-11-22,2025,11,22,13.763,15.069,-1.306
2025-11-23,2025,11,23,13.645,14.896,-1.251
2025-11-24,2025,11,24,13.508,14.74,-1.232
2025-11-25,2025,11,25,13.296,14.575,-1.279
2025-11-26,2025,11,26,13.134,14.417,-1.283
2025-11-27,2025,11,27,13.013,14.239,-1.226
2025-11-28,2025,11,28,12.829,14.055,-1.226
2025-11-29,2025,11,29,12.679,13.868,-1.189
2025-11-30,2025,11,30,12.503,13.685,-1.182
2025-12-01,2025,12,1,12.294,13.513,-1.219
2025-12-02,2025,12,2,12.13,13.294,-1.164
2025-12-03,2025,12,3,11.932,13.105,-1.173
2025-12-04,2025,12,4,11.686,12.904,-1.218
2025-12-05,2025,12,5,11.494,12.703,-1.209
2025-12-06,2025,12,6,11.347,12.495,-1.148
2025-12-07,2025,12,7,11.153,12.29,-1.137
2025-12-08,2025,12,8,10.943,12.068,-1.125
2025-12-09,2025,12,9,10.782,11.859,-1.077
2025-12-10,2025,12,10,10.644,11.659,-1.015
2025-12-11,2025,12,11,10.472,11.436,-0.964
2025-12-12,2025,12,12,10.212,11.222,-1.01
2025-12-13,2025,12,13,9.966,10.998,-1.032
2025-12-14,2025,12,14,9.678,10.755,-1.077
2025-12-15,2025,12,15,9.445,10.498,-1.053
2025-12-16,2025,12,16,9.202,10.247,-1.045
2025-12-17,2025,12,17,9.011,9.984,-0.973
2025-12-18,2025,12,18,8.718,9.732,-1.014
2025-12-19,2025,12,19,8.479,9.48,-1.001
2025-12-20,2025,12,20,8.256,9.255,-0.999
2025-12-21,2025,12,21,7.997,9.039,-1.042
2025-12-22,2025,12,22,7.737,8.835,-1.098
2025-12-23,2025,12,23,7.504,8.631,-1.127
2025-12-24,2025,12,24,7.374,8.416,-1.042
2025-12-25,2025,12,25,7.233,8.224,-0.991
2025-12-26,2025,12,26,7.09,8.018,-0.928
2025-12-27,2025,12,27,6.966,7.811,-0.845
2025-12-28,2025,12,28,6.82,7.624,-0.804
2025-12-29,2025,12,29,6.596,7.406,-0.81
2025-12-30,2025,12,30,6.356,7.222,-0.866
2025-12-31,2025,12,31,6.25,7.059,-0.809
2026-01-01,2026,1,1,6.093,6.999,-0.906
2026-01-02,2026,1,2,5.911,6.808,-0.897
2026-01-03,2026,1,3,5.78,6.621,-0.841
2026-01-04,2026,1,4,5.682,6.451,-0.769
2026-01-05,2026,1,5,5.543,6.296,-0.753
2026-01-06,2026,1,6,5.415,6.142,-0.727
2026-01-07,2026,1,7,5.253,5.999,-0.746
2026-01-08,2026,1,8,5.103,5.838,-0.735
2026-01-09,2026,1,9,4.926,5.681,-0.755
2026-01-10,2026,1,10,4.862,5.547,-0.685
2026-01-11,2026,1,11,4.783,5.423,-0.64
2026-01-12,2026,1,12,4.598,5.305,-0.707
2026-01-13,2026,1,13,4.541,5.16,-0.619
2026-01-14,2026,1,14,4.482,5.047,-0.565
2026-01-15,2026,1,15,4.411,4.926,-0.515
2026-01-16,2026,1,16,4.335,4.819,-0.484
2026-01-17,2026,1,17,4.275,4.709,-0.434
2026-01-18,2026,1,18,4.239,4.614,-0.375
2026-01-19,2026,1,19,4.144,4.521,-0.377
2026-01-20,2026,1,20,4.051,4.427,-0.376
2026-01-21,2026,1,21,3.969,4.335,-0.366
2026-01-22,2026,1,22,3.927,4.24,-0.313
2026-01-23,2026,1,23,3.858,4.154,-0.296
2026-01-24,2026,1,24,3.784,4.074,-0.29
2026-01-25,2026,1,25,3.69,3.998,-0.308
2026-01-26,2026,1,26,3.654,3.929,-0.275
2026-01-27,2026,1,27,3.621,3.861,-0.24
2026-01-28,2026,1,28,3.648,3.808,-0.16
2026-01-29,2026,1,29,3.563,3.734,-0.171
2026-01-30,2026,1,30,3.57,3.665,-0.095
2026-01-31,2026,1,31,3.551,3.605,-0.054
2026-02-01,2026,2,1,3.428,3.534,-0.106
2026-02-02,2026,2,2,3.359,3.489,-0.13
2026-02-03,2026,2,3,3.353,3.43,-0.077
2026-02-04,2026,2,4,3.317,3.377,-0.06
2026-02-05,2026,2,5,3.274,3.326,-0.052
2026-02-06,2026,2,6,3.21,3.28,-0.07
2026-02-07,2026,2,7,3.124,3.227,-0.103
2026-02-08,2026,2,8,3.069,3.181,-0.112
2026-02-09,2026,2,9,3.101,3.141,-0.04
2026-02-10,2026,2,10,2.975,3.097,-0.122
2026-02-11,2026,2,11,2.96,3.064,-0.104
2026-02-12,2026,2,12,2.919,3.025,-0.106
2026-02-13,2026,2,13,2.881,2.998,-0.117
2026-02-14,2026,2,14,2.843,2.969,-0.126
2026-02-15,2026,2,15,2.905,2.935,-0.03
2026-02-16,2026,2,16,2.844,2.918,-0.074
2026-02-17,2026,2,17,2.848,2.914,-0.066
2026-02-18,2026,2,18,2.776,2.903,-0.127
2026-02-19,2026,2,19,2.732,2.881,-0.149
2026-02-20,2026,2,20,2.686,2.876,-0.19
2026-02-21,2026,2,21,2.665,2.881,-0.216
2026-02-22,2026,2,22,2.627,2.885,-0.258
2026-02-23,2026,2,23,2.597,2.892,-0.295
2026-02-24,2026,2,24,2.563,2.889,-0.326
2026-02-25,2026,2,25,2.571,2.907,-0.336
2026-02-26,2026,2,26,2.563,2.931,-0.368
2026-02-27,2026,2,27,2.658,2.96,-0.302
2026-02-28,2026,2,28,2.681,2.994,-0.313
2026-03-01,2026,3,1,2.674,3.061,-0.387
2026-03-02,2026,3,2,2.736,3.105,-0.369
2026-03-03,2026,3,3,2.773,3.166,-0.393
2026-03-04,2026,3,4,2.836,3.211,-0.375
2026-03-05,2026,3,5,2.918,3.253,-0.335
2026-03-06,2026,3,6,2.981,3.306,-0.325
2026-03-07,2026,3,7,2.989,3.37,-0.381
2026-03-08,2026,3,8,3.051,3.433,-0.382
2026-03-09,2026,3,9,3.076,3.507,-0.431
2026-03-10,2026,3,10,3.134,3.592,-0.458
2026-03-11,2026,3,11,3.238,3.658,-0.42
2026-03-12,2026,3,12,3.289,3.735,-0.446
2026-03-13,2026,3,13,3.316,3.815,-0.499
2026-03-14,2026,3,14,3.365,3.892,-0.527
2026-03-15,2026,3,15,3.369,3.966,-0.597
2026-03-16,2026,3,16,3.493,4.035,-0.542
2026-03-17,2026,3,17,3.577,4.11,-0.533
2026-03-18,2026,3,18,3.644,4.199,-0.555
2026-03-19,2026,3,19,3.71,4.271,-0.561
2026-03-20,2026,3,20,3.772,4.362,-0.59
2026-03-21,2026,3,21,3.866,4.441,-0.575
2026-03-22,2026,3,22,3.962,4.521,-0.559
2026-03-23,2026,3,23,4.075,4.613,-0.538
2026-03-24,2026,3,24,4.152,4.701,-0.549
2026-03-25,2026,3,25,4.212,4.798,-0.586
2026-03-26,2026,3,26,4.195,4.884,-0.689
2026-03-27,2026,3,27,4.245,4.956,-0.711
2026-03-28,2026,3,28,4.339,5.047,-0.708
2026-03-29,2026,3,29,4.42,5.139,-0.719
2026-03-30,2026,3,30,4.497,5.219,-0.722
2026-03-31,2026,3,31,4.69,5.312,-0.622
2026-04-01,2026,4,1,4.922,5.405,-0.483
2026-04-02,2026,4,2,4.861,5.508,-0.647
2026-04-03,2026,4,3,4.914,5.607,-0.693
2026-04-04,2026,4,4,4.958,5.708,-0.75
2026-04-05,2026,4,5,5.069,5.806,-0.737
2026-04-06,2026,4,6,5.254,5.908,-0.654
2026-04-07,2026,4,7,5.387,6.018,-0.631
2026-04-08,2026,4,8,5.463,6.125,-0.662
2026-04-09,2026,4,9,5.52,6.218,-0.698
2026-04-10,2026,4,10,5.619,6.329,-0.71
2026-04-11,2026,4,11,5.718,6.434,-0.716
2026-04-12,2026,4,12,5.806,6.549,-0.743
2026-04-13,2026,4,13,5.954,6.656,-0.702
2026-04-14,2026,4,14,6.036,6.757,-0.721
2026-04-15,2026,4,15,6.186,6.862,-0.676
2026-04-16,2026,4,16,6.253,6.977,-0.724
2026-04-17,2026,4,17,6.315,7.089,-0.774
2026-04-18,2026,4,18,6.397,7.194,-0.797
2026-04-19,2026,4,19,6.542,7.303,-0.761
2026-04-20,2026,4,20,6.626,7.414,-0.788
2026-04-21,2026,4,21,6.724,7.516,-0.792
2026-04-22,2026,4,22,6.86,7.624,-0.764
2026-04-23,2026,4,23,6.879,7.733,-0.854
2026-04-24,2026,4,24,6.95,7.84,-0.89
2026-04-25,2026,4,25,7.018,7.947,-0.929
2026-04-26,2026,4,26,7.153,8.05,-0.897
2026-04-27,2026,4,27,7.341,8.165,-0.824
2026-04-28,2026,4,28,7.434,8.28,-0.846
2026-04-29,2026,4,29,7.559,8.387,-0.828
2026-04-30,2026,4,30,7.631,8.497,-0.866
2026-05-01,2026,5,1,7.773,8.604,-0.831
2026-05-02,2026,5,2,7.907,8.71,-0.803
2026-05-03,2026,5,3,8.015,8.825,-0.81
2026-05-04,2026,5,4,8.137,8.94,-0.803
2026-05-05,2026,5,5,8.196,9.053,-0.857
2026-05-06,2026,5,6,8.326,9.161,-0.835
2026-05-07,2026,5,7,8.427,9.28,-0.853
2026-05-08,2026,5,8,8.551,9.392,-0.841
2026-05-09,2026,5,9,8.703,9.487,-0.784
2026-05-10,2026,5,10,8.8,9.588,-0.788
2026-05-11,2026,5,11,8.937,9.705,-0.768
2026-05-12,2026,5,12,9.032,9.811,-0.779
2026-05-13,2026,5,13,9.148,9.928,-0.78
2026-05-14,2026,5,14,9.229,10.039,-0.81
2026-05-15,2026,5,15,9.276,10.147,-0.871
2026-05-16,2026,5,16,9.311,10.26,-0.949
2026-05-17,2026,5,17,9.42,10.366,-0.946
2026-05-18,2026,5,18,9.534,10.47,-0.936
2026-05-19,2026,5,19,9.602,10.583,-0.981
2026-05-20,2026,5,20,9.676,10.708,-1.032
2026-05-21,2026,5,21,9.776,10.809,-1.033
2026-05-22,2026,5,22,9.918,10.909,-0.991
2026-05-23,2026,5,23,10.039,11.019,-0.98
2026-05-24,2026,5,24,10.115,11.119,-1.004
2026-05-25,2026,5,25,10.246,11.219,-0.973
2026-05-26,2026,5,26,10.323,11.321,-0.998
2026-05-27,2026,5,27,10.431,11.422,-0.991
2026-05-28,2026,5,28,10.585,11.532,-0.947
2026-05-29,2026,5,29,10.642,11.629,-0.987
2026-05-30,2026,5,30,10.754,11.732,-0.978
2026-05-31,2026,5,31,10.857,11.859,-1.002
2026-06-01,2026,6,1,10.924,11.978,-1.054
2026-06-02,2026,6,2,10.999,12.077,-1.078
2026-06-03,2026,6,3,11.062,12.168,-1.106
2026-06-04,2026,6,4,11.111,12.271,-1.16
2026-06-05,2026,6,5,11.192,12.383,-1.191
2026-06-06,2026,6,6,11.226,12.49,-1.264
2026-06-07,2026,6,7,11.282,12.581,-1.299
2026-06-08,2026,6,8,11.42,12.69,-1.27
2026-06-09,2026,6,9,11.606,12.792,-1.186
2026-06-10,2026,6,10,11.693,12.894,-1.201
2026-06-11,2026,6,11,11.79,12.987,-1.197
2026-06-12,2026,6,12,11.858,13.074,-1.216
2026-06-13,2026,6,13,11.903,13.172,-1.269
2026-06-14,2026,6,14,12.039,13.279,-1.24
2026-06-15,2026,6,15,12.183,13.384,-1.201
2026-06-16,2026,6,16,12.29,13.487,-1.197
2026-06-17,2026,6,17,12.332,13.597,-1.265
2026-06-18,2026,6,18,12.411,13.692,-1.281
2026-06-19,2026,6,19,12.616,13.796,-1.18
2026-06-20,2026,6,20,12.929,13.898,-0.969
2026-06-21,2026,6,21,13.077,13.991,-0.914
2026-06-22,2026,6,22,13.176,14.085,-0.909
2026-06-23,2026,6,23,13.26,14.186,-0.926
2026-06-24,2026,6,24,13.41,14.279,-0.869
2026-06-25,2026,6,25,13.512,14.37,-0.858
2026-06-26,2026,6,26,13.584,14.448,-0.864
2026-06-27,2026,6,27,13.681,14.524,-0.843
2026-06-28,2026,6,28,13.715,14.622,-0.907
2026-06-29,2026,6,29,13.764,14.709,-0.945
2026-06-30,2026,6,30,13.916,14.812,-0.896
2026-07-01,2026,7,1,14.036,14.896,-0.86
2026-07-02,2026,7,2,14.099,14.966,-0.867
2026-07-03,2026,7,3,14.116,15.039,-0.923
2026-07-04,2026,7,4,14.199,15.112,-0.913
2026-07-05,2026,7,5,14.188,15.187,-0.999
2026-07-06,2026,7,6,14.318,15.265,-0.947
2026-07-07,2026,7,7,14.383,15.329,-0.946
2026-07-08,2026,7,8,14.452,15.395,-0.943
2026-07-09,2026,7,9,14.473,15.482,-1.009
2026-07-10,2026,7,10,14.52,15.547,-1.027
2026-07-11,2026,7,11,14.596,15.652,-1.056
2026-07-12,2026,7,12,14.705,15.753,-1.048
2026-07-13,2026,7,13,14.844,15.839,-0.995
2026-07-14,2026,7,14,15.022,15.909,-0.887
2026-07-15,2026,7,15,15.018,15.971,-0.953
2026-07-16,2026,7,16,15.066,16.038,-0.972
2026-07-17,2026,7,17,15.119,16.084,-0.965
2026-07-18,2026,7,18,15.138,16.164,-1.026
2026-07-19,2026,7,19,15.173,16.257,-1.084
2026-07-20,2026,7,20,15.304,16.345,-1.041
2026-07-21,2026,7,21,15.42,16.437,-1.017
2026-07-22,2026,7,22,15.503,16.517,-1.014
2026-07-23,2026,7,23,15.583,16.591,-1.008
2026-07-24,2026,7,24,15.555,16.643,-1.088
2026-07-25,2026,7,25,15.604,16.69,-1.086
2026-07-26,2026,7,26,15.66,16.746,-1.086
2026-07-27,2026,7,27,15.695,16.801,-1.106
2026-07-28,2026,7,28,15.812,16.857,-1.045
2026-07-29,2026,7,29,15.864,16.929,-1.065
2026-07-30,2026,7,30,15.935,16.981,-1.046
2026-07-31,2026,7,31,16.009,17.028,-1.019
2026-08-01,2026,8,1,16.222,17.083,-0.861
2026-08-02,2026,8,2,16.212,17.135,-0.923
2026-08-03,2026,8,3,16.282,17.19,-0.908
2026-08-04,2026,8,4,16.369,17.236,-0.867
2026-08-05,2026,8,5,16.247,17.287,-1.04
2026-08-06,2026,8,6,16.322,17.35,-1.028
2026-08-07,2026,8,7,16.341,17.421,-1.08
2026-08-08,2026,8,8,16.292,17.481,-1.189
2026-08-09,2026,8,9,16.085,17.514,-1.429
2026-08-10,2026,8,10,15.975,17.547,-1.572
2026-08-11,2026,8,11,15.955,17.593,-1.638
2026-08-12,2026,8,12,15.971,17.642,-1.671
2026-08-13,2026,8,13,16.03,17.683,-1.653
2026-08-14,2026,8,14,16.107,17.738,-1.631
2026-08-15,2026,8,15,16.17,17.782,-1.612
2026-08-16,2026,8,16,16.288,17.827,-1.539
2026-08-17,2026,8,17,16.312,17.845,-1.533
2026-08-18,2026,8,18,16.388,17.867,-1.479
2026-08-19,2026,8,19,16.429,17.888,-1.459
2026-08-20,2026,8,20,16.49,17.924,-1.434
2026-08-21,2026,8,21,16.443,17.964,-1.521
2026-08-22,2026,8,22,16.414,17.983,-1.569
2026-08-23,2026,8,23,16.592,18.018,-1.426
2026-08-24,2026,8,24,16.818,18.053,-1.235
2026-08-25,2026,8,25,16.898,18.105,-1.207
2026-08-26,2026,8,26,16.97,18.145,-1.175
2026-08-27,2026,8,27,16.944,18.159,-1.215
2026-08-28,2026,8,28,17.039,18.195,-1.156
2026-08-29,2026,8,29,17.139,18.222,-1.083
2026-08-30,2026,8,30,17.268,18.241,-0.973
2026-08-31,2026,8,31,17.327,18.264,-0.937
2026-09-01,2026,9,1,17.415,18.288,-0.873
2026-09-02,2026,9,2,17.362,18.308,-0.946
2026-09-03,2026,9,3,17.357,18.333,-0.976
2026-09-04,2026,9,4,17.363,18.352,-0.989
2026-09-05,2026,9,5,17.404,18.373,-0.969
2026-09-06,2026,9,6,17.437,18.397,-0.96
2026-09-07,2026,9,7,17.443,18.416,-0.973
2026-09-08,2026,9,8,17.46,18.445,-0.985
